# Blender v3.6.10 OBJ File: 'TownOne.blend'
# www.blender.org
mtllib Tank.mtl
o Cylinder.003
v -0.017898 1.442273 -2.667430
v -0.017898 1.572544 -2.742400
v -0.017898 1.460274 -2.704915
v -0.017898 1.507957 -2.732356
v -0.017898 10.679069 -2.742400
v -0.017898 10.807843 -2.667425
v -0.017898 10.743456 -2.732355
v -0.017898 10.790590 -2.704913
v 0.511348 1.572544 -2.690273
v 0.496723 1.442273 -2.616745
v 0.509389 1.507957 -2.680423
v 0.504036 1.460274 -2.653509
v 0.496722 10.807843 -2.616740
v 0.511348 10.679069 -2.690273
v 0.504035 10.790590 -2.653506
v 0.509389 10.743456 -2.680422
v 1.020257 1.572544 -2.535898
v 0.991567 1.442273 -2.466635
v 1.016413 1.507957 -2.526618
v 1.005912 1.460274 -2.501266
v 0.991565 10.807843 -2.466630
v 1.020257 10.679069 -2.535898
v 1.005911 10.790590 -2.501264
v 1.016413 10.743456 -2.526618
v 1.489269 1.572544 -2.285206
v 1.447618 1.442273 -2.222871
v 1.483689 1.507957 -2.276855
v 1.468444 1.460274 -2.254038
v 1.447615 10.807843 -2.222867
v 1.489269 10.679069 -2.285206
v 1.468442 10.790590 -2.254036
v 1.483688 10.743456 -2.276854
v 1.900361 1.572544 -1.947831
v 1.847350 1.442273 -1.894819
v 1.893259 1.507957 -1.940728
v 1.873856 1.460274 -1.921325
v 1.847346 10.807843 -1.894815
v 1.900361 10.679069 -1.947831
v 1.873854 10.790590 -1.921323
v 1.893259 10.743456 -1.940728
v 2.237737 1.572544 -1.536738
v 2.175402 1.442273 -1.495087
v 2.229385 1.507957 -1.531158
v 2.206569 1.460274 -1.515912
v 2.175397 10.807843 -1.495084
v 2.237737 10.679069 -1.536738
v 2.206567 10.790590 -1.515911
v 2.229384 10.743456 -1.531157
v 2.488429 1.572544 -1.067726
v 2.419166 1.442273 -1.039036
v 2.479149 1.507957 -1.063882
v 2.453797 1.460274 -1.053381
v 2.419161 10.807843 -1.039034
v 2.488429 10.679069 -1.067726
v 2.453795 10.790590 -1.053380
v 2.479149 10.743456 -1.063882
v 2.642804 1.572544 -0.558818
v 2.569275 1.442273 -0.544192
v 2.632954 1.507957 -0.556858
v 2.606040 1.460274 -0.551505
v 2.569271 10.807843 -0.544191
v 2.642804 10.679069 -0.558818
v 2.606037 10.790590 -0.551504
v 2.632953 10.743456 -0.556858
v 2.694931 1.572544 -0.029571
v 2.619961 1.442273 -0.029571
v 2.684887 1.507957 -0.029571
v 2.657446 1.460274 -0.029571
v 2.619956 10.807843 -0.029571
v 2.694931 10.679069 -0.029571
v 2.657444 10.790590 -0.029571
v 2.684886 10.743456 -0.029571
v 2.642804 1.572544 0.499676
v 2.569275 1.442273 0.485050
v 2.632954 1.507957 0.497716
v 2.606040 1.460274 0.492363
v 2.569271 10.807843 0.485049
v 2.642804 10.679069 0.499676
v 2.606037 10.790590 0.492362
v 2.632953 10.743456 0.497716
v 2.488429 1.572544 1.008584
v 2.419166 1.442273 0.979894
v 2.479149 1.507957 1.004740
v 2.453797 1.460274 0.994239
v 2.419161 10.807843 0.979892
v 2.488429 10.679069 1.008584
v 2.453795 10.790590 0.994238
v 2.479149 10.743456 1.004740
v 2.237737 1.572544 1.477596
v 2.175402 1.442273 1.435945
v 2.229385 1.507957 1.472016
v 2.206569 1.460274 1.456771
v 2.175397 10.807843 1.435943
v 2.237737 10.679069 1.477596
v 2.206567 10.790590 1.456769
v 2.229385 10.743456 1.472016
v 1.900361 1.572544 1.888689
v 1.847350 1.442273 1.835677
v 1.893259 1.507957 1.881587
v 1.873856 1.460274 1.862183
v 1.847346 10.807843 1.835674
v 1.900361 10.679069 1.888689
v 1.873854 10.790590 1.862181
v 1.893259 10.743456 1.881586
v 1.489269 1.572544 2.226064
v 1.447618 1.442273 2.163729
v 1.483689 1.507957 2.217712
v 1.468444 1.460274 2.194897
v 1.447615 10.807843 2.163725
v 1.489269 10.679069 2.226064
v 1.468442 10.790590 2.194894
v 1.483688 10.743456 2.217711
v 1.020257 1.572544 2.476756
v 0.991567 1.442273 2.407494
v 1.016413 1.507957 2.467476
v 1.005912 1.460274 2.442125
v 0.991565 10.807843 2.407489
v 1.020257 10.679069 2.476756
v 1.005911 10.790590 2.442122
v 1.016413 10.743456 2.467476
v 0.511348 1.572544 2.631132
v 0.496723 1.442273 2.557603
v 0.509389 1.507957 2.621281
v 0.504036 1.460274 2.594367
v 0.496722 10.807843 2.557598
v 0.511348 10.679069 2.631132
v 0.504035 10.790590 2.594365
v 0.509389 10.743456 2.621280
v -0.017898 1.572544 2.683258
v -0.017898 1.442273 2.608288
v -0.017898 1.507957 2.673214
v -0.017898 1.460274 2.645773
v -0.017898 10.807843 2.608284
v -0.017898 10.679069 2.683258
v -0.017898 10.790590 2.645771
v -0.017898 10.743456 2.673213
v -0.547145 1.572544 2.631132
v -0.532519 1.442273 2.557603
v -0.545185 1.507957 2.621281
v -0.539832 1.460274 2.594367
v -0.532518 10.807843 2.557598
v -0.547145 10.679069 2.631132
v -0.539831 10.790590 2.594365
v -0.545185 10.743456 2.621280
v -1.056053 1.572544 2.476756
v -1.027363 1.442273 2.407494
v -1.052209 1.507957 2.467477
v -1.041708 1.460274 2.442125
v -1.027361 10.807843 2.407489
v -1.056053 10.679069 2.476756
v -1.041707 10.790590 2.442122
v -1.052209 10.743456 2.467476
v -1.525065 1.572544 2.226064
v -1.483414 1.442273 2.163729
v -1.519485 1.507957 2.217712
v -1.504240 1.460274 2.194897
v -1.483412 10.807843 2.163725
v -1.525065 10.679069 2.226064
v -1.504238 10.790590 2.194894
v -1.519485 10.743456 2.217711
v -1.936158 1.572544 1.888689
v -1.883146 1.442273 1.835677
v -1.929056 1.507957 1.881587
v -1.909652 1.460274 1.862183
v -1.883143 10.807843 1.835674
v -1.936158 10.679069 1.888689
v -1.909650 10.790590 1.862181
v -1.929055 10.743456 1.881586
v -2.273533 1.572544 1.477596
v -2.211198 1.442273 1.435945
v -2.265182 1.507957 1.472016
v -2.242366 1.460274 1.456771
v -2.211194 10.807843 1.435943
v -2.273533 10.679069 1.477596
v -2.242363 10.790590 1.456769
v -2.265181 10.743456 1.472016
v -2.524225 1.572544 1.008584
v -2.454962 1.442273 0.979894
v -2.514946 1.507957 1.004740
v -2.489594 1.460274 0.994239
v -2.454957 10.807843 0.979892
v -2.524225 10.679069 1.008584
v -2.489592 10.790590 0.994238
v -2.514945 10.743456 1.004740
v -2.678601 1.572544 0.499676
v -2.605072 1.442273 0.485050
v -2.668750 1.507957 0.497716
v -2.641836 1.460274 0.492363
v -2.605067 10.807843 0.485049
v -2.678601 10.679069 0.499676
v -2.641834 10.790590 0.492362
v -2.668749 10.743456 0.497716
v -2.730727 1.572544 -0.029571
v -2.655757 1.442273 -0.029571
v -2.720683 1.507957 -0.029571
v -2.693243 1.460274 -0.029571
v -2.655753 10.807843 -0.029571
v -2.730727 10.679069 -0.029571
v -2.693240 10.790590 -0.029571
v -2.720683 10.743456 -0.029571
v -2.678601 1.572544 -0.558818
v -2.605072 1.442273 -0.544192
v -2.668750 1.507957 -0.556858
v -2.641836 1.460274 -0.551505
v -2.605067 10.807843 -0.544191
v -2.678601 10.679069 -0.558818
v -2.641834 10.790590 -0.551504
v -2.668749 10.743456 -0.556858
v -2.524225 1.572544 -1.067726
v -2.454962 1.442273 -1.039036
v -2.514946 1.507957 -1.063882
v -2.489594 1.460274 -1.053381
v -2.454957 10.807843 -1.039034
v -2.524225 10.679069 -1.067726
v -2.489592 10.790590 -1.053380
v -2.514945 10.743456 -1.063882
v -2.273533 1.572544 -1.536738
v -2.211198 1.442273 -1.495087
v -2.265182 1.507957 -1.531158
v -2.242365 1.460274 -1.515912
v -2.211194 10.807843 -1.495084
v -2.273533 10.679069 -1.536738
v -2.242363 10.790590 -1.515911
v -2.265181 10.743456 -1.531157
v -1.936158 1.572544 -1.947831
v -1.883146 1.442273 -1.894819
v -1.929056 1.507957 -1.940728
v -1.909652 1.460274 -1.921325
v -1.883143 10.807843 -1.894816
v -1.936158 10.679069 -1.947831
v -1.909650 10.790590 -1.921323
v -1.929055 10.743456 -1.940728
v -1.525065 1.572544 -2.285206
v -1.483414 1.442273 -2.222871
v -1.519485 1.507957 -2.276855
v -1.504240 1.460274 -2.254038
v -1.483412 10.807843 -2.222867
v -1.525065 10.679069 -2.285206
v -1.504238 10.790590 -2.254036
v -1.519485 10.743456 -2.276854
v -1.056053 1.572544 -2.535898
v -1.027363 1.442273 -2.466635
v -1.052209 1.507957 -2.526618
v -1.041708 1.460274 -2.501266
v -1.027361 10.807843 -2.466630
v -1.056053 10.679069 -2.535898
v -1.041707 10.790590 -2.501264
v -1.052209 10.743456 -2.526618
v -0.547145 1.572544 -2.690273
v -0.532519 1.442273 -2.616745
v -0.545185 1.507957 -2.680423
v -0.539832 1.460274 -2.653509
v -0.532518 10.807843 -2.616740
v -0.547145 10.679069 -2.690273
v -0.539831 10.790590 -2.653506
v -0.545185 10.743456 -2.680422
v -0.017898 10.807842 -2.192056
v -0.017898 10.679068 -2.117081
v -0.017898 10.790590 -2.154568
v -0.017898 10.743455 -2.127126
v 0.389355 10.679068 -2.076970
v 0.403982 10.807842 -2.150504
v 0.391315 10.743455 -2.086822
v 0.396669 10.790590 -2.113737
v 0.780958 10.679068 -1.958179
v 0.809650 10.807842 -2.027446
v 0.784802 10.743455 -1.967459
v 0.795304 10.790590 -1.992813
v 1.141861 10.679068 -1.765272
v 1.183515 10.807842 -1.827611
v 1.147442 10.743455 -1.773624
v 1.162688 10.790590 -1.796442
v 1.458195 10.679068 -1.505663
v 1.511210 10.807842 -1.558678
v 1.465298 10.743455 -1.512766
v 1.484703 10.790590 -1.532171
v 1.717804 10.679068 -1.189329
v 1.780143 10.807842 -1.230983
v 1.726156 10.743455 -1.194910
v 1.748974 10.790590 -1.210156
v 1.910711 10.679068 -0.828426
v 1.979978 10.807842 -0.857118
v 1.919991 10.743455 -0.832270
v 1.945344 10.790590 -0.842772
v 2.029502 10.679068 -0.436823
v 2.103036 10.807842 -0.451450
v 2.039354 10.743455 -0.438783
v 2.066269 10.790590 -0.444137
v 2.069613 10.679068 -0.029570
v 2.144588 10.807842 -0.029570
v 2.079658 10.743455 -0.029570
v 2.107100 10.790590 -0.029570
v 2.029502 10.679068 0.377683
v 2.103036 10.807842 0.392310
v 2.039354 10.743455 0.379643
v 2.066269 10.790590 0.384997
v 1.910711 10.679068 0.769286
v 1.979978 10.807842 0.797977
v 1.919991 10.743455 0.773130
v 1.945345 10.790590 0.783632
v 1.717804 10.679068 1.130189
v 1.780143 10.807842 1.171842
v 1.726156 10.743455 1.135769
v 1.748974 10.790590 1.151016
v 1.458195 10.679068 1.446523
v 1.511210 10.807842 1.499538
v 1.465298 10.743455 1.453626
v 1.484703 10.790590 1.473031
v 1.141861 10.679068 1.706132
v 1.183515 10.807842 1.768471
v 1.147442 10.743455 1.714484
v 1.162688 10.790590 1.737301
v 0.780958 10.679068 1.899039
v 0.809650 10.807842 1.968306
v 0.784802 10.743455 1.908319
v 0.795304 10.790590 1.933672
v 0.389355 10.679068 2.017830
v 0.403982 10.807842 2.091364
v 0.391315 10.743455 2.027682
v 0.396669 10.790590 2.054597
v -0.017898 10.679068 2.057941
v -0.017898 10.807842 2.132915
v -0.017898 10.743455 2.067986
v -0.017898 10.790590 2.095428
v -0.425151 10.679068 2.017830
v -0.439778 10.807842 2.091364
v -0.427111 10.743455 2.027682
v -0.432464 10.790590 2.054597
v -0.816754 10.679068 1.899039
v -0.845445 10.807842 1.968306
v -0.820598 10.743455 1.908319
v -0.831100 10.790590 1.933672
v -1.177657 10.679068 1.706132
v -1.219311 10.807842 1.768471
v -1.183237 10.743455 1.714484
v -1.198484 10.790590 1.737301
v -1.493991 10.679068 1.446523
v -1.547006 10.807842 1.499538
v -1.501094 10.743455 1.453626
v -1.520499 10.790590 1.473031
v -1.753600 10.679068 1.130189
v -1.815939 10.807842 1.171842
v -1.761952 10.743455 1.135769
v -1.784769 10.790590 1.151016
v -1.946506 10.679068 0.769286
v -2.015774 10.807842 0.797977
v -1.955786 10.743455 0.773130
v -1.981140 10.790590 0.783632
v -2.065298 10.679068 0.377683
v -2.138832 10.807842 0.392310
v -2.075150 10.743455 0.379643
v -2.102065 10.790590 0.384996
v -2.105409 10.679068 -0.029570
v -2.180383 10.807842 -0.029570
v -2.115453 10.743455 -0.029570
v -2.142896 10.790590 -0.029570
v -2.065298 10.679068 -0.436823
v -2.138832 10.807842 -0.451450
v -2.075150 10.743455 -0.438783
v -2.102065 10.790590 -0.444137
v -1.946506 10.679068 -0.828426
v -2.015774 10.807842 -0.857118
v -1.955786 10.743455 -0.832270
v -1.981140 10.790590 -0.842772
v -1.753600 10.679068 -1.189329
v -1.815939 10.807842 -1.230983
v -1.761952 10.743455 -1.194910
v -1.784769 10.790590 -1.210156
v -1.493991 10.679068 -1.505663
v -1.547006 10.807842 -1.558678
v -1.501094 10.743455 -1.512766
v -1.520499 10.790590 -1.532171
v -1.177657 10.679068 -1.765272
v -1.219311 10.807842 -1.827611
v -1.183237 10.743455 -1.773624
v -1.198484 10.790590 -1.796442
v -0.816754 10.679068 -1.958179
v -0.845445 10.807842 -2.027446
v -0.820598 10.743455 -1.967459
v -0.831100 10.790590 -1.992813
v -0.425151 10.679068 -2.076970
v -0.439778 10.807842 -2.150504
v -0.427111 10.743455 -2.086822
v -0.432464 10.790590 -2.113737
v -0.017898 1.560062 -2.117081
v -0.017898 1.432784 -2.192051
v -0.017898 1.495875 -2.127125
v -0.017898 1.449288 -2.154566
v 0.403981 1.432784 -2.150499
v 0.389355 1.560062 -2.076970
v 0.396668 1.449288 -2.113735
v 0.391315 1.495875 -2.086821
v 0.809648 1.432784 -2.027442
v 0.780958 1.560062 -1.958179
v 0.795303 1.449288 -1.992810
v 0.784802 1.495875 -1.967458
v 1.183512 1.432784 -1.827607
v 1.141861 1.560062 -1.765272
v 1.162687 1.449288 -1.796440
v 1.147441 1.495875 -1.773624
v 1.511207 1.432784 -1.558675
v 1.458195 1.560062 -1.505663
v 1.484701 1.449288 -1.532169
v 1.465297 1.495875 -1.512765
v 1.780139 1.432784 -1.230980
v 1.717804 1.560062 -1.189329
v 1.748972 1.449288 -1.210155
v 1.726156 1.495875 -1.194909
v 1.979974 1.432784 -0.857116
v 1.910711 1.560062 -0.828426
v 1.945342 1.449288 -0.842771
v 1.919990 1.495875 -0.832270
v 2.103031 1.432784 -0.451449
v 2.029502 1.560062 -0.436823
v 2.066267 1.449288 -0.444136
v 2.039353 1.495875 -0.438783
v 2.144582 1.432784 -0.029570
v 2.069613 1.560062 -0.029570
v 2.107098 1.449288 -0.029570
v 2.079657 1.495875 -0.029570
v 2.103031 1.432784 0.392309
v 2.029502 1.560062 0.377683
v 2.066267 1.449288 0.384996
v 2.039353 1.495875 0.379643
v 1.979974 1.432784 0.797975
v 1.910711 1.560062 0.769286
v 1.945342 1.449288 0.783631
v 1.919990 1.495875 0.773129
v 1.780139 1.432784 1.171840
v 1.717804 1.560062 1.130189
v 1.748972 1.449288 1.151014
v 1.726156 1.495875 1.135769
v 1.511207 1.432784 1.499534
v 1.458195 1.560062 1.446523
v 1.484701 1.449288 1.473029
v 1.465297 1.495875 1.453625
v 1.183512 1.432784 1.768467
v 1.141861 1.560062 1.706132
v 1.162687 1.449288 1.737299
v 1.147441 1.495875 1.714483
v 0.809648 1.432784 1.968301
v 0.780958 1.560062 1.899039
v 0.795303 1.449288 1.933670
v 0.784802 1.495875 1.908318
v 0.403981 1.432784 2.091359
v 0.389355 1.560062 2.017830
v 0.396668 1.449288 2.054595
v 0.391315 1.495875 2.027681
v -0.017898 1.432784 2.132911
v -0.017898 1.560062 2.057941
v -0.017898 1.449288 2.095426
v -0.017898 1.495875 2.067985
v -0.439777 1.432784 2.091359
v -0.425151 1.560062 2.017830
v -0.432464 1.449288 2.054595
v -0.427111 1.495875 2.027681
v -0.845443 1.432784 1.968301
v -0.816754 1.560062 1.899039
v -0.831099 1.449288 1.933670
v -0.820597 1.495875 1.908318
v -1.219308 1.432784 1.768467
v -1.177657 1.560062 1.706132
v -1.198482 1.449288 1.737299
v -1.183237 1.495875 1.714483
v -1.547003 1.432784 1.499534
v -1.493991 1.560062 1.446523
v -1.520497 1.449288 1.473029
v -1.501093 1.495875 1.453625
v -1.815935 1.432784 1.171840
v -1.753600 1.560062 1.130189
v -1.784767 1.449288 1.151014
v -1.761951 1.495875 1.135769
v -2.015769 1.432784 0.797975
v -1.946506 1.560062 0.769286
v -1.981138 1.449288 0.783630
v -1.955786 1.495875 0.773129
v -2.138827 1.432784 0.392309
v -2.065298 1.560062 0.377683
v -2.102063 1.449288 0.384996
v -2.075149 1.495875 0.379643
v -2.180378 1.432784 -0.029570
v -2.105409 1.560062 -0.029570
v -2.142893 1.449288 -0.029570
v -2.115453 1.495875 -0.029570
v -2.138827 1.432784 -0.451449
v -2.065298 1.560062 -0.436823
v -2.102063 1.449288 -0.444136
v -2.075149 1.495875 -0.438783
v -2.015769 1.432784 -0.857116
v -1.946506 1.560062 -0.828426
v -1.981138 1.449288 -0.842771
v -1.955786 1.495875 -0.832270
v -1.815935 1.432784 -1.230980
v -1.753600 1.560062 -1.189329
v -1.784767 1.449288 -1.210155
v -1.761951 1.495875 -1.194909
v -1.547003 1.432784 -1.558675
v -1.493991 1.560062 -1.505663
v -1.520497 1.449288 -1.532169
v -1.501093 1.495875 -1.512766
v -1.219308 1.432784 -1.827607
v -1.177657 1.560062 -1.765272
v -1.198482 1.449288 -1.796440
v -1.183237 1.495875 -1.773624
v -0.845443 1.432784 -2.027442
v -0.816754 1.560062 -1.958179
v -0.831098 1.449288 -1.992810
v -0.820597 1.495875 -1.967458
v -0.439777 1.432784 -2.150499
v -0.425151 1.560062 -2.076970
v -0.432464 1.449288 -2.113735
v -0.427110 1.495875 -2.086821
vt 0.031250 0.506876
vt 0.031250 0.993124
vt 0.000000 0.993124
vt 0.000000 0.506876
vt 0.937500 0.940055
vt 0.968750 0.940055
vt 0.968750 0.559945
vt 0.937500 0.559945
vt 0.906250 0.940055
vt 0.906250 0.559945
vt 0.875000 0.940055
vt 0.875000 0.559945
vt 0.843750 0.940055
vt 0.843750 0.559945
vt 0.812500 0.940055
vt 0.812500 0.559945
vt 0.781250 0.940055
vt 0.781250 0.559945
vt 0.750000 0.940055
vt 0.750000 0.559945
vt 0.718750 0.940055
vt 0.718750 0.559945
vt 0.687500 0.940055
vt 0.687500 0.559945
vt 0.656250 0.940055
vt 0.656250 0.559945
vt 0.625000 0.940055
vt 0.625000 0.559945
vt 0.593750 0.940055
vt 0.593750 0.559945
vt 0.562500 0.940055
vt 0.562500 0.559945
vt 0.531250 0.940055
vt 0.531250 0.559945
vt 0.500000 0.940055
vt 0.500000 0.559945
vt 0.468750 0.940055
vt 0.468750 0.559945
vt 0.437500 0.940055
vt 0.437500 0.559945
vt 0.406250 0.940055
vt 0.406250 0.559945
vt 0.375000 0.940055
vt 0.375000 0.559945
vt 0.343750 0.940055
vt 0.343750 0.559945
vt 0.312500 0.940055
vt 0.312500 0.559945
vt 0.281250 0.940055
vt 0.281250 0.559945
vt 0.250000 0.940055
vt 0.250000 0.559945
vt 0.218750 0.940055
vt 0.218750 0.559945
vt 0.187500 0.940055
vt 0.187500 0.559945
vt 0.156250 0.940055
vt 0.156250 0.559945
vt 0.125000 0.940055
vt 0.125000 0.559945
vt 0.093750 0.940055
vt 0.093750 0.559945
vt 0.062500 0.940055
vt 0.093750 0.559945
vt 0.062500 0.559945
vt 0.031250 0.940055
vt 0.031250 0.559945
vt 0.000000 0.940055
vt 0.000000 0.559945
vt 0.750000 0.506876
vt 0.750000 0.993124
vt 0.718750 0.993124
vt 0.718750 0.506876
vt 0.468750 0.506876
vt 0.468750 0.993124
vt 0.437500 0.993124
vt 0.437500 0.506876
vt 0.187500 0.506876
vt 0.187500 0.993124
vt 0.156250 0.993124
vt 0.156250 0.506876
vt 0.875000 0.506876
vt 0.875000 0.993124
vt 0.843750 0.993124
vt 0.843750 0.506876
vt 0.593750 0.506876
vt 0.593750 0.993124
vt 0.562500 0.993124
vt 0.562500 0.506876
vt 0.312500 0.506876
vt 0.312500 0.993124
vt 0.281250 0.993124
vt 0.281250 0.506876
vt 0.968750 1.000000
vt 1.000000 1.000000
vt 1.000000 1.000000
vt 0.968750 1.000000
vt 0.687500 0.993124
vt 0.687500 0.506876
vt 0.406250 0.993124
vt 0.406250 0.506876
vt 0.125000 0.993124
vt 0.125000 0.506876
vt 0.812500 0.993124
vt 0.812500 0.506876
vt 0.531250 0.993124
vt 0.531250 0.506876
vt 0.250000 0.993124
vt 0.250000 0.506876
vt 0.000000 1.000000
vt 0.031250 1.000000
vt 0.031250 1.000000
vt 0.000000 1.000000
vt 0.968750 0.506876
vt 0.968750 0.993124
vt 0.937500 0.993124
vt 0.937500 0.506876
vt 0.656250 0.993124
vt 0.656250 0.506876
vt 0.375000 0.993124
vt 0.375000 0.506876
vt 0.093750 0.993124
vt 0.093750 0.506876
vt 0.781250 0.993124
vt 0.781250 0.506876
vt 0.500000 0.993124
vt 0.500000 0.506876
vt 0.218750 0.993124
vt 0.218750 0.506876
vt 0.906250 0.993124
vt 0.906250 0.506876
vt 0.625000 0.993124
vt 0.625000 0.506876
vt 0.343750 0.993124
vt 0.343750 0.506876
vt 0.062500 0.993124
vt 0.062500 0.506876
vt 0.312500 1.000000
vt 0.343750 1.000000
vt 0.343750 1.000000
vt 0.312500 1.000000
vt 0.718750 1.000000
vt 0.750000 1.000000
vt 0.750000 1.000000
vt 0.718750 1.000000
vt 0.281250 1.000000
vt 0.281250 1.000000
vt 0.687500 1.000000
vt 0.687500 1.000000
vt 0.250000 1.000000
vt 0.250000 1.000000
vt 0.656250 1.000000
vt 0.656250 1.000000
vt 0.218750 1.000000
vt 0.218750 1.000000
vt 0.625000 1.000000
vt 0.625000 1.000000
vt 0.187500 1.000000
vt 0.187500 1.000000
vt 0.593750 1.000000
vt 0.593750 1.000000
vt 0.156250 1.000000
vt 0.156250 1.000000
vt 0.562500 1.000000
vt 0.562500 1.000000
vt 0.125000 1.000000
vt 0.125000 1.000000
vt 0.531250 1.000000
vt 0.531250 1.000000
vt 0.000000 1.000000
vt 0.031250 1.000000
vt 0.031250 1.000000
vt 0.000000 1.000000
vt 0.093750 1.000000
vt 0.093750 1.000000
vt 0.500000 1.000000
vt 0.500000 1.000000
vt 0.906250 1.000000
vt 0.937500 1.000000
vt 0.937500 1.000000
vt 0.906250 1.000000
vt 0.062500 1.000000
vt 0.062500 1.000000
vt 0.468750 1.000000
vt 0.468750 1.000000
vt 0.875000 1.000000
vt 0.875000 1.000000
vt 0.437500 1.000000
vt 0.437500 1.000000
vt 0.843750 1.000000
vt 0.843750 1.000000
vt 0.406250 1.000000
vt 0.406250 1.000000
vt 0.812500 1.000000
vt 0.812500 1.000000
vt 0.968750 1.000000
vt 0.968750 1.000000
vt 0.375000 1.000000
vt 0.375000 1.000000
vt 0.781250 1.000000
vt 0.781250 1.000000
vt 0.968750 1.000000
vt 1.000000 1.000000
vt 1.000000 1.000000
vt 0.968750 1.000000
vt 0.062500 1.000000
vt 0.062500 1.000000
vt 0.093750 1.000000
vt 0.093750 1.000000
vt 0.125000 1.000000
vt 0.125000 1.000000
vt 0.156250 1.000000
vt 0.156250 1.000000
vt 0.187500 1.000000
vt 0.187500 1.000000
vt 0.218750 1.000000
vt 0.218750 1.000000
vt 0.250000 1.000000
vt 0.250000 1.000000
vt 0.281250 1.000000
vt 0.281250 1.000000
vt 0.312500 1.000000
vt 0.312500 1.000000
vt 0.343750 1.000000
vt 0.343750 1.000000
vt 0.375000 1.000000
vt 0.375000 1.000000
vt 0.406250 1.000000
vt 0.406250 1.000000
vt 0.437500 1.000000
vt 0.437500 1.000000
vt 0.468750 1.000000
vt 0.468750 1.000000
vt 0.500000 1.000000
vt 0.500000 1.000000
vt 0.531250 1.000000
vt 0.531250 1.000000
vt 0.562500 1.000000
vt 0.562500 1.000000
vt 0.593750 1.000000
vt 0.593750 1.000000
vt 0.625000 1.000000
vt 0.625000 1.000000
vt 0.656250 1.000000
vt 0.656250 1.000000
vt 0.687500 1.000000
vt 0.687500 1.000000
vt 0.718750 1.000000
vt 0.718750 1.000000
vt 0.750000 1.000000
vt 0.750000 1.000000
vt 0.781250 1.000000
vt 0.781250 1.000000
vt 0.812500 1.000000
vt 0.812500 1.000000
vt 0.843750 1.000000
vt 0.843750 1.000000
vt 0.875000 1.000000
vt 0.875000 1.000000
vt 0.906250 1.000000
vt 0.906250 1.000000
vt 0.906250 1.000000
vt 0.937500 1.000000
vt 0.937500 1.000000
vt 1.000000 0.506876
vt 1.000000 0.993124
vt 0.968750 0.503427
vt 0.999942 0.503427
vt 0.968750 0.529879
vt 0.999999 0.529879
vt 1.000000 0.559945
vt 0.999942 0.996562
vt 0.968750 0.996562
vt 1.000000 1.000000
vt 0.968750 1.000000
vt 0.937500 0.503427
vt 0.937500 0.529879
vt 0.937500 0.996562
vt 0.937500 1.000000
vt 0.906250 0.503427
vt 0.906250 0.529879
vt 0.906250 0.996562
vt 0.906250 1.000000
vt 0.875000 0.503427
vt 0.875000 0.529879
vt 0.875000 0.996562
vt 0.875000 1.000000
vt 0.843750 0.503427
vt 0.843750 0.529879
vt 0.843750 0.996562
vt 0.843750 1.000000
vt 0.812500 0.503427
vt 0.812500 0.529879
vt 0.812500 0.996562
vt 0.812500 1.000000
vt 0.781250 0.503427
vt 0.781250 0.529879
vt 0.781250 0.996562
vt 0.781250 1.000000
vt 0.750000 0.503427
vt 0.750000 0.529879
vt 0.750000 0.996562
vt 0.750000 1.000000
vt 0.718750 0.503427
vt 0.718750 0.529879
vt 0.718750 0.996562
vt 0.718750 1.000000
vt 0.687500 0.503427
vt 0.687500 0.529879
vt 0.687500 0.996562
vt 0.687500 1.000000
vt 0.656250 0.503427
vt 0.656250 0.529879
vt 0.656250 0.996562
vt 0.656250 1.000000
vt 0.625000 0.503427
vt 0.625000 0.529879
vt 0.625000 0.996562
vt 0.625000 1.000000
vt 0.593750 0.503427
vt 0.593750 0.529879
vt 0.593750 0.996562
vt 0.593750 1.000000
vt 0.562500 0.503427
vt 0.562500 0.529879
vt 0.562500 0.996562
vt 0.562500 1.000000
vt 0.531250 0.503427
vt 0.531250 0.529879
vt 0.531250 0.996562
vt 0.531250 1.000000
vt 0.500000 0.503427
vt 0.500000 0.529879
vt 0.500000 0.996562
vt 0.500000 1.000000
vt 0.468750 0.503427
vt 0.468750 0.529879
vt 0.468750 0.996562
vt 0.468750 1.000000
vt 0.437500 0.503427
vt 0.437500 0.529879
vt 0.437500 0.996562
vt 0.437500 1.000000
vt 0.406250 0.503427
vt 0.406250 0.529879
vt 0.406250 0.996562
vt 0.406250 1.000000
vt 0.375000 0.503427
vt 0.375000 0.529879
vt 0.375000 0.996562
vt 0.375000 1.000000
vt 0.343750 0.503427
vt 0.343750 0.529879
vt 0.343750 0.996562
vt 0.343750 1.000000
vt 0.312500 0.503427
vt 0.312500 0.529879
vt 0.312500 0.996562
vt 0.312500 1.000000
vt 0.281250 0.503427
vt 0.281250 0.529879
vt 0.281250 0.996562
vt 0.281250 1.000000
vt 0.250000 0.503427
vt 0.250000 0.529879
vt 0.250000 0.996562
vt 0.250000 1.000000
vt 0.218750 0.503427
vt 0.218750 0.529879
vt 0.218750 0.996562
vt 0.218750 1.000000
vt 0.187500 0.503427
vt 0.187500 0.529879
vt 0.187500 0.996562
vt 0.187500 1.000000
vt 0.156250 0.503427
vt 0.156250 0.529879
vt 0.156250 0.996562
vt 0.156250 1.000000
vt 0.125000 0.503427
vt 0.125000 0.529879
vt 0.125000 0.996562
vt 0.125000 1.000000
vt 0.093750 0.503427
vt 0.093750 0.529879
vt 0.093750 0.996562
vt 0.093750 1.000000
vt 0.062500 0.503427
vt 0.062500 0.529879
vt 0.062500 0.996562
vt 0.062500 1.000000
vt 0.031250 0.503427
vt 0.031250 0.529879
vt 0.031250 0.996562
vt 0.031250 1.000000
vt 0.000058 0.503427
vt 0.000001 0.529879
vt 0.000058 0.996562
vt 0.000000 1.000000
vt 1.000000 1.000000
vt 0.968750 1.000000
vt 1.000075 1.000000
vt 0.968750 1.000000
vt 0.937500 1.000000
vt 0.937500 1.000000
vt 0.906250 1.000000
vt 0.906250 1.000000
vt 0.875000 1.000000
vt 0.875000 1.000000
vt 0.843750 1.000000
vt 0.843750 1.000000
vt 0.812500 1.000000
vt 0.812500 1.000000
vt 0.781250 1.000000
vt 0.781250 1.000000
vt 0.750000 1.000000
vt 0.750000 1.000000
vt 0.718750 1.000000
vt 0.718750 1.000000
vt 0.687500 1.000000
vt 0.687500 1.000000
vt 0.656250 1.000000
vt 0.656250 1.000000
vt 0.625000 1.000000
vt 0.625000 1.000000
vt 0.593750 1.000000
vt 0.593750 1.000000
vt 0.562500 1.000000
vt 0.562500 1.000000
vt 0.531250 1.000000
vt 0.531250 1.000000
vt 0.500000 1.000000
vt 0.500000 1.000000
vt 0.468750 1.000000
vt 0.468750 1.000000
vt 0.437500 1.000000
vt 0.437500 1.000000
vt 0.406250 1.000000
vt 0.406250 1.000000
vt 0.375000 1.000000
vt 0.375000 1.000000
vt 0.343750 1.000000
vt 0.343750 1.000000
vt 0.312500 1.000000
vt 0.312500 1.000000
vt 0.281250 1.000000
vt 0.281250 1.000000
vt 0.250000 1.000000
vt 0.250000 1.000000
vt 0.218750 1.000000
vt 0.218750 1.000000
vt 0.187500 1.000000
vt 0.187500 1.000000
vt 0.156250 1.000000
vt 0.156250 1.000000
vt 0.125000 1.000000
vt 0.125000 1.000000
vt 0.093750 1.000000
vt 0.093750 1.000000
vt 0.062500 1.000000
vt 0.062500 1.000000
vt 0.031250 1.000000
vt 0.031250 1.000000
vt 0.000000 1.000000
vt -0.000075 1.000000
vt 1.000075 1.000000
vt 0.968750 1.000000
vt 0.999999 0.969934
vt 0.968750 0.969934
vt 1.000000 0.940055
vt 0.937500 1.000000
vt 0.937500 0.969934
vt 0.906250 1.000000
vt 0.906250 0.969934
vt 0.875000 1.000000
vt 0.875000 0.969934
vt 0.843750 1.000000
vt 0.843750 0.969934
vt 0.812500 1.000000
vt 0.812500 0.969934
vt 0.781250 1.000000
vt 0.781250 0.969934
vt 0.750000 1.000000
vt 0.750000 0.969934
vt 0.718750 1.000000
vt 0.718750 0.969934
vt 0.687500 1.000000
vt 0.687500 0.969934
vt 0.656250 1.000000
vt 0.656250 0.969934
vt 0.625000 1.000000
vt 0.625000 0.969934
vt 0.593750 1.000000
vt 0.593750 0.969934
vt 0.562500 1.000000
vt 0.562500 0.969934
vt 0.531250 1.000000
vt 0.531250 0.969934
vt 0.500000 1.000000
vt 0.500000 0.969934
vt 0.468750 1.000000
vt 0.468750 0.969934
vt 0.437500 1.000000
vt 0.437500 0.969934
vt 0.406250 1.000000
vt 0.406250 0.969934
vt 0.375000 1.000000
vt 0.375000 0.969934
vt 0.343750 1.000000
vt 0.343750 0.969934
vt 0.312500 1.000000
vt 0.312500 0.969934
vt 0.281250 1.000000
vt 0.281250 0.969934
vt 0.250000 1.000000
vt 0.250000 0.969934
vt 0.218750 1.000000
vt 0.218750 0.969934
vt 0.187500 1.000000
vt 0.187500 0.969934
vt 0.156250 1.000000
vt 0.156250 0.969934
vt 0.125000 1.000000
vt 0.125000 0.969934
vt 0.093750 1.000000
vt 0.093750 0.969934
vt 0.062500 1.000000
vt 0.062500 0.969934
vt 0.031250 1.000000
vt 0.031250 0.969934
vt -0.000075 1.000000
vt 0.000001 0.969934
vn -0.1945 -0.0767 -0.9779
vn -0.1945 0.0769 -0.9779
vn -0.0000 0.0769 -0.9970
vn -0.0000 -0.0767 -0.9971
vn -0.0701 -0.9831 0.1692
vn -0.0357 -0.9831 0.1796
vn 0.0476 -0.9697 -0.2395
vn 0.0934 -0.9697 -0.2256
vn -0.1017 -0.9831 0.1522
vn 0.1357 -0.9697 -0.2030
vn -0.1295 -0.9831 0.1295
vn 0.1727 -0.9697 -0.1727
vn -0.1522 -0.9831 0.1017
vn 0.2030 -0.9697 -0.1357
vn -0.1692 -0.9831 0.0701
vn 0.2256 -0.9697 -0.0934
vn -0.1796 -0.9831 0.0357
vn 0.2395 -0.9697 -0.0476
vn -0.1831 -0.9831 0.0000
vn 0.2442 -0.9697 0.0000
vn -0.1796 -0.9831 -0.0357
vn 0.2395 -0.9697 0.0476
vn -0.1692 -0.9831 -0.0701
vn 0.2256 -0.9697 0.0934
vn -0.1522 -0.9831 -0.1017
vn 0.2030 -0.9697 0.1357
vn -0.1295 -0.9831 -0.1295
vn 0.1727 -0.9697 0.1727
vn -0.1017 -0.9831 -0.1522
vn 0.1357 -0.9697 0.2030
vn -0.0701 -0.9831 -0.1692
vn 0.0934 -0.9697 0.2256
vn -0.0357 -0.9831 -0.1796
vn 0.0476 -0.9697 0.2395
vn -0.0000 -0.9831 -0.1831
vn 0.0000 -0.9697 0.2442
vn 0.0357 -0.9831 -0.1796
vn -0.0476 -0.9697 0.2395
vn 0.0701 -0.9831 -0.1692
vn -0.0934 -0.9697 0.2256
vn 0.1017 -0.9831 -0.1522
vn -0.1357 -0.9697 0.2030
vn 0.1295 -0.9831 -0.1295
vn -0.1727 -0.9697 0.1727
vn 0.1522 -0.9831 -0.1017
vn -0.2030 -0.9697 0.1357
vn 0.1692 -0.9831 -0.0701
vn -0.2256 -0.9697 0.0934
vn 0.1796 -0.9831 -0.0357
vn -0.2395 -0.9697 0.0476
vn 0.1831 -0.9831 0.0000
vn -0.2442 -0.9697 0.0000
vn 0.1796 -0.9831 0.0357
vn -0.2395 -0.9697 -0.0476
vn 0.1692 -0.9831 0.0701
vn -0.2256 -0.9697 -0.0934
vn 0.1522 -0.9831 0.1017
vn -0.2030 -0.9697 -0.1357
vn 0.1295 -0.9831 0.1295
vn -0.1727 -0.9697 -0.1727
vn 0.1017 -0.9831 0.1522
vn -0.1357 -0.9697 -0.2030
vn 0.0701 -0.9831 0.1692
vn -0.0934 -0.9697 -0.2256
vn 0.0357 -0.9831 0.1796
vn -0.0476 -0.9697 -0.2395
vn 0.0000 -0.9831 0.1831
vn -0.0000 -0.9697 -0.2442
vn 0.9971 -0.0767 -0.0000
vn 0.9970 0.0769 0.0000
vn 0.9779 0.0769 0.1945
vn 0.9779 -0.0767 0.1945
vn -0.1945 -0.0767 0.9779
vn -0.1945 0.0769 0.9779
vn -0.3816 0.0769 0.9211
vn -0.3816 -0.0767 0.9212
vn -0.9212 -0.0767 -0.3816
vn -0.9211 0.0769 -0.3815
vn -0.8290 0.0769 -0.5539
vn -0.8290 -0.0767 -0.5539
vn 0.7050 -0.0767 -0.7050
vn 0.7050 0.0769 -0.7050
vn 0.8290 0.0769 -0.5539
vn 0.8290 -0.0767 -0.5539
vn 0.5539 -0.0767 0.8290
vn 0.5539 0.0769 0.8290
vn 0.3816 0.0769 0.9211
vn 0.3816 -0.0767 0.9212
vn -0.9212 -0.0767 0.3816
vn -0.9211 0.0769 0.3815
vn -0.9779 0.0769 0.1945
vn -0.9779 -0.0767 0.1945
vn -0.1945 0.0777 0.9778
vn -0.0000 0.0777 0.9970
vn 0.0000 -0.0779 0.9970
vn -0.1945 -0.0779 0.9778
vn 0.9211 0.0769 0.3815
vn 0.9212 -0.0767 0.3816
vn -0.5539 0.0769 0.8290
vn -0.5539 -0.0767 0.8290
vn -0.7050 0.0769 -0.7050
vn -0.7050 -0.0767 -0.7050
vn 0.9211 0.0769 -0.3815
vn 0.9212 -0.0767 -0.3816
vn 0.1945 0.0769 0.9779
vn 0.1945 -0.0767 0.9779
vn -0.9970 0.0769 -0.0000
vn -0.9971 -0.0767 -0.0000
vn 0.0000 0.9740 -0.2267
vn -0.0442 0.9740 -0.2223
vn 0.0392 0.9796 0.1973
vn 0.0000 0.9796 0.2012
vn 0.1945 -0.0767 -0.9779
vn 0.1945 0.0769 -0.9779
vn 0.3815 0.0769 -0.9211
vn 0.3816 -0.0767 -0.9212
vn 0.8290 0.0769 0.5539
vn 0.8290 -0.0767 0.5539
vn -0.7050 0.0769 0.7050
vn -0.7050 -0.0767 0.7050
vn -0.5539 0.0769 -0.8290
vn -0.5539 -0.0767 -0.8290
vn 0.9779 0.0769 -0.1945
vn 0.9779 -0.0767 -0.1945
vn -0.0000 0.0769 0.9970
vn 0.0000 -0.0767 0.9971
vn -0.9779 0.0769 -0.1945
vn -0.9779 -0.0767 -0.1945
vn 0.5539 0.0769 -0.8290
vn 0.5539 -0.0767 -0.8290
vn 0.7050 0.0769 0.7050
vn 0.7050 -0.0767 0.7050
vn -0.8290 0.0769 0.5539
vn -0.8290 -0.0767 0.5539
vn -0.3815 0.0769 -0.9211
vn -0.3816 -0.0767 -0.9212
vn 0.9211 0.0777 -0.3815
vn 0.8290 0.0777 -0.5539
vn 0.8289 -0.0779 -0.5539
vn 0.9211 -0.0779 -0.3815
vn -0.9778 0.0777 -0.1945
vn -0.9970 0.0777 -0.0000
vn -0.9970 -0.0779 0.0000
vn -0.9778 -0.0779 -0.1945
vn 0.9778 0.0777 -0.1945
vn 0.9778 -0.0779 -0.1945
vn -0.9211 0.0777 -0.3815
vn -0.9211 -0.0779 -0.3815
vn 0.9970 0.0777 0.0000
vn 0.9970 -0.0779 0.0000
vn -0.8290 0.0777 -0.5539
vn -0.8289 -0.0779 -0.5539
vn 0.9778 0.0777 0.1945
vn 0.9778 -0.0779 0.1945
vn -0.7050 0.0777 -0.7050
vn -0.7050 -0.0779 -0.7050
vn 0.9211 0.0777 0.3815
vn 0.9211 -0.0779 0.3815
vn -0.5539 0.0777 -0.8290
vn -0.5539 -0.0779 -0.8289
vn 0.8290 0.0777 0.5539
vn 0.8289 -0.0779 0.5539
vn -0.3815 0.0777 -0.9211
vn -0.3815 -0.0779 -0.9211
vn 0.7050 0.0777 0.7050
vn 0.7050 -0.0779 0.7050
vn -0.1945 0.0777 -0.9778
vn -0.1945 -0.0779 -0.9778
vn 0.1945 0.0777 0.9778
vn 0.1945 -0.0779 0.9778
vn 0.5539 0.0777 0.8290
vn 0.5539 -0.0779 0.8289
vn -0.0000 0.0777 -0.9970
vn -0.0000 -0.0779 -0.9970
vn -0.5539 0.0777 0.8290
vn -0.3815 0.0777 0.9211
vn -0.3815 -0.0779 0.9211
vn -0.5539 -0.0779 0.8289
vn 0.3815 0.0777 0.9211
vn 0.3815 -0.0779 0.9211
vn 0.1945 0.0777 -0.9778
vn 0.1945 -0.0779 -0.9778
vn -0.7050 0.0777 0.7050
vn -0.7050 -0.0779 0.7050
vn 0.3815 0.0777 -0.9211
vn 0.3815 -0.0779 -0.9211
vn -0.8290 0.0777 0.5539
vn -0.8289 -0.0779 0.5539
vn 0.5539 0.0777 -0.8290
vn 0.5539 -0.0779 -0.8289
vn -0.9211 0.0777 0.3815
vn -0.9211 -0.0779 0.3815
vn 0.7050 0.0777 -0.7050
vn 0.7050 -0.0779 -0.7050
vn -0.9778 0.0777 0.1945
vn -0.9778 -0.0779 0.1945
vn 0.0442 0.9740 -0.2223
vn -0.0392 0.9796 0.1973
vn -0.0867 0.9740 -0.2094
vn 0.0770 0.9796 0.1858
vn -0.1259 0.9740 -0.1885
vn 0.1118 0.9796 0.1673
vn -0.1603 0.9740 -0.1603
vn 0.1422 0.9796 0.1422
vn -0.1885 0.9740 -0.1259
vn 0.1673 0.9796 0.1118
vn -0.2094 0.9740 -0.0867
vn 0.1858 0.9796 0.0770
vn -0.2223 0.9740 -0.0442
vn 0.1973 0.9796 0.0392
vn -0.2267 0.9740 0.0000
vn 0.2012 0.9796 0.0000
vn -0.2223 0.9740 0.0442
vn 0.1973 0.9796 -0.0392
vn -0.2094 0.9740 0.0867
vn 0.1858 0.9796 -0.0770
vn -0.1885 0.9740 0.1259
vn 0.1673 0.9796 -0.1118
vn -0.1603 0.9740 0.1603
vn 0.1422 0.9796 -0.1422
vn -0.1259 0.9740 0.1885
vn 0.1118 0.9796 -0.1673
vn -0.0867 0.9740 0.2094
vn 0.0770 0.9796 -0.1858
vn -0.0442 0.9740 0.2223
vn 0.0392 0.9796 -0.1973
vn 0.0000 0.9740 0.2267
vn 0.0000 0.9796 -0.2012
vn 0.0442 0.9740 0.2223
vn -0.0392 0.9796 -0.1973
vn 0.0867 0.9740 0.2094
vn -0.0770 0.9796 -0.1858
vn 0.1259 0.9740 0.1885
vn -0.1118 0.9796 -0.1673
vn 0.1603 0.9740 0.1603
vn -0.1422 0.9796 -0.1422
vn 0.1885 0.9740 0.1259
vn -0.1673 0.9796 -0.1118
vn 0.2094 0.9740 0.0867
vn -0.1858 0.9796 -0.0770
vn 0.2223 0.9740 0.0442
vn -0.1973 0.9796 -0.0392
vn 0.2267 0.9740 0.0000
vn -0.2012 0.9796 -0.0000
vn 0.2223 0.9740 -0.0442
vn -0.1973 0.9796 0.0392
vn 0.2094 0.9740 -0.0867
vn -0.1858 0.9796 0.0770
vn 0.1885 0.9740 -0.1259
vn -0.1673 0.9796 0.1118
vn 0.1603 0.9740 -0.1603
vn -0.1422 0.9796 0.1422
vn 0.1259 0.9740 -0.1885
vn -0.1118 0.9796 0.1673
vn 0.0867 0.9740 -0.2094
vn -0.0770 0.9796 0.1858
vn 0.1843 -0.3283 -0.9264
vn 0.0000 -0.3283 -0.9446
vn 0.1346 -0.7238 -0.6767
vn 0.0000 -0.7238 -0.6900
vn -0.0000 0.3308 -0.9437
vn 0.1841 0.3308 -0.9256
vn -0.0000 0.7309 -0.6825
vn 0.1331 0.7309 -0.6693
vn 0.3615 -0.3283 -0.8727
vn 0.2640 -0.7238 -0.6374
vn 0.3611 0.3308 -0.8719
vn 0.2612 0.7309 -0.6305
vn 0.5248 -0.3283 -0.7854
vn 0.3833 -0.7238 -0.5737
vn 0.5243 0.3308 -0.7846
vn 0.3792 0.7309 -0.5674
vn 0.6679 -0.3283 -0.6679
vn 0.4879 -0.7238 -0.4879
vn 0.6673 0.3308 -0.6673
vn 0.4826 0.7309 -0.4826
vn 0.7854 -0.3283 -0.5248
vn 0.5737 -0.7238 -0.3833
vn 0.7846 0.3308 -0.5243
vn 0.5674 0.7309 -0.3792
vn 0.8727 -0.3283 -0.3615
vn 0.6374 -0.7238 -0.2640
vn 0.8719 0.3308 -0.3611
vn 0.6305 0.7309 -0.2612
vn 0.9264 -0.3283 -0.1843
vn 0.6767 -0.7238 -0.1346
vn 0.9256 0.3308 -0.1841
vn 0.6693 0.7309 -0.1331
vn 0.9446 -0.3283 -0.0000
vn 0.6900 -0.7238 -0.0000
vn 0.9437 0.3308 -0.0000
vn 0.6825 0.7309 -0.0000
vn 0.9264 -0.3283 0.1843
vn 0.6767 -0.7238 0.1346
vn 0.9256 0.3308 0.1841
vn 0.6693 0.7309 0.1331
vn 0.8727 -0.3283 0.3615
vn 0.6374 -0.7238 0.2640
vn 0.8719 0.3308 0.3611
vn 0.6305 0.7309 0.2612
vn 0.7854 -0.3283 0.5248
vn 0.5737 -0.7238 0.3833
vn 0.7846 0.3308 0.5243
vn 0.5674 0.7309 0.3792
vn 0.6679 -0.3283 0.6679
vn 0.4879 -0.7238 0.4879
vn 0.6673 0.3308 0.6673
vn 0.4826 0.7309 0.4826
vn 0.5248 -0.3283 0.7854
vn 0.3833 -0.7238 0.5737
vn 0.5243 0.3308 0.7846
vn 0.3792 0.7309 0.5674
vn 0.3615 -0.3283 0.8727
vn 0.2640 -0.7238 0.6374
vn 0.3611 0.3308 0.8719
vn 0.2612 0.7309 0.6305
vn 0.1843 -0.3283 0.9264
vn 0.1346 -0.7238 0.6767
vn 0.1841 0.3308 0.9256
vn 0.1331 0.7309 0.6693
vn -0.0000 -0.3283 0.9446
vn 0.0000 -0.7238 0.6900
vn -0.0000 0.3308 0.9437
vn 0.0000 0.7309 0.6825
vn -0.1843 -0.3283 0.9264
vn -0.1346 -0.7238 0.6767
vn -0.1841 0.3308 0.9256
vn -0.1331 0.7309 0.6693
vn -0.3615 -0.3283 0.8727
vn -0.2640 -0.7238 0.6374
vn -0.3611 0.3308 0.8719
vn -0.2612 0.7309 0.6305
vn -0.5248 -0.3283 0.7854
vn -0.3833 -0.7238 0.5737
vn -0.5243 0.3308 0.7846
vn -0.3792 0.7309 0.5674
vn -0.6679 -0.3283 0.6679
vn -0.4879 -0.7238 0.4879
vn -0.6673 0.3308 0.6673
vn -0.4826 0.7309 0.4826
vn -0.7854 -0.3283 0.5248
vn -0.5737 -0.7238 0.3833
vn -0.7846 0.3308 0.5243
vn -0.5674 0.7309 0.3792
vn -0.8727 -0.3283 0.3615
vn -0.6374 -0.7238 0.2640
vn -0.8719 0.3308 0.3611
vn -0.6305 0.7309 0.2612
vn -0.9264 -0.3283 0.1843
vn -0.6767 -0.7238 0.1346
vn -0.9256 0.3308 0.1841
vn -0.6693 0.7309 0.1331
vn -0.9446 -0.3283 -0.0000
vn -0.6900 -0.7238 0.0000
vn -0.9437 0.3308 -0.0000
vn -0.6825 0.7309 -0.0000
vn -0.9264 -0.3283 -0.1843
vn -0.6767 -0.7238 -0.1346
vn -0.9256 0.3308 -0.1841
vn -0.6693 0.7309 -0.1331
vn -0.8727 -0.3283 -0.3615
vn -0.6374 -0.7238 -0.2640
vn -0.8719 0.3308 -0.3611
vn -0.6305 0.7309 -0.2612
vn -0.7854 -0.3283 -0.5248
vn -0.5737 -0.7238 -0.3833
vn -0.7846 0.3308 -0.5243
vn -0.5674 0.7309 -0.3792
vn -0.6679 -0.3283 -0.6679
vn -0.4879 -0.7238 -0.4879
vn -0.6673 0.3308 -0.6673
vn -0.4826 0.7309 -0.4826
vn -0.5248 -0.3283 -0.7854
vn -0.3833 -0.7238 -0.5737
vn -0.5243 0.3308 -0.7846
vn -0.3792 0.7309 -0.5674
vn -0.3615 -0.3283 -0.8727
vn -0.2640 -0.7238 -0.6374
vn -0.3611 0.3308 -0.8719
vn -0.2612 0.7309 -0.6305
vn -0.1843 -0.3283 -0.9264
vn -0.1346 -0.7238 -0.6767
vn -0.1841 0.3308 -0.9256
vn -0.1331 0.7309 -0.6693
vn 0.0000 0.7497 0.6618
vn -0.1291 0.7497 0.6491
vn 0.0000 0.3381 0.9411
vn -0.1836 0.3381 0.9230
vn -0.2533 0.7497 0.6114
vn -0.3601 0.3381 0.8695
vn -0.3677 0.7497 0.5503
vn -0.5228 0.3381 0.7825
vn -0.4680 0.7497 0.4680
vn -0.6655 0.3381 0.6655
vn -0.5503 0.7497 0.3677
vn -0.7825 0.3381 0.5228
vn -0.6114 0.7497 0.2533
vn -0.8695 0.3381 0.3601
vn -0.6491 0.7497 0.1291
vn -0.9230 0.3381 0.1836
vn -0.6618 0.7497 -0.0000
vn -0.9411 0.3381 0.0000
vn -0.6491 0.7497 -0.1291
vn -0.9230 0.3381 -0.1836
vn -0.6114 0.7497 -0.2533
vn -0.8695 0.3381 -0.3601
vn -0.5503 0.7497 -0.3677
vn -0.7825 0.3381 -0.5228
vn -0.4680 0.7497 -0.4680
vn -0.6655 0.3381 -0.6655
vn -0.3677 0.7497 -0.5503
vn -0.5228 0.3381 -0.7825
vn -0.2533 0.7497 -0.6114
vn -0.3601 0.3381 -0.8695
vn -0.1291 0.7497 -0.6491
vn -0.1836 0.3381 -0.9230
vn 0.0000 0.7497 -0.6618
vn 0.0000 0.3381 -0.9411
vn 0.1291 0.7497 -0.6491
vn 0.1836 0.3381 -0.9230
vn 0.2533 0.7497 -0.6114
vn 0.3601 0.3381 -0.8695
vn 0.3677 0.7497 -0.5503
vn 0.5228 0.3381 -0.7825
vn 0.4680 0.7497 -0.4680
vn 0.6655 0.3381 -0.6655
vn 0.5503 0.7497 -0.3677
vn 0.7825 0.3381 -0.5228
vn 0.6114 0.7497 -0.2533
vn 0.8695 0.3381 -0.3601
vn 0.6491 0.7497 -0.1291
vn 0.9230 0.3381 -0.1836
vn 0.6618 0.7497 0.0000
vn 0.9411 0.3381 -0.0000
vn 0.6491 0.7497 0.1291
vn 0.9230 0.3381 0.1836
vn 0.6114 0.7497 0.2533
vn 0.8695 0.3381 0.3601
vn 0.5503 0.7497 0.3677
vn 0.7825 0.3381 0.5228
vn 0.4680 0.7497 0.4680
vn 0.6655 0.3381 0.6655
vn 0.3677 0.7497 0.5503
vn 0.5228 0.3381 0.7825
vn 0.2533 0.7497 0.6114
vn 0.3601 0.3381 0.8695
vn 0.1291 0.7497 0.6491
vn 0.1836 0.3381 0.9230
vn -0.0000 -0.3408 0.9401
vn -0.1834 -0.3408 0.9221
vn -0.0000 -0.7570 0.6534
vn -0.1275 -0.7570 0.6408
vn -0.3598 -0.3408 0.8686
vn -0.2500 -0.7570 0.6036
vn -0.5223 -0.3408 0.7817
vn -0.3630 -0.7570 0.5433
vn -0.6648 -0.3408 0.6648
vn -0.4620 -0.7570 0.4620
vn -0.7817 -0.3408 0.5223
vn -0.5433 -0.7570 0.3630
vn -0.8686 -0.3408 0.3598
vn -0.6036 -0.7570 0.2500
vn -0.9221 -0.3408 0.1834
vn -0.6408 -0.7570 0.1275
vn -0.9401 -0.3408 -0.0000
vn -0.6534 -0.7570 0.0000
vn -0.9221 -0.3408 -0.1834
vn -0.6408 -0.7570 -0.1275
vn -0.8686 -0.3408 -0.3598
vn -0.6036 -0.7570 -0.2500
vn -0.7817 -0.3408 -0.5223
vn -0.5433 -0.7570 -0.3630
vn -0.6648 -0.3408 -0.6648
vn -0.4620 -0.7570 -0.4620
vn -0.5223 -0.3408 -0.7817
vn -0.3630 -0.7570 -0.5433
vn -0.3598 -0.3408 -0.8686
vn -0.2500 -0.7570 -0.6036
vn -0.1834 -0.3408 -0.9221
vn -0.1275 -0.7570 -0.6408
vn -0.0000 -0.3408 -0.9401
vn -0.0000 -0.7570 -0.6534
vn 0.1834 -0.3408 -0.9221
vn 0.1275 -0.7570 -0.6408
vn 0.3598 -0.3408 -0.8686
vn 0.2500 -0.7570 -0.6036
vn 0.5223 -0.3408 -0.7817
vn 0.3630 -0.7570 -0.5433
vn 0.6648 -0.3408 -0.6648
vn 0.4620 -0.7570 -0.4620
vn 0.7817 -0.3408 -0.5223
vn 0.5433 -0.7570 -0.3630
vn 0.8686 -0.3408 -0.3598
vn 0.6036 -0.7570 -0.2500
vn 0.9221 -0.3408 -0.1834
vn 0.6408 -0.7570 -0.1275
vn 0.9401 -0.3408 0.0000
vn 0.6534 -0.7570 0.0000
vn 0.9221 -0.3408 0.1834
vn 0.6408 -0.7570 0.1275
vn 0.8686 -0.3408 0.3598
vn 0.6036 -0.7570 0.2500
vn 0.7817 -0.3408 0.5223
vn 0.5433 -0.7570 0.3630
vn 0.6648 -0.3408 0.6648
vn 0.4620 -0.7570 0.4620
vn 0.5223 -0.3408 0.7817
vn 0.3630 -0.7570 0.5433
vn 0.3598 -0.3408 0.8686
vn 0.2500 -0.7570 0.6036
vn 0.1834 -0.3408 0.9221
vn 0.1275 -0.7570 0.6408
usemtl None
s 1
f 249/1/1 254/2/2 5/3/3 2/4/4
f 393/5/5 389/6/6 10/7/7 18/8/8
f 397/9/9 393/5/5 18/8/8 26/10/10
f 401/11/11 397/9/9 26/10/10 34/12/12
f 405/13/13 401/11/11 34/12/12 42/14/14
f 409/15/15 405/13/13 42/14/14 50/16/16
f 413/17/17 409/15/15 50/16/16 58/18/18
f 417/19/19 413/17/17 58/18/18 66/20/20
f 421/21/21 417/19/19 66/20/20 74/22/22
f 425/23/23 421/21/21 74/22/22 82/24/24
f 429/25/25 425/23/23 82/24/24 90/26/26
f 433/27/27 429/25/25 90/26/26 98/28/28
f 437/29/29 433/27/27 98/28/28 106/30/30
f 441/31/31 437/29/29 106/30/30 114/32/32
f 445/33/33 441/31/31 114/32/32 122/34/34
f 449/35/35 445/33/33 122/34/34 130/36/36
f 453/37/37 449/35/35 130/36/36 138/38/38
f 457/39/39 453/37/37 138/38/38 146/40/40
f 461/41/41 457/39/39 146/40/40 154/42/42
f 465/43/43 461/41/41 154/42/42 162/44/44
f 469/45/45 465/43/43 162/44/44 170/46/46
f 473/47/47 469/45/45 170/46/46 178/48/48
f 477/49/49 473/47/47 178/48/48 186/50/50
f 481/51/51 477/49/49 186/50/50 194/52/52
f 485/53/53 481/51/51 194/52/52 202/54/54
f 489/55/55 485/53/53 202/54/54 210/56/56
f 493/57/57 489/55/55 210/56/56 218/58/58
f 497/59/59 493/57/57 218/58/58 226/60/60
f 501/61/61 497/59/59 226/60/60 234/62/62
f 505/63/63 501/61/61 234/64/62 242/65/64
f 509/66/65 505/63/63 242/65/64 250/67/66
f 386/68/67 509/66/65 250/67/66 1/69/68
f 65/70/69 70/71/70 78/72/71 73/73/72
f 137/74/73 142/75/74 150/76/75 145/77/76
f 209/78/77 214/79/78 222/80/79 217/81/80
f 33/82/81 38/83/82 46/84/83 41/85/84
f 105/86/85 110/87/86 118/88/87 113/89/88
f 177/90/89 182/91/90 190/92/91 185/93/92
f 261/94/93 258/95/94 385/96/95 390/97/96
f 73/73/72 78/72/71 86/98/97 81/99/98
f 145/77/76 150/76/75 158/100/99 153/101/100
f 217/81/80 222/80/79 230/102/101 225/103/102
f 41/85/84 46/84/83 54/104/103 49/105/104
f 113/89/88 118/88/87 126/106/105 121/107/106
f 185/93/92 190/92/91 198/108/107 193/109/108
f 6/110/109 253/111/110 382/112/111 257/113/112
f 9/114/113 14/115/114 22/116/115 17/117/116
f 81/99/98 86/98/97 94/118/117 89/119/118
f 153/101/100 158/100/99 166/120/119 161/121/120
f 225/103/102 230/102/101 238/122/121 233/123/122
f 49/105/104 54/104/103 62/124/123 57/125/124
f 121/107/106 126/106/105 134/126/125 129/127/126
f 193/109/108 198/108/107 206/128/127 201/129/128
f 17/117/116 22/116/115 30/130/129 25/131/130
f 89/119/118 94/118/117 102/132/131 97/133/132
f 161/121/120 166/120/119 174/134/133 169/135/134
f 233/123/122 238/122/121 246/136/135 241/137/136
f 57/125/124 62/124/123 70/71/70 65/70/69
f 129/127/126 134/126/125 142/75/74 137/74/73
f 201/129/128 206/128/127 214/79/78 209/78/77
f 25/131/130 30/130/129 38/83/82 33/82/81
f 97/133/132 102/132/131 110/87/86 105/86/85
f 169/135/134 174/134/133 182/91/90 177/90/89
f 241/137/136 246/136/135 254/2/2 249/1/1
f 345/138/137 341/139/138 470/140/139 474/141/140
f 293/142/141 289/143/142 418/144/143 422/145/144
f 349/146/145 345/138/137 474/141/140 478/147/146
f 297/148/147 293/142/141 422/145/144 426/149/148
f 353/150/149 349/146/145 478/147/146 482/151/150
f 301/152/151 297/148/147 426/149/148 430/153/152
f 357/154/153 353/150/149 482/151/150 486/155/154
f 305/156/155 301/152/151 430/153/152 434/157/156
f 361/158/157 357/154/153 486/155/154 490/159/158
f 309/160/159 305/156/155 434/157/156 438/161/160
f 365/162/161 361/158/157 490/159/158 494/163/162
f 313/164/163 309/160/159 438/161/160 442/165/164
f 369/166/165 365/162/161 494/163/162 498/167/166
f 317/168/167 313/164/163 442/165/164 446/169/168
f 258/170/94 381/171/169 510/172/170 385/173/95
f 373/174/171 369/166/165 498/167/166 502/175/172
f 321/176/173 317/168/167 446/169/168 450/177/174
f 269/178/175 265/179/176 394/180/177 398/181/178
f 377/182/179 373/174/171 502/175/172 506/183/180
f 325/184/181 321/176/173 450/177/174 454/185/182
f 273/186/183 269/178/175 398/181/178 402/187/184
f 381/171/169 377/182/179 506/183/180 510/172/170
f 329/188/185 325/184/181 454/185/182 458/189/186
f 277/190/187 273/186/183 402/187/184 406/191/188
f 333/192/189 329/188/185 458/189/186 462/193/190
f 281/194/191 277/190/187 406/191/188 410/195/192
f 265/179/176 261/196/93 390/197/96 394/180/177
f 337/198/193 333/192/189 462/193/190 466/199/194
f 285/200/195 281/194/191 410/195/192 414/201/196
f 341/139/138 337/198/193 466/199/194 470/140/139
f 289/143/142 285/200/195 414/201/196 418/144/143
f 13/202/197 6/203/109 257/204/112 262/205/198
f 253/111/110 245/206/199 378/207/200 382/112/111
f 245/206/199 237/208/201 374/209/202 378/207/200
f 237/208/201 229/210/203 370/211/204 374/209/202
f 229/210/203 221/212/205 366/213/206 370/211/204
f 221/212/205 213/214/207 362/215/208 366/213/206
f 213/214/207 205/216/209 358/217/210 362/215/208
f 205/216/209 197/218/211 354/219/212 358/217/210
f 197/218/211 189/220/213 350/221/214 354/219/212
f 189/220/213 181/222/215 346/223/216 350/221/214
f 181/222/215 173/224/217 342/225/218 346/223/216
f 173/224/217 165/226/219 338/227/220 342/225/218
f 165/226/219 157/228/221 334/229/222 338/227/220
f 157/228/221 149/230/223 330/231/224 334/229/222
f 149/230/223 141/232/225 326/233/226 330/231/224
f 141/232/225 133/234/227 322/235/228 326/233/226
f 133/234/227 125/236/229 318/237/230 322/235/228
f 125/236/229 117/238/231 314/239/232 318/237/230
f 117/238/231 109/240/233 310/241/234 314/239/232
f 109/240/233 101/242/235 306/243/236 310/241/234
f 101/242/235 93/244/237 302/245/238 306/243/236
f 93/244/237 85/246/239 298/247/240 302/245/238
f 85/246/239 77/248/241 294/249/242 298/247/240
f 77/248/241 69/250/243 290/251/244 294/249/242
f 69/250/243 61/252/245 286/253/246 290/251/244
f 61/252/245 53/254/247 282/255/248 286/253/246
f 53/254/247 45/256/249 278/257/250 282/255/248
f 45/256/249 37/258/251 274/259/252 278/257/250
f 37/258/251 29/260/253 270/261/254 274/259/252
f 29/262/253 21/263/255 266/264/256 270/261/254
f 21/263/255 13/202/197 262/205/198 266/264/256
f 2/265/4 5/266/3 14/115/114 9/114/113
f 2/265/4 9/114/113 11/267/257 4/268/258
f 4/268/258 11/267/257 12/269/259 3/270/260
f 3/270/260 12/269/259 10/7/7 1/271/68
f 14/115/114 5/266/3 7/272/261 16/273/262
f 16/273/262 7/272/261 8/274/263 15/275/264
f 15/275/264 8/274/263 6/203/109 13/202/197
f 9/114/113 17/117/116 19/276/265 11/267/257
f 11/267/257 19/276/265 20/277/266 12/269/259
f 12/269/259 20/277/266 18/8/8 10/7/7
f 22/116/115 14/115/114 16/273/262 24/278/267
f 24/278/267 16/273/262 15/275/264 23/279/268
f 23/279/268 15/275/264 13/202/197 21/263/255
f 17/117/116 25/131/130 27/280/269 19/276/265
f 19/276/265 27/280/269 28/281/270 20/277/266
f 20/277/266 28/281/270 26/10/10 18/8/8
f 30/130/129 22/116/115 24/278/267 32/282/271
f 32/282/271 24/278/267 23/279/268 31/283/272
f 31/283/272 23/279/268 21/263/255 29/262/253
f 25/131/130 33/82/81 35/284/273 27/280/269
f 27/280/269 35/284/273 36/285/274 28/281/270
f 28/281/270 36/285/274 34/12/12 26/10/10
f 38/83/82 30/130/129 32/282/271 40/286/275
f 40/286/275 32/282/271 31/283/272 39/287/276
f 39/287/276 31/283/272 29/260/253 37/258/251
f 33/82/81 41/85/84 43/288/277 35/284/273
f 35/284/273 43/288/277 44/289/278 36/285/274
f 36/285/274 44/289/278 42/14/14 34/12/12
f 46/84/83 38/83/82 40/286/275 48/290/279
f 48/290/279 40/286/275 39/287/276 47/291/280
f 47/291/280 39/287/276 37/258/251 45/256/249
f 41/85/84 49/105/104 51/292/281 43/288/277
f 43/288/277 51/292/281 52/293/282 44/289/278
f 44/289/278 52/293/282 50/16/16 42/14/14
f 54/104/103 46/84/83 48/290/279 56/294/283
f 56/294/283 48/290/279 47/291/280 55/295/284
f 55/295/284 47/291/280 45/256/249 53/254/247
f 49/105/104 57/125/124 59/296/285 51/292/281
f 51/292/281 59/296/285 60/297/286 52/293/282
f 52/293/282 60/297/286 58/18/18 50/16/16
f 62/124/123 54/104/103 56/294/283 64/298/287
f 64/298/287 56/294/283 55/295/284 63/299/288
f 63/299/288 55/295/284 53/254/247 61/252/245
f 57/125/124 65/70/69 67/300/289 59/296/285
f 59/296/285 67/300/289 68/301/290 60/297/286
f 60/297/286 68/301/290 66/20/20 58/18/18
f 70/71/70 62/124/123 64/298/287 72/302/291
f 72/302/291 64/298/287 63/299/288 71/303/292
f 71/303/292 63/299/288 61/252/245 69/250/243
f 65/70/69 73/73/72 75/304/293 67/300/289
f 67/300/289 75/304/293 76/305/294 68/301/290
f 68/301/290 76/305/294 74/22/22 66/20/20
f 78/72/71 70/71/70 72/302/291 80/306/295
f 80/306/295 72/302/291 71/303/292 79/307/296
f 79/307/296 71/303/292 69/250/243 77/248/241
f 73/73/72 81/99/98 83/308/297 75/304/293
f 75/304/293 83/308/297 84/309/298 76/305/294
f 76/305/294 84/309/298 82/24/24 74/22/22
f 86/98/97 78/72/71 80/306/295 88/310/299
f 88/310/299 80/306/295 79/307/296 87/311/300
f 87/311/300 79/307/296 77/248/241 85/246/239
f 81/99/98 89/119/118 91/312/301 83/308/297
f 83/308/297 91/312/301 92/313/302 84/309/298
f 84/309/298 92/313/302 90/26/26 82/24/24
f 94/118/117 86/98/97 88/310/299 96/314/303
f 96/314/303 88/310/299 87/311/300 95/315/304
f 95/315/304 87/311/300 85/246/239 93/244/237
f 89/119/118 97/133/132 99/316/305 91/312/301
f 91/312/301 99/316/305 100/317/306 92/313/302
f 92/313/302 100/317/306 98/28/28 90/26/26
f 102/132/131 94/118/117 96/314/303 104/318/307
f 104/318/307 96/314/303 95/315/304 103/319/308
f 103/319/308 95/315/304 93/244/237 101/242/235
f 97/133/132 105/86/85 107/320/309 99/316/305
f 99/316/305 107/320/309 108/321/310 100/317/306
f 100/317/306 108/321/310 106/30/30 98/28/28
f 110/87/86 102/132/131 104/318/307 112/322/311
f 112/322/311 104/318/307 103/319/308 111/323/312
f 111/323/312 103/319/308 101/242/235 109/240/233
f 105/86/85 113/89/88 115/324/313 107/320/309
f 107/320/309 115/324/313 116/325/314 108/321/310
f 108/321/310 116/325/314 114/32/32 106/30/30
f 118/88/87 110/87/86 112/322/311 120/326/315
f 120/326/315 112/322/311 111/323/312 119/327/316
f 119/327/316 111/323/312 109/240/233 117/238/231
f 113/89/88 121/107/106 123/328/317 115/324/313
f 115/324/313 123/328/317 124/329/318 116/325/314
f 116/325/314 124/329/318 122/34/34 114/32/32
f 126/106/105 118/88/87 120/326/315 128/330/319
f 128/330/319 120/326/315 119/327/316 127/331/320
f 127/331/320 119/327/316 117/238/231 125/236/229
f 121/107/106 129/127/126 131/332/321 123/328/317
f 123/328/317 131/332/321 132/333/322 124/329/318
f 124/329/318 132/333/322 130/36/36 122/34/34
f 134/126/125 126/106/105 128/330/319 136/334/323
f 136/334/323 128/330/319 127/331/320 135/335/324
f 135/335/324 127/331/320 125/236/229 133/234/227
f 129/127/126 137/74/73 139/336/325 131/332/321
f 131/332/321 139/336/325 140/337/326 132/333/322
f 132/333/322 140/337/326 138/38/38 130/36/36
f 142/75/74 134/126/125 136/334/323 144/338/327
f 144/338/327 136/334/323 135/335/324 143/339/328
f 143/339/328 135/335/324 133/234/227 141/232/225
f 137/74/73 145/77/76 147/340/329 139/336/325
f 139/336/325 147/340/329 148/341/330 140/337/326
f 140/337/326 148/341/330 146/40/40 138/38/38
f 150/76/75 142/75/74 144/338/327 152/342/331
f 152/342/331 144/338/327 143/339/328 151/343/332
f 151/343/332 143/339/328 141/232/225 149/230/223
f 145/77/76 153/101/100 155/344/333 147/340/329
f 147/340/329 155/344/333 156/345/334 148/341/330
f 148/341/330 156/345/334 154/42/42 146/40/40
f 158/100/99 150/76/75 152/342/331 160/346/335
f 160/346/335 152/342/331 151/343/332 159/347/336
f 159/347/336 151/343/332 149/230/223 157/228/221
f 153/101/100 161/121/120 163/348/337 155/344/333
f 155/344/333 163/348/337 164/349/338 156/345/334
f 156/345/334 164/349/338 162/44/44 154/42/42
f 166/120/119 158/100/99 160/346/335 168/350/339
f 168/350/339 160/346/335 159/347/336 167/351/340
f 167/351/340 159/347/336 157/228/221 165/226/219
f 161/121/120 169/135/134 171/352/341 163/348/337
f 163/348/337 171/352/341 172/353/342 164/349/338
f 164/349/338 172/353/342 170/46/46 162/44/44
f 174/134/133 166/120/119 168/350/339 176/354/343
f 176/354/343 168/350/339 167/351/340 175/355/344
f 175/355/344 167/351/340 165/226/219 173/224/217
f 169/135/134 177/90/89 179/356/345 171/352/341
f 171/352/341 179/356/345 180/357/346 172/353/342
f 172/353/342 180/357/346 178/48/48 170/46/46
f 182/91/90 174/134/133 176/354/343 184/358/347
f 184/358/347 176/354/343 175/355/344 183/359/348
f 183/359/348 175/355/344 173/224/217 181/222/215
f 177/90/89 185/93/92 187/360/349 179/356/345
f 179/356/345 187/360/349 188/361/350 180/357/346
f 180/357/346 188/361/350 186/50/50 178/48/48
f 190/92/91 182/91/90 184/358/347 192/362/351
f 192/362/351 184/358/347 183/359/348 191/363/352
f 191/363/352 183/359/348 181/222/215 189/220/213
f 185/93/92 193/109/108 195/364/353 187/360/349
f 187/360/349 195/364/353 196/365/354 188/361/350
f 188/361/350 196/365/354 194/52/52 186/50/50
f 198/108/107 190/92/91 192/362/351 200/366/355
f 200/366/355 192/362/351 191/363/352 199/367/356
f 199/367/356 191/363/352 189/220/213 197/218/211
f 193/109/108 201/129/128 203/368/357 195/364/353
f 195/364/353 203/368/357 204/369/358 196/365/354
f 196/365/354 204/369/358 202/54/54 194/52/52
f 206/128/127 198/108/107 200/366/355 208/370/359
f 208/370/359 200/366/355 199/367/356 207/371/360
f 207/371/360 199/367/356 197/218/211 205/216/209
f 201/129/128 209/78/77 211/372/361 203/368/357
f 203/368/357 211/372/361 212/373/362 204/369/358
f 204/369/358 212/373/362 210/56/56 202/54/54
f 214/79/78 206/128/127 208/370/359 216/374/363
f 216/374/363 208/370/359 207/371/360 215/375/364
f 215/375/364 207/371/360 205/216/209 213/214/207
f 209/78/77 217/81/80 219/376/365 211/372/361
f 211/372/361 219/376/365 220/377/366 212/373/362
f 212/373/362 220/377/366 218/58/58 210/56/56
f 222/80/79 214/79/78 216/374/363 224/378/367
f 224/378/367 216/374/363 215/375/364 223/379/368
f 223/379/368 215/375/364 213/214/207 221/212/205
f 217/81/80 225/103/102 227/380/369 219/376/365
f 219/376/365 227/380/369 228/381/370 220/377/366
f 220/377/366 228/381/370 226/60/60 218/58/58
f 230/102/101 222/80/79 224/378/367 232/382/371
f 232/382/371 224/378/367 223/379/368 231/383/372
f 231/383/372 223/379/368 221/212/205 229/210/203
f 225/103/102 233/123/122 235/384/373 227/380/369
f 227/380/369 235/384/373 236/385/374 228/381/370
f 228/381/370 236/385/374 234/62/62 226/60/60
f 238/122/121 230/102/101 232/382/371 240/386/375
f 240/386/375 232/382/371 231/383/372 239/387/376
f 239/387/376 231/383/372 229/210/203 237/208/201
f 233/123/122 241/137/136 243/388/377 235/384/373
f 235/384/373 243/388/377 244/389/378 236/385/374
f 236/385/374 244/389/378 242/65/64 234/64/62
f 246/136/135 238/122/121 240/386/375 248/390/379
f 248/390/379 240/386/375 239/387/376 247/391/380
f 247/391/380 239/387/376 237/208/201 245/206/199
f 241/137/136 249/1/1 251/392/381 243/388/377
f 243/388/377 251/392/381 252/393/382 244/389/378
f 244/389/378 252/393/382 250/67/66 242/65/64
f 254/2/2 246/136/135 248/390/379 256/394/383
f 256/394/383 248/390/379 247/391/380 255/395/384
f 255/395/384 247/391/380 245/206/199 253/111/110
f 249/1/1 2/4/4 4/396/258 251/392/381
f 251/392/381 4/396/258 3/397/260 252/393/382
f 252/393/382 3/397/260 1/69/68 250/67/66
f 5/3/3 254/2/2 256/394/383 7/398/261
f 7/398/261 256/394/383 255/395/384 8/399/263
f 8/399/263 255/395/384 253/111/110 6/110/109
f 262/205/198 257/204/112 259/400/385 264/401/386
f 264/401/386 259/400/385 260/402/387 263/403/388
f 263/403/388 260/402/387 258/95/94 261/94/93
f 266/264/256 262/205/198 264/401/386 268/404/389
f 268/404/389 264/401/386 263/403/388 267/405/390
f 267/405/390 263/403/388 261/196/93 265/179/176
f 270/261/254 266/264/256 268/404/389 272/406/391
f 272/406/391 268/404/389 267/405/390 271/407/392
f 271/407/392 267/405/390 265/179/176 269/178/175
f 274/259/252 270/261/254 272/406/391 276/408/393
f 276/408/393 272/406/391 271/407/392 275/409/394
f 275/409/394 271/407/392 269/178/175 273/186/183
f 278/257/250 274/259/252 276/408/393 280/410/395
f 280/410/395 276/408/393 275/409/394 279/411/396
f 279/411/396 275/409/394 273/186/183 277/190/187
f 282/255/248 278/257/250 280/410/395 284/412/397
f 284/412/397 280/410/395 279/411/396 283/413/398
f 283/413/398 279/411/396 277/190/187 281/194/191
f 286/253/246 282/255/248 284/412/397 288/414/399
f 288/414/399 284/412/397 283/413/398 287/415/400
f 287/415/400 283/413/398 281/194/191 285/200/195
f 290/251/244 286/253/246 288/414/399 292/416/401
f 292/416/401 288/414/399 287/415/400 291/417/402
f 291/417/402 287/415/400 285/200/195 289/143/142
f 294/249/242 290/251/244 292/416/401 296/418/403
f 296/418/403 292/416/401 291/417/402 295/419/404
f 295/419/404 291/417/402 289/143/142 293/142/141
f 298/247/240 294/249/242 296/418/403 300/420/405
f 300/420/405 296/418/403 295/419/404 299/421/406
f 299/421/406 295/419/404 293/142/141 297/148/147
f 302/245/238 298/247/240 300/420/405 304/422/407
f 304/422/407 300/420/405 299/421/406 303/423/408
f 303/423/408 299/421/406 297/148/147 301/152/151
f 306/243/236 302/245/238 304/422/407 308/424/409
f 308/424/409 304/422/407 303/423/408 307/425/410
f 307/425/410 303/423/408 301/152/151 305/156/155
f 310/241/234 306/243/236 308/424/409 312/426/411
f 312/426/411 308/424/409 307/425/410 311/427/412
f 311/427/412 307/425/410 305/156/155 309/160/159
f 314/239/232 310/241/234 312/426/411 316/428/413
f 316/428/413 312/426/411 311/427/412 315/429/414
f 315/429/414 311/427/412 309/160/159 313/164/163
f 318/237/230 314/239/232 316/428/413 320/430/415
f 320/430/415 316/428/413 315/429/414 319/431/416
f 319/431/416 315/429/414 313/164/163 317/168/167
f 322/235/228 318/237/230 320/430/415 324/432/417
f 324/432/417 320/430/415 319/431/416 323/433/418
f 323/433/418 319/431/416 317/168/167 321/176/173
f 326/233/226 322/235/228 324/432/417 328/434/419
f 328/434/419 324/432/417 323/433/418 327/435/420
f 327/435/420 323/433/418 321/176/173 325/184/181
f 330/231/224 326/233/226 328/434/419 332/436/421
f 332/436/421 328/434/419 327/435/420 331/437/422
f 331/437/422 327/435/420 325/184/181 329/188/185
f 334/229/222 330/231/224 332/436/421 336/438/423
f 336/438/423 332/436/421 331/437/422 335/439/424
f 335/439/424 331/437/422 329/188/185 333/192/189
f 338/227/220 334/229/222 336/438/423 340/440/425
f 340/440/425 336/438/423 335/439/424 339/441/426
f 339/441/426 335/439/424 333/192/189 337/198/193
f 342/225/218 338/227/220 340/440/425 344/442/427
f 344/442/427 340/440/425 339/441/426 343/443/428
f 343/443/428 339/441/426 337/198/193 341/139/138
f 346/223/216 342/225/218 344/442/427 348/444/429
f 348/444/429 344/442/427 343/443/428 347/445/430
f 347/445/430 343/443/428 341/139/138 345/138/137
f 350/221/214 346/223/216 348/444/429 352/446/431
f 352/446/431 348/444/429 347/445/430 351/447/432
f 351/447/432 347/445/430 345/138/137 349/146/145
f 354/219/212 350/221/214 352/446/431 356/448/433
f 356/448/433 352/446/431 351/447/432 355/449/434
f 355/449/434 351/447/432 349/146/145 353/150/149
f 358/217/210 354/219/212 356/448/433 360/450/435
f 360/450/435 356/448/433 355/449/434 359/451/436
f 359/451/436 355/449/434 353/150/149 357/154/153
f 362/215/208 358/217/210 360/450/435 364/452/437
f 364/452/437 360/450/435 359/451/436 363/453/438
f 363/453/438 359/451/436 357/154/153 361/158/157
f 366/213/206 362/215/208 364/452/437 368/454/439
f 368/454/439 364/452/437 363/453/438 367/455/440
f 367/455/440 363/453/438 361/158/157 365/162/161
f 370/211/204 366/213/206 368/454/439 372/456/441
f 372/456/441 368/454/439 367/455/440 371/457/442
f 371/457/442 367/455/440 365/162/161 369/166/165
f 374/209/202 370/211/204 372/456/441 376/458/443
f 376/458/443 372/456/441 371/457/442 375/459/444
f 375/459/444 371/457/442 369/166/165 373/174/171
f 378/207/200 374/209/202 376/458/443 380/460/445
f 380/460/445 376/458/443 375/459/444 379/461/446
f 379/461/446 375/459/444 373/174/171 377/182/179
f 382/112/111 378/207/200 380/460/445 384/462/447
f 384/462/447 380/460/445 379/461/446 383/463/448
f 383/463/448 379/461/446 377/182/179 381/171/169
f 257/113/112 382/112/111 384/462/447 259/464/385
f 259/464/385 384/462/447 383/463/448 260/465/387
f 260/465/387 383/463/448 381/171/169 258/170/94
f 390/97/96 385/96/95 387/466/449 392/467/450
f 392/467/450 387/466/449 388/468/451 391/469/452
f 391/469/452 388/468/451 386/470/67 389/6/6
f 394/180/177 390/197/96 392/467/450 396/471/453
f 396/471/453 392/467/450 391/469/452 395/472/454
f 395/472/454 391/469/452 389/6/6 393/5/5
f 398/181/178 394/180/177 396/471/453 400/473/455
f 400/473/455 396/471/453 395/472/454 399/474/456
f 399/474/456 395/472/454 393/5/5 397/9/9
f 402/187/184 398/181/178 400/473/455 404/475/457
f 404/475/457 400/473/455 399/474/456 403/476/458
f 403/476/458 399/474/456 397/9/9 401/11/11
f 406/191/188 402/187/184 404/475/457 408/477/459
f 408/477/459 404/475/457 403/476/458 407/478/460
f 407/478/460 403/476/458 401/11/11 405/13/13
f 410/195/192 406/191/188 408/477/459 412/479/461
f 412/479/461 408/477/459 407/478/460 411/480/462
f 411/480/462 407/478/460 405/13/13 409/15/15
f 414/201/196 410/195/192 412/479/461 416/481/463
f 416/481/463 412/479/461 411/480/462 415/482/464
f 415/482/464 411/480/462 409/15/15 413/17/17
f 418/144/143 414/201/196 416/481/463 420/483/465
f 420/483/465 416/481/463 415/482/464 419/484/466
f 419/484/466 415/482/464 413/17/17 417/19/19
f 422/145/144 418/144/143 420/483/465 424/485/467
f 424/485/467 420/483/465 419/484/466 423/486/468
f 423/486/468 419/484/466 417/19/19 421/21/21
f 426/149/148 422/145/144 424/485/467 428/487/469
f 428/487/469 424/485/467 423/486/468 427/488/470
f 427/488/470 423/486/468 421/21/21 425/23/23
f 430/153/152 426/149/148 428/487/469 432/489/471
f 432/489/471 428/487/469 427/488/470 431/490/472
f 431/490/472 427/488/470 425/23/23 429/25/25
f 434/157/156 430/153/152 432/489/471 436/491/473
f 436/491/473 432/489/471 431/490/472 435/492/474
f 435/492/474 431/490/472 429/25/25 433/27/27
f 438/161/160 434/157/156 436/491/473 440/493/475
f 440/493/475 436/491/473 435/492/474 439/494/476
f 439/494/476 435/492/474 433/27/27 437/29/29
f 442/165/164 438/161/160 440/493/475 444/495/477
f 444/495/477 440/493/475 439/494/476 443/496/478
f 443/496/478 439/494/476 437/29/29 441/31/31
f 446/169/168 442/165/164 444/495/477 448/497/479
f 448/497/479 444/495/477 443/496/478 447/498/480
f 447/498/480 443/496/478 441/31/31 445/33/33
f 450/177/174 446/169/168 448/497/479 452/499/481
f 452/499/481 448/497/479 447/498/480 451/500/482
f 451/500/482 447/498/480 445/33/33 449/35/35
f 454/185/182 450/177/174 452/499/481 456/501/483
f 456/501/483 452/499/481 451/500/482 455/502/484
f 455/502/484 451/500/482 449/35/35 453/37/37
f 458/189/186 454/185/182 456/501/483 460/503/485
f 460/503/485 456/501/483 455/502/484 459/504/486
f 459/504/486 455/502/484 453/37/37 457/39/39
f 462/193/190 458/189/186 460/503/485 464/505/487
f 464/505/487 460/503/485 459/504/486 463/506/488
f 463/506/488 459/504/486 457/39/39 461/41/41
f 466/199/194 462/193/190 464/505/487 468/507/489
f 468/507/489 464/505/487 463/506/488 467/508/490
f 467/508/490 463/506/488 461/41/41 465/43/43
f 470/140/139 466/199/194 468/507/489 472/509/491
f 472/509/491 468/507/489 467/508/490 471/510/492
f 471/510/492 467/508/490 465/43/43 469/45/45
f 474/141/140 470/140/139 472/509/491 476/511/493
f 476/511/493 472/509/491 471/510/492 475/512/494
f 475/512/494 471/510/492 469/45/45 473/47/47
f 478/147/146 474/141/140 476/511/493 480/513/495
f 480/513/495 476/511/493 475/512/494 479/514/496
f 479/514/496 475/512/494 473/47/47 477/49/49
f 482/151/150 478/147/146 480/513/495 484/515/497
f 484/515/497 480/513/495 479/514/496 483/516/498
f 483/516/498 479/514/496 477/49/49 481/51/51
f 486/155/154 482/151/150 484/515/497 488/517/499
f 488/517/499 484/515/497 483/516/498 487/518/500
f 487/518/500 483/516/498 481/51/51 485/53/53
f 490/159/158 486/155/154 488/517/499 492/519/501
f 492/519/501 488/517/499 487/518/500 491/520/502
f 491/520/502 487/518/500 485/53/53 489/55/55
f 494/163/162 490/159/158 492/519/501 496/521/503
f 496/521/503 492/519/501 491/520/502 495/522/504
f 495/522/504 491/520/502 489/55/55 493/57/57
f 498/167/166 494/163/162 496/521/503 500/523/505
f 500/523/505 496/521/503 495/522/504 499/524/506
f 499/524/506 495/522/504 493/57/57 497/59/59
f 502/175/172 498/167/166 500/523/505 504/525/507
f 504/525/507 500/523/505 499/524/506 503/526/508
f 503/526/508 499/524/506 497/59/59 501/61/61
f 506/183/180 502/175/172 504/525/507 508/527/509
f 508/527/509 504/525/507 503/526/508 507/528/510
f 507/528/510 503/526/508 501/61/61 505/63/63
f 510/172/170 506/183/180 508/527/509 512/529/511
f 512/529/511 508/527/509 507/528/510 511/530/512
f 511/530/512 507/528/510 505/63/63 509/66/65
f 385/173/95 510/172/170 512/529/511 387/531/449
f 387/531/449 512/529/511 511/530/512 388/532/451
f 388/532/451 511/530/512 509/66/65 386/68/67
f 389/6/6 386/470/67 1/271/68 10/7/7
o Cylinder.005_Cylinder.006
v -0.012170 0.018602 -2.610018
v -0.012170 0.366718 -3.295942
v -0.012170 0.028267 -3.193932
v -0.012170 0.046995 -3.259092
v -0.012170 1.923349 -2.610018
v -0.012170 1.575232 -3.295942
v -0.012170 1.913683 -3.193932
v -0.012170 1.894955 -3.259092
v 0.497970 0.018601 -2.559774
v 0.631787 0.366718 -3.232518
v 0.611886 0.028267 -3.132469
v 0.624598 0.046995 -3.196376
v 0.497970 1.923349 -2.559773
v 0.631787 1.575232 -3.232518
v 0.611886 1.913683 -3.132469
v 0.624598 1.894955 -3.196376
v 0.988504 0.018601 -2.410972
v 1.250996 0.366718 -3.044683
v 1.211958 0.028267 -2.950438
v 1.236894 0.046995 -3.010638
v 0.988504 1.923349 -2.410972
v 1.250996 1.575232 -3.044683
v 1.211958 1.913683 -2.950438
v 1.236894 1.894955 -3.010638
v 1.440583 0.018601 -2.169330
v 1.821662 0.366718 -2.739655
v 1.764989 0.028267 -2.654838
v 1.801189 0.046995 -2.709016
v 1.440583 1.923349 -2.169330
v 1.821662 1.575232 -2.739655
v 1.764989 1.913683 -2.654838
v 1.801190 1.894955 -2.709015
v 1.836834 0.018601 -1.844136
v 2.321856 0.366718 -2.329157
v 2.249724 0.028267 -2.257026
v 2.295799 0.046995 -2.303100
v 1.836834 1.923349 -1.844136
v 2.321856 1.575232 -2.329157
v 2.249724 1.913683 -2.257026
v 2.295799 1.894955 -2.303100
v 2.162028 0.018601 -1.447885
v 2.732353 0.366718 -1.828964
v 2.647536 0.028267 -1.772291
v 2.701714 0.046995 -1.808491
v 2.162029 1.923349 -1.447885
v 2.732354 1.575232 -1.828964
v 2.647536 1.913683 -1.772291
v 2.701714 1.894955 -1.808491
v 2.403670 0.018601 -0.995806
v 3.037381 0.366718 -1.258298
v 2.943137 0.028267 -1.219260
v 3.003336 0.046995 -1.244196
v 2.403670 1.923349 -0.995806
v 3.037381 1.575232 -1.258298
v 2.943136 1.913683 -1.219260
v 3.003336 1.894955 -1.244196
v 2.552471 0.018601 -0.505271
v 3.225216 0.366718 -0.639088
v 3.125167 0.028267 -0.619187
v 3.189074 0.046995 -0.631899
v 2.552471 1.923349 -0.505271
v 3.225216 1.575232 -0.639088
v 3.125167 1.913683 -0.619187
v 3.189074 1.894955 -0.631899
v 2.602716 0.018601 0.004868
v 3.288640 0.366718 0.004868
v 3.186630 0.028267 0.004868
v 3.251790 0.046995 0.004868
v 2.602716 1.923349 0.004868
v 3.288640 1.575232 0.004868
v 3.186630 1.913683 0.004868
v 3.251790 1.894955 0.004868
v 2.552472 0.018601 0.515007
v 3.225216 0.366718 0.648824
v 3.125167 0.028267 0.628923
v 3.189074 0.046995 0.641635
v 2.552472 1.923349 0.515007
v 3.225216 1.575232 0.648824
v 3.125167 1.913683 0.628923
v 3.189074 1.894955 0.641635
v 2.403670 0.018601 1.005541
v 3.037381 0.366718 1.268033
v 2.943136 0.028267 1.228996
v 3.003336 0.046995 1.253931
v 2.403670 1.923349 1.005541
v 3.037381 1.575232 1.268033
v 2.943137 1.913683 1.228996
v 3.003336 1.894955 1.253931
v 2.162028 0.018601 1.457621
v 2.732354 0.366718 1.838700
v 2.647536 0.028267 1.782026
v 2.701714 0.046995 1.818227
v 2.162029 1.923349 1.457621
v 2.732354 1.575232 1.838700
v 2.647536 1.913683 1.782026
v 2.701714 1.894955 1.818227
v 1.836834 0.018601 1.853871
v 2.321856 0.366718 2.338893
v 2.249724 0.028267 2.266761
v 2.295799 0.046995 2.312836
v 1.836834 1.923349 1.853871
v 2.321856 1.575232 2.338893
v 2.249724 1.913683 2.266761
v 2.295799 1.894955 2.312836
v 1.440583 0.018601 2.179065
v 1.821662 0.366718 2.749391
v 1.764989 0.028267 2.664573
v 1.801189 0.046995 2.718751
v 1.440583 1.923349 2.179066
v 1.821662 1.575232 2.749391
v 1.764989 1.913683 2.664573
v 1.801189 1.894955 2.718751
v 0.988504 0.018601 2.420707
v 1.250996 0.366718 3.054418
v 1.211958 0.028267 2.960174
v 1.236894 0.046995 3.020374
v 0.988504 1.923349 2.420707
v 1.250996 1.575232 3.054419
v 1.211958 1.913683 2.960174
v 1.236894 1.894955 3.020373
v 0.497970 0.018601 2.569509
v 0.631787 0.366718 3.242254
v 0.611886 0.028267 3.142204
v 0.624598 0.046995 3.206111
v 0.497970 1.923349 2.569509
v 0.631787 1.575232 3.242254
v 0.611886 1.913683 3.142205
v 0.624598 1.894955 3.206111
v -0.012170 0.018601 2.619753
v -0.012170 0.366718 3.305677
v -0.012170 0.028267 3.203668
v -0.012170 0.046995 3.268827
v -0.012170 1.923349 2.619754
v -0.012170 1.575232 3.305677
v -0.012170 1.913683 3.203668
v -0.012170 1.894955 3.268827
v -0.522309 0.018601 2.569509
v -0.656126 0.366718 3.242254
v -0.636225 0.028267 3.142205
v -0.648937 0.046995 3.206111
v -0.522309 1.923349 2.569509
v -0.656126 1.575232 3.242254
v -0.636225 1.913683 3.142204
v -0.648937 1.894955 3.206111
v -1.012843 0.018601 2.420707
v -1.275335 0.366718 3.054418
v -1.236297 0.028267 2.960174
v -1.261233 0.046995 3.020373
v -1.012843 1.923349 2.420707
v -1.275335 1.575232 3.054418
v -1.236297 1.913683 2.960174
v -1.261233 1.894955 3.020373
v -1.464922 0.018601 2.179065
v -1.846001 0.366718 2.749391
v -1.789328 0.028267 2.664573
v -1.825528 0.046995 2.718751
v -1.464922 1.923349 2.179065
v -1.846001 1.575232 2.749391
v -1.789328 1.913683 2.664573
v -1.825529 1.894955 2.718751
v -1.861173 0.018601 1.853871
v -2.346195 0.366718 2.338893
v -2.274063 0.028267 2.266761
v -2.320138 0.046995 2.312836
v -1.861173 1.923349 1.853871
v -2.346195 1.575232 2.338893
v -2.274063 1.913683 2.266761
v -2.320138 1.894955 2.312836
v -2.186367 0.018601 1.457621
v -2.756693 0.366718 1.838699
v -2.671875 0.028267 1.782026
v -2.726053 0.046995 1.818227
v -2.186368 1.923349 1.457621
v -2.756693 1.575232 1.838700
v -2.671875 1.913683 1.782026
v -2.726053 1.894955 1.818227
v -2.428009 0.018601 1.005541
v -3.061720 0.366718 1.268033
v -2.967476 0.028267 1.228996
v -3.027675 0.046995 1.253931
v -2.428009 1.923349 1.005541
v -3.061720 1.575232 1.268033
v -2.967475 1.913683 1.228996
v -3.027675 1.894955 1.253931
v -2.576811 0.018601 0.515007
v -3.249555 0.366718 0.648824
v -3.149506 0.028267 0.628923
v -3.213413 0.046995 0.641635
v -2.576811 1.923349 0.515007
v -3.249555 1.575232 0.648824
v -3.149506 1.913683 0.628923
v -3.213413 1.894955 0.641635
v -2.627055 0.018601 0.004868
v -3.312979 0.366718 0.004868
v -3.210970 0.028267 0.004868
v -3.276129 0.046995 0.004868
v -2.627055 1.923349 0.004868
v -3.312979 1.575232 0.004868
v -3.210970 1.913683 0.004868
v -3.276129 1.894955 0.004868
v -2.576811 0.018601 -0.505271
v -3.249556 0.366718 -0.639088
v -3.149506 0.028267 -0.619187
v -3.213413 0.046995 -0.631899
v -2.576811 1.923349 -0.505271
v -3.249556 1.575232 -0.639088
v -3.149506 1.913683 -0.619187
v -3.213413 1.894955 -0.631899
v -2.428009 0.018601 -0.995806
v -3.061720 0.366718 -1.258298
v -2.967475 0.028267 -1.219260
v -3.027675 0.046995 -1.244196
v -2.428009 1.923349 -0.995806
v -3.061720 1.575232 -1.258298
v -2.967476 1.913683 -1.219260
v -3.027675 1.894955 -1.244195
v -2.186367 0.018601 -1.447885
v -2.756693 0.366718 -1.828964
v -2.671875 0.028267 -1.772291
v -2.726053 0.046995 -1.808491
v -2.186367 1.923349 -1.447885
v -2.756693 1.575232 -1.828964
v -2.671875 1.913683 -1.772291
v -2.726053 1.894955 -1.808491
v -1.861173 0.018601 -1.844135
v -2.346195 0.366718 -2.329157
v -2.274063 0.028267 -2.257026
v -2.320138 0.046995 -2.303100
v -1.861173 1.923349 -1.844136
v -2.346195 1.575232 -2.329157
v -2.274063 1.913683 -2.257026
v -2.320138 1.894955 -2.303100
v -1.464922 0.018601 -2.169330
v -1.846001 0.366718 -2.739655
v -1.789328 0.028267 -2.654838
v -1.825529 0.046995 -2.709015
v -1.464922 1.923349 -2.169330
v -1.846001 1.575232 -2.739656
v -1.789328 1.913683 -2.654838
v -1.825529 1.894955 -2.709016
v -1.012843 0.018601 -2.410972
v -1.275335 0.366718 -3.044683
v -1.236297 0.028267 -2.950438
v -1.261233 0.046995 -3.010638
v -1.012843 1.923349 -2.410972
v -1.275335 1.575232 -3.044683
v -1.236297 1.913683 -2.950438
v -1.261233 1.894955 -3.010638
v -0.522309 0.018601 -2.559773
v -0.656126 0.366718 -3.232518
v -0.636225 0.028267 -3.132469
v -0.648937 0.046995 -3.196376
v -0.522309 1.923349 -2.559773
v -0.656126 1.575232 -3.232518
v -0.636225 1.913683 -3.132469
v -0.648937 1.894955 -3.196376
v -0.012170 0.095526 -3.281680
v 0.311365 0.366718 -3.280035
v 0.629004 0.095526 -3.218530
v 0.307753 0.046995 -3.243363
v -0.012170 0.036781 -3.229467
v 0.618818 0.036782 -3.167321
v 0.301367 0.028267 -3.178517
v -0.012170 0.021895 -3.074095
v 0.588507 0.021895 -3.014934
v 0.214847 0.017992 -2.300064
v 0.629004 1.846424 -3.218530
v 0.311365 1.575232 -3.280035
v -0.012170 1.846424 -3.281680
v 0.307753 1.894955 -3.243362
v 0.618818 1.905169 -3.167321
v -0.012170 1.905169 -3.229467
v 0.301367 1.913683 -3.178517
v 0.588507 1.920055 -3.014934
v -0.012170 1.920055 -3.074095
v 0.214847 1.923958 -2.300064
v 0.946001 0.366718 -3.153798
v 1.245538 0.095526 -3.031507
v 0.935304 0.046995 -3.118535
v 1.225557 0.036782 -2.983268
v 0.916390 0.028267 -3.056181
v 1.166099 0.021895 -2.839723
v 0.660154 0.017992 -2.211487
v 1.245538 1.846424 -3.031507
v 0.946001 1.575232 -3.153798
v 0.935304 1.894955 -3.118535
v 1.225557 1.905169 -2.983269
v 0.916390 1.913683 -3.056182
v 1.166099 1.920055 -2.839724
v 0.660154 1.923957 -2.211487
v 1.543815 0.366718 -2.906176
v 1.813739 0.095526 -2.727797
v 1.526444 0.046995 -2.873677
v 1.784731 0.036782 -2.684384
v 1.495729 0.028267 -2.816211
v 1.698411 0.021895 -2.555197
v 1.079625 0.017992 -2.037736
v 1.813739 1.846424 -2.727797
v 1.543815 1.575232 -2.906175
v 1.526444 1.894955 -2.873677
v 1.784731 1.905169 -2.684384
v 1.495729 1.913683 -2.816211
v 1.698411 1.920055 -2.555197
v 1.079625 1.923957 -2.037736
v 2.081834 0.366718 -2.546683
v 2.311771 0.095526 -2.319072
v 2.058456 0.046995 -2.518197
v 2.274851 0.036782 -2.282153
v 2.017120 0.028267 -2.467829
v 2.164987 0.021895 -2.172288
v 1.457139 0.017992 -1.785490
v 2.311771 1.846424 -2.319072
v 2.081834 1.575232 -2.546683
v 2.058457 1.894955 -2.518198
v 2.274851 1.905169 -2.282153
v 2.017120 1.913683 -2.467829
v 2.164987 1.920055 -2.172288
v 1.457139 1.923957 -1.785490
v 2.539381 0.366718 -2.089136
v 2.720495 0.095526 -1.821040
v 2.510895 0.046995 -2.065758
v 2.677082 0.036782 -1.792033
v 2.460527 0.028267 -2.024422
v 2.547895 0.021895 -1.705713
v 1.778188 0.017992 -1.464441
v 2.720495 1.846424 -1.821040
v 2.539381 1.575232 -2.089136
v 2.510896 1.894955 -2.065758
v 2.677082 1.905169 -1.792033
v 2.460527 1.913683 -2.024422
v 2.547895 1.920055 -1.705713
v 1.778188 1.923957 -1.464441
v 2.898874 0.366718 -1.551117
v 3.024205 0.095526 -1.252840
v 2.866375 0.046995 -1.533746
v 2.975967 0.036782 -1.232859
v 2.808909 0.028267 -1.503030
v 2.832422 0.021895 -1.173401
v 2.030434 0.017992 -1.086927
v 3.024204 1.846424 -1.252840
v 2.898874 1.575232 -1.551117
v 2.866375 1.894955 -1.533746
v 2.975966 1.905169 -1.232859
v 2.808909 1.913683 -1.503031
v 2.832422 1.920055 -1.173401
v 2.030434 1.923957 -1.086927
v 3.146496 0.366718 -0.953303
v 3.211228 0.095526 -0.636306
v 3.111233 0.046995 -0.942606
v 3.160019 0.036782 -0.626120
v 3.048880 0.028267 -0.923692
v 3.007632 0.021895 -0.595809
v 2.204185 0.017992 -0.667456
v 3.211228 1.846424 -0.636306
v 3.146496 1.575232 -0.953303
v 3.111233 1.894955 -0.942606
v 3.160019 1.905169 -0.626120
v 3.048880 1.913683 -0.923692
v 3.007632 1.920055 -0.595809
v 2.204185 1.923957 -0.667456
v 3.272733 0.366718 -0.318667
v 3.274378 0.095526 0.004868
v 3.236060 0.046995 -0.315055
v 3.222166 0.036782 0.004868
v 3.171215 0.028267 -0.308668
v 3.066794 0.021895 0.004868
v 2.292762 0.017992 -0.222148
v 3.274378 1.846424 0.004868
v 3.272733 1.575232 -0.318667
v 3.236061 1.894955 -0.315055
v 3.222166 1.905169 0.004868
v 3.171215 1.913683 -0.308668
v 3.066794 1.920055 0.004868
v 2.292762 1.923957 -0.222148
v 3.272733 0.366718 0.328402
v 3.211228 0.095526 0.646042
v 3.236061 0.046995 0.324791
v 3.160019 0.036782 0.635856
v 3.171215 0.028267 0.318404
v 3.007632 0.021895 0.605544
v 2.292762 0.017992 0.231884
v 3.211228 1.846424 0.646041
v 3.272733 1.575232 0.328402
v 3.236060 1.894955 0.324791
v 3.160019 1.905169 0.635856
v 3.171215 1.913683 0.318404
v 3.007632 1.920055 0.605544
v 2.292762 1.923957 0.231884
v 3.146496 0.366718 0.963039
v 3.024204 0.095526 1.262575
v 3.111233 0.046995 0.952342
v 2.975966 0.036782 1.242594
v 3.048880 0.028267 0.933427
v 2.832422 0.021895 1.183136
v 2.204185 0.017992 0.677192
v 3.024205 1.846424 1.262575
v 3.146496 1.575232 0.963039
v 3.111233 1.894955 0.952342
v 2.975967 1.905169 1.242594
v 3.048880 1.913683 0.933427
v 2.832422 1.920055 1.183136
v 2.204185 1.923957 0.677192
v 2.898874 0.366718 1.560853
v 2.720495 0.095526 1.830776
v 2.866375 0.046995 1.543482
v 2.677082 0.036782 1.801769
v 2.808909 0.028267 1.512766
v 2.547895 0.021895 1.715448
v 2.030434 0.017992 1.096663
v 2.720495 1.846424 1.830776
v 2.898874 1.575232 1.560853
v 2.866375 1.894955 1.543482
v 2.677082 1.905169 1.801769
v 2.808909 1.913683 1.512766
v 2.547895 1.920055 1.715448
v 2.030434 1.923957 1.096663
v 2.539381 0.366718 2.098871
v 2.311770 0.095526 2.328808
v 2.510895 0.046995 2.075494
v 2.274851 0.036782 2.291888
v 2.460527 0.028267 2.034158
v 2.164987 0.021895 2.182024
v 1.778188 0.017992 1.474176
v 2.311771 1.846424 2.328808
v 2.539381 1.575232 2.098871
v 2.510896 1.894955 2.075494
v 2.274851 1.905169 2.291888
v 2.460527 1.913683 2.034158
v 2.164987 1.920055 2.182024
v 1.778188 1.923957 1.474176
v 2.081834 0.366718 2.556418
v 1.813739 0.095526 2.737532
v 2.058456 0.046995 2.527933
v 1.784731 0.036782 2.694119
v 2.017120 0.028267 2.477564
v 1.698411 0.021895 2.564932
v 1.457139 0.017992 1.795225
v 1.813739 1.846424 2.737532
v 2.081834 1.575232 2.556418
v 2.058456 1.894955 2.527933
v 1.784731 1.905169 2.694120
v 2.017120 1.913683 2.477564
v 1.698411 1.920055 2.564932
v 1.457139 1.923957 1.795225
v 1.543816 0.366718 2.915911
v 1.245538 0.095526 3.041242
v 1.526444 0.046995 2.883412
v 1.225557 0.036782 2.993004
v 1.495729 0.028267 2.825947
v 1.166099 0.021895 2.849459
v 1.079625 0.017992 2.047472
v 1.245538 1.846424 3.041242
v 1.543815 1.575232 2.915911
v 1.526444 1.894955 2.883412
v 1.225557 1.905169 2.993004
v 1.495729 1.913683 2.825947
v 1.166099 1.920055 2.849459
v 1.079625 1.923958 2.047472
v 0.946001 0.366718 3.163533
v 0.629004 0.095526 3.228266
v 0.935304 0.046995 3.128271
v 0.618818 0.036782 3.177056
v 0.916390 0.028267 3.065917
v 0.588507 0.021895 3.024670
v 0.660154 0.017992 2.221222
v 0.629004 1.846424 3.228266
v 0.946001 1.575232 3.163533
v 0.935304 1.894955 3.128271
v 0.618818 1.905169 3.177056
v 0.916390 1.913683 3.065917
v 0.588507 1.920055 3.024670
v 0.660154 1.923958 2.221222
v 0.311365 0.366718 3.289771
v -0.012170 0.095526 3.291415
v 0.307753 0.046995 3.253098
v -0.012170 0.036782 3.239203
v 0.301367 0.028267 3.188252
v -0.012170 0.021895 3.083831
v 0.214847 0.017992 2.309800
v -0.012170 1.846424 3.291415
v 0.311365 1.575232 3.289771
v 0.307753 1.894955 3.253098
v -0.012170 1.905169 3.239203
v 0.301367 1.913683 3.188252
v -0.012170 1.920055 3.083831
v 0.214847 1.923958 2.309799
v -0.335704 0.366718 3.289771
v -0.653343 0.095526 3.228266
v -0.332092 0.046995 3.253098
v -0.643157 0.036782 3.177056
v -0.325706 0.028267 3.188252
v -0.612846 0.021895 3.024669
v -0.239186 0.017992 2.309800
v -0.653343 1.846424 3.228266
v -0.335704 1.575232 3.289771
v -0.332092 1.894955 3.253098
v -0.643157 1.905169 3.177056
v -0.325706 1.913683 3.188252
v -0.612846 1.920055 3.024670
v -0.239186 1.923958 2.309800
v -0.970340 0.366718 3.163534
v -1.269877 0.095526 3.041242
v -0.959643 0.046995 3.128271
v -1.249896 0.036782 2.993004
v -0.940729 0.028267 3.065917
v -1.190438 0.021895 2.849459
v -0.684493 0.017992 2.221222
v -1.269877 1.846424 3.041242
v -0.970340 1.575232 3.163534
v -0.959644 1.894955 3.128271
v -1.249896 1.905169 2.993004
v -0.940729 1.913683 3.065917
v -1.190438 1.920055 2.849459
v -0.684493 1.923958 2.221222
v -1.568155 0.366718 2.915911
v -1.838078 0.095526 2.737532
v -1.550783 0.046995 2.883412
v -1.809070 0.036782 2.694119
v -1.520068 0.028267 2.825947
v -1.722750 0.021895 2.564932
v -1.103964 0.017992 2.047472
v -1.838078 1.846424 2.737532
v -1.568155 1.575232 2.915911
v -1.550784 1.894955 2.883412
v -1.809070 1.905169 2.694119
v -1.520068 1.913683 2.825947
v -1.722750 1.920055 2.564932
v -1.103964 1.923958 2.047472
v -2.106173 0.366718 2.556418
v -2.336110 0.095526 2.328808
v -2.082796 0.046995 2.527933
v -2.299190 0.036782 2.291888
v -2.041459 0.028267 2.477564
v -2.189326 0.021895 2.182024
v -1.481478 0.017992 1.795225
v -2.336110 1.846424 2.328808
v -2.106173 1.575232 2.556419
v -2.082796 1.894955 2.527933
v -2.299190 1.905169 2.291888
v -2.041459 1.913683 2.477564
v -2.189326 1.920055 2.182024
v -1.481478 1.923958 1.795225
v -2.563720 0.366718 2.098871
v -2.744834 0.095526 1.830776
v -2.535235 0.046995 2.075494
v -2.701421 0.036782 1.801769
v -2.484866 0.028267 2.034158
v -2.572234 0.021895 1.715448
v -1.802527 0.017992 1.474176
v -2.744834 1.846424 1.830776
v -2.563720 1.575232 2.098872
v -2.535235 1.894955 2.075494
v -2.701421 1.905169 1.801769
v -2.484866 1.913683 2.034158
v -2.572234 1.920055 1.715448
v -1.802527 1.923958 1.474176
v -2.923213 0.366718 1.560853
v -3.048544 0.095526 1.262575
v -2.890714 0.046995 1.543482
v -3.000306 0.036782 1.242594
v -2.833248 0.028267 1.512766
v -2.856761 0.021895 1.183136
v -2.054774 0.017992 1.096663
v -3.048544 1.846424 1.262575
v -2.923213 1.575232 1.560853
v -2.890714 1.894955 1.543482
v -3.000306 1.905169 1.242594
v -2.833248 1.913683 1.512766
v -2.856761 1.920055 1.183136
v -2.054774 1.923958 1.096663
v -3.170835 0.366718 0.963039
v -3.235567 0.095526 0.646041
v -3.135572 0.046995 0.952342
v -3.184358 0.036782 0.635856
v -3.073219 0.028267 0.933427
v -3.031971 0.021895 0.605544
v -2.228524 0.017992 0.677192
v -3.235567 1.846424 0.646042
v -3.170835 1.575232 0.963039
v -3.135572 1.894955 0.952342
v -3.184358 1.905169 0.635856
v -3.073219 1.913683 0.933427
v -3.031972 1.920055 0.605544
v -2.228524 1.923958 0.677192
v -3.297072 0.366718 0.328402
v -3.298717 0.095526 0.004868
v -3.260400 0.046995 0.324791
v -3.246505 0.036782 0.004868
v -3.195554 0.028267 0.318404
v -3.091133 0.021895 0.004868
v -2.317101 0.017992 0.231884
v -3.298717 1.846424 0.004868
v -3.297072 1.575232 0.328402
v -3.260400 1.894955 0.324791
v -3.246505 1.905169 0.004868
v -3.195554 1.913683 0.318404
v -3.091133 1.920055 0.004868
v -2.317101 1.923958 0.231884
v -3.297072 0.366718 -0.318667
v -3.235567 0.095526 -0.636306
v -3.260400 0.046995 -0.315055
v -3.184358 0.036782 -0.626120
v -3.195554 0.028267 -0.308668
v -3.031971 0.021895 -0.595809
v -2.317101 0.017992 -0.222148
v -3.235567 1.846424 -0.636306
v -3.297072 1.575232 -0.318667
v -3.260400 1.894955 -0.315055
v -3.184358 1.905169 -0.626120
v -3.195554 1.913683 -0.308668
v -3.031972 1.920055 -0.595809
v -2.317101 1.923958 -0.222148
v -3.170835 0.366718 -0.953303
v -3.048544 0.095526 -1.252840
v -3.135572 0.046995 -0.942606
v -3.000306 0.036782 -1.232859
v -3.073219 0.028267 -0.923692
v -2.856761 0.021895 -1.173401
v -2.228524 0.017992 -0.667456
v -3.048544 1.846424 -1.252840
v -3.170835 1.575232 -0.953303
v -3.135572 1.894955 -0.942606
v -3.000306 1.905169 -1.232859
v -3.073219 1.913683 -0.923692
v -2.856761 1.920055 -1.173401
v -2.228524 1.923958 -0.667456
v -2.923213 0.366718 -1.551117
v -2.744834 0.095526 -1.821040
v -2.890714 0.046995 -1.533746
v -2.701421 0.036782 -1.792033
v -2.833248 0.028267 -1.503030
v -2.572234 0.021895 -1.705713
v -2.054774 0.017992 -1.086927
v -2.744834 1.846424 -1.821040
v -2.923213 1.575232 -1.551117
v -2.890714 1.894955 -1.533746
v -2.701421 1.905169 -1.792033
v -2.833248 1.913683 -1.503030
v -2.572234 1.920055 -1.705713
v -2.054774 1.923958 -1.086927
v -2.563720 0.366718 -2.089136
v -2.336110 0.095526 -2.319072
v -2.535235 0.046995 -2.065758
v -2.299190 0.036782 -2.282153
v -2.484866 0.028267 -2.024422
v -2.189326 0.021895 -2.172288
v -1.802527 0.017992 -1.464441
v -2.336110 1.846424 -2.319072
v -2.563720 1.575232 -2.089136
v -2.535235 1.894955 -2.065758
v -2.299190 1.905169 -2.282153
v -2.484866 1.913683 -2.024422
v -2.189326 1.920055 -2.172288
v -1.802527 1.923958 -1.464441
v -2.106173 0.366718 -2.546683
v -1.838078 0.095526 -2.727797
v -2.082796 0.046995 -2.518197
v -1.809070 0.036782 -2.684384
v -2.041460 0.028267 -2.467829
v -1.722750 0.021895 -2.555197
v -1.481478 0.017992 -1.785490
v -1.838078 1.846424 -2.727797
v -2.106174 1.575232 -2.546683
v -2.082796 1.894955 -2.518198
v -1.809070 1.905169 -2.684384
v -2.041459 1.913683 -2.467829
v -1.722750 1.920055 -2.555197
v -1.481478 1.923958 -1.785490
v -1.568155 0.366718 -2.906175
v -1.269877 0.095526 -3.031507
v -1.550784 0.046995 -2.873677
v -1.249896 0.036782 -2.983269
v -1.520068 0.028267 -2.816211
v -1.190438 0.021895 -2.839724
v -1.103964 0.017992 -2.037736
v -1.269877 1.846424 -3.031506
v -1.568155 1.575232 -2.906175
v -1.550783 1.894955 -2.873677
v -1.249896 1.905169 -2.983268
v -1.520068 1.913683 -2.816211
v -1.190438 1.920055 -2.839724
v -1.103964 1.923958 -2.037736
v -0.970340 0.366718 -3.153798
v -0.653343 0.095526 -3.218530
v -0.959644 0.046995 -3.118535
v -0.643157 0.036782 -3.167321
v -0.940729 0.028267 -3.056182
v -0.612846 0.021895 -3.014934
v -0.684494 0.017992 -2.211487
v -0.653343 1.846424 -3.218530
v -0.970340 1.575232 -3.153798
v -0.959643 1.894955 -3.118535
v -0.643157 1.905169 -3.167321
v -0.940729 1.913683 -3.056181
v -0.612846 1.920055 -3.014934
v -0.684494 1.923958 -2.211487
v -0.335704 0.366718 -3.280035
v -0.332092 0.046995 -3.243362
v -0.325706 0.028267 -3.178517
v -0.239186 0.017992 -2.300064
v -0.335704 1.575232 -3.280035
v -0.332092 1.894955 -3.243363
v -0.325706 1.913683 -3.178517
v -0.239186 1.923958 -2.300064
v -0.012170 0.970975 -3.300770
v 0.632728 0.970975 -3.237253
v -0.657068 0.970975 -3.237253
v 1.252843 0.970975 -3.049144
v 1.824345 0.970975 -2.743670
v 2.325269 0.970975 -2.332571
v 2.736368 0.970975 -1.831646
v 3.041842 0.970975 -1.260145
v 3.229952 0.970975 -0.640030
v 3.293468 0.970975 0.004868
v 3.229952 0.970975 0.649766
v 3.041842 0.970975 1.269881
v 2.736368 0.970975 1.841382
v 2.325269 0.970975 2.342307
v 1.824345 0.970975 2.753405
v 1.252843 0.970975 3.058879
v 0.632728 0.970975 3.246989
v -0.012170 0.970975 3.310506
v -0.657068 0.970975 3.246989
v -1.277183 0.970975 3.058880
v -1.848684 0.970975 2.753405
v -2.349608 0.970975 2.342307
v -2.760707 0.970975 1.841382
v -3.066181 0.970975 1.269881
v -3.254291 0.970975 0.649766
v -3.317808 0.970975 0.004868
v -3.254291 0.970975 -0.640030
v -3.066181 0.970975 -1.260145
v -2.760707 0.970975 -1.831647
v -2.349608 0.970975 -2.332571
v -1.848684 0.970975 -2.743670
v -1.277183 0.970975 -3.049144
v -0.336177 0.970975 -3.284840
v 1.546092 0.970975 -2.910434
v 2.084897 0.970975 -2.550415
v 2.543113 0.970975 -2.092199
v 2.903131 0.970975 -1.553393
v 3.151116 0.970975 -0.954705
v 3.277538 0.970975 -0.319140
v 3.277538 0.970975 0.328876
v 3.151117 0.970975 0.964440
v 2.903132 0.970975 1.563129
v 2.543113 0.970975 2.101934
v 2.084897 0.970975 2.560151
v 1.546092 0.970975 2.920169
v 0.947403 0.970975 3.168154
v 0.311838 0.970975 3.294575
v -0.336177 0.970975 3.294575
v -0.971742 0.970975 3.168154
v -1.570430 0.970975 2.920169
v -2.109236 0.970975 2.560151
v -2.567452 0.970975 2.101935
v -2.927471 0.970975 1.563129
v -3.175456 0.970975 0.964440
v -3.301877 0.970975 0.328876
v -3.301877 0.970975 -0.319140
v -3.175456 0.970975 -0.954705
v -2.927471 0.970975 -1.553393
v -2.567452 0.970975 -2.092199
v -2.109236 0.970975 -2.550415
v -1.570431 0.970975 -2.910433
v -0.971742 0.970975 -3.158418
v 0.947403 0.970975 -3.158418
v -0.012170 1.925908 0.004868
v 0.311838 0.970975 -3.284840
v 0.309967 0.095526 -3.265841
v 0.304850 0.036782 -3.213881
v 0.287240 0.021835 -3.035082
v 0.309967 1.846424 -3.265842
v 0.304850 1.905169 -3.213881
v 0.287240 1.920115 -3.035083
v 0.941861 0.095526 -3.140150
v 0.926705 0.036782 -3.090186
v 0.874552 0.021835 -2.918259
v 0.941861 1.846424 -3.140150
v 0.926705 1.905169 -3.090186
v 0.874551 1.920115 -2.918259
v 1.537092 0.095526 -2.893597
v 1.512480 0.036782 -2.847550
v 1.427787 0.021835 -2.689101
v 1.537092 1.846424 -2.893597
v 1.512480 1.905169 -2.847550
v 1.427787 1.920115 -2.689102
v 2.072786 0.095526 -2.535658
v 2.039664 0.036782 -2.495297
v 1.925686 0.021835 -2.356416
v 2.072786 1.846424 -2.535658
v 2.039664 1.905169 -2.495298
v 1.925686 1.920115 -2.356416
v 2.528356 0.095526 -2.080088
v 2.487996 0.036782 -2.046965
v 2.349114 0.021835 -1.932988
v 2.528356 1.846424 -2.080088
v 2.487996 1.905169 -2.046965
v 2.349114 1.920115 -1.932988
v 2.886295 0.095526 -1.544394
v 2.840249 0.036782 -1.519782
v 2.681800 0.021835 -1.435089
v 2.886295 1.846424 -1.544394
v 2.840248 1.905169 -1.519782
v 2.681800 1.920115 -1.435089
v 3.132848 0.095526 -0.949163
v 3.082885 0.036782 -0.934007
v 2.910957 0.021835 -0.881853
v 3.132848 1.846424 -0.949163
v 3.082885 1.905169 -0.934007
v 2.910957 1.920115 -0.881853
v 3.258540 0.095526 -0.317269
v 3.206579 0.036782 -0.312151
v 3.027781 0.021835 -0.294541
v 3.258540 1.846424 -0.317269
v 3.206579 1.905169 -0.312151
v 3.027781 1.920115 -0.294541
v 3.258540 0.095526 0.327005
v 3.206579 0.036782 0.321887
v 3.027781 0.021835 0.304277
v 3.258540 1.846424 0.327005
v 3.206579 1.905169 0.321887
v 3.027781 1.920115 0.304277
v 3.132848 0.095526 0.958899
v 3.082885 0.036782 0.943742
v 2.910957 0.021835 0.891589
v 3.132848 1.846424 0.958899
v 3.082885 1.905169 0.943742
v 2.910957 1.920115 0.891589
v 2.886295 0.095526 1.554130
v 2.840248 0.036782 1.529517
v 2.681800 0.021835 1.444824
v 2.886295 1.846424 1.554130
v 2.840248 1.905169 1.529517
v 2.681800 1.920115 1.444825
v 2.528356 0.095526 2.089823
v 2.487996 0.036782 2.056701
v 2.349114 0.021835 1.942724
v 2.528356 1.846424 2.089823
v 2.487996 1.905169 2.056701
v 2.349114 1.920115 1.942724
v 2.072786 0.095526 2.545394
v 2.039663 0.036782 2.505033
v 1.925686 0.021835 2.366152
v 2.072786 1.846424 2.545394
v 2.039664 1.905169 2.505033
v 1.925686 1.920115 2.366152
v 1.537092 0.095526 2.903333
v 1.512480 0.036782 2.857286
v 1.427787 0.021835 2.698837
v 1.537092 1.846424 2.903333
v 1.512480 1.905169 2.857286
v 1.427787 1.920115 2.698837
v 0.941861 0.095526 3.149886
v 0.926705 0.036782 3.099922
v 0.874551 0.021835 2.927994
v 0.941861 1.846424 3.149885
v 0.926705 1.905169 3.099922
v 0.874552 1.920115 2.927994
v 0.309967 0.095526 3.275577
v 0.304850 0.036782 3.223616
v 0.287240 0.021835 3.044818
v 0.309967 1.846424 3.275577
v 0.304850 1.905169 3.223616
v 0.287240 1.920115 3.044818
v -0.334306 0.095526 3.275577
v -0.329189 0.036782 3.223616
v -0.311579 0.021835 3.044818
v -0.334306 1.846424 3.275577
v -0.329189 1.905169 3.223616
v -0.311579 1.920115 3.044818
v -0.966200 0.095526 3.149885
v -0.951044 0.036782 3.099922
v -0.898891 0.021835 2.927995
v -0.966200 1.846424 3.149885
v -0.951044 1.905169 3.099922
v -0.898890 1.920115 2.927994
v -1.561431 0.095526 2.903333
v -1.536819 0.036782 2.857286
v -1.452126 0.021835 2.698837
v -1.561431 1.846424 2.903333
v -1.536819 1.905169 2.857286
v -1.452126 1.920115 2.698837
v -2.097125 0.095526 2.545394
v -2.064003 0.036782 2.505033
v -1.950025 0.021835 2.366151
v -2.097125 1.846424 2.545394
v -2.064003 1.905169 2.505033
v -1.950025 1.920115 2.366152
v -2.552696 0.095526 2.089823
v -2.512335 0.036782 2.056701
v -2.373453 0.021835 1.942724
v -2.552696 1.846424 2.089823
v -2.512335 1.905169 2.056701
v -2.373453 1.920115 1.942724
v -2.910635 0.095526 1.554130
v -2.864588 0.036782 1.529517
v -2.706139 0.021835 1.444825
v -2.910635 1.846424 1.554130
v -2.864588 1.905169 1.529517
v -2.706139 1.920115 1.444824
v -3.157187 0.095526 0.958899
v -3.107224 0.036782 0.943742
v -2.935296 0.021835 0.891589
v -3.157187 1.846424 0.958899
v -3.107224 1.905169 0.943742
v -2.935296 1.920115 0.891589
v -3.282879 0.095526 0.327005
v -3.230918 0.036782 0.321887
v -3.052120 0.021835 0.304277
v -3.282879 1.846424 0.327005
v -3.230918 1.905169 0.321887
v -3.052120 1.920115 0.304277
v -3.282879 0.095526 -0.317269
v -3.230918 0.036782 -0.312151
v -3.052120 0.021835 -0.294541
v -3.282879 1.846424 -0.317269
v -3.230918 1.905169 -0.312151
v -3.052120 1.920115 -0.294541
v -3.157187 0.095526 -0.949163
v -3.107224 0.036782 -0.934007
v -2.935297 0.021835 -0.881853
v -3.157187 1.846424 -0.949163
v -3.107224 1.905169 -0.934007
v -2.935296 1.920115 -0.881853
v -2.910635 0.095526 -1.544394
v -2.864588 0.036782 -1.519782
v -2.706139 0.021835 -1.435089
v -2.910635 1.846424 -1.544394
v -2.864588 1.905169 -1.519782
v -2.706139 1.920115 -1.435089
v -2.552696 0.095526 -2.080088
v -2.512335 0.036782 -2.046965
v -2.373453 0.021835 -1.932988
v -2.552696 1.846424 -2.080088
v -2.512335 1.905169 -2.046965
v -2.373453 1.920115 -1.932988
v -2.097125 0.095526 -2.535658
v -2.064003 0.036782 -2.495298
v -1.950025 0.021835 -2.356416
v -2.097125 1.846424 -2.535658
v -2.064003 1.905169 -2.495297
v -1.950025 1.920115 -2.356416
v -1.561431 0.095526 -2.893597
v -1.536819 0.036782 -2.847550
v -1.452126 0.021835 -2.689102
v -1.561431 1.846424 -2.893597
v -1.536819 1.905169 -2.847550
v -1.452126 1.920115 -2.689101
v -0.966200 0.095526 -3.140150
v -0.951044 0.036782 -3.090186
v -0.898890 0.021835 -2.918259
v -0.966200 1.846424 -3.140150
v -0.951044 1.905169 -3.090186
v -0.898891 1.920115 -2.918259
v -0.334306 0.095526 -3.265842
v -0.329189 0.036782 -3.213881
v -0.311579 0.021835 -3.035082
v -0.334306 1.846424 -3.265841
v -0.329189 1.905169 -3.213881
v -0.311579 1.920115 -3.035082
v -0.012169 0.016043 0.004868
vt 0.031250 0.514379
vt 0.031250 0.750000
vt 0.015625 0.750000
vt 0.015625 0.577832
vt 0.031250 0.985621
vt 0.015625 0.922168
vt 0.000000 0.985621
vt 0.000000 0.750000
vt 0.000000 0.514379
vt 0.937500 0.514379
vt 0.937500 0.750000
vt 0.921875 0.750000
vt 0.921875 0.577832
vt 0.937500 0.985621
vt 0.921875 0.922168
vt 0.906250 0.985621
vt 0.906250 0.750000
vt 0.906250 0.514379
vt 0.890625 0.750000
vt 0.890625 0.577832
vt 0.890625 0.922168
vt 0.875000 0.985621
vt 0.875000 0.750000
vt 0.875000 0.514379
vt 0.859375 0.750000
vt 0.859375 0.577832
vt 0.859375 0.922168
vt 0.843750 0.985621
vt 0.843750 0.750000
vt 0.843750 0.514379
vt 0.828125 0.750000
vt 0.828125 0.577832
vt 0.828125 0.922168
vt 0.812500 0.985621
vt 0.812500 0.750000
vt 0.812500 0.514379
vt 0.796875 0.750000
vt 0.796875 0.577832
vt 0.796875 0.922168
vt 0.781250 0.985621
vt 0.781250 0.750000
vt 0.781250 0.514379
vt 0.765625 0.750000
vt 0.765625 0.577832
vt 0.765625 0.922168
vt 0.750000 0.985621
vt 0.750000 0.750000
vt 0.750000 0.514379
vt 0.734375 0.750000
vt 0.734375 0.577832
vt 0.734375 0.922168
vt 0.718750 0.985621
vt 0.718750 0.750000
vt 0.718750 0.514379
vt 0.703125 0.750000
vt 0.703125 0.577832
vt 0.703125 0.922168
vt 0.687500 0.985621
vt 0.687500 0.750000
vt 0.687500 0.514379
vt 0.671875 0.750000
vt 0.671875 0.577832
vt 0.671875 0.922168
vt 0.656250 0.985621
vt 0.656250 0.750000
vt 0.656250 0.514379
vt 0.640625 0.750000
vt 0.640625 0.577832
vt 0.640625 0.922168
vt 0.625000 0.985621
vt 0.625000 0.750000
vt 0.625000 0.514379
vt 0.609375 0.750000
vt 0.609375 0.577832
vt 0.609375 0.922168
vt 0.593750 0.985621
vt 0.593750 0.750000
vt 0.593750 0.514379
vt 0.578125 0.750000
vt 0.578125 0.577832
vt 0.578125 0.922168
vt 0.562500 0.985621
vt 0.562500 0.750000
vt 0.562500 0.514379
vt 0.546875 0.750000
vt 0.546875 0.577832
vt 0.546875 0.922168
vt 0.531250 0.985621
vt 0.531250 0.750000
vt 0.531250 0.514379
vt 0.515625 0.750000
vt 0.515625 0.577832
vt 0.515625 0.922168
vt 0.500000 0.985621
vt 0.500000 0.750000
vt 0.500000 0.514379
vt 0.484375 0.750000
vt 0.484375 0.577832
vt 0.484375 0.922168
vt 0.468750 0.985621
vt 0.468750 0.750000
vt 0.468750 0.514379
vt 0.453125 0.750000
vt 0.453125 0.577832
vt 0.453125 0.922168
vt 0.437500 0.985621
vt 0.437500 0.750000
vt 0.437500 0.514379
vt 0.421875 0.750000
vt 0.421875 0.577832
vt 0.421875 0.922168
vt 0.406250 0.985621
vt 0.406250 0.750000
vt 0.406250 0.514379
vt 0.390625 0.750000
vt 0.390625 0.577832
vt 0.390625 0.922168
vt 0.375000 0.985621
vt 0.375000 0.750000
vt 0.375000 0.514379
vt 0.359375 0.750000
vt 0.359375 0.577832
vt 0.359375 0.922168
vt 0.343750 0.985621
vt 0.343750 0.750000
vt 0.343750 0.514379
vt 0.328125 0.750000
vt 0.328125 0.577832
vt 0.328125 0.922168
vt 0.312500 0.985621
vt 0.312500 0.750000
vt 0.312500 0.514379
vt 0.296875 0.750000
vt 0.296875 0.577832
vt 0.296875 0.922168
vt 0.281250 0.985621
vt 0.281250 0.750000
vt 0.281250 0.514379
vt 0.265625 0.750000
vt 0.265625 0.577832
vt 0.265625 0.922168
vt 0.250000 0.985621
vt 0.250000 0.750000
vt 0.250000 0.514379
vt 0.234375 0.750000
vt 0.234375 0.577832
vt 0.234375 0.922168
vt 0.218750 0.985621
vt 0.218750 0.750000
vt 0.218750 0.514379
vt 0.203125 0.750000
vt 0.203125 0.577832
vt 0.203125 0.922168
vt 0.187500 0.985621
vt 0.187500 0.750000
vt 0.187500 0.514379
vt 0.171875 0.750000
vt 0.171875 0.577832
vt 0.171875 0.922168
vt 0.156250 0.985621
vt 0.156250 0.750000
vt 0.156250 0.514379
vt 0.140625 0.750000
vt 0.140625 0.577832
vt 0.140625 0.922168
vt 0.125000 0.985621
vt 0.125000 0.750000
vt 0.125000 0.514379
vt 0.109375 0.750000
vt 0.109375 0.577832
vt 0.109375 0.922168
vt 0.093750 0.985621
vt 0.093750 0.750000
vt 0.093750 0.514379
vt 0.078125 0.750000
vt 0.078125 0.577832
vt 0.078125 0.922168
vt 0.062500 0.985621
vt 0.062500 0.750000
vt 0.062500 0.514379
vt 0.046875 0.750000
vt 0.046875 0.577832
vt 0.046875 0.922168
vt 0.968750 0.514379
vt 0.968750 0.750000
vt 0.953125 0.750000
vt 0.953125 0.577832
vt 0.968750 0.985621
vt 0.953125 0.922168
vt 0.286783 0.434919
vt 0.266369 0.416193
vt 0.250000 0.250000
vt 0.298477 0.409806
vt 0.250000 0.438541
vt 0.233631 0.416193
vt 0.213217 0.434919
vt 0.201523 0.409806
vt 0.177848 0.424189
vt 0.171278 0.397278
vt 0.145252 0.406766
vt 0.144058 0.379090
vt 0.116681 0.383319
vt 0.120910 0.355942
vt 0.093234 0.354748
vt 0.102722 0.328722
vt 0.075810 0.322152
vt 0.090194 0.298477
vt 0.065081 0.286783
vt 0.083807 0.266369
vt 0.061459 0.250000
vt 0.083807 0.233631
vt 0.065081 0.213217
vt 0.090194 0.201523
vt 0.075810 0.177848
vt 0.102722 0.171278
vt 0.093234 0.145252
vt 0.120910 0.144058
vt 0.116681 0.116681
vt 0.144058 0.120910
vt 0.145252 0.093234
vt 0.171278 0.102722
vt 0.177848 0.075810
vt 0.201523 0.090194
vt 0.213217 0.065081
vt 0.233631 0.083807
vt 0.250000 0.061459
vt 0.266369 0.083807
vt 0.286783 0.065081
vt 0.298477 0.090194
vt 0.322152 0.075810
vt 0.328722 0.102722
vt 0.354748 0.093234
vt 0.355942 0.120910
vt 0.383319 0.116681
vt 0.379090 0.144058
vt 0.406766 0.145252
vt 0.397278 0.171278
vt 0.424190 0.177848
vt 0.409806 0.201523
vt 0.434919 0.213217
vt 0.416193 0.233631
vt 0.438541 0.250000
vt 0.416193 0.266369
vt 0.434919 0.286783
vt 0.409806 0.298477
vt 0.424190 0.322152
vt 0.397278 0.328722
vt 0.406766 0.354748
vt 0.379090 0.355942
vt 0.383319 0.383319
vt 0.355942 0.379090
vt 0.354748 0.406766
vt 0.328722 0.397278
vt 0.322152 0.424190
vt 1.000000 0.514379
vt 1.000000 0.750000
vt 0.984375 0.750000
vt 0.984375 0.577832
vt 1.000000 0.985621
vt 0.984375 0.922168
vt 0.984375 0.513535
vt 0.999909 0.507190
vt 0.968841 0.507190
vt 0.968933 0.500000
vt 0.984375 0.500000
vt 0.999818 0.500000
vt 0.750274 0.489973
vt 0.773411 0.487694
vt 0.773040 0.483932
vt 0.750137 0.486169
vt 0.796548 0.485415
vt 0.795940 0.481657
vt 0.795332 0.477899
vt 0.772679 0.480264
vt 0.750000 0.482364
vt 0.771599 0.469299
vt 0.750000 0.472166
vt 0.793342 0.467897
vt 0.786783 0.434919
vt 0.766368 0.416193
vt 0.750000 0.438541
vt 0.984375 0.986465
vt 0.968841 0.992811
vt 0.999909 0.992811
vt 0.999818 1.000000
vt 0.984375 1.000000
vt 0.968933 1.000000
vt 0.296548 0.485415
vt 0.273411 0.487694
vt 0.273040 0.483932
vt 0.295940 0.481657
vt 0.250273 0.489973
vt 0.250137 0.486169
vt 0.250000 0.482364
vt 0.272679 0.480264
vt 0.295332 0.477899
vt 0.271599 0.469299
vt 0.293342 0.467897
vt 0.250000 0.472166
vt 0.953125 0.513535
vt 0.968659 0.507190
vt 0.937591 0.507190
vt 0.937683 0.500000
vt 0.953125 0.500000
vt 0.968568 0.500000
vt 0.797085 0.485309
vt 0.819333 0.478560
vt 0.818236 0.474942
vt 0.796208 0.481604
vt 0.841581 0.471811
vt 0.840252 0.468244
vt 0.838922 0.464676
vt 0.817166 0.471415
vt 0.813967 0.460872
vt 0.835019 0.455254
vt 0.822152 0.424190
vt 0.798477 0.409806
vt 0.953125 0.986465
vt 0.937591 0.992811
vt 0.968659 0.992811
vt 0.968568 1.000000
vt 0.953125 1.000000
vt 0.937683 1.000000
vt 0.341581 0.471811
vt 0.319333 0.478560
vt 0.318236 0.474942
vt 0.340252 0.468244
vt 0.297085 0.485309
vt 0.296208 0.481604
vt 0.317166 0.471415
vt 0.338922 0.464676
vt 0.313967 0.460872
vt 0.335019 0.455254
vt 0.921875 0.513535
vt 0.937409 0.507190
vt 0.906341 0.507190
vt 0.906433 0.500000
vt 0.921875 0.500000
vt 0.937318 0.500000
vt 0.842086 0.471602
vt 0.862591 0.460642
vt 0.860809 0.457308
vt 0.840504 0.468139
vt 0.883095 0.449682
vt 0.881095 0.446443
vt 0.879094 0.443203
vt 0.859071 0.454057
vt 0.853877 0.444341
vt 0.873429 0.434724
vt 0.854748 0.406766
vt 0.828722 0.397278
vt 0.921875 0.986465
vt 0.906341 0.992811
vt 0.937409 0.992811
vt 0.937318 1.000000
vt 0.921875 1.000000
vt 0.906433 1.000000
vt 0.383095 0.449682
vt 0.362590 0.460642
vt 0.360808 0.457308
vt 0.381095 0.446443
vt 0.342086 0.471602
vt 0.340504 0.468139
vt 0.359071 0.454057
vt 0.379094 0.443203
vt 0.353877 0.444341
vt 0.373429 0.434724
vt 0.890625 0.513535
vt 0.906159 0.507190
vt 0.875091 0.507190
vt 0.875183 0.500000
vt 0.890625 0.500000
vt 0.906068 0.500000
vt 0.883549 0.449378
vt 0.901521 0.434629
vt 0.899123 0.431707
vt 0.881322 0.446291
vt 0.919493 0.419880
vt 0.916900 0.417093
vt 0.914306 0.414306
vt 0.896785 0.428858
vt 0.889795 0.420341
vt 0.907095 0.407095
vt 0.883319 0.383319
vt 0.855942 0.379090
vt 0.890625 0.986465
vt 0.875091 0.992811
vt 0.906159 0.992811
vt 0.906068 1.000000
vt 0.890625 1.000000
vt 0.875183 1.000000
vt 0.419493 0.419880
vt 0.401521 0.434629
vt 0.399123 0.431707
vt 0.416900 0.417093
vt 0.383549 0.449378
vt 0.381322 0.446291
vt 0.396785 0.428857
vt 0.414306 0.414306
vt 0.389795 0.420341
vt 0.407095 0.407095
vt 0.859375 0.513535
vt 0.874909 0.507190
vt 0.843841 0.507190
vt 0.843933 0.500000
vt 0.859375 0.500000
vt 0.874818 0.500000
vt 0.919880 0.419493
vt 0.934629 0.401521
vt 0.931707 0.399123
vt 0.917093 0.416900
vt 0.949379 0.383549
vt 0.946291 0.381322
vt 0.943204 0.379094
vt 0.928858 0.396785
vt 0.920341 0.389795
vt 0.934724 0.373429
vt 0.906767 0.354748
vt 0.879090 0.355942
vt 0.859375 0.986465
vt 0.843841 0.992811
vt 0.874909 0.992811
vt 0.874818 1.000000
vt 0.859375 1.000000
vt 0.843933 1.000000
vt 0.449378 0.383549
vt 0.434629 0.401521
vt 0.431707 0.399123
vt 0.446291 0.381322
vt 0.419880 0.419493
vt 0.417093 0.416900
vt 0.428857 0.396785
vt 0.443203 0.379094
vt 0.420341 0.389795
vt 0.434724 0.373429
vt 0.828125 0.513535
vt 0.843659 0.507190
vt 0.812591 0.507190
vt 0.812683 0.500000
vt 0.828125 0.500000
vt 0.843568 0.500000
vt 0.949682 0.383095
vt 0.960642 0.362590
vt 0.957308 0.360808
vt 0.946443 0.381095
vt 0.971602 0.342086
vt 0.968139 0.340504
vt 0.964676 0.338922
vt 0.954057 0.359071
vt 0.944341 0.353877
vt 0.955254 0.335019
vt 0.924190 0.322152
vt 0.897278 0.328722
vt 0.828125 0.986465
vt 0.812591 0.992811
vt 0.843659 0.992811
vt 0.843568 1.000000
vt 0.828125 1.000000
vt 0.812683 1.000000
vt 0.471602 0.342086
vt 0.460642 0.362590
vt 0.457308 0.360808
vt 0.468139 0.340504
vt 0.449682 0.383095
vt 0.446443 0.381095
vt 0.454057 0.359071
vt 0.464676 0.338922
vt 0.444341 0.353877
vt 0.455254 0.335019
vt 0.796875 0.513535
vt 0.812409 0.507190
vt 0.781341 0.507190
vt 0.781433 0.500000
vt 0.796875 0.500000
vt 0.812318 0.500000
vt 0.971811 0.341581
vt 0.978560 0.319333
vt 0.974942 0.318235
vt 0.968244 0.340251
vt 0.985309 0.297085
vt 0.981604 0.296208
vt 0.977899 0.295332
vt 0.971415 0.317166
vt 0.960872 0.313967
vt 0.967897 0.293342
vt 0.934919 0.286783
vt 0.909806 0.298477
vt 0.796875 0.986465
vt 0.781341 0.992811
vt 0.812409 0.992811
vt 0.812318 1.000000
vt 0.796875 1.000000
vt 0.781433 1.000000
vt 0.485309 0.297085
vt 0.478560 0.319333
vt 0.474942 0.318236
vt 0.481604 0.296208
vt 0.471811 0.341581
vt 0.468244 0.340251
vt 0.471415 0.317165
vt 0.477899 0.295332
vt 0.460872 0.313967
vt 0.467897 0.293342
vt 0.765625 0.513535
vt 0.781159 0.507190
vt 0.750091 0.507190
vt 0.750183 0.500000
vt 0.765625 0.500000
vt 0.781068 0.500000
vt 0.985416 0.296548
vt 0.987694 0.273411
vt 0.983932 0.273040
vt 0.981657 0.295940
vt 0.989973 0.250273
vt 0.986169 0.250137
vt 0.982364 0.250000
vt 0.980264 0.272679
vt 0.969299 0.271599
vt 0.972166 0.250000
vt 0.938541 0.250000
vt 0.916193 0.266369
vt 0.765625 0.986465
vt 0.750091 0.992811
vt 0.781159 0.992811
vt 0.781068 1.000000
vt 0.765625 1.000000
vt 0.750183 1.000000
vt 0.489973 0.250273
vt 0.487694 0.273411
vt 0.483932 0.273040
vt 0.486169 0.250137
vt 0.485415 0.296548
vt 0.481657 0.295940
vt 0.480264 0.272679
vt 0.482364 0.250000
vt 0.469299 0.271599
vt 0.472165 0.250000
vt 0.734375 0.513535
vt 0.749909 0.507190
vt 0.718841 0.507190
vt 0.718933 0.500000
vt 0.734375 0.500000
vt 0.749818 0.500000
vt 0.989973 0.249727
vt 0.987694 0.226589
vt 0.983932 0.226960
vt 0.986169 0.249863
vt 0.985415 0.203452
vt 0.981657 0.204060
vt 0.977899 0.204668
vt 0.980264 0.227321
vt 0.969300 0.228401
vt 0.967897 0.206658
vt 0.934919 0.213217
vt 0.916193 0.233631
vt 0.734375 0.986465
vt 0.718841 0.992811
vt 0.749909 0.992811
vt 0.749818 1.000000
vt 0.734375 1.000000
vt 0.718933 1.000000
vt 0.485415 0.203452
vt 0.487694 0.226589
vt 0.483932 0.226960
vt 0.481657 0.204060
vt 0.489973 0.249727
vt 0.486169 0.249863
vt 0.480264 0.227321
vt 0.477899 0.204668
vt 0.469299 0.228401
vt 0.467897 0.206658
vt 0.703125 0.513535
vt 0.718659 0.507190
vt 0.687591 0.507190
vt 0.687683 0.500000
vt 0.703125 0.500000
vt 0.718568 0.500000
vt 0.985309 0.202915
vt 0.978560 0.180667
vt 0.974942 0.181765
vt 0.981604 0.203792
vt 0.971811 0.158419
vt 0.968244 0.159749
vt 0.964676 0.161078
vt 0.971415 0.182835
vt 0.960872 0.186033
vt 0.955254 0.164981
vt 0.924190 0.177848
vt 0.909806 0.201523
vt 0.703125 0.986465
vt 0.687591 0.992811
vt 0.718659 0.992811
vt 0.718568 1.000000
vt 0.703125 1.000000
vt 0.687683 1.000000
vt 0.471811 0.158419
vt 0.478560 0.180667
vt 0.474942 0.181765
vt 0.468244 0.159749
vt 0.485309 0.202915
vt 0.481604 0.203792
vt 0.471415 0.182835
vt 0.464676 0.161078
vt 0.460872 0.186033
vt 0.455254 0.164981
vt 0.671875 0.513535
vt 0.687409 0.507190
vt 0.656341 0.507190
vt 0.656433 0.500000
vt 0.671875 0.500000
vt 0.687318 0.500000
vt 0.971602 0.157914
vt 0.960642 0.137410
vt 0.957308 0.139192
vt 0.968139 0.159496
vt 0.949682 0.116905
vt 0.946443 0.118906
vt 0.943204 0.120906
vt 0.954057 0.140929
vt 0.944341 0.146123
vt 0.934724 0.126571
vt 0.906766 0.145252
vt 0.897278 0.171278
vt 0.671875 0.986465
vt 0.656341 0.992811
vt 0.687409 0.992811
vt 0.687318 1.000000
vt 0.671875 1.000000
vt 0.656433 1.000000
vt 0.449682 0.116905
vt 0.460642 0.137410
vt 0.457308 0.139192
vt 0.446443 0.118906
vt 0.471602 0.157914
vt 0.468139 0.159496
vt 0.454057 0.140929
vt 0.443203 0.120906
vt 0.444341 0.146123
vt 0.434724 0.126571
vt 0.640625 0.513535
vt 0.656159 0.507190
vt 0.625091 0.507190
vt 0.625183 0.500000
vt 0.640625 0.500000
vt 0.656068 0.500000
vt 0.949379 0.116451
vt 0.934629 0.098479
vt 0.931707 0.100877
vt 0.946291 0.118678
vt 0.919880 0.080507
vt 0.917093 0.083100
vt 0.914306 0.085694
vt 0.928858 0.103216
vt 0.920341 0.110205
vt 0.907095 0.092905
vt 0.883319 0.116681
vt 0.879090 0.144058
vt 0.640625 0.986465
vt 0.625091 0.992811
vt 0.656159 0.992811
vt 0.656068 1.000000
vt 0.640625 1.000000
vt 0.625183 1.000000
vt 0.419880 0.080507
vt 0.434629 0.098479
vt 0.431707 0.100877
vt 0.417093 0.083100
vt 0.449378 0.116451
vt 0.446291 0.118678
vt 0.428857 0.103216
vt 0.414306 0.085694
vt 0.420341 0.110205
vt 0.407095 0.092905
vt 0.609375 0.513535
vt 0.624909 0.507190
vt 0.593841 0.507190
vt 0.593933 0.500000
vt 0.609375 0.500000
vt 0.624818 0.500000
vt 0.919493 0.080120
vt 0.901521 0.065371
vt 0.899123 0.068293
vt 0.916900 0.082907
vt 0.883549 0.050622
vt 0.881322 0.053709
vt 0.879095 0.056797
vt 0.896785 0.071143
vt 0.889795 0.079659
vt 0.873429 0.065276
vt 0.854748 0.093234
vt 0.855942 0.120910
vt 0.609375 0.986465
vt 0.593841 0.992811
vt 0.624909 0.992811
vt 0.624818 1.000000
vt 0.609375 1.000000
vt 0.593933 1.000000
vt 0.383549 0.050622
vt 0.401521 0.065371
vt 0.399123 0.068293
vt 0.381322 0.053709
vt 0.419493 0.080120
vt 0.416900 0.082907
vt 0.396785 0.071143
vt 0.379094 0.056797
vt 0.389795 0.079659
vt 0.373429 0.065276
vt 0.578125 0.513535
vt 0.593659 0.507190
vt 0.562591 0.507190
vt 0.562683 0.500000
vt 0.578125 0.500000
vt 0.593568 0.500000
vt 0.883095 0.050318
vt 0.862591 0.039358
vt 0.860809 0.042692
vt 0.881095 0.053557
vt 0.842086 0.028398
vt 0.840504 0.031861
vt 0.838922 0.035324
vt 0.859071 0.045943
vt 0.853877 0.055659
vt 0.835019 0.044746
vt 0.822152 0.075810
vt 0.828722 0.102722
vt 0.578125 0.986465
vt 0.562591 0.992811
vt 0.593659 0.992811
vt 0.593568 1.000000
vt 0.578125 1.000000
vt 0.562683 1.000000
vt 0.342086 0.028398
vt 0.362590 0.039358
vt 0.360808 0.042692
vt 0.340504 0.031861
vt 0.383095 0.050318
vt 0.381095 0.053557
vt 0.359071 0.045943
vt 0.338922 0.035324
vt 0.353877 0.055659
vt 0.335019 0.044746
vt 0.546875 0.513535
vt 0.562409 0.507190
vt 0.531341 0.507190
vt 0.531433 0.500000
vt 0.546875 0.500000
vt 0.562318 0.500000
vt 0.841581 0.028189
vt 0.819333 0.021440
vt 0.818236 0.025058
vt 0.840252 0.031757
vt 0.797085 0.014691
vt 0.796208 0.018396
vt 0.795332 0.022101
vt 0.817165 0.028585
vt 0.813967 0.039128
vt 0.793342 0.032103
vt 0.786783 0.065081
vt 0.798477 0.090194
vt 0.546875 0.986465
vt 0.531341 0.992811
vt 0.562409 0.992811
vt 0.562318 1.000000
vt 0.546875 1.000000
vt 0.531433 1.000000
vt 0.297085 0.014691
vt 0.319333 0.021440
vt 0.318236 0.025058
vt 0.296208 0.018396
vt 0.341581 0.028189
vt 0.340251 0.031757
vt 0.317165 0.028585
vt 0.295332 0.022101
vt 0.313967 0.039128
vt 0.293342 0.032103
vt 0.515625 0.513535
vt 0.531159 0.507190
vt 0.500091 0.507190
vt 0.500183 0.500000
vt 0.515625 0.500000
vt 0.531068 0.500000
vt 0.796548 0.014585
vt 0.773411 0.012306
vt 0.773040 0.016068
vt 0.795940 0.018343
vt 0.750274 0.010027
vt 0.750137 0.013832
vt 0.750000 0.017636
vt 0.772679 0.019736
vt 0.771599 0.030701
vt 0.750000 0.027835
vt 0.750000 0.061459
vt 0.766369 0.083807
vt 0.515625 0.986465
vt 0.500091 0.992811
vt 0.531159 0.992811
vt 0.531068 1.000000
vt 0.515625 1.000000
vt 0.500183 1.000000
vt 0.250273 0.010027
vt 0.273411 0.012306
vt 0.273040 0.016068
vt 0.250137 0.013832
vt 0.296548 0.014585
vt 0.295940 0.018343
vt 0.272679 0.019736
vt 0.250000 0.017636
vt 0.271599 0.030701
vt 0.250000 0.027835
vt 0.484375 0.513535
vt 0.499909 0.507190
vt 0.468841 0.507190
vt 0.468933 0.500000
vt 0.484375 0.500000
vt 0.499818 0.500000
vt 0.749727 0.010027
vt 0.726589 0.012306
vt 0.726960 0.016068
vt 0.749863 0.013832
vt 0.703452 0.014585
vt 0.704060 0.018343
vt 0.704668 0.022101
vt 0.727321 0.019736
vt 0.728401 0.030701
vt 0.706658 0.032103
vt 0.713217 0.065081
vt 0.733631 0.083807
vt 0.484375 0.986465
vt 0.468841 0.992811
vt 0.499909 0.992811
vt 0.499818 1.000000
vt 0.484375 1.000000
vt 0.468933 1.000000
vt 0.203452 0.014585
vt 0.226589 0.012306
vt 0.226960 0.016068
vt 0.204060 0.018343
vt 0.249727 0.010027
vt 0.249863 0.013832
vt 0.227321 0.019736
vt 0.204668 0.022101
vt 0.228401 0.030701
vt 0.206658 0.032103
vt 0.453125 0.513535
vt 0.468659 0.507190
vt 0.437591 0.507190
vt 0.437683 0.500000
vt 0.453125 0.500000
vt 0.468568 0.500000
vt 0.702915 0.014691
vt 0.680667 0.021440
vt 0.681765 0.025058
vt 0.703792 0.018396
vt 0.658419 0.028189
vt 0.659749 0.031757
vt 0.661079 0.035324
vt 0.682835 0.028585
vt 0.686033 0.039128
vt 0.664981 0.044746
vt 0.677848 0.075810
vt 0.701523 0.090194
vt 0.453125 0.986465
vt 0.437591 0.992811
vt 0.468659 0.992811
vt 0.468568 1.000000
vt 0.453125 1.000000
vt 0.437683 1.000000
vt 0.158419 0.028189
vt 0.180667 0.021440
vt 0.181765 0.025058
vt 0.159749 0.031757
vt 0.202915 0.014691
vt 0.203792 0.018396
vt 0.182835 0.028585
vt 0.161078 0.035324
vt 0.186033 0.039128
vt 0.164981 0.044746
vt 0.421875 0.513535
vt 0.437409 0.507190
vt 0.406341 0.507190
vt 0.406433 0.500000
vt 0.421875 0.500000
vt 0.437318 0.500000
vt 0.657914 0.028398
vt 0.637410 0.039358
vt 0.639192 0.042692
vt 0.659496 0.031861
vt 0.616906 0.050318
vt 0.618906 0.053557
vt 0.620906 0.056797
vt 0.640929 0.045943
vt 0.646123 0.055659
vt 0.626572 0.065276
vt 0.645252 0.093234
vt 0.671278 0.102722
vt 0.421875 0.986465
vt 0.406341 0.992811
vt 0.437409 0.992811
vt 0.437318 1.000000
vt 0.421875 1.000000
vt 0.406433 1.000000
vt 0.116905 0.050318
vt 0.137410 0.039358
vt 0.139192 0.042692
vt 0.118906 0.053557
vt 0.157914 0.028398
vt 0.159496 0.031861
vt 0.140929 0.045943
vt 0.120906 0.056797
vt 0.146123 0.055659
vt 0.126571 0.065276
vt 0.390625 0.513535
vt 0.406159 0.507190
vt 0.375091 0.507190
vt 0.375183 0.500000
vt 0.390625 0.500000
vt 0.406068 0.500000
vt 0.616451 0.050622
vt 0.598479 0.065371
vt 0.600877 0.068293
vt 0.618678 0.053709
vt 0.580507 0.080120
vt 0.583100 0.082907
vt 0.585694 0.085694
vt 0.603216 0.071143
vt 0.610205 0.079659
vt 0.592905 0.092905
vt 0.616681 0.116681
vt 0.644058 0.120910
vt 0.390625 0.986465
vt 0.375091 0.992811
vt 0.406159 0.992811
vt 0.406068 1.000000
vt 0.390625 1.000000
vt 0.375183 1.000000
vt 0.080507 0.080120
vt 0.098479 0.065371
vt 0.100877 0.068293
vt 0.083100 0.082907
vt 0.116451 0.050622
vt 0.118678 0.053709
vt 0.103216 0.071143
vt 0.085694 0.085694
vt 0.110205 0.079659
vt 0.092905 0.092905
vt 0.359375 0.513535
vt 0.374909 0.507190
vt 0.343841 0.507190
vt 0.343933 0.500000
vt 0.359375 0.500000
vt 0.374818 0.500000
vt 0.580120 0.080507
vt 0.565371 0.098479
vt 0.568293 0.100877
vt 0.582907 0.083100
vt 0.550622 0.116451
vt 0.553709 0.118678
vt 0.556797 0.120906
vt 0.571143 0.103216
vt 0.579659 0.110205
vt 0.565276 0.126571
vt 0.593234 0.145252
vt 0.620910 0.144058
vt 0.359375 0.986465
vt 0.343841 0.992811
vt 0.374909 0.992811
vt 0.374818 1.000000
vt 0.359375 1.000000
vt 0.343933 1.000000
vt 0.050622 0.116451
vt 0.065371 0.098479
vt 0.068293 0.100877
vt 0.053709 0.118678
vt 0.080120 0.080507
vt 0.082907 0.083100
vt 0.071143 0.103216
vt 0.056797 0.120906
vt 0.079659 0.110205
vt 0.065276 0.126571
vt 0.328125 0.513535
vt 0.343659 0.507190
vt 0.312591 0.507190
vt 0.312683 0.500000
vt 0.328125 0.500000
vt 0.343568 0.500000
vt 0.550318 0.116905
vt 0.539358 0.137410
vt 0.542692 0.139192
vt 0.553557 0.118906
vt 0.528399 0.157914
vt 0.531861 0.159496
vt 0.535324 0.161078
vt 0.545943 0.140929
vt 0.555659 0.146123
vt 0.544746 0.164981
vt 0.575811 0.177848
vt 0.602722 0.171278
vt 0.328125 0.986465
vt 0.312591 0.992811
vt 0.343659 0.992811
vt 0.343568 1.000000
vt 0.328125 1.000000
vt 0.312683 1.000000
vt 0.028398 0.157914
vt 0.039358 0.137410
vt 0.042692 0.139192
vt 0.031861 0.159496
vt 0.050318 0.116905
vt 0.053557 0.118906
vt 0.045943 0.140929
vt 0.035324 0.161078
vt 0.055659 0.146123
vt 0.044746 0.164981
vt 0.296875 0.513535
vt 0.312409 0.507190
vt 0.281341 0.507190
vt 0.281433 0.500000
vt 0.296875 0.500000
vt 0.312318 0.500000
vt 0.528189 0.158419
vt 0.521440 0.180667
vt 0.525058 0.181765
vt 0.531757 0.159749
vt 0.514691 0.202915
vt 0.518396 0.203792
vt 0.522101 0.204668
vt 0.528585 0.182835
vt 0.539128 0.186033
vt 0.532104 0.206658
vt 0.565082 0.213217
vt 0.590194 0.201523
vt 0.296875 0.986465
vt 0.281341 0.992811
vt 0.312409 0.992811
vt 0.312318 1.000000
vt 0.296875 1.000000
vt 0.281433 1.000000
vt 0.014691 0.202915
vt 0.021440 0.180667
vt 0.025058 0.181765
vt 0.018396 0.203792
vt 0.028189 0.158419
vt 0.031757 0.159749
vt 0.028585 0.182835
vt 0.022101 0.204668
vt 0.039128 0.186033
vt 0.032103 0.206658
vt 0.265625 0.513535
vt 0.281159 0.507190
vt 0.250091 0.507190
vt 0.250183 0.500000
vt 0.265625 0.500000
vt 0.281068 0.500000
vt 0.514585 0.203452
vt 0.512306 0.226589
vt 0.516068 0.226960
vt 0.518343 0.204060
vt 0.510027 0.249727
vt 0.513832 0.249863
vt 0.517636 0.250000
vt 0.519737 0.227321
vt 0.530701 0.228401
vt 0.527835 0.250000
vt 0.561459 0.250000
vt 0.583807 0.233631
vt 0.265625 0.986465
vt 0.250091 0.992811
vt 0.281159 0.992811
vt 0.281068 1.000000
vt 0.265625 1.000000
vt 0.250183 1.000000
vt 0.010027 0.249727
vt 0.012306 0.226589
vt 0.016068 0.226960
vt 0.013832 0.249863
vt 0.014585 0.203452
vt 0.018343 0.204060
vt 0.019736 0.227321
vt 0.017636 0.250000
vt 0.030701 0.228401
vt 0.027835 0.250000
vt 0.234375 0.513535
vt 0.249909 0.507190
vt 0.218841 0.507190
vt 0.218933 0.500000
vt 0.234375 0.500000
vt 0.249818 0.500000
vt 0.510027 0.250273
vt 0.512306 0.273411
vt 0.516068 0.273040
vt 0.513832 0.250137
vt 0.514585 0.296548
vt 0.518343 0.295940
vt 0.522101 0.295332
vt 0.519736 0.272679
vt 0.530701 0.271599
vt 0.532103 0.293342
vt 0.565081 0.286783
vt 0.583807 0.266369
vt 0.234375 0.986465
vt 0.218841 0.992811
vt 0.249909 0.992811
vt 0.249818 1.000000
vt 0.234375 1.000000
vt 0.218932 1.000000
vt 0.014585 0.296548
vt 0.012306 0.273411
vt 0.016068 0.273040
vt 0.018343 0.295940
vt 0.010027 0.250273
vt 0.013832 0.250137
vt 0.019736 0.272679
vt 0.022101 0.295332
vt 0.030701 0.271599
vt 0.032103 0.293342
vt 0.203125 0.513535
vt 0.218659 0.507190
vt 0.187591 0.507190
vt 0.187682 0.500000
vt 0.203125 0.500000
vt 0.218568 0.500000
vt 0.514691 0.297085
vt 0.521440 0.319333
vt 0.525058 0.318236
vt 0.518396 0.296208
vt 0.528189 0.341581
vt 0.531757 0.340251
vt 0.535324 0.338922
vt 0.528585 0.317165
vt 0.539128 0.313967
vt 0.544746 0.335019
vt 0.575811 0.322152
vt 0.590194 0.298477
vt 0.203125 0.986465
vt 0.187591 0.992811
vt 0.218659 0.992811
vt 0.218568 1.000000
vt 0.203125 1.000000
vt 0.187683 1.000000
vt 0.028189 0.341581
vt 0.021440 0.319333
vt 0.025058 0.318236
vt 0.031757 0.340251
vt 0.014691 0.297085
vt 0.018396 0.296208
vt 0.028585 0.317166
vt 0.035324 0.338922
vt 0.039128 0.313967
vt 0.044746 0.335019
vt 0.171875 0.513535
vt 0.187409 0.507190
vt 0.156341 0.507190
vt 0.156432 0.500000
vt 0.171875 0.500000
vt 0.187318 0.500000
vt 0.528399 0.342086
vt 0.539358 0.362590
vt 0.542692 0.360808
vt 0.531861 0.340504
vt 0.550318 0.383095
vt 0.553557 0.381095
vt 0.556797 0.379094
vt 0.545943 0.359071
vt 0.555659 0.353877
vt 0.565276 0.373429
vt 0.593234 0.354748
vt 0.602722 0.328722
vt 0.171875 0.986465
vt 0.156341 0.992811
vt 0.187409 0.992811
vt 0.187318 1.000000
vt 0.171875 1.000000
vt 0.156432 1.000000
vt 0.050318 0.383095
vt 0.039358 0.362590
vt 0.042692 0.360808
vt 0.053557 0.381095
vt 0.028398 0.342086
vt 0.031861 0.340504
vt 0.045943 0.359071
vt 0.056797 0.379094
vt 0.055659 0.353877
vt 0.065276 0.373429
vt 0.140625 0.513535
vt 0.156159 0.507190
vt 0.125091 0.507190
vt 0.125182 0.500000
vt 0.140625 0.500000
vt 0.156068 0.500000
vt 0.550622 0.383549
vt 0.565371 0.401521
vt 0.568293 0.399123
vt 0.553709 0.381322
vt 0.580120 0.419493
vt 0.582907 0.416900
vt 0.585694 0.414306
vt 0.571143 0.396784
vt 0.579659 0.389795
vt 0.592905 0.407095
vt 0.616681 0.383319
vt 0.620910 0.355942
vt 0.140625 0.986465
vt 0.125091 0.992811
vt 0.156159 0.992811
vt 0.156068 1.000000
vt 0.140625 1.000000
vt 0.125182 1.000000
vt 0.080120 0.419493
vt 0.065371 0.401521
vt 0.068293 0.399123
vt 0.082907 0.416900
vt 0.050622 0.383549
vt 0.053709 0.381322
vt 0.071143 0.396785
vt 0.085694 0.414306
vt 0.079659 0.389795
vt 0.092905 0.407095
vt 0.109375 0.513535
vt 0.124909 0.507190
vt 0.093841 0.507190
vt 0.093932 0.500000
vt 0.109375 0.500000
vt 0.124818 0.500000
vt 0.580507 0.419880
vt 0.598479 0.434629
vt 0.600877 0.431707
vt 0.583100 0.417093
vt 0.616451 0.449378
vt 0.618678 0.446291
vt 0.620906 0.443203
vt 0.603216 0.428857
vt 0.610205 0.420341
vt 0.626572 0.434724
vt 0.645252 0.406766
vt 0.644058 0.379090
vt 0.109375 0.986465
vt 0.093841 0.992811
vt 0.124909 0.992811
vt 0.124818 1.000000
vt 0.109375 1.000000
vt 0.093932 1.000000
vt 0.116451 0.449378
vt 0.098479 0.434629
vt 0.100877 0.431707
vt 0.118678 0.446291
vt 0.080507 0.419880
vt 0.083100 0.417093
vt 0.103216 0.428857
vt 0.120906 0.443203
vt 0.110205 0.420341
vt 0.126571 0.434724
vt 0.078125 0.513535
vt 0.093659 0.507190
vt 0.062591 0.507190
vt 0.062682 0.500000
vt 0.078125 0.500000
vt 0.093568 0.500000
vt 0.616906 0.449682
vt 0.637410 0.460642
vt 0.639192 0.457308
vt 0.618906 0.446443
vt 0.657914 0.471602
vt 0.659496 0.468139
vt 0.661078 0.464676
vt 0.640929 0.454057
vt 0.646123 0.444341
vt 0.664981 0.455254
vt 0.677848 0.424190
vt 0.671278 0.397278
vt 0.078125 0.986465
vt 0.062591 0.992811
vt 0.093659 0.992811
vt 0.093568 1.000000
vt 0.078125 1.000000
vt 0.062682 1.000000
vt 0.157914 0.471602
vt 0.137410 0.460642
vt 0.139192 0.457308
vt 0.159496 0.468139
vt 0.116905 0.449682
vt 0.118906 0.446443
vt 0.140929 0.454057
vt 0.161078 0.464676
vt 0.146123 0.444341
vt 0.164981 0.455254
vt 0.046875 0.513535
vt 0.062409 0.507190
vt 0.031341 0.507190
vt 0.031432 0.500000
vt 0.046875 0.500000
vt 0.062318 0.500000
vt 0.658419 0.471811
vt 0.680667 0.478560
vt 0.681765 0.474942
vt 0.659749 0.468244
vt 0.702916 0.485309
vt 0.703792 0.481604
vt 0.704668 0.477899
vt 0.682835 0.471415
vt 0.686033 0.460872
vt 0.706658 0.467897
vt 0.713217 0.434919
vt 0.701523 0.409806
vt 0.046875 0.986465
vt 0.031341 0.992811
vt 0.062409 0.992811
vt 0.062318 1.000000
vt 0.046875 1.000000
vt 0.031432 1.000000
vt 0.202915 0.485309
vt 0.180667 0.478560
vt 0.181765 0.474942
vt 0.203792 0.481604
vt 0.158419 0.471811
vt 0.159749 0.468244
vt 0.182835 0.471415
vt 0.204668 0.477899
vt 0.186033 0.460872
vt 0.206658 0.467897
vt 0.015625 0.513535
vt 0.031159 0.507190
vt 0.000091 0.507190
vt 0.000182 0.500000
vt 0.015625 0.500000
vt 0.031068 0.500000
vt 0.703452 0.485415
vt 0.726589 0.487694
vt 0.726960 0.483932
vt 0.704060 0.481657
vt 0.749727 0.489973
vt 0.749863 0.486169
vt 0.727321 0.480264
vt 0.728401 0.469299
vt 0.733631 0.416193
vt 0.015625 0.986465
vt 0.000091 0.992811
vt 0.031159 0.992811
vt 0.031068 1.000000
vt 0.015625 1.000000
vt 0.000182 1.000000
vt 0.249727 0.489973
vt 0.226589 0.487694
vt 0.226960 0.483932
vt 0.249863 0.486169
vt 0.203452 0.485415
vt 0.204060 0.481657
vt 0.227321 0.480264
vt 0.228401 0.469299
vt 0.750000 0.250000
vn -0.1950 -0.0302 -0.9803
vn -0.1951 0.0000 -0.9808
vn -0.0980 0.0000 -0.9952
vn -0.0980 -0.0302 -0.9947
vn -0.1950 0.0302 -0.9803
vn -0.0980 0.0302 -0.9947
vn 0.0000 0.0302 -0.9995
vn 0.0000 -0.0000 -1.0000
vn 0.0000 -0.0302 -0.9995
vn 0.3825 -0.0302 -0.9235
vn 0.3827 0.0000 -0.9239
vn 0.4714 0.0000 -0.8819
vn 0.4712 -0.0302 -0.8815
vn 0.3825 0.0302 -0.9235
vn 0.4712 0.0302 -0.8815
vn 0.5553 0.0302 -0.8311
vn 0.5556 0.0000 -0.8315
vn 0.5553 -0.0302 -0.8311
vn 0.6344 -0.0000 -0.7730
vn 0.6341 -0.0302 -0.7727
vn 0.6341 0.0302 -0.7727
vn 0.7068 0.0302 -0.7068
vn 0.7071 -0.0000 -0.7071
vn 0.7068 -0.0302 -0.7068
vn 0.7730 -0.0000 -0.6344
vn 0.7727 -0.0302 -0.6341
vn 0.7727 0.0302 -0.6341
vn 0.8311 0.0302 -0.5553
vn 0.8315 -0.0000 -0.5556
vn 0.8311 -0.0302 -0.5553
vn 0.8819 -0.0000 -0.4714
vn 0.8815 -0.0302 -0.4712
vn 0.8815 0.0302 -0.4712
vn 0.9235 0.0302 -0.3825
vn 0.9239 0.0000 -0.3827
vn 0.9235 -0.0302 -0.3825
vn 0.9569 0.0000 -0.2903
vn 0.9565 -0.0302 -0.2902
vn 0.9565 0.0302 -0.2902
vn 0.9803 0.0302 -0.1950
vn 0.9808 0.0000 -0.1951
vn 0.9803 -0.0302 -0.1950
vn 0.9952 -0.0000 -0.0980
vn 0.9947 -0.0302 -0.0980
vn 0.9947 0.0302 -0.0980
vn 0.9995 0.0302 -0.0000
vn 1.0000 -0.0000 -0.0000
vn 0.9995 -0.0302 0.0000
vn 0.9952 0.0000 0.0980
vn 0.9947 -0.0302 0.0980
vn 0.9947 0.0302 0.0980
vn 0.9803 0.0302 0.1950
vn 0.9808 -0.0000 0.1951
vn 0.9803 -0.0302 0.1950
vn 0.9569 -0.0000 0.2903
vn 0.9565 -0.0302 0.2902
vn 0.9565 0.0302 0.2902
vn 0.9235 0.0302 0.3825
vn 0.9239 0.0000 0.3827
vn 0.9235 -0.0302 0.3825
vn 0.8819 -0.0000 0.4714
vn 0.8815 -0.0302 0.4712
vn 0.8815 0.0302 0.4712
vn 0.8311 0.0302 0.5553
vn 0.8315 -0.0000 0.5556
vn 0.8311 -0.0302 0.5553
vn 0.7730 -0.0000 0.6344
vn 0.7727 -0.0302 0.6341
vn 0.7727 0.0302 0.6341
vn 0.7068 0.0302 0.7068
vn 0.7071 -0.0000 0.7071
vn 0.7068 -0.0302 0.7068
vn 0.6344 -0.0000 0.7730
vn 0.6341 -0.0302 0.7727
vn 0.6341 0.0302 0.7727
vn 0.5553 0.0302 0.8311
vn 0.5556 -0.0000 0.8315
vn 0.5553 -0.0302 0.8311
vn 0.4714 -0.0000 0.8819
vn 0.4712 -0.0302 0.8815
vn 0.4712 0.0302 0.8815
vn 0.3825 0.0302 0.9235
vn 0.3827 -0.0000 0.9239
vn 0.3825 -0.0302 0.9235
vn 0.2903 -0.0000 0.9569
vn 0.2902 -0.0302 0.9565
vn 0.2902 0.0302 0.9565
vn 0.1950 0.0302 0.9803
vn 0.1951 -0.0000 0.9808
vn 0.1950 -0.0302 0.9803
vn 0.0980 0.0000 0.9952
vn 0.0980 -0.0302 0.9947
vn 0.0980 0.0302 0.9947
vn -0.0000 0.0302 0.9995
vn -0.0000 -0.0000 1.0000
vn 0.0000 -0.0302 0.9995
vn -0.0980 -0.0000 0.9952
vn -0.0980 -0.0302 0.9947
vn -0.0980 0.0302 0.9947
vn -0.1950 0.0302 0.9803
vn -0.1951 -0.0000 0.9808
vn -0.1950 -0.0302 0.9803
vn -0.2903 0.0000 0.9569
vn -0.2902 -0.0302 0.9565
vn -0.2902 0.0302 0.9565
vn -0.3825 0.0302 0.9235
vn -0.3827 0.0000 0.9239
vn -0.3825 -0.0302 0.9235
vn -0.4714 0.0000 0.8819
vn -0.4712 -0.0302 0.8815
vn -0.4712 0.0302 0.8815
vn -0.5553 0.0302 0.8311
vn -0.5556 0.0000 0.8315
vn -0.5553 -0.0302 0.8311
vn -0.6344 -0.0000 0.7730
vn -0.6341 -0.0302 0.7727
vn -0.6341 0.0302 0.7727
vn -0.7068 0.0302 0.7068
vn -0.7071 -0.0000 0.7071
vn -0.7068 -0.0302 0.7068
vn -0.7730 -0.0000 0.6344
vn -0.7727 -0.0302 0.6341
vn -0.7727 0.0302 0.6341
vn -0.8311 0.0302 0.5553
vn -0.8315 -0.0000 0.5556
vn -0.8311 -0.0302 0.5553
vn -0.8819 -0.0000 0.4714
vn -0.8815 -0.0302 0.4712
vn -0.8815 0.0302 0.4712
vn -0.9235 0.0302 0.3825
vn -0.9239 0.0000 0.3827
vn -0.9235 -0.0302 0.3825
vn -0.9569 0.0000 0.2903
vn -0.9565 -0.0302 0.2902
vn -0.9565 0.0302 0.2902
vn -0.9803 0.0302 0.1950
vn -0.9808 0.0000 0.1951
vn -0.9803 -0.0302 0.1950
vn -0.9952 -0.0000 0.0980
vn -0.9947 -0.0302 0.0980
vn -0.9947 0.0302 0.0980
vn -0.9995 0.0302 0.0000
vn -1.0000 -0.0000 0.0000
vn -0.9995 -0.0302 0.0000
vn -0.9952 0.0000 -0.0980
vn -0.9947 -0.0302 -0.0980
vn -0.9947 0.0302 -0.0980
vn -0.9803 0.0302 -0.1950
vn -0.9808 -0.0000 -0.1951
vn -0.9803 -0.0302 -0.1950
vn -0.9569 -0.0000 -0.2903
vn -0.9565 -0.0302 -0.2902
vn -0.9565 0.0302 -0.2902
vn -0.9235 0.0302 -0.3825
vn -0.9239 -0.0000 -0.3827
vn -0.9235 -0.0302 -0.3825
vn -0.8819 0.0000 -0.4714
vn -0.8815 -0.0302 -0.4712
vn -0.8815 0.0302 -0.4712
vn -0.8311 0.0302 -0.5553
vn -0.8315 -0.0000 -0.5556
vn -0.8311 -0.0302 -0.5553
vn -0.7730 -0.0000 -0.6344
vn -0.7727 -0.0302 -0.6341
vn -0.7727 0.0302 -0.6341
vn -0.7068 0.0302 -0.7068
vn -0.7071 -0.0000 -0.7071
vn -0.7068 -0.0302 -0.7068
vn -0.6344 -0.0000 -0.7730
vn -0.6341 -0.0302 -0.7727
vn -0.6341 0.0302 -0.7727
vn -0.5553 0.0302 -0.8311
vn -0.5556 -0.0000 -0.8315
vn -0.5553 -0.0302 -0.8311
vn -0.4714 -0.0000 -0.8819
vn -0.4712 -0.0302 -0.8815
vn -0.4712 0.0302 -0.8815
vn -0.3825 0.0302 -0.9235
vn -0.3827 -0.0000 -0.9239
vn -0.3825 -0.0302 -0.9235
vn -0.2903 -0.0000 -0.9569
vn -0.2902 -0.0302 -0.9565
vn -0.2902 0.0302 -0.9565
vn 0.1950 -0.0302 -0.9803
vn 0.1951 -0.0000 -0.9808
vn 0.2903 -0.0000 -0.9569
vn 0.2902 -0.0302 -0.9565
vn 0.1950 0.0302 -0.9803
vn 0.2902 0.0302 -0.9565
vn 0.0009 1.0000 -0.0047
vn 0.0002 1.0000 -0.0021
vn -0.0000 1.0000 -0.0000
vn 0.0006 1.0000 -0.0021
vn -0.0000 1.0000 -0.0048
vn -0.0002 1.0000 -0.0021
vn -0.0009 1.0000 -0.0047
vn -0.0006 1.0000 -0.0021
vn -0.0018 1.0000 -0.0045
vn -0.0010 1.0000 -0.0019
vn -0.0027 1.0000 -0.0040
vn -0.0014 1.0000 -0.0017
vn -0.0034 1.0000 -0.0034
vn -0.0017 1.0000 -0.0014
vn -0.0040 1.0000 -0.0027
vn -0.0019 1.0000 -0.0010
vn -0.0045 1.0000 -0.0018
vn -0.0021 1.0000 -0.0006
vn -0.0047 1.0000 -0.0009
vn -0.0021 1.0000 -0.0002
vn -0.0048 1.0000 0.0000
vn -0.0021 1.0000 0.0002
vn -0.0047 1.0000 0.0009
vn -0.0021 1.0000 0.0006
vn -0.0045 1.0000 0.0018
vn -0.0019 1.0000 0.0010
vn -0.0040 1.0000 0.0027
vn -0.0017 1.0000 0.0014
vn -0.0034 1.0000 0.0034
vn -0.0014 1.0000 0.0017
vn -0.0027 1.0000 0.0040
vn -0.0010 1.0000 0.0019
vn -0.0018 1.0000 0.0045
vn -0.0006 1.0000 0.0021
vn -0.0009 1.0000 0.0047
vn -0.0002 1.0000 0.0021
vn 0.0000 1.0000 0.0048
vn 0.0002 1.0000 0.0021
vn 0.0009 1.0000 0.0047
vn 0.0006 1.0000 0.0021
vn 0.0018 1.0000 0.0045
vn 0.0010 1.0000 0.0019
vn 0.0027 1.0000 0.0040
vn 0.0014 1.0000 0.0017
vn 0.0034 1.0000 0.0034
vn 0.0017 1.0000 0.0014
vn 0.0040 1.0000 0.0027
vn 0.0019 1.0000 0.0010
vn 0.0045 1.0000 0.0018
vn 0.0021 1.0000 0.0006
vn 0.0047 1.0000 0.0009
vn 0.0021 1.0000 0.0002
vn 0.0048 1.0000 -0.0000
vn 0.0021 1.0000 -0.0002
vn 0.0047 1.0000 -0.0009
vn 0.0021 1.0000 -0.0006
vn 0.0045 1.0000 -0.0018
vn 0.0019 1.0000 -0.0010
vn 0.0040 1.0000 -0.0027
vn 0.0017 1.0000 -0.0014
vn 0.0034 1.0000 -0.0034
vn 0.0014 1.0000 -0.0017
vn 0.0027 1.0000 -0.0040
vn 0.0010 1.0000 -0.0019
vn 0.0018 1.0000 -0.0045
vn 0.0980 -0.0000 -0.9952
vn 0.0980 -0.0302 -0.9947
vn 0.0980 0.0302 -0.9947
vn 0.0951 -0.2403 -0.9660
vn 0.0000 -0.2403 -0.9707
vn 0.1894 -0.2403 -0.9521
vn 0.1319 -0.7367 -0.6632
vn 0.0663 -0.7367 -0.6729
vn -0.0000 -0.7367 -0.6762
vn 0.0276 -0.9597 -0.2798
vn 0.0000 -0.9597 -0.2812
vn 0.0549 -0.9597 -0.2758
vn 0.0281 -0.9896 -0.1414
vn 0.0141 -0.9895 -0.1435
vn 0.0000 -0.9896 -0.1442
vn 0.0026 -0.9996 -0.0267
vn 0.0000 -0.9996 -0.0288
vn 0.0056 -0.9996 -0.0283
vn 0.0009 -1.0000 -0.0047
vn 0.0002 -1.0000 -0.0021
vn 0.0000 -1.0000 -0.0048
vn 0.0951 0.2403 -0.9660
vn 0.1894 0.2403 -0.9521
vn -0.0000 0.2403 -0.9707
vn 0.0000 0.7367 -0.6762
vn 0.0663 0.7367 -0.6729
vn 0.1319 0.7367 -0.6632
vn 0.0276 0.9597 -0.2798
vn 0.0549 0.9597 -0.2758
vn -0.0000 0.9597 -0.2812
vn -0.0000 0.9896 -0.1442
vn 0.0141 0.9895 -0.1435
vn 0.0281 0.9896 -0.1414
vn 0.0026 0.9996 -0.0267
vn 0.0056 0.9996 -0.0283
vn -0.0000 0.9996 -0.0288
vn 0.2818 -0.2403 -0.9289
vn 0.3715 -0.2403 -0.8968
vn 0.2588 -0.7367 -0.6247
vn 0.1963 -0.7367 -0.6471
vn 0.0816 -0.9597 -0.2691
vn 0.1076 -0.9597 -0.2598
vn 0.0552 -0.9896 -0.1332
vn 0.0419 -0.9895 -0.1380
vn 0.0078 -0.9996 -0.0257
vn 0.0110 -0.9996 -0.0266
vn 0.0018 -1.0000 -0.0045
vn 0.0006 -1.0000 -0.0021
vn 0.2818 0.2403 -0.9289
vn 0.3715 0.2403 -0.8968
vn 0.1963 0.7367 -0.6471
vn 0.2588 0.7367 -0.6247
vn 0.0816 0.9597 -0.2691
vn 0.1076 0.9597 -0.2598
vn 0.0419 0.9895 -0.1380
vn 0.0552 0.9896 -0.1332
vn 0.0078 0.9996 -0.0257
vn 0.0110 0.9996 -0.0266
vn 0.4576 -0.2403 -0.8561
vn 0.5393 -0.2403 -0.8071
vn 0.3757 -0.7367 -0.5622
vn 0.3187 -0.7367 -0.5963
vn 0.1326 -0.9597 -0.2480
vn 0.1562 -0.9597 -0.2338
vn 0.0801 -0.9896 -0.1199
vn 0.0680 -0.9895 -0.1272
vn 0.0127 -0.9996 -0.0237
vn 0.0160 -0.9996 -0.0240
vn 0.0027 -1.0000 -0.0040
vn 0.0010 -1.0000 -0.0019
vn 0.4576 0.2403 -0.8561
vn 0.5393 0.2403 -0.8071
vn 0.3187 0.7367 -0.5963
vn 0.3757 0.7367 -0.5622
vn 0.1326 0.9597 -0.2480
vn 0.1562 0.9597 -0.2338
vn 0.0680 0.9895 -0.1272
vn 0.0801 0.9896 -0.1199
vn 0.0127 0.9996 -0.0237
vn 0.0160 0.9996 -0.0240
vn 0.6158 -0.2403 -0.7504
vn 0.6864 -0.2403 -0.6864
vn 0.4781 -0.7367 -0.4781
vn 0.4290 -0.7367 -0.5227
vn 0.1784 -0.9597 -0.2174
vn 0.1988 -0.9597 -0.1988
vn 0.1019 -0.9896 -0.1019
vn 0.0915 -0.9895 -0.1115
vn 0.0170 -0.9996 -0.0208
vn 0.0204 -0.9996 -0.0204
vn 0.0034 -1.0000 -0.0034
vn 0.0014 -1.0000 -0.0017
vn 0.6158 0.2403 -0.7504
vn 0.6864 0.2403 -0.6864
vn 0.4290 0.7367 -0.5227
vn 0.4781 0.7367 -0.4781
vn 0.1784 0.9597 -0.2174
vn 0.1988 0.9597 -0.1988
vn 0.0915 0.9895 -0.1115
vn 0.1019 0.9896 -0.1019
vn 0.0170 0.9996 -0.0208
vn 0.0204 0.9996 -0.0204
vn 0.7504 -0.2403 -0.6158
vn 0.8071 -0.2403 -0.5393
vn 0.5622 -0.7367 -0.3757
vn 0.5227 -0.7367 -0.4290
vn 0.2174 -0.9597 -0.1784
vn 0.2338 -0.9597 -0.1562
vn 0.1199 -0.9896 -0.0801
vn 0.1115 -0.9895 -0.0915
vn 0.0208 -0.9996 -0.0170
vn 0.0240 -0.9996 -0.0160
vn 0.0040 -1.0000 -0.0027
vn 0.0017 -1.0000 -0.0014
vn 0.7504 0.2403 -0.6158
vn 0.8071 0.2403 -0.5393
vn 0.5227 0.7367 -0.4290
vn 0.5622 0.7367 -0.3757
vn 0.2174 0.9597 -0.1784
vn 0.2338 0.9597 -0.1562
vn 0.1115 0.9895 -0.0915
vn 0.1199 0.9896 -0.0801
vn 0.0208 0.9996 -0.0170
vn 0.0240 0.9996 -0.0160
vn 0.8561 -0.2403 -0.4576
vn 0.8968 -0.2403 -0.3715
vn 0.6247 -0.7367 -0.2588
vn 0.5963 -0.7367 -0.3187
vn 0.2480 -0.9597 -0.1326
vn 0.2598 -0.9597 -0.1076
vn 0.1332 -0.9896 -0.0552
vn 0.1272 -0.9895 -0.0680
vn 0.0237 -0.9996 -0.0127
vn 0.0266 -0.9996 -0.0110
vn 0.0045 -1.0000 -0.0018
vn 0.0019 -1.0000 -0.0010
vn 0.8561 0.2403 -0.4576
vn 0.8968 0.2403 -0.3715
vn 0.5963 0.7367 -0.3187
vn 0.6247 0.7367 -0.2588
vn 0.2480 0.9597 -0.1326
vn 0.2598 0.9597 -0.1076
vn 0.1272 0.9895 -0.0680
vn 0.1332 0.9896 -0.0552
vn 0.0237 0.9996 -0.0127
vn 0.0266 0.9996 -0.0110
vn 0.9289 -0.2403 -0.2818
vn 0.9521 -0.2403 -0.1894
vn 0.6632 -0.7367 -0.1319
vn 0.6471 -0.7367 -0.1963
vn 0.2691 -0.9597 -0.0816
vn 0.2758 -0.9597 -0.0549
vn 0.1414 -0.9896 -0.0281
vn 0.1380 -0.9895 -0.0419
vn 0.0257 -0.9996 -0.0078
vn 0.0283 -0.9996 -0.0056
vn 0.0047 -1.0000 -0.0009
vn 0.0021 -1.0000 -0.0006
vn 0.9289 0.2403 -0.2818
vn 0.9521 0.2403 -0.1894
vn 0.6471 0.7367 -0.1963
vn 0.6632 0.7367 -0.1319
vn 0.2691 0.9597 -0.0816
vn 0.2758 0.9597 -0.0549
vn 0.1380 0.9895 -0.0419
vn 0.1414 0.9896 -0.0281
vn 0.0257 0.9996 -0.0078
vn 0.0283 0.9996 -0.0056
vn 0.9660 -0.2403 -0.0951
vn 0.9707 -0.2403 0.0000
vn 0.6762 -0.7367 -0.0000
vn 0.6729 -0.7367 -0.0663
vn 0.2798 -0.9597 -0.0276
vn 0.2812 -0.9597 -0.0000
vn 0.1442 -0.9896 0.0000
vn 0.1435 -0.9895 -0.0141
vn 0.0267 -0.9996 -0.0026
vn 0.0288 -0.9996 0.0000
vn 0.0048 -1.0000 0.0000
vn 0.0021 -1.0000 -0.0002
vn 0.9660 0.2403 -0.0951
vn 0.9707 0.2403 -0.0000
vn 0.6729 0.7367 -0.0663
vn 0.6762 0.7367 0.0000
vn 0.2798 0.9597 -0.0276
vn 0.2812 0.9597 -0.0000
vn 0.1435 0.9895 -0.0141
vn 0.1442 0.9896 -0.0000
vn 0.0267 0.9996 -0.0026
vn 0.0288 0.9996 -0.0000
vn 0.9660 -0.2403 0.0951
vn 0.9521 -0.2403 0.1894
vn 0.6632 -0.7367 0.1319
vn 0.6729 -0.7367 0.0663
vn 0.2798 -0.9597 0.0276
vn 0.2758 -0.9597 0.0549
vn 0.1414 -0.9896 0.0281
vn 0.1435 -0.9895 0.0141
vn 0.0267 -0.9996 0.0026
vn 0.0283 -0.9996 0.0056
vn 0.0047 -1.0000 0.0009
vn 0.0021 -1.0000 0.0002
vn 0.9660 0.2403 0.0951
vn 0.9521 0.2403 0.1894
vn 0.6729 0.7367 0.0663
vn 0.6632 0.7367 0.1319
vn 0.2798 0.9597 0.0276
vn 0.2758 0.9597 0.0549
vn 0.1435 0.9895 0.0141
vn 0.1414 0.9896 0.0281
vn 0.0267 0.9996 0.0026
vn 0.0283 0.9996 0.0056
vn 0.9289 -0.2403 0.2818
vn 0.8968 -0.2403 0.3715
vn 0.6247 -0.7367 0.2588
vn 0.6471 -0.7367 0.1963
vn 0.2691 -0.9597 0.0816
vn 0.2598 -0.9597 0.1076
vn 0.1332 -0.9896 0.0552
vn 0.1380 -0.9895 0.0419
vn 0.0257 -0.9996 0.0078
vn 0.0266 -0.9996 0.0110
vn 0.0045 -1.0000 0.0018
vn 0.0021 -1.0000 0.0006
vn 0.9289 0.2403 0.2818
vn 0.8968 0.2403 0.3715
vn 0.6471 0.7367 0.1963
vn 0.6247 0.7367 0.2588
vn 0.2691 0.9597 0.0816
vn 0.2598 0.9597 0.1076
vn 0.1380 0.9895 0.0419
vn 0.1332 0.9896 0.0552
vn 0.0257 0.9996 0.0078
vn 0.0266 0.9996 0.0110
vn 0.8561 -0.2403 0.4576
vn 0.8071 -0.2403 0.5393
vn 0.5622 -0.7367 0.3757
vn 0.5963 -0.7367 0.3187
vn 0.2480 -0.9597 0.1326
vn 0.2338 -0.9597 0.1562
vn 0.1199 -0.9896 0.0801
vn 0.1272 -0.9895 0.0680
vn 0.0237 -0.9996 0.0127
vn 0.0240 -0.9996 0.0160
vn 0.0040 -1.0000 0.0027
vn 0.0019 -1.0000 0.0010
vn 0.8561 0.2403 0.4576
vn 0.8071 0.2403 0.5393
vn 0.5963 0.7367 0.3187
vn 0.5622 0.7367 0.3757
vn 0.2480 0.9597 0.1326
vn 0.2338 0.9597 0.1562
vn 0.1272 0.9895 0.0680
vn 0.1199 0.9896 0.0801
vn 0.0237 0.9996 0.0127
vn 0.0240 0.9996 0.0160
vn 0.7504 -0.2403 0.6158
vn 0.6864 -0.2403 0.6864
vn 0.4781 -0.7367 0.4781
vn 0.5227 -0.7367 0.4290
vn 0.2174 -0.9597 0.1784
vn 0.1988 -0.9597 0.1988
vn 0.1019 -0.9896 0.1019
vn 0.1115 -0.9895 0.0915
vn 0.0208 -0.9996 0.0170
vn 0.0204 -0.9996 0.0204
vn 0.0034 -1.0000 0.0034
vn 0.0017 -1.0000 0.0014
vn 0.7504 0.2403 0.6158
vn 0.6864 0.2403 0.6864
vn 0.5227 0.7367 0.4290
vn 0.4781 0.7367 0.4781
vn 0.2174 0.9597 0.1784
vn 0.1988 0.9597 0.1988
vn 0.1115 0.9895 0.0915
vn 0.1019 0.9896 0.1019
vn 0.0208 0.9996 0.0170
vn 0.0204 0.9996 0.0204
vn 0.6158 -0.2403 0.7504
vn 0.5393 -0.2403 0.8071
vn 0.3757 -0.7367 0.5622
vn 0.4290 -0.7367 0.5227
vn 0.1784 -0.9597 0.2174
vn 0.1562 -0.9597 0.2338
vn 0.0801 -0.9896 0.1199
vn 0.0915 -0.9895 0.1115
vn 0.0170 -0.9996 0.0208
vn 0.0160 -0.9996 0.0240
vn 0.0027 -1.0000 0.0040
vn 0.0014 -1.0000 0.0017
vn 0.6158 0.2403 0.7504
vn 0.5393 0.2403 0.8071
vn 0.4290 0.7367 0.5227
vn 0.3757 0.7367 0.5622
vn 0.1784 0.9597 0.2174
vn 0.1562 0.9597 0.2338
vn 0.0915 0.9895 0.1115
vn 0.0801 0.9896 0.1199
vn 0.0170 0.9996 0.0208
vn 0.0160 0.9996 0.0240
vn 0.4576 -0.2403 0.8561
vn 0.3715 -0.2403 0.8968
vn 0.2588 -0.7367 0.6247
vn 0.3187 -0.7367 0.5963
vn 0.1326 -0.9597 0.2480
vn 0.1076 -0.9597 0.2598
vn 0.0552 -0.9896 0.1332
vn 0.0680 -0.9895 0.1272
vn 0.0127 -0.9996 0.0237
vn 0.0110 -0.9996 0.0266
vn 0.0018 -1.0000 0.0045
vn 0.0010 -1.0000 0.0019
vn 0.4576 0.2403 0.8561
vn 0.3715 0.2403 0.8968
vn 0.3187 0.7367 0.5963
vn 0.2588 0.7367 0.6247
vn 0.1326 0.9597 0.2480
vn 0.1076 0.9597 0.2598
vn 0.0680 0.9895 0.1272
vn 0.0552 0.9896 0.1332
vn 0.0127 0.9996 0.0237
vn 0.0110 0.9996 0.0266
vn 0.2818 -0.2403 0.9289
vn 0.1894 -0.2403 0.9521
vn 0.1319 -0.7367 0.6632
vn 0.1963 -0.7367 0.6471
vn 0.0816 -0.9597 0.2691
vn 0.0549 -0.9597 0.2758
vn 0.0281 -0.9896 0.1414
vn 0.0419 -0.9895 0.1380
vn 0.0078 -0.9996 0.0257
vn 0.0056 -0.9996 0.0283
vn 0.0009 -1.0000 0.0047
vn 0.0006 -1.0000 0.0021
vn 0.2818 0.2403 0.9289
vn 0.1894 0.2403 0.9521
vn 0.1963 0.7367 0.6471
vn 0.1319 0.7367 0.6632
vn 0.0816 0.9597 0.2691
vn 0.0549 0.9597 0.2758
vn 0.0419 0.9895 0.1380
vn 0.0281 0.9896 0.1414
vn 0.0078 0.9996 0.0257
vn 0.0056 0.9996 0.0283
vn 0.0951 -0.2403 0.9660
vn -0.0000 -0.2403 0.9707
vn 0.0000 -0.7367 0.6762
vn 0.0663 -0.7367 0.6729
vn 0.0276 -0.9597 0.2798
vn -0.0000 -0.9597 0.2812
vn -0.0000 -0.9896 0.1442
vn 0.0141 -0.9895 0.1435
vn 0.0026 -0.9996 0.0267
vn 0.0000 -0.9996 0.0288
vn 0.0000 -1.0000 0.0048
vn 0.0002 -1.0000 0.0021
vn 0.0951 0.2403 0.9660
vn 0.0000 0.2403 0.9707
vn 0.0663 0.7367 0.6729
vn -0.0000 0.7367 0.6762
vn 0.0276 0.9597 0.2798
vn 0.0000 0.9597 0.2812
vn 0.0141 0.9895 0.1435
vn 0.0000 0.9896 0.1442
vn 0.0026 0.9996 0.0267
vn 0.0000 0.9996 0.0288
vn -0.0951 -0.2403 0.9660
vn -0.1894 -0.2403 0.9521
vn -0.1319 -0.7367 0.6632
vn -0.0663 -0.7367 0.6729
vn -0.0276 -0.9597 0.2798
vn -0.0549 -0.9597 0.2758
vn -0.0281 -0.9896 0.1414
vn -0.0141 -0.9895 0.1435
vn -0.0026 -0.9996 0.0267
vn -0.0056 -0.9996 0.0283
vn -0.0009 -1.0000 0.0047
vn -0.0002 -1.0000 0.0021
vn -0.0951 0.2403 0.9660
vn -0.1894 0.2403 0.9521
vn -0.0663 0.7367 0.6729
vn -0.1319 0.7367 0.6632
vn -0.0276 0.9597 0.2798
vn -0.0549 0.9597 0.2758
vn -0.0141 0.9895 0.1435
vn -0.0281 0.9896 0.1414
vn -0.0026 0.9996 0.0267
vn -0.0056 0.9996 0.0283
vn -0.2818 -0.2403 0.9289
vn -0.3715 -0.2403 0.8968
vn -0.2588 -0.7367 0.6247
vn -0.1963 -0.7367 0.6471
vn -0.0816 -0.9597 0.2691
vn -0.1076 -0.9597 0.2598
vn -0.0552 -0.9896 0.1332
vn -0.0419 -0.9895 0.1380
vn -0.0078 -0.9996 0.0257
vn -0.0110 -0.9996 0.0266
vn -0.0018 -1.0000 0.0045
vn -0.0006 -1.0000 0.0021
vn -0.2818 0.2403 0.9289
vn -0.3715 0.2403 0.8968
vn -0.1963 0.7367 0.6471
vn -0.2588 0.7367 0.6247
vn -0.0816 0.9597 0.2691
vn -0.1076 0.9597 0.2598
vn -0.0419 0.9895 0.1380
vn -0.0552 0.9896 0.1332
vn -0.0078 0.9996 0.0257
vn -0.0110 0.9996 0.0266
vn -0.4576 -0.2403 0.8561
vn -0.5393 -0.2403 0.8071
vn -0.3757 -0.7367 0.5622
vn -0.3187 -0.7367 0.5963
vn -0.1326 -0.9597 0.2480
vn -0.1562 -0.9597 0.2338
vn -0.0801 -0.9896 0.1199
vn -0.0680 -0.9895 0.1272
vn -0.0127 -0.9996 0.0237
vn -0.0160 -0.9996 0.0240
vn -0.0027 -1.0000 0.0040
vn -0.0010 -1.0000 0.0019
vn -0.4576 0.2403 0.8561
vn -0.5393 0.2403 0.8071
vn -0.3187 0.7367 0.5963
vn -0.3757 0.7367 0.5622
vn -0.1326 0.9597 0.2480
vn -0.1562 0.9597 0.2338
vn -0.0680 0.9895 0.1272
vn -0.0801 0.9896 0.1199
vn -0.0127 0.9996 0.0237
vn -0.0160 0.9996 0.0240
vn -0.6158 -0.2403 0.7504
vn -0.6864 -0.2403 0.6864
vn -0.4781 -0.7367 0.4781
vn -0.4290 -0.7367 0.5227
vn -0.1784 -0.9597 0.2174
vn -0.1988 -0.9597 0.1988
vn -0.1019 -0.9896 0.1019
vn -0.0915 -0.9895 0.1115
vn -0.0170 -0.9996 0.0208
vn -0.0204 -0.9996 0.0204
vn -0.0034 -1.0000 0.0034
vn -0.0014 -1.0000 0.0017
vn -0.6158 0.2403 0.7504
vn -0.6864 0.2403 0.6864
vn -0.4290 0.7367 0.5227
vn -0.4781 0.7367 0.4781
vn -0.1784 0.9597 0.2174
vn -0.1988 0.9597 0.1988
vn -0.0915 0.9895 0.1115
vn -0.1019 0.9896 0.1019
vn -0.0170 0.9996 0.0208
vn -0.0204 0.9996 0.0204
vn -0.7504 -0.2403 0.6158
vn -0.8071 -0.2403 0.5393
vn -0.5622 -0.7367 0.3757
vn -0.5227 -0.7367 0.4290
vn -0.2174 -0.9597 0.1784
vn -0.2338 -0.9597 0.1562
vn -0.1199 -0.9896 0.0801
vn -0.1115 -0.9895 0.0915
vn -0.0208 -0.9996 0.0170
vn -0.0240 -0.9996 0.0160
vn -0.0040 -1.0000 0.0027
vn -0.0017 -1.0000 0.0014
vn -0.7504 0.2403 0.6158
vn -0.8071 0.2403 0.5393
vn -0.5227 0.7367 0.4290
vn -0.5622 0.7367 0.3757
vn -0.2174 0.9597 0.1784
vn -0.2338 0.9597 0.1562
vn -0.1115 0.9895 0.0915
vn -0.1199 0.9896 0.0801
vn -0.0208 0.9996 0.0170
vn -0.0240 0.9996 0.0160
vn -0.8561 -0.2403 0.4576
vn -0.8968 -0.2403 0.3715
vn -0.6247 -0.7367 0.2588
vn -0.5963 -0.7367 0.3187
vn -0.2480 -0.9597 0.1326
vn -0.2598 -0.9597 0.1076
vn -0.1332 -0.9896 0.0552
vn -0.1272 -0.9895 0.0680
vn -0.0237 -0.9996 0.0127
vn -0.0266 -0.9996 0.0110
vn -0.0045 -1.0000 0.0018
vn -0.0019 -1.0000 0.0010
vn -0.8561 0.2403 0.4576
vn -0.8968 0.2403 0.3715
vn -0.5963 0.7367 0.3187
vn -0.6247 0.7367 0.2588
vn -0.2480 0.9597 0.1326
vn -0.2598 0.9597 0.1076
vn -0.1272 0.9895 0.0680
vn -0.1332 0.9896 0.0552
vn -0.0237 0.9996 0.0127
vn -0.0266 0.9996 0.0110
vn -0.9289 -0.2403 0.2818
vn -0.9521 -0.2403 0.1894
vn -0.6632 -0.7367 0.1319
vn -0.6471 -0.7367 0.1963
vn -0.2691 -0.9597 0.0816
vn -0.2758 -0.9597 0.0549
vn -0.1414 -0.9896 0.0281
vn -0.1380 -0.9895 0.0419
vn -0.0257 -0.9996 0.0078
vn -0.0283 -0.9996 0.0056
vn -0.0047 -1.0000 0.0009
vn -0.0021 -1.0000 0.0006
vn -0.9289 0.2403 0.2818
vn -0.9521 0.2403 0.1894
vn -0.6471 0.7367 0.1963
vn -0.6632 0.7367 0.1319
vn -0.2691 0.9597 0.0816
vn -0.2758 0.9597 0.0549
vn -0.1380 0.9895 0.0419
vn -0.1414 0.9896 0.0281
vn -0.0257 0.9996 0.0078
vn -0.0283 0.9996 0.0056
vn -0.9660 -0.2403 0.0951
vn -0.9707 -0.2403 -0.0000
vn -0.6762 -0.7367 0.0000
vn -0.6729 -0.7367 0.0663
vn -0.2798 -0.9597 0.0276
vn -0.2812 -0.9597 0.0000
vn -0.1442 -0.9896 -0.0000
vn -0.1435 -0.9895 0.0141
vn -0.0267 -0.9996 0.0026
vn -0.0288 -0.9996 0.0000
vn -0.0048 -1.0000 0.0000
vn -0.0021 -1.0000 0.0002
vn -0.9660 0.2403 0.0951
vn -0.9707 0.2403 0.0000
vn -0.6729 0.7367 0.0663
vn -0.6762 0.7367 -0.0000
vn -0.2798 0.9597 0.0276
vn -0.2812 0.9597 0.0000
vn -0.1435 0.9895 0.0141
vn -0.1442 0.9896 0.0000
vn -0.0267 0.9996 0.0026
vn -0.0288 0.9996 0.0000
vn -0.9660 -0.2403 -0.0951
vn -0.9521 -0.2403 -0.1894
vn -0.6632 -0.7367 -0.1319
vn -0.6729 -0.7367 -0.0663
vn -0.2798 -0.9597 -0.0276
vn -0.2758 -0.9597 -0.0549
vn -0.1414 -0.9896 -0.0281
vn -0.1435 -0.9895 -0.0141
vn -0.0267 -0.9996 -0.0026
vn -0.0283 -0.9996 -0.0056
vn -0.0047 -1.0000 -0.0009
vn -0.0021 -1.0000 -0.0002
vn -0.9660 0.2403 -0.0951
vn -0.9521 0.2403 -0.1894
vn -0.6729 0.7367 -0.0663
vn -0.6632 0.7367 -0.1319
vn -0.2798 0.9597 -0.0276
vn -0.2758 0.9597 -0.0549
vn -0.1435 0.9895 -0.0141
vn -0.1414 0.9896 -0.0281
vn -0.0267 0.9996 -0.0026
vn -0.0283 0.9996 -0.0056
vn -0.9289 -0.2403 -0.2818
vn -0.8968 -0.2403 -0.3715
vn -0.6247 -0.7367 -0.2588
vn -0.6471 -0.7367 -0.1963
vn -0.2691 -0.9597 -0.0816
vn -0.2598 -0.9597 -0.1076
vn -0.1332 -0.9896 -0.0552
vn -0.1380 -0.9895 -0.0419
vn -0.0257 -0.9996 -0.0078
vn -0.0266 -0.9996 -0.0110
vn -0.0045 -1.0000 -0.0018
vn -0.0021 -1.0000 -0.0006
vn -0.9289 0.2403 -0.2818
vn -0.8968 0.2403 -0.3715
vn -0.6471 0.7367 -0.1963
vn -0.6247 0.7367 -0.2588
vn -0.2691 0.9597 -0.0816
vn -0.2598 0.9597 -0.1076
vn -0.1380 0.9895 -0.0419
vn -0.1332 0.9896 -0.0552
vn -0.0257 0.9996 -0.0078
vn -0.0266 0.9996 -0.0110
vn -0.8561 -0.2403 -0.4576
vn -0.8071 -0.2403 -0.5393
vn -0.5622 -0.7367 -0.3757
vn -0.5963 -0.7367 -0.3187
vn -0.2480 -0.9597 -0.1326
vn -0.2338 -0.9597 -0.1562
vn -0.1199 -0.9896 -0.0801
vn -0.1272 -0.9895 -0.0680
vn -0.0237 -0.9996 -0.0127
vn -0.0240 -0.9996 -0.0160
vn -0.0040 -1.0000 -0.0027
vn -0.0019 -1.0000 -0.0010
vn -0.8561 0.2403 -0.4576
vn -0.8071 0.2403 -0.5393
vn -0.5963 0.7367 -0.3187
vn -0.5622 0.7367 -0.3757
vn -0.2480 0.9597 -0.1326
vn -0.2338 0.9597 -0.1562
vn -0.1272 0.9895 -0.0680
vn -0.1199 0.9896 -0.0801
vn -0.0237 0.9996 -0.0127
vn -0.0240 0.9996 -0.0160
vn -0.7504 -0.2403 -0.6158
vn -0.6864 -0.2403 -0.6864
vn -0.4781 -0.7367 -0.4781
vn -0.5227 -0.7367 -0.4290
vn -0.2174 -0.9597 -0.1784
vn -0.1988 -0.9597 -0.1988
vn -0.1019 -0.9896 -0.1019
vn -0.1115 -0.9895 -0.0915
vn -0.0208 -0.9996 -0.0170
vn -0.0204 -0.9996 -0.0204
vn -0.0034 -1.0000 -0.0034
vn -0.0017 -1.0000 -0.0014
vn -0.7504 0.2403 -0.6158
vn -0.6864 0.2403 -0.6864
vn -0.5227 0.7367 -0.4290
vn -0.4781 0.7367 -0.4781
vn -0.2174 0.9597 -0.1784
vn -0.1988 0.9597 -0.1988
vn -0.1115 0.9895 -0.0915
vn -0.1019 0.9896 -0.1019
vn -0.0208 0.9996 -0.0170
vn -0.0204 0.9996 -0.0204
vn -0.6158 -0.2403 -0.7504
vn -0.5393 -0.2403 -0.8071
vn -0.3757 -0.7367 -0.5622
vn -0.4290 -0.7367 -0.5227
vn -0.1784 -0.9597 -0.2174
vn -0.1562 -0.9597 -0.2338
vn -0.0801 -0.9896 -0.1199
vn -0.0915 -0.9895 -0.1115
vn -0.0170 -0.9996 -0.0208
vn -0.0160 -0.9996 -0.0240
vn -0.0027 -1.0000 -0.0040
vn -0.0014 -1.0000 -0.0017
vn -0.6158 0.2403 -0.7504
vn -0.5393 0.2403 -0.8071
vn -0.4290 0.7367 -0.5227
vn -0.3757 0.7367 -0.5622
vn -0.1784 0.9597 -0.2174
vn -0.1562 0.9597 -0.2338
vn -0.0915 0.9895 -0.1115
vn -0.0801 0.9896 -0.1199
vn -0.0170 0.9996 -0.0208
vn -0.0160 0.9996 -0.0240
vn -0.4576 -0.2403 -0.8561
vn -0.3715 -0.2403 -0.8968
vn -0.2588 -0.7367 -0.6247
vn -0.3187 -0.7367 -0.5963
vn -0.1326 -0.9597 -0.2480
vn -0.1076 -0.9597 -0.2598
vn -0.0552 -0.9896 -0.1332
vn -0.0680 -0.9895 -0.1272
vn -0.0127 -0.9996 -0.0237
vn -0.0110 -0.9996 -0.0266
vn -0.0018 -1.0000 -0.0045
vn -0.0010 -1.0000 -0.0019
vn -0.4576 0.2403 -0.8561
vn -0.3715 0.2403 -0.8968
vn -0.3187 0.7367 -0.5963
vn -0.2588 0.7367 -0.6247
vn -0.1326 0.9597 -0.2480
vn -0.1076 0.9597 -0.2598
vn -0.0680 0.9895 -0.1272
vn -0.0552 0.9896 -0.1332
vn -0.0127 0.9996 -0.0237
vn -0.0110 0.9996 -0.0266
vn -0.2818 -0.2403 -0.9289
vn -0.1894 -0.2403 -0.9521
vn -0.1319 -0.7367 -0.6632
vn -0.1963 -0.7367 -0.6471
vn -0.0816 -0.9597 -0.2691
vn -0.0549 -0.9597 -0.2758
vn -0.0281 -0.9896 -0.1414
vn -0.0419 -0.9895 -0.1380
vn -0.0078 -0.9996 -0.0257
vn -0.0056 -0.9996 -0.0283
vn -0.0009 -1.0000 -0.0047
vn -0.0006 -1.0000 -0.0021
vn -0.2818 0.2403 -0.9289
vn -0.1894 0.2403 -0.9521
vn -0.1963 0.7367 -0.6471
vn -0.1319 0.7367 -0.6632
vn -0.0816 0.9597 -0.2691
vn -0.0549 0.9597 -0.2758
vn -0.0419 0.9895 -0.1380
vn -0.0281 0.9896 -0.1414
vn -0.0078 0.9996 -0.0257
vn -0.0056 0.9996 -0.0283
vn -0.0951 -0.2403 -0.9660
vn -0.0663 -0.7367 -0.6729
vn -0.0276 -0.9597 -0.2798
vn -0.0141 -0.9895 -0.1435
vn -0.0026 -0.9996 -0.0267
vn -0.0002 -1.0000 -0.0021
vn -0.0951 0.2403 -0.9660
vn -0.0663 0.7367 -0.6729
vn -0.0276 0.9597 -0.2798
vn -0.0141 0.9895 -0.1435
vn -0.0026 0.9996 -0.0267
vn 0.0000 -1.0000 -0.0000
usemtl None
s 1
f 762/533/513 1219/534/514 1249/535/515 1209/536/516
f 1219/534/514 766/537/517 1213/538/518 1249/535/515
f 1249/535/515 1213/538/518 518/539/519 1217/540/520
f 1209/536/516 1249/535/515 1217/540/520 514/541/521
f 530/542/522 1220/543/523 1250/544/524 803/545/525
f 1220/543/523 534/546/526 811/547/527 1250/544/524
f 1250/544/524 811/547/527 542/548/528 1221/549/529
f 803/545/525 1250/544/524 1221/549/529 538/550/530
f 538/550/530 1221/549/529 1251/551/531 817/552/532
f 1221/549/529 542/548/528 825/553/533 1251/551/531
f 1251/551/531 825/553/533 550/554/534 1222/555/535
f 817/552/532 1251/551/531 1222/555/535 546/556/536
f 546/556/536 1222/555/535 1252/557/537 831/558/538
f 1222/555/535 550/554/534 839/559/539 1252/557/537
f 1252/557/537 839/559/539 558/560/540 1223/561/541
f 831/558/538 1252/557/537 1223/561/541 554/562/542
f 554/562/542 1223/561/541 1253/563/543 845/564/544
f 1223/561/541 558/560/540 853/565/545 1253/563/543
f 1253/563/543 853/565/545 566/566/546 1224/567/547
f 845/564/544 1253/563/543 1224/567/547 562/568/548
f 562/568/548 1224/567/547 1254/569/549 859/570/550
f 1224/567/547 566/566/546 867/571/551 1254/569/549
f 1254/569/549 867/571/551 574/572/552 1225/573/553
f 859/570/550 1254/569/549 1225/573/553 570/574/554
f 570/574/554 1225/573/553 1255/575/555 873/576/556
f 1225/573/553 574/572/552 881/577/557 1255/575/555
f 1255/575/555 881/577/557 582/578/558 1226/579/559
f 873/576/556 1255/575/555 1226/579/559 578/580/560
f 578/580/560 1226/579/559 1256/581/561 887/582/562
f 1226/579/559 582/578/558 895/583/563 1256/581/561
f 1256/581/561 895/583/563 590/584/564 1227/585/565
f 887/582/562 1256/581/561 1227/585/565 586/586/566
f 586/586/566 1227/585/565 1257/587/567 901/588/568
f 1227/585/565 590/584/564 909/589/569 1257/587/567
f 1257/587/567 909/589/569 598/590/570 1228/591/571
f 901/588/568 1257/587/567 1228/591/571 594/592/572
f 594/592/572 1228/591/571 1258/593/573 915/594/574
f 1228/591/571 598/590/570 923/595/575 1258/593/573
f 1258/593/573 923/595/575 606/596/576 1229/597/577
f 915/594/574 1258/593/573 1229/597/577 602/598/578
f 602/598/578 1229/597/577 1259/599/579 929/600/580
f 1229/597/577 606/596/576 937/601/581 1259/599/579
f 1259/599/579 937/601/581 614/602/582 1230/603/583
f 929/600/580 1259/599/579 1230/603/583 610/604/584
f 610/604/584 1230/603/583 1260/605/585 943/606/586
f 1230/603/583 614/602/582 951/607/587 1260/605/585
f 1260/605/585 951/607/587 622/608/588 1231/609/589
f 943/606/586 1260/605/585 1231/609/589 618/610/590
f 618/610/590 1231/609/589 1261/611/591 957/612/592
f 1231/609/589 622/608/588 965/613/593 1261/611/591
f 1261/611/591 965/613/593 630/614/594 1232/615/595
f 957/612/592 1261/611/591 1232/615/595 626/616/596
f 626/616/596 1232/615/595 1262/617/597 971/618/598
f 1232/615/595 630/614/594 979/619/599 1262/617/597
f 1262/617/597 979/619/599 638/620/600 1233/621/601
f 971/618/598 1262/617/597 1233/621/601 634/622/602
f 634/622/602 1233/621/601 1263/623/603 985/624/604
f 1233/621/601 638/620/600 993/625/605 1263/623/603
f 1263/623/603 993/625/605 646/626/606 1234/627/607
f 985/624/604 1263/623/603 1234/627/607 642/628/608
f 642/628/608 1234/627/607 1264/629/609 999/630/610
f 1234/627/607 646/626/606 1007/631/611 1264/629/609
f 1264/629/609 1007/631/611 654/632/612 1235/633/613
f 999/630/610 1264/629/609 1235/633/613 650/634/614
f 650/634/614 1235/633/613 1265/635/615 1013/636/616
f 1235/633/613 654/632/612 1021/637/617 1265/635/615
f 1265/635/615 1021/637/617 662/638/618 1236/639/619
f 1013/636/616 1265/635/615 1236/639/619 658/640/620
f 658/640/620 1236/639/619 1266/641/621 1027/642/622
f 1236/639/619 662/638/618 1035/643/623 1266/641/621
f 1266/641/621 1035/643/623 670/644/624 1237/645/625
f 1027/642/622 1266/641/621 1237/645/625 666/646/626
f 666/646/626 1237/645/625 1267/647/627 1041/648/628
f 1237/645/625 670/644/624 1049/649/629 1267/647/627
f 1267/647/627 1049/649/629 678/650/630 1238/651/631
f 1041/648/628 1267/647/627 1238/651/631 674/652/632
f 674/652/632 1238/651/631 1268/653/633 1055/654/634
f 1238/651/631 678/650/630 1063/655/635 1268/653/633
f 1268/653/633 1063/655/635 686/656/636 1239/657/637
f 1055/654/634 1268/653/633 1239/657/637 682/658/638
f 682/658/638 1239/657/637 1269/659/639 1069/660/640
f 1239/657/637 686/656/636 1077/661/641 1269/659/639
f 1269/659/639 1077/661/641 694/662/642 1240/663/643
f 1069/660/640 1269/659/639 1240/663/643 690/664/644
f 690/664/644 1240/663/643 1270/665/645 1083/666/646
f 1240/663/643 694/662/642 1091/667/647 1270/665/645
f 1270/665/645 1091/667/647 702/668/648 1241/669/649
f 1083/666/646 1270/665/645 1241/669/649 698/670/650
f 698/670/650 1241/669/649 1271/671/651 1097/672/652
f 1241/669/649 702/668/648 1105/673/653 1271/671/651
f 1271/671/651 1105/673/653 710/674/654 1242/675/655
f 1097/672/652 1271/671/651 1242/675/655 706/676/656
f 706/676/656 1242/675/655 1272/677/657 1111/678/658
f 1242/675/655 710/674/654 1119/679/659 1272/677/657
f 1272/677/657 1119/679/659 718/680/660 1243/681/661
f 1111/678/658 1272/677/657 1243/681/661 714/682/662
f 714/682/662 1243/681/661 1273/683/663 1125/684/664
f 1243/681/661 718/680/660 1133/685/665 1273/683/663
f 1273/683/663 1133/685/665 726/686/666 1244/687/667
f 1125/684/664 1273/683/663 1244/687/667 722/688/668
f 722/688/668 1244/687/667 1274/689/669 1139/690/670
f 1244/687/667 726/686/666 1147/691/671 1274/689/669
f 1274/689/669 1147/691/671 734/692/672 1245/693/673
f 1139/690/670 1274/689/669 1245/693/673 730/694/674
f 730/694/674 1245/693/673 1275/695/675 1153/696/676
f 1245/693/673 734/692/672 1161/697/677 1275/695/675
f 1275/695/675 1161/697/677 742/698/678 1246/699/679
f 1153/696/676 1275/695/675 1246/699/679 738/700/680
f 738/700/680 1246/699/679 1276/701/681 1167/702/682
f 1246/699/679 742/698/678 1175/703/683 1276/701/681
f 1276/701/681 1175/703/683 750/704/684 1247/705/685
f 1167/702/682 1276/701/681 1247/705/685 746/706/686
f 746/706/686 1247/705/685 1277/707/687 1181/708/688
f 1247/705/685 750/704/684 1189/709/689 1277/707/687
f 1277/707/687 1189/709/689 758/710/690 1248/711/691
f 1181/708/688 1277/707/687 1248/711/691 754/712/692
f 754/712/692 1248/711/691 1278/713/693 1195/714/694
f 1248/711/691 758/710/690 1203/715/695 1278/713/693
f 1278/713/693 1203/715/695 766/537/517 1219/534/514
f 1195/714/694 1278/713/693 1219/534/514 762/533/513
f 522/716/696 1218/717/697 1279/718/698 789/719/699
f 1218/717/697 526/720/700 797/721/701 1279/718/698
f 1279/718/698 797/721/701 534/546/526 1220/543/523
f 789/719/699 1279/718/698 1220/543/523 530/542/522
f 525/722/702 788/723/703 1280/724/704 802/725/705
f 517/726/706 1216/727/707 1280/724/704 788/723/703
f 765/728/708 1208/729/709 1280/724/704 1216/727/707
f 757/730/710 1194/731/711 1280/724/704 1208/729/709
f 749/732/712 1180/733/713 1280/724/704 1194/731/711
f 741/734/714 1166/735/715 1280/724/704 1180/733/713
f 733/736/716 1152/737/717 1280/724/704 1166/735/715
f 725/738/718 1138/739/719 1280/724/704 1152/737/717
f 717/740/720 1124/741/721 1280/724/704 1138/739/719
f 709/742/722 1110/743/723 1280/724/704 1124/741/721
f 701/744/724 1096/745/725 1280/724/704 1110/743/723
f 693/746/726 1082/747/727 1280/724/704 1096/745/725
f 685/748/728 1068/749/729 1280/724/704 1082/747/727
f 677/750/730 1054/751/731 1280/724/704 1068/749/729
f 669/752/732 1040/753/733 1280/724/704 1054/751/731
f 661/754/734 1026/755/735 1280/724/704 1040/753/733
f 653/756/736 1012/757/737 1280/724/704 1026/755/735
f 645/758/738 998/759/739 1280/724/704 1012/757/737
f 637/760/740 984/761/741 1280/724/704 998/759/739
f 629/762/742 970/763/743 1280/724/704 984/761/741
f 621/764/744 956/765/745 1280/724/704 970/763/743
f 613/766/746 942/767/747 1280/724/704 956/765/745
f 605/768/748 928/769/749 1280/724/704 942/767/747
f 597/770/750 914/771/751 1280/724/704 928/769/749
f 589/772/752 900/773/753 1280/724/704 914/771/751
f 581/774/754 886/775/755 1280/724/704 900/773/753
f 573/776/756 872/777/757 1280/724/704 886/775/755
f 565/778/758 858/779/759 1280/724/704 872/777/757
f 557/780/760 844/781/761 1280/724/704 858/779/759
f 549/782/762 830/783/763 1280/724/704 844/781/761
f 541/784/764 816/785/765 1280/724/704 830/783/763
f 533/786/766 802/725/705 1280/724/704 816/785/765
f 514/787/521 1217/788/520 1281/789/767 770/790/768
f 1217/788/520 518/791/519 780/792/769 1281/789/767
f 1281/789/767 780/792/769 526/720/700 1218/717/697
f 770/790/768 1281/789/767 1218/717/697 522/716/696
f 514/787/521 770/790/768 1282/793/770 769/794/771
f 770/790/768 522/716/696 771/795/772 1282/793/770
f 1282/793/770 771/795/772 524/796/773 772/797/774
f 769/794/771 1282/793/770 772/797/774 516/798/775
f 516/799/775 772/800/774 1283/801/776 773/802/777
f 772/800/774 524/803/773 774/804/778 1283/801/776
f 1283/801/776 774/804/778 523/805/779 775/806/780
f 773/802/777 1283/801/776 775/806/780 515/807/781
f 515/807/781 775/806/780 1284/808/782 776/809/783
f 775/806/780 523/805/779 777/810/784 1284/808/782
f 1284/808/782 777/810/784 521/811/785 778/812/786
f 776/809/783 1284/808/782 778/812/786 513/813/787
f 526/720/700 780/792/769 1285/814/788 779/815/789
f 780/792/769 518/791/519 781/816/790 1285/814/788
f 1285/814/788 781/816/790 520/817/791 782/818/792
f 779/815/789 1285/814/788 782/818/792 528/819/793
f 528/820/793 782/821/792 1286/822/794 783/823/795
f 782/821/792 520/824/791 784/825/796 1286/822/794
f 1286/822/794 784/825/796 519/826/797 785/827/798
f 783/823/795 1286/822/794 785/827/798 527/828/799
f 527/828/799 785/827/798 1287/829/800 786/830/801
f 785/827/798 519/826/797 787/831/802 1287/829/800
f 1287/829/800 787/831/802 517/726/706 788/723/703
f 786/830/801 1287/829/800 788/723/703 525/722/702
f 522/716/696 789/719/699 1288/832/803 771/833/772
f 789/719/699 530/542/522 790/834/804 1288/832/803
f 1288/832/803 790/834/804 532/835/805 791/836/806
f 771/833/772 1288/832/803 791/836/806 524/837/773
f 524/838/773 791/839/806 1289/840/807 774/841/778
f 791/839/806 532/842/805 792/843/808 1289/840/807
f 1289/840/807 792/843/808 531/844/809 793/845/810
f 774/841/778 1289/840/807 793/845/810 523/805/779
f 523/805/779 793/845/810 1290/846/811 777/810/784
f 793/845/810 531/844/809 794/847/812 1290/846/811
f 1290/846/811 794/847/812 529/848/813 795/849/814
f 777/810/784 1290/846/811 795/849/814 521/811/785
f 534/546/526 797/721/701 1291/850/815 796/851/816
f 797/721/701 526/720/700 779/852/789 1291/850/815
f 1291/850/815 779/852/789 528/853/793 798/854/817
f 796/851/816 1291/850/815 798/854/817 536/855/818
f 536/856/818 798/857/817 1292/858/819 799/859/820
f 798/857/817 528/860/793 783/861/795 1292/858/819
f 1292/858/819 783/861/795 527/828/799 800/862/821
f 799/859/820 1292/858/819 800/862/821 535/863/822
f 535/863/822 800/862/821 1293/864/823 801/865/824
f 800/862/821 527/828/799 786/830/801 1293/864/823
f 1293/864/823 786/830/801 525/722/702 802/725/705
f 801/865/824 1293/864/823 802/725/705 533/786/766
f 530/542/522 803/545/525 1294/866/825 790/867/804
f 803/545/525 538/550/530 804/868/826 1294/866/825
f 1294/866/825 804/868/826 540/869/827 805/870/828
f 790/867/804 1294/866/825 805/870/828 532/871/805
f 532/872/805 805/873/828 1295/874/829 792/875/808
f 805/873/828 540/876/827 806/877/830 1295/874/829
f 1295/874/829 806/877/830 539/878/831 807/879/832
f 792/875/808 1295/874/829 807/879/832 531/844/809
f 531/844/809 807/879/832 1296/880/833 794/847/812
f 807/879/832 539/878/831 808/881/834 1296/880/833
f 1296/880/833 808/881/834 537/882/835 809/883/836
f 794/847/812 1296/880/833 809/883/836 529/848/813
f 542/548/528 811/547/527 1297/884/837 810/885/838
f 811/547/527 534/546/526 796/886/816 1297/884/837
f 1297/884/837 796/886/816 536/887/818 812/888/839
f 810/885/838 1297/884/837 812/888/839 544/889/840
f 544/890/840 812/891/839 1298/892/841 813/893/842
f 812/891/839 536/894/818 799/895/820 1298/892/841
f 1298/892/841 799/895/820 535/863/822 814/896/843
f 813/893/842 1298/892/841 814/896/843 543/897/844
f 543/897/844 814/896/843 1299/898/845 815/899/846
f 814/896/843 535/863/822 801/865/824 1299/898/845
f 1299/898/845 801/865/824 533/786/766 816/785/765
f 815/899/846 1299/898/845 816/785/765 541/784/764
f 538/550/530 817/552/532 1300/900/847 804/901/826
f 817/552/532 546/556/536 818/902/848 1300/900/847
f 1300/900/847 818/902/848 548/903/849 819/904/850
f 804/901/826 1300/900/847 819/904/850 540/905/827
f 540/906/827 819/907/850 1301/908/851 806/909/830
f 819/907/850 548/910/849 820/911/852 1301/908/851
f 1301/908/851 820/911/852 547/912/853 821/913/854
f 806/909/830 1301/908/851 821/913/854 539/878/831
f 539/878/831 821/913/854 1302/914/855 808/881/834
f 821/913/854 547/912/853 822/915/856 1302/914/855
f 1302/914/855 822/915/856 545/916/857 823/917/858
f 808/881/834 1302/914/855 823/917/858 537/882/835
f 550/554/534 825/553/533 1303/918/859 824/919/860
f 825/553/533 542/548/528 810/920/838 1303/918/859
f 1303/918/859 810/920/838 544/921/840 826/922/861
f 824/919/860 1303/918/859 826/922/861 552/923/862
f 552/924/862 826/925/861 1304/926/863 827/927/864
f 826/925/861 544/928/840 813/929/842 1304/926/863
f 1304/926/863 813/929/842 543/897/844 828/930/865
f 827/927/864 1304/926/863 828/930/865 551/931/866
f 551/931/866 828/930/865 1305/932/867 829/933/868
f 828/930/865 543/897/844 815/899/846 1305/932/867
f 1305/932/867 815/899/846 541/784/764 830/783/763
f 829/933/868 1305/932/867 830/783/763 549/782/762
f 546/556/536 831/558/538 1306/934/869 818/935/848
f 831/558/538 554/562/542 832/936/870 1306/934/869
f 1306/934/869 832/936/870 556/937/871 833/938/872
f 818/935/848 1306/934/869 833/938/872 548/939/849
f 548/940/849 833/941/872 1307/942/873 820/943/852
f 833/941/872 556/944/871 834/945/874 1307/942/873
f 1307/942/873 834/945/874 555/946/875 835/947/876
f 820/943/852 1307/942/873 835/947/876 547/912/853
f 547/912/853 835/947/876 1308/948/877 822/915/856
f 835/947/876 555/946/875 836/949/878 1308/948/877
f 1308/948/877 836/949/878 553/950/879 837/951/880
f 822/915/856 1308/948/877 837/951/880 545/916/857
f 558/560/540 839/559/539 1309/952/881 838/953/882
f 839/559/539 550/554/534 824/954/860 1309/952/881
f 1309/952/881 824/954/860 552/955/862 840/956/883
f 838/953/882 1309/952/881 840/956/883 560/957/884
f 560/958/884 840/959/883 1310/960/885 841/961/886
f 840/959/883 552/962/862 827/963/864 1310/960/885
f 1310/960/885 827/963/864 551/931/866 842/964/887
f 841/961/886 1310/960/885 842/964/887 559/965/888
f 559/965/888 842/964/887 1311/966/889 843/967/890
f 842/964/887 551/931/866 829/933/868 1311/966/889
f 1311/966/889 829/933/868 549/782/762 844/781/761
f 843/967/890 1311/966/889 844/781/761 557/780/760
f 554/562/542 845/564/544 1312/968/891 832/969/870
f 845/564/544 562/568/548 846/970/892 1312/968/891
f 1312/968/891 846/970/892 564/971/893 847/972/894
f 832/969/870 1312/968/891 847/972/894 556/973/871
f 556/974/871 847/975/894 1313/976/895 834/977/874
f 847/975/894 564/978/893 848/979/896 1313/976/895
f 1313/976/895 848/979/896 563/980/897 849/981/898
f 834/977/874 1313/976/895 849/981/898 555/946/875
f 555/946/875 849/981/898 1314/982/899 836/949/878
f 849/981/898 563/980/897 850/983/900 1314/982/899
f 1314/982/899 850/983/900 561/984/901 851/985/902
f 836/949/878 1314/982/899 851/985/902 553/950/879
f 566/566/546 853/565/545 1315/986/903 852/987/904
f 853/565/545 558/560/540 838/988/882 1315/986/903
f 1315/986/903 838/988/882 560/989/884 854/990/905
f 852/987/904 1315/986/903 854/990/905 568/991/906
f 568/992/906 854/993/905 1316/994/907 855/995/908
f 854/993/905 560/996/884 841/997/886 1316/994/907
f 1316/994/907 841/997/886 559/965/888 856/998/909
f 855/995/908 1316/994/907 856/998/909 567/999/910
f 567/999/910 856/998/909 1317/1000/911 857/1001/912
f 856/998/909 559/965/888 843/967/890 1317/1000/911
f 1317/1000/911 843/967/890 557/780/760 858/779/759
f 857/1001/912 1317/1000/911 858/779/759 565/778/758
f 562/568/548 859/570/550 1318/1002/913 846/1003/892
f 859/570/550 570/574/554 860/1004/914 1318/1002/913
f 1318/1002/913 860/1004/914 572/1005/915 861/1006/916
f 846/1003/892 1318/1002/913 861/1006/916 564/1007/893
f 564/1008/893 861/1009/916 1319/1010/917 848/1011/896
f 861/1009/916 572/1012/915 862/1013/918 1319/1010/917
f 1319/1010/917 862/1013/918 571/1014/919 863/1015/920
f 848/1011/896 1319/1010/917 863/1015/920 563/980/897
f 563/980/897 863/1015/920 1320/1016/921 850/983/900
f 863/1015/920 571/1014/919 864/1017/922 1320/1016/921
f 1320/1016/921 864/1017/922 569/1018/923 865/1019/924
f 850/983/900 1320/1016/921 865/1019/924 561/984/901
f 574/572/552 867/571/551 1321/1020/925 866/1021/926
f 867/571/551 566/566/546 852/1022/904 1321/1020/925
f 1321/1020/925 852/1022/904 568/1023/906 868/1024/927
f 866/1021/926 1321/1020/925 868/1024/927 576/1025/928
f 576/1026/928 868/1027/927 1322/1028/929 869/1029/930
f 868/1027/927 568/1030/906 855/1031/908 1322/1028/929
f 1322/1028/929 855/1031/908 567/999/910 870/1032/931
f 869/1029/930 1322/1028/929 870/1032/931 575/1033/932
f 575/1033/932 870/1032/931 1323/1034/933 871/1035/934
f 870/1032/931 567/999/910 857/1001/912 1323/1034/933
f 1323/1034/933 857/1001/912 565/778/758 872/777/757
f 871/1035/934 1323/1034/933 872/777/757 573/776/756
f 570/574/554 873/576/556 1324/1036/935 860/1037/914
f 873/576/556 578/580/560 874/1038/936 1324/1036/935
f 1324/1036/935 874/1038/936 580/1039/937 875/1040/938
f 860/1037/914 1324/1036/935 875/1040/938 572/1041/915
f 572/1042/915 875/1043/938 1325/1044/939 862/1045/918
f 875/1043/938 580/1046/937 876/1047/940 1325/1044/939
f 1325/1044/939 876/1047/940 579/1048/941 877/1049/942
f 862/1045/918 1325/1044/939 877/1049/942 571/1014/919
f 571/1014/919 877/1049/942 1326/1050/943 864/1017/922
f 877/1049/942 579/1048/941 878/1051/944 1326/1050/943
f 1326/1050/943 878/1051/944 577/1052/945 879/1053/946
f 864/1017/922 1326/1050/943 879/1053/946 569/1018/923
f 582/578/558 881/577/557 1327/1054/947 880/1055/948
f 881/577/557 574/572/552 866/1056/926 1327/1054/947
f 1327/1054/947 866/1056/926 576/1057/928 882/1058/949
f 880/1055/948 1327/1054/947 882/1058/949 584/1059/950
f 584/1060/950 882/1061/949 1328/1062/951 883/1063/952
f 882/1061/949 576/1064/928 869/1065/930 1328/1062/951
f 1328/1062/951 869/1065/930 575/1033/932 884/1066/953
f 883/1063/952 1328/1062/951 884/1066/953 583/1067/954
f 583/1067/954 884/1066/953 1329/1068/955 885/1069/956
f 884/1066/953 575/1033/932 871/1035/934 1329/1068/955
f 1329/1068/955 871/1035/934 573/776/756 886/775/755
f 885/1069/956 1329/1068/955 886/775/755 581/774/754
f 578/580/560 887/582/562 1330/1070/957 874/1071/936
f 887/582/562 586/586/566 888/1072/958 1330/1070/957
f 1330/1070/957 888/1072/958 588/1073/959 889/1074/960
f 874/1071/936 1330/1070/957 889/1074/960 580/1075/937
f 580/1076/937 889/1077/960 1331/1078/961 876/1079/940
f 889/1077/960 588/1080/959 890/1081/962 1331/1078/961
f 1331/1078/961 890/1081/962 587/1082/963 891/1083/964
f 876/1079/940 1331/1078/961 891/1083/964 579/1048/941
f 579/1048/941 891/1083/964 1332/1084/965 878/1051/944
f 891/1083/964 587/1082/963 892/1085/966 1332/1084/965
f 1332/1084/965 892/1085/966 585/1086/967 893/1087/968
f 878/1051/944 1332/1084/965 893/1087/968 577/1052/945
f 590/584/564 895/583/563 1333/1088/969 894/1089/970
f 895/583/563 582/578/558 880/1090/948 1333/1088/969
f 1333/1088/969 880/1090/948 584/1091/950 896/1092/971
f 894/1089/970 1333/1088/969 896/1092/971 592/1093/972
f 592/1094/972 896/1095/971 1334/1096/973 897/1097/974
f 896/1095/971 584/1098/950 883/1099/952 1334/1096/973
f 1334/1096/973 883/1099/952 583/1067/954 898/1100/975
f 897/1097/974 1334/1096/973 898/1100/975 591/1101/976
f 591/1101/976 898/1100/975 1335/1102/977 899/1103/978
f 898/1100/975 583/1067/954 885/1069/956 1335/1102/977
f 1335/1102/977 885/1069/956 581/774/754 900/773/753
f 899/1103/978 1335/1102/977 900/773/753 589/772/752
f 586/586/566 901/588/568 1336/1104/979 888/1105/958
f 901/588/568 594/592/572 902/1106/980 1336/1104/979
f 1336/1104/979 902/1106/980 596/1107/981 903/1108/982
f 888/1105/958 1336/1104/979 903/1108/982 588/1109/959
f 588/1110/959 903/1111/982 1337/1112/983 890/1113/962
f 903/1111/982 596/1114/981 904/1115/984 1337/1112/983
f 1337/1112/983 904/1115/984 595/1116/985 905/1117/986
f 890/1113/962 1337/1112/983 905/1117/986 587/1082/963
f 587/1082/963 905/1117/986 1338/1118/987 892/1085/966
f 905/1117/986 595/1116/985 906/1119/988 1338/1118/987
f 1338/1118/987 906/1119/988 593/1120/989 907/1121/990
f 892/1085/966 1338/1118/987 907/1121/990 585/1086/967
f 598/590/570 909/589/569 1339/1122/991 908/1123/992
f 909/589/569 590/584/564 894/1124/970 1339/1122/991
f 1339/1122/991 894/1124/970 592/1125/972 910/1126/993
f 908/1123/992 1339/1122/991 910/1126/993 600/1127/994
f 600/1128/994 910/1129/993 1340/1130/995 911/1131/996
f 910/1129/993 592/1132/972 897/1133/974 1340/1130/995
f 1340/1130/995 897/1133/974 591/1101/976 912/1134/997
f 911/1131/996 1340/1130/995 912/1134/997 599/1135/998
f 599/1135/998 912/1134/997 1341/1136/999 913/1137/1000
f 912/1134/997 591/1101/976 899/1103/978 1341/1136/999
f 1341/1136/999 899/1103/978 589/772/752 914/771/751
f 913/1137/1000 1341/1136/999 914/771/751 597/770/750
f 594/592/572 915/594/574 1342/1138/1001 902/1139/980
f 915/594/574 602/598/578 916/1140/1002 1342/1138/1001
f 1342/1138/1001 916/1140/1002 604/1141/1003 917/1142/1004
f 902/1139/980 1342/1138/1001 917/1142/1004 596/1143/981
f 596/1144/981 917/1145/1004 1343/1146/1005 904/1147/984
f 917/1145/1004 604/1148/1003 918/1149/1006 1343/1146/1005
f 1343/1146/1005 918/1149/1006 603/1150/1007 919/1151/1008
f 904/1147/984 1343/1146/1005 919/1151/1008 595/1116/985
f 595/1116/985 919/1151/1008 1344/1152/1009 906/1119/988
f 919/1151/1008 603/1150/1007 920/1153/1010 1344/1152/1009
f 1344/1152/1009 920/1153/1010 601/1154/1011 921/1155/1012
f 906/1119/988 1344/1152/1009 921/1155/1012 593/1120/989
f 606/596/576 923/595/575 1345/1156/1013 922/1157/1014
f 923/595/575 598/590/570 908/1158/992 1345/1156/1013
f 1345/1156/1013 908/1158/992 600/1159/994 924/1160/1015
f 922/1157/1014 1345/1156/1013 924/1160/1015 608/1161/1016
f 608/1162/1016 924/1163/1015 1346/1164/1017 925/1165/1018
f 924/1163/1015 600/1166/994 911/1167/996 1346/1164/1017
f 1346/1164/1017 911/1167/996 599/1135/998 926/1168/1019
f 925/1165/1018 1346/1164/1017 926/1168/1019 607/1169/1020
f 607/1169/1020 926/1168/1019 1347/1170/1021 927/1171/1022
f 926/1168/1019 599/1135/998 913/1137/1000 1347/1170/1021
f 1347/1170/1021 913/1137/1000 597/770/750 928/769/749
f 927/1171/1022 1347/1170/1021 928/769/749 605/768/748
f 602/598/578 929/600/580 1348/1172/1023 916/1173/1002
f 929/600/580 610/604/584 930/1174/1024 1348/1172/1023
f 1348/1172/1023 930/1174/1024 612/1175/1025 931/1176/1026
f 916/1173/1002 1348/1172/1023 931/1176/1026 604/1177/1003
f 604/1178/1003 931/1179/1026 1349/1180/1027 918/1181/1006
f 931/1179/1026 612/1182/1025 932/1183/1028 1349/1180/1027
f 1349/1180/1027 932/1183/1028 611/1184/1029 933/1185/1030
f 918/1181/1006 1349/1180/1027 933/1185/1030 603/1150/1007
f 603/1150/1007 933/1185/1030 1350/1186/1031 920/1153/1010
f 933/1185/1030 611/1184/1029 934/1187/1032 1350/1186/1031
f 1350/1186/1031 934/1187/1032 609/1188/1033 935/1189/1034
f 920/1153/1010 1350/1186/1031 935/1189/1034 601/1154/1011
f 614/602/582 937/601/581 1351/1190/1035 936/1191/1036
f 937/601/581 606/596/576 922/1192/1014 1351/1190/1035
f 1351/1190/1035 922/1192/1014 608/1193/1016 938/1194/1037
f 936/1191/1036 1351/1190/1035 938/1194/1037 616/1195/1038
f 616/1196/1038 938/1197/1037 1352/1198/1039 939/1199/1040
f 938/1197/1037 608/1200/1016 925/1201/1018 1352/1198/1039
f 1352/1198/1039 925/1201/1018 607/1169/1020 940/1202/1041
f 939/1199/1040 1352/1198/1039 940/1202/1041 615/1203/1042
f 615/1203/1042 940/1202/1041 1353/1204/1043 941/1205/1044
f 940/1202/1041 607/1169/1020 927/1171/1022 1353/1204/1043
f 1353/1204/1043 927/1171/1022 605/768/748 942/767/747
f 941/1205/1044 1353/1204/1043 942/767/747 613/766/746
f 610/604/584 943/606/586 1354/1206/1045 930/1207/1024
f 943/606/586 618/610/590 944/1208/1046 1354/1206/1045
f 1354/1206/1045 944/1208/1046 620/1209/1047 945/1210/1048
f 930/1207/1024 1354/1206/1045 945/1210/1048 612/1211/1025
f 612/1212/1025 945/1213/1048 1355/1214/1049 932/1215/1028
f 945/1213/1048 620/1216/1047 946/1217/1050 1355/1214/1049
f 1355/1214/1049 946/1217/1050 619/1218/1051 947/1219/1052
f 932/1215/1028 1355/1214/1049 947/1219/1052 611/1184/1029
f 611/1184/1029 947/1219/1052 1356/1220/1053 934/1187/1032
f 947/1219/1052 619/1218/1051 948/1221/1054 1356/1220/1053
f 1356/1220/1053 948/1221/1054 617/1222/1055 949/1223/1056
f 934/1187/1032 1356/1220/1053 949/1223/1056 609/1188/1033
f 622/608/588 951/607/587 1357/1224/1057 950/1225/1058
f 951/607/587 614/602/582 936/1226/1036 1357/1224/1057
f 1357/1224/1057 936/1226/1036 616/1227/1038 952/1228/1059
f 950/1225/1058 1357/1224/1057 952/1228/1059 624/1229/1060
f 624/1230/1060 952/1231/1059 1358/1232/1061 953/1233/1062
f 952/1231/1059 616/1234/1038 939/1235/1040 1358/1232/1061
f 1358/1232/1061 939/1235/1040 615/1203/1042 954/1236/1063
f 953/1233/1062 1358/1232/1061 954/1236/1063 623/1237/1064
f 623/1237/1064 954/1236/1063 1359/1238/1065 955/1239/1066
f 954/1236/1063 615/1203/1042 941/1205/1044 1359/1238/1065
f 1359/1238/1065 941/1205/1044 613/766/746 956/765/745
f 955/1239/1066 1359/1238/1065 956/765/745 621/764/744
f 618/610/590 957/612/592 1360/1240/1067 944/1241/1046
f 957/612/592 626/616/596 958/1242/1068 1360/1240/1067
f 1360/1240/1067 958/1242/1068 628/1243/1069 959/1244/1070
f 944/1241/1046 1360/1240/1067 959/1244/1070 620/1245/1047
f 620/1246/1047 959/1247/1070 1361/1248/1071 946/1249/1050
f 959/1247/1070 628/1250/1069 960/1251/1072 1361/1248/1071
f 1361/1248/1071 960/1251/1072 627/1252/1073 961/1253/1074
f 946/1249/1050 1361/1248/1071 961/1253/1074 619/1218/1051
f 619/1218/1051 961/1253/1074 1362/1254/1075 948/1221/1054
f 961/1253/1074 627/1252/1073 962/1255/1076 1362/1254/1075
f 1362/1254/1075 962/1255/1076 625/1256/1077 963/1257/1078
f 948/1221/1054 1362/1254/1075 963/1257/1078 617/1222/1055
f 630/614/594 965/613/593 1363/1258/1079 964/1259/1080
f 965/613/593 622/608/588 950/1260/1058 1363/1258/1079
f 1363/1258/1079 950/1260/1058 624/1261/1060 966/1262/1081
f 964/1259/1080 1363/1258/1079 966/1262/1081 632/1263/1082
f 632/1264/1082 966/1265/1081 1364/1266/1083 967/1267/1084
f 966/1265/1081 624/1268/1060 953/1269/1062 1364/1266/1083
f 1364/1266/1083 953/1269/1062 623/1237/1064 968/1270/1085
f 967/1267/1084 1364/1266/1083 968/1270/1085 631/1271/1086
f 631/1271/1086 968/1270/1085 1365/1272/1087 969/1273/1088
f 968/1270/1085 623/1237/1064 955/1239/1066 1365/1272/1087
f 1365/1272/1087 955/1239/1066 621/764/744 970/763/743
f 969/1273/1088 1365/1272/1087 970/763/743 629/762/742
f 626/616/596 971/618/598 1366/1274/1089 958/1275/1068
f 971/618/598 634/622/602 972/1276/1090 1366/1274/1089
f 1366/1274/1089 972/1276/1090 636/1277/1091 973/1278/1092
f 958/1275/1068 1366/1274/1089 973/1278/1092 628/1279/1069
f 628/1280/1069 973/1281/1092 1367/1282/1093 960/1283/1072
f 973/1281/1092 636/1284/1091 974/1285/1094 1367/1282/1093
f 1367/1282/1093 974/1285/1094 635/1286/1095 975/1287/1096
f 960/1283/1072 1367/1282/1093 975/1287/1096 627/1252/1073
f 627/1252/1073 975/1287/1096 1368/1288/1097 962/1255/1076
f 975/1287/1096 635/1286/1095 976/1289/1098 1368/1288/1097
f 1368/1288/1097 976/1289/1098 633/1290/1099 977/1291/1100
f 962/1255/1076 1368/1288/1097 977/1291/1100 625/1256/1077
f 638/620/600 979/619/599 1369/1292/1101 978/1293/1102
f 979/619/599 630/614/594 964/1294/1080 1369/1292/1101
f 1369/1292/1101 964/1294/1080 632/1295/1082 980/1296/1103
f 978/1293/1102 1369/1292/1101 980/1296/1103 640/1297/1104
f 640/1298/1104 980/1299/1103 1370/1300/1105 981/1301/1106
f 980/1299/1103 632/1302/1082 967/1303/1084 1370/1300/1105
f 1370/1300/1105 967/1303/1084 631/1271/1086 982/1304/1107
f 981/1301/1106 1370/1300/1105 982/1304/1107 639/1305/1108
f 639/1305/1108 982/1304/1107 1371/1306/1109 983/1307/1110
f 982/1304/1107 631/1271/1086 969/1273/1088 1371/1306/1109
f 1371/1306/1109 969/1273/1088 629/762/742 984/761/741
f 983/1307/1110 1371/1306/1109 984/761/741 637/760/740
f 634/622/602 985/624/604 1372/1308/1111 972/1309/1090
f 985/624/604 642/628/608 986/1310/1112 1372/1308/1111
f 1372/1308/1111 986/1310/1112 644/1311/1113 987/1312/1114
f 972/1309/1090 1372/1308/1111 987/1312/1114 636/1313/1091
f 636/1314/1091 987/1315/1114 1373/1316/1115 974/1317/1094
f 987/1315/1114 644/1318/1113 988/1319/1116 1373/1316/1115
f 1373/1316/1115 988/1319/1116 643/1320/1117 989/1321/1118
f 974/1317/1094 1373/1316/1115 989/1321/1118 635/1286/1095
f 635/1286/1095 989/1321/1118 1374/1322/1119 976/1289/1098
f 989/1321/1118 643/1320/1117 990/1323/1120 1374/1322/1119
f 1374/1322/1119 990/1323/1120 641/1324/1121 991/1325/1122
f 976/1289/1098 1374/1322/1119 991/1325/1122 633/1290/1099
f 646/626/606 993/625/605 1375/1326/1123 992/1327/1124
f 993/625/605 638/620/600 978/1328/1102 1375/1326/1123
f 1375/1326/1123 978/1328/1102 640/1329/1104 994/1330/1125
f 992/1327/1124 1375/1326/1123 994/1330/1125 648/1331/1126
f 648/1332/1126 994/1333/1125 1376/1334/1127 995/1335/1128
f 994/1333/1125 640/1336/1104 981/1337/1106 1376/1334/1127
f 1376/1334/1127 981/1337/1106 639/1305/1108 996/1338/1129
f 995/1335/1128 1376/1334/1127 996/1338/1129 647/1339/1130
f 647/1339/1130 996/1338/1129 1377/1340/1131 997/1341/1132
f 996/1338/1129 639/1305/1108 983/1307/1110 1377/1340/1131
f 1377/1340/1131 983/1307/1110 637/760/740 998/759/739
f 997/1341/1132 1377/1340/1131 998/759/739 645/758/738
f 642/628/608 999/630/610 1378/1342/1133 986/1343/1112
f 999/630/610 650/634/614 1000/1344/1134 1378/1342/1133
f 1378/1342/1133 1000/1344/1134 652/1345/1135 1001/1346/1136
f 986/1343/1112 1378/1342/1133 1001/1346/1136 644/1347/1113
f 644/1348/1113 1001/1349/1136 1379/1350/1137 988/1351/1116
f 1001/1349/1136 652/1352/1135 1002/1353/1138 1379/1350/1137
f 1379/1350/1137 1002/1353/1138 651/1354/1139 1003/1355/1140
f 988/1351/1116 1379/1350/1137 1003/1355/1140 643/1320/1117
f 643/1320/1117 1003/1355/1140 1380/1356/1141 990/1323/1120
f 1003/1355/1140 651/1354/1139 1004/1357/1142 1380/1356/1141
f 1380/1356/1141 1004/1357/1142 649/1358/1143 1005/1359/1144
f 990/1323/1120 1380/1356/1141 1005/1359/1144 641/1324/1121
f 654/632/612 1007/631/611 1381/1360/1145 1006/1361/1146
f 1007/631/611 646/626/606 992/1362/1124 1381/1360/1145
f 1381/1360/1145 992/1362/1124 648/1363/1126 1008/1364/1147
f 1006/1361/1146 1381/1360/1145 1008/1364/1147 656/1365/1148
f 656/1366/1148 1008/1367/1147 1382/1368/1149 1009/1369/1150
f 1008/1367/1147 648/1370/1126 995/1371/1128 1382/1368/1149
f 1382/1368/1149 995/1371/1128 647/1339/1130 1010/1372/1151
f 1009/1369/1150 1382/1368/1149 1010/1372/1151 655/1373/1152
f 655/1373/1152 1010/1372/1151 1383/1374/1153 1011/1375/1154
f 1010/1372/1151 647/1339/1130 997/1341/1132 1383/1374/1153
f 1383/1374/1153 997/1341/1132 645/758/738 1012/757/737
f 1011/1375/1154 1383/1374/1153 1012/757/737 653/756/736
f 650/634/614 1013/636/616 1384/1376/1155 1000/1377/1134
f 1013/636/616 658/640/620 1014/1378/1156 1384/1376/1155
f 1384/1376/1155 1014/1378/1156 660/1379/1157 1015/1380/1158
f 1000/1377/1134 1384/1376/1155 1015/1380/1158 652/1381/1135
f 652/1382/1135 1015/1383/1158 1385/1384/1159 1002/1385/1138
f 1015/1383/1158 660/1386/1157 1016/1387/1160 1385/1384/1159
f 1385/1384/1159 1016/1387/1160 659/1388/1161 1017/1389/1162
f 1002/1385/1138 1385/1384/1159 1017/1389/1162 651/1354/1139
f 651/1354/1139 1017/1389/1162 1386/1390/1163 1004/1357/1142
f 1017/1389/1162 659/1388/1161 1018/1391/1164 1386/1390/1163
f 1386/1390/1163 1018/1391/1164 657/1392/1165 1019/1393/1166
f 1004/1357/1142 1386/1390/1163 1019/1393/1166 649/1358/1143
f 662/638/618 1021/637/617 1387/1394/1167 1020/1395/1168
f 1021/637/617 654/632/612 1006/1396/1146 1387/1394/1167
f 1387/1394/1167 1006/1396/1146 656/1397/1148 1022/1398/1169
f 1020/1395/1168 1387/1394/1167 1022/1398/1169 664/1399/1170
f 664/1400/1170 1022/1401/1169 1388/1402/1171 1023/1403/1172
f 1022/1401/1169 656/1404/1148 1009/1405/1150 1388/1402/1171
f 1388/1402/1171 1009/1405/1150 655/1373/1152 1024/1406/1173
f 1023/1403/1172 1388/1402/1171 1024/1406/1173 663/1407/1174
f 663/1407/1174 1024/1406/1173 1389/1408/1175 1025/1409/1176
f 1024/1406/1173 655/1373/1152 1011/1375/1154 1389/1408/1175
f 1389/1408/1175 1011/1375/1154 653/756/736 1026/755/735
f 1025/1409/1176 1389/1408/1175 1026/755/735 661/754/734
f 658/640/620 1027/642/622 1390/1410/1177 1014/1411/1156
f 1027/642/622 666/646/626 1028/1412/1178 1390/1410/1177
f 1390/1410/1177 1028/1412/1178 668/1413/1179 1029/1414/1180
f 1014/1411/1156 1390/1410/1177 1029/1414/1180 660/1415/1157
f 660/1416/1157 1029/1417/1180 1391/1418/1181 1016/1419/1160
f 1029/1417/1180 668/1420/1179 1030/1421/1182 1391/1418/1181
f 1391/1418/1181 1030/1421/1182 667/1422/1183 1031/1423/1184
f 1016/1419/1160 1391/1418/1181 1031/1423/1184 659/1388/1161
f 659/1388/1161 1031/1423/1184 1392/1424/1185 1018/1391/1164
f 1031/1423/1184 667/1422/1183 1032/1425/1186 1392/1424/1185
f 1392/1424/1185 1032/1425/1186 665/1426/1187 1033/1427/1188
f 1018/1391/1164 1392/1424/1185 1033/1427/1188 657/1392/1165
f 670/644/624 1035/643/623 1393/1428/1189 1034/1429/1190
f 1035/643/623 662/638/618 1020/1430/1168 1393/1428/1189
f 1393/1428/1189 1020/1430/1168 664/1431/1170 1036/1432/1191
f 1034/1429/1190 1393/1428/1189 1036/1432/1191 672/1433/1192
f 672/1434/1192 1036/1435/1191 1394/1436/1193 1037/1437/1194
f 1036/1435/1191 664/1438/1170 1023/1439/1172 1394/1436/1193
f 1394/1436/1193 1023/1439/1172 663/1407/1174 1038/1440/1195
f 1037/1437/1194 1394/1436/1193 1038/1440/1195 671/1441/1196
f 671/1441/1196 1038/1440/1195 1395/1442/1197 1039/1443/1198
f 1038/1440/1195 663/1407/1174 1025/1409/1176 1395/1442/1197
f 1395/1442/1197 1025/1409/1176 661/754/734 1040/753/733
f 1039/1443/1198 1395/1442/1197 1040/753/733 669/752/732
f 666/646/626 1041/648/628 1396/1444/1199 1028/1445/1178
f 1041/648/628 674/652/632 1042/1446/1200 1396/1444/1199
f 1396/1444/1199 1042/1446/1200 676/1447/1201 1043/1448/1202
f 1028/1445/1178 1396/1444/1199 1043/1448/1202 668/1449/1179
f 668/1450/1179 1043/1451/1202 1397/1452/1203 1030/1453/1182
f 1043/1451/1202 676/1454/1201 1044/1455/1204 1397/1452/1203
f 1397/1452/1203 1044/1455/1204 675/1456/1205 1045/1457/1206
f 1030/1453/1182 1397/1452/1203 1045/1457/1206 667/1422/1183
f 667/1422/1183 1045/1457/1206 1398/1458/1207 1032/1425/1186
f 1045/1457/1206 675/1456/1205 1046/1459/1208 1398/1458/1207
f 1398/1458/1207 1046/1459/1208 673/1460/1209 1047/1461/1210
f 1032/1425/1186 1398/1458/1207 1047/1461/1210 665/1426/1187
f 678/650/630 1049/649/629 1399/1462/1211 1048/1463/1212
f 1049/649/629 670/644/624 1034/1464/1190 1399/1462/1211
f 1399/1462/1211 1034/1464/1190 672/1465/1192 1050/1466/1213
f 1048/1463/1212 1399/1462/1211 1050/1466/1213 680/1467/1214
f 680/1468/1214 1050/1469/1213 1400/1470/1215 1051/1471/1216
f 1050/1469/1213 672/1472/1192 1037/1473/1194 1400/1470/1215
f 1400/1470/1215 1037/1473/1194 671/1441/1196 1052/1474/1217
f 1051/1471/1216 1400/1470/1215 1052/1474/1217 679/1475/1218
f 679/1475/1218 1052/1474/1217 1401/1476/1219 1053/1477/1220
f 1052/1474/1217 671/1441/1196 1039/1443/1198 1401/1476/1219
f 1401/1476/1219 1039/1443/1198 669/752/732 1054/751/731
f 1053/1477/1220 1401/1476/1219 1054/751/731 677/750/730
f 674/652/632 1055/654/634 1402/1478/1221 1042/1479/1200
f 1055/654/634 682/658/638 1056/1480/1222 1402/1478/1221
f 1402/1478/1221 1056/1480/1222 684/1481/1223 1057/1482/1224
f 1042/1479/1200 1402/1478/1221 1057/1482/1224 676/1483/1201
f 676/1484/1201 1057/1485/1224 1403/1486/1225 1044/1487/1204
f 1057/1485/1224 684/1488/1223 1058/1489/1226 1403/1486/1225
f 1403/1486/1225 1058/1489/1226 683/1490/1227 1059/1491/1228
f 1044/1487/1204 1403/1486/1225 1059/1491/1228 675/1456/1205
f 675/1456/1205 1059/1491/1228 1404/1492/1229 1046/1459/1208
f 1059/1491/1228 683/1490/1227 1060/1493/1230 1404/1492/1229
f 1404/1492/1229 1060/1493/1230 681/1494/1231 1061/1495/1232
f 1046/1459/1208 1404/1492/1229 1061/1495/1232 673/1460/1209
f 686/656/636 1063/655/635 1405/1496/1233 1062/1497/1234
f 1063/655/635 678/650/630 1048/1498/1212 1405/1496/1233
f 1405/1496/1233 1048/1498/1212 680/1499/1214 1064/1500/1235
f 1062/1497/1234 1405/1496/1233 1064/1500/1235 688/1501/1236
f 688/1502/1236 1064/1503/1235 1406/1504/1237 1065/1505/1238
f 1064/1503/1235 680/1506/1214 1051/1507/1216 1406/1504/1237
f 1406/1504/1237 1051/1507/1216 679/1475/1218 1066/1508/1239
f 1065/1505/1238 1406/1504/1237 1066/1508/1239 687/1509/1240
f 687/1509/1240 1066/1508/1239 1407/1510/1241 1067/1511/1242
f 1066/1508/1239 679/1475/1218 1053/1477/1220 1407/1510/1241
f 1407/1510/1241 1053/1477/1220 677/750/730 1068/749/729
f 1067/1511/1242 1407/1510/1241 1068/749/729 685/748/728
f 682/658/638 1069/660/640 1408/1512/1243 1056/1513/1222
f 1069/660/640 690/664/644 1070/1514/1244 1408/1512/1243
f 1408/1512/1243 1070/1514/1244 692/1515/1245 1071/1516/1246
f 1056/1513/1222 1408/1512/1243 1071/1516/1246 684/1517/1223
f 684/1518/1223 1071/1519/1246 1409/1520/1247 1058/1521/1226
f 1071/1519/1246 692/1522/1245 1072/1523/1248 1409/1520/1247
f 1409/1520/1247 1072/1523/1248 691/1524/1249 1073/1525/1250
f 1058/1521/1226 1409/1520/1247 1073/1525/1250 683/1490/1227
f 683/1490/1227 1073/1525/1250 1410/1526/1251 1060/1493/1230
f 1073/1525/1250 691/1524/1249 1074/1527/1252 1410/1526/1251
f 1410/1526/1251 1074/1527/1252 689/1528/1253 1075/1529/1254
f 1060/1493/1230 1410/1526/1251 1075/1529/1254 681/1494/1231
f 694/662/642 1077/661/641 1411/1530/1255 1076/1531/1256
f 1077/661/641 686/656/636 1062/1532/1234 1411/1530/1255
f 1411/1530/1255 1062/1532/1234 688/1533/1236 1078/1534/1257
f 1076/1531/1256 1411/1530/1255 1078/1534/1257 696/1535/1258
f 696/1536/1258 1078/1537/1257 1412/1538/1259 1079/1539/1260
f 1078/1537/1257 688/1540/1236 1065/1541/1238 1412/1538/1259
f 1412/1538/1259 1065/1541/1238 687/1509/1240 1080/1542/1261
f 1079/1539/1260 1412/1538/1259 1080/1542/1261 695/1543/1262
f 695/1543/1262 1080/1542/1261 1413/1544/1263 1081/1545/1264
f 1080/1542/1261 687/1509/1240 1067/1511/1242 1413/1544/1263
f 1413/1544/1263 1067/1511/1242 685/748/728 1082/747/727
f 1081/1545/1264 1413/1544/1263 1082/747/727 693/746/726
f 690/664/644 1083/666/646 1414/1546/1265 1070/1547/1244
f 1083/666/646 698/670/650 1084/1548/1266 1414/1546/1265
f 1414/1546/1265 1084/1548/1266 700/1549/1267 1085/1550/1268
f 1070/1547/1244 1414/1546/1265 1085/1550/1268 692/1551/1245
f 692/1552/1245 1085/1553/1268 1415/1554/1269 1072/1555/1248
f 1085/1553/1268 700/1556/1267 1086/1557/1270 1415/1554/1269
f 1415/1554/1269 1086/1557/1270 699/1558/1271 1087/1559/1272
f 1072/1555/1248 1415/1554/1269 1087/1559/1272 691/1524/1249
f 691/1524/1249 1087/1559/1272 1416/1560/1273 1074/1527/1252
f 1087/1559/1272 699/1558/1271 1088/1561/1274 1416/1560/1273
f 1416/1560/1273 1088/1561/1274 697/1562/1275 1089/1563/1276
f 1074/1527/1252 1416/1560/1273 1089/1563/1276 689/1528/1253
f 702/668/648 1091/667/647 1417/1564/1277 1090/1565/1278
f 1091/667/647 694/662/642 1076/1566/1256 1417/1564/1277
f 1417/1564/1277 1076/1566/1256 696/1567/1258 1092/1568/1279
f 1090/1565/1278 1417/1564/1277 1092/1568/1279 704/1569/1280
f 704/1570/1280 1092/1571/1279 1418/1572/1281 1093/1573/1282
f 1092/1571/1279 696/1574/1258 1079/1575/1260 1418/1572/1281
f 1418/1572/1281 1079/1575/1260 695/1543/1262 1094/1576/1283
f 1093/1573/1282 1418/1572/1281 1094/1576/1283 703/1577/1284
f 703/1577/1284 1094/1576/1283 1419/1578/1285 1095/1579/1286
f 1094/1576/1283 695/1543/1262 1081/1545/1264 1419/1578/1285
f 1419/1578/1285 1081/1545/1264 693/746/726 1096/745/725
f 1095/1579/1286 1419/1578/1285 1096/745/725 701/744/724
f 698/670/650 1097/672/652 1420/1580/1287 1084/1581/1266
f 1097/672/652 706/676/656 1098/1582/1288 1420/1580/1287
f 1420/1580/1287 1098/1582/1288 708/1583/1289 1099/1584/1290
f 1084/1581/1266 1420/1580/1287 1099/1584/1290 700/1585/1267
f 700/1586/1267 1099/1587/1290 1421/1588/1291 1086/1589/1270
f 1099/1587/1290 708/1590/1289 1100/1591/1292 1421/1588/1291
f 1421/1588/1291 1100/1591/1292 707/1592/1293 1101/1593/1294
f 1086/1589/1270 1421/1588/1291 1101/1593/1294 699/1558/1271
f 699/1558/1271 1101/1593/1294 1422/1594/1295 1088/1561/1274
f 1101/1593/1294 707/1592/1293 1102/1595/1296 1422/1594/1295
f 1422/1594/1295 1102/1595/1296 705/1596/1297 1103/1597/1298
f 1088/1561/1274 1422/1594/1295 1103/1597/1298 697/1562/1275
f 710/674/654 1105/673/653 1423/1598/1299 1104/1599/1300
f 1105/673/653 702/668/648 1090/1600/1278 1423/1598/1299
f 1423/1598/1299 1090/1600/1278 704/1601/1280 1106/1602/1301
f 1104/1599/1300 1423/1598/1299 1106/1602/1301 712/1603/1302
f 712/1604/1302 1106/1605/1301 1424/1606/1303 1107/1607/1304
f 1106/1605/1301 704/1608/1280 1093/1609/1282 1424/1606/1303
f 1424/1606/1303 1093/1609/1282 703/1577/1284 1108/1610/1305
f 1107/1607/1304 1424/1606/1303 1108/1610/1305 711/1611/1306
f 711/1611/1306 1108/1610/1305 1425/1612/1307 1109/1613/1308
f 1108/1610/1305 703/1577/1284 1095/1579/1286 1425/1612/1307
f 1425/1612/1307 1095/1579/1286 701/744/724 1110/743/723
f 1109/1613/1308 1425/1612/1307 1110/743/723 709/742/722
f 706/676/656 1111/678/658 1426/1614/1309 1098/1615/1288
f 1111/678/658 714/682/662 1112/1616/1310 1426/1614/1309
f 1426/1614/1309 1112/1616/1310 716/1617/1311 1113/1618/1312
f 1098/1615/1288 1426/1614/1309 1113/1618/1312 708/1619/1289
f 708/1620/1289 1113/1621/1312 1427/1622/1313 1100/1623/1292
f 1113/1621/1312 716/1624/1311 1114/1625/1314 1427/1622/1313
f 1427/1622/1313 1114/1625/1314 715/1626/1315 1115/1627/1316
f 1100/1623/1292 1427/1622/1313 1115/1627/1316 707/1592/1293
f 707/1592/1293 1115/1627/1316 1428/1628/1317 1102/1595/1296
f 1115/1627/1316 715/1626/1315 1116/1629/1318 1428/1628/1317
f 1428/1628/1317 1116/1629/1318 713/1630/1319 1117/1631/1320
f 1102/1595/1296 1428/1628/1317 1117/1631/1320 705/1596/1297
f 718/680/660 1119/679/659 1429/1632/1321 1118/1633/1322
f 1119/679/659 710/674/654 1104/1634/1300 1429/1632/1321
f 1429/1632/1321 1104/1634/1300 712/1635/1302 1120/1636/1323
f 1118/1633/1322 1429/1632/1321 1120/1636/1323 720/1637/1324
f 720/1638/1324 1120/1639/1323 1430/1640/1325 1121/1641/1326
f 1120/1639/1323 712/1642/1302 1107/1643/1304 1430/1640/1325
f 1430/1640/1325 1107/1643/1304 711/1611/1306 1122/1644/1327
f 1121/1641/1326 1430/1640/1325 1122/1644/1327 719/1645/1328
f 719/1645/1328 1122/1644/1327 1431/1646/1329 1123/1647/1330
f 1122/1644/1327 711/1611/1306 1109/1613/1308 1431/1646/1329
f 1431/1646/1329 1109/1613/1308 709/742/722 1124/741/721
f 1123/1647/1330 1431/1646/1329 1124/741/721 717/740/720
f 714/682/662 1125/684/664 1432/1648/1331 1112/1649/1310
f 1125/684/664 722/688/668 1126/1650/1332 1432/1648/1331
f 1432/1648/1331 1126/1650/1332 724/1651/1333 1127/1652/1334
f 1112/1649/1310 1432/1648/1331 1127/1652/1334 716/1653/1311
f 716/1654/1311 1127/1655/1334 1433/1656/1335 1114/1657/1314
f 1127/1655/1334 724/1658/1333 1128/1659/1336 1433/1656/1335
f 1433/1656/1335 1128/1659/1336 723/1660/1337 1129/1661/1338
f 1114/1657/1314 1433/1656/1335 1129/1661/1338 715/1626/1315
f 715/1626/1315 1129/1661/1338 1434/1662/1339 1116/1629/1318
f 1129/1661/1338 723/1660/1337 1130/1663/1340 1434/1662/1339
f 1434/1662/1339 1130/1663/1340 721/1664/1341 1131/1665/1342
f 1116/1629/1318 1434/1662/1339 1131/1665/1342 713/1630/1319
f 726/686/666 1133/685/665 1435/1666/1343 1132/1667/1344
f 1133/685/665 718/680/660 1118/1668/1322 1435/1666/1343
f 1435/1666/1343 1118/1668/1322 720/1669/1324 1134/1670/1345
f 1132/1667/1344 1435/1666/1343 1134/1670/1345 728/1671/1346
f 728/1672/1346 1134/1673/1345 1436/1674/1347 1135/1675/1348
f 1134/1673/1345 720/1676/1324 1121/1677/1326 1436/1674/1347
f 1436/1674/1347 1121/1677/1326 719/1645/1328 1136/1678/1349
f 1135/1675/1348 1436/1674/1347 1136/1678/1349 727/1679/1350
f 727/1679/1350 1136/1678/1349 1437/1680/1351 1137/1681/1352
f 1136/1678/1349 719/1645/1328 1123/1647/1330 1437/1680/1351
f 1437/1680/1351 1123/1647/1330 717/740/720 1138/739/719
f 1137/1681/1352 1437/1680/1351 1138/739/719 725/738/718
f 722/688/668 1139/690/670 1438/1682/1353 1126/1683/1332
f 1139/690/670 730/694/674 1140/1684/1354 1438/1682/1353
f 1438/1682/1353 1140/1684/1354 732/1685/1355 1141/1686/1356
f 1126/1683/1332 1438/1682/1353 1141/1686/1356 724/1687/1333
f 724/1688/1333 1141/1689/1356 1439/1690/1357 1128/1691/1336
f 1141/1689/1356 732/1692/1355 1142/1693/1358 1439/1690/1357
f 1439/1690/1357 1142/1693/1358 731/1694/1359 1143/1695/1360
f 1128/1691/1336 1439/1690/1357 1143/1695/1360 723/1660/1337
f 723/1660/1337 1143/1695/1360 1440/1696/1361 1130/1663/1340
f 1143/1695/1360 731/1694/1359 1144/1697/1362 1440/1696/1361
f 1440/1696/1361 1144/1697/1362 729/1698/1363 1145/1699/1364
f 1130/1663/1340 1440/1696/1361 1145/1699/1364 721/1664/1341
f 734/692/672 1147/691/671 1441/1700/1365 1146/1701/1366
f 1147/691/671 726/686/666 1132/1702/1344 1441/1700/1365
f 1441/1700/1365 1132/1702/1344 728/1703/1346 1148/1704/1367
f 1146/1701/1366 1441/1700/1365 1148/1704/1367 736/1705/1368
f 736/1706/1368 1148/1707/1367 1442/1708/1369 1149/1709/1370
f 1148/1707/1367 728/1710/1346 1135/1711/1348 1442/1708/1369
f 1442/1708/1369 1135/1711/1348 727/1679/1350 1150/1712/1371
f 1149/1709/1370 1442/1708/1369 1150/1712/1371 735/1713/1372
f 735/1713/1372 1150/1712/1371 1443/1714/1373 1151/1715/1374
f 1150/1712/1371 727/1679/1350 1137/1681/1352 1443/1714/1373
f 1443/1714/1373 1137/1681/1352 725/738/718 1152/737/717
f 1151/1715/1374 1443/1714/1373 1152/737/717 733/736/716
f 730/694/674 1153/696/676 1444/1716/1375 1140/1717/1354
f 1153/696/676 738/700/680 1154/1718/1376 1444/1716/1375
f 1444/1716/1375 1154/1718/1376 740/1719/1377 1155/1720/1378
f 1140/1717/1354 1444/1716/1375 1155/1720/1378 732/1721/1355
f 732/1722/1355 1155/1723/1378 1445/1724/1379 1142/1725/1358
f 1155/1723/1378 740/1726/1377 1156/1727/1380 1445/1724/1379
f 1445/1724/1379 1156/1727/1380 739/1728/1381 1157/1729/1382
f 1142/1725/1358 1445/1724/1379 1157/1729/1382 731/1694/1359
f 731/1694/1359 1157/1729/1382 1446/1730/1383 1144/1697/1362
f 1157/1729/1382 739/1728/1381 1158/1731/1384 1446/1730/1383
f 1446/1730/1383 1158/1731/1384 737/1732/1385 1159/1733/1386
f 1144/1697/1362 1446/1730/1383 1159/1733/1386 729/1698/1363
f 742/698/678 1161/697/677 1447/1734/1387 1160/1735/1388
f 1161/697/677 734/692/672 1146/1736/1366 1447/1734/1387
f 1447/1734/1387 1146/1736/1366 736/1737/1368 1162/1738/1389
f 1160/1735/1388 1447/1734/1387 1162/1738/1389 744/1739/1390
f 744/1740/1390 1162/1741/1389 1448/1742/1391 1163/1743/1392
f 1162/1741/1389 736/1744/1368 1149/1745/1370 1448/1742/1391
f 1448/1742/1391 1149/1745/1370 735/1713/1372 1164/1746/1393
f 1163/1743/1392 1448/1742/1391 1164/1746/1393 743/1747/1394
f 743/1747/1394 1164/1746/1393 1449/1748/1395 1165/1749/1396
f 1164/1746/1393 735/1713/1372 1151/1715/1374 1449/1748/1395
f 1449/1748/1395 1151/1715/1374 733/736/716 1166/735/715
f 1165/1749/1396 1449/1748/1395 1166/735/715 741/734/714
f 738/700/680 1167/702/682 1450/1750/1397 1154/1751/1376
f 1167/702/682 746/706/686 1168/1752/1398 1450/1750/1397
f 1450/1750/1397 1168/1752/1398 748/1753/1399 1169/1754/1400
f 1154/1751/1376 1450/1750/1397 1169/1754/1400 740/1755/1377
f 740/1756/1377 1169/1757/1400 1451/1758/1401 1156/1759/1380
f 1169/1757/1400 748/1760/1399 1170/1761/1402 1451/1758/1401
f 1451/1758/1401 1170/1761/1402 747/1762/1403 1171/1763/1404
f 1156/1759/1380 1451/1758/1401 1171/1763/1404 739/1728/1381
f 739/1728/1381 1171/1763/1404 1452/1764/1405 1158/1731/1384
f 1171/1763/1404 747/1762/1403 1172/1765/1406 1452/1764/1405
f 1452/1764/1405 1172/1765/1406 745/1766/1407 1173/1767/1408
f 1158/1731/1384 1452/1764/1405 1173/1767/1408 737/1732/1385
f 750/704/684 1175/703/683 1453/1768/1409 1174/1769/1410
f 1175/703/683 742/698/678 1160/1770/1388 1453/1768/1409
f 1453/1768/1409 1160/1770/1388 744/1771/1390 1176/1772/1411
f 1174/1769/1410 1453/1768/1409 1176/1772/1411 752/1773/1412
f 752/1774/1412 1176/1775/1411 1454/1776/1413 1177/1777/1414
f 1176/1775/1411 744/1778/1390 1163/1779/1392 1454/1776/1413
f 1454/1776/1413 1163/1779/1392 743/1747/1394 1178/1780/1415
f 1177/1777/1414 1454/1776/1413 1178/1780/1415 751/1781/1416
f 751/1781/1416 1178/1780/1415 1455/1782/1417 1179/1783/1418
f 1178/1780/1415 743/1747/1394 1165/1749/1396 1455/1782/1417
f 1455/1782/1417 1165/1749/1396 741/734/714 1180/733/713
f 1179/1783/1418 1455/1782/1417 1180/733/713 749/732/712
f 746/706/686 1181/708/688 1456/1784/1419 1168/1785/1398
f 1181/708/688 754/712/692 1182/1786/1420 1456/1784/1419
f 1456/1784/1419 1182/1786/1420 756/1787/1421 1183/1788/1422
f 1168/1785/1398 1456/1784/1419 1183/1788/1422 748/1789/1399
f 748/1790/1399 1183/1791/1422 1457/1792/1423 1170/1793/1402
f 1183/1791/1422 756/1794/1421 1184/1795/1424 1457/1792/1423
f 1457/1792/1423 1184/1795/1424 755/1796/1425 1185/1797/1426
f 1170/1793/1402 1457/1792/1423 1185/1797/1426 747/1762/1403
f 747/1762/1403 1185/1797/1426 1458/1798/1427 1172/1765/1406
f 1185/1797/1426 755/1796/1425 1186/1799/1428 1458/1798/1427
f 1458/1798/1427 1186/1799/1428 753/1800/1429 1187/1801/1430
f 1172/1765/1406 1458/1798/1427 1187/1801/1430 745/1766/1407
f 758/710/690 1189/709/689 1459/1802/1431 1188/1803/1432
f 1189/709/689 750/704/684 1174/1804/1410 1459/1802/1431
f 1459/1802/1431 1174/1804/1410 752/1805/1412 1190/1806/1433
f 1188/1803/1432 1459/1802/1431 1190/1806/1433 760/1807/1434
f 760/1808/1434 1190/1809/1433 1460/1810/1435 1191/1811/1436
f 1190/1809/1433 752/1812/1412 1177/1813/1414 1460/1810/1435
f 1460/1810/1435 1177/1813/1414 751/1781/1416 1192/1814/1437
f 1191/1811/1436 1460/1810/1435 1192/1814/1437 759/1815/1438
f 759/1815/1438 1192/1814/1437 1461/1816/1439 1193/1817/1440
f 1192/1814/1437 751/1781/1416 1179/1783/1418 1461/1816/1439
f 1461/1816/1439 1179/1783/1418 749/732/712 1194/731/711
f 1193/1817/1440 1461/1816/1439 1194/731/711 757/730/710
f 754/712/692 1195/714/694 1462/1818/1441 1182/1819/1420
f 1195/714/694 762/533/513 1196/1820/1442 1462/1818/1441
f 1462/1818/1441 1196/1820/1442 764/1821/1443 1197/1822/1444
f 1182/1819/1420 1462/1818/1441 1197/1822/1444 756/1823/1421
f 756/1824/1421 1197/1825/1444 1463/1826/1445 1184/1827/1424
f 1197/1825/1444 764/1828/1443 1198/1829/1446 1463/1826/1445
f 1463/1826/1445 1198/1829/1446 763/1830/1447 1199/1831/1448
f 1184/1827/1424 1463/1826/1445 1199/1831/1448 755/1796/1425
f 755/1796/1425 1199/1831/1448 1464/1832/1449 1186/1799/1428
f 1199/1831/1448 763/1830/1447 1200/1833/1450 1464/1832/1449
f 1464/1832/1449 1200/1833/1450 761/1834/1451 1201/1835/1452
f 1186/1799/1428 1464/1832/1449 1201/1835/1452 753/1800/1429
f 766/537/517 1203/715/695 1465/1836/1453 1202/1837/1454
f 1203/715/695 758/710/690 1188/1838/1432 1465/1836/1453
f 1465/1836/1453 1188/1838/1432 760/1839/1434 1204/1840/1455
f 1202/1837/1454 1465/1836/1453 1204/1840/1455 768/1841/1456
f 768/1842/1456 1204/1843/1455 1466/1844/1457 1205/1845/1458
f 1204/1843/1455 760/1846/1434 1191/1847/1436 1466/1844/1457
f 1466/1844/1457 1191/1847/1436 759/1815/1438 1206/1848/1459
f 1205/1845/1458 1466/1844/1457 1206/1848/1459 767/1849/1460
f 767/1849/1460 1206/1848/1459 1467/1850/1461 1207/1851/1462
f 1206/1848/1459 759/1815/1438 1193/1817/1440 1467/1850/1461
f 1467/1850/1461 1193/1817/1440 757/730/710 1208/729/709
f 1207/1851/1462 1467/1850/1461 1208/729/709 765/728/708
f 762/533/513 1209/536/516 1468/1852/1463 1196/1853/1442
f 1209/536/516 514/541/521 769/1854/771 1468/1852/1463
f 1468/1852/1463 769/1854/771 516/1855/775 1210/1856/1464
f 1196/1853/1442 1468/1852/1463 1210/1856/1464 764/1857/1443
f 764/1858/1443 1210/1859/1464 1469/1860/1465 1198/1861/1446
f 1210/1859/1464 516/1862/775 773/1863/777 1469/1860/1465
f 1469/1860/1465 773/1863/777 515/807/781 1211/1864/1466
f 1198/1861/1446 1469/1860/1465 1211/1864/1466 763/1830/1447
f 763/1830/1447 1211/1864/1466 1470/1865/1467 1200/1833/1450
f 1211/1864/1466 515/807/781 776/809/783 1470/1865/1467
f 1470/1865/1467 776/809/783 513/813/787 1212/1866/1468
f 1200/1833/1450 1470/1865/1467 1212/1866/1468 761/1834/1451
f 518/539/519 1213/538/518 1471/1867/1469 781/1868/790
f 1213/538/518 766/537/517 1202/1869/1454 1471/1867/1469
f 1471/1867/1469 1202/1869/1454 768/1870/1456 1214/1871/1470
f 781/1868/790 1471/1867/1469 1214/1871/1470 520/1872/791
f 520/1873/791 1214/1874/1470 1472/1875/1471 784/1876/796
f 1214/1874/1470 768/1877/1456 1205/1878/1458 1472/1875/1471
f 1472/1875/1471 1205/1878/1458 767/1849/1460 1215/1879/1472
f 784/1876/796 1472/1875/1471 1215/1879/1472 519/826/797
f 519/826/797 1215/1879/1472 1473/1880/1473 787/831/802
f 1215/1879/1472 767/1849/1460 1207/1851/1462 1473/1880/1473
f 1473/1880/1473 1207/1851/1462 765/728/708 1216/727/707
f 787/831/802 1473/1880/1473 1216/727/707 517/726/706
f 513/813/787 778/812/786 1474/1881/1474 1212/1866/1468
f 521/811/785 795/849/814 1474/1881/1474 778/812/786
f 529/848/813 809/883/836 1474/1881/1474 795/849/814
f 537/882/835 823/917/858 1474/1881/1474 809/883/836
f 545/916/857 837/951/880 1474/1881/1474 823/917/858
f 553/950/879 851/985/902 1474/1881/1474 837/951/880
f 561/984/901 865/1019/924 1474/1881/1474 851/985/902
f 569/1018/923 879/1053/946 1474/1881/1474 865/1019/924
f 577/1052/945 893/1087/968 1474/1881/1474 879/1053/946
f 585/1086/967 907/1121/990 1474/1881/1474 893/1087/968
f 593/1120/989 921/1155/1012 1474/1881/1474 907/1121/990
f 601/1154/1011 935/1189/1034 1474/1881/1474 921/1155/1012
f 609/1188/1033 949/1223/1056 1474/1881/1474 935/1189/1034
f 617/1222/1055 963/1257/1078 1474/1881/1474 949/1223/1056
f 625/1256/1077 977/1291/1100 1474/1881/1474 963/1257/1078
f 633/1290/1099 991/1325/1122 1474/1881/1474 977/1291/1100
f 641/1324/1121 1005/1359/1144 1474/1881/1474 991/1325/1122
f 649/1358/1143 1019/1393/1166 1474/1881/1474 1005/1359/1144
f 657/1392/1165 1033/1427/1188 1474/1881/1474 1019/1393/1166
f 665/1426/1187 1047/1461/1210 1474/1881/1474 1033/1427/1188
f 673/1460/1209 1061/1495/1232 1474/1881/1474 1047/1461/1210
f 681/1494/1231 1075/1529/1254 1474/1881/1474 1061/1495/1232
f 689/1528/1253 1089/1563/1276 1474/1881/1474 1075/1529/1254
f 697/1562/1275 1103/1597/1298 1474/1881/1474 1089/1563/1276
f 705/1596/1297 1117/1631/1320 1474/1881/1474 1103/1597/1298
f 713/1630/1319 1131/1665/1342 1474/1881/1474 1117/1631/1320
f 721/1664/1341 1145/1699/1364 1474/1881/1474 1131/1665/1342
f 729/1698/1363 1159/1733/1386 1474/1881/1474 1145/1699/1364
f 737/1732/1385 1173/1767/1408 1474/1881/1474 1159/1733/1386
f 745/1766/1407 1187/1801/1430 1474/1881/1474 1173/1767/1408
f 753/1800/1429 1201/1835/1452 1474/1881/1474 1187/1801/1430
f 761/1834/1451 1212/1866/1468 1474/1881/1474 1201/1835/1452
