# Blender v3.6.10 OBJ File: 'TownOne.blend'
# www.blender.org
mtllib OperatingTable.mtl
o Cube.001_Cube.002
v 1.796148 2.627442 -4.346735
v 1.796148 2.710976 -4.430268
v 1.879682 2.710976 -4.346735
v 1.796148 2.657789 -4.399922
v 1.836991 2.670132 -4.387579
v 1.849336 2.710976 -4.399922
v 1.849336 2.657789 -4.346735
v 1.796148 3.172246 -4.430268
v 1.796148 3.255779 -4.346735
v 1.879682 3.172246 -4.346735
v 1.796148 3.225433 -4.399922
v 1.836991 3.213089 -4.387579
v 1.849336 3.225433 -4.346735
v 1.849336 3.172246 -4.399922
v 1.796148 2.627442 4.203911
v 1.879682 2.710976 4.203911
v 1.796148 2.710976 4.287445
v 1.849336 2.657789 4.203912
v 1.836991 2.670132 4.244755
v 1.849336 2.710976 4.257098
v 1.796148 2.657789 4.257098
v 1.796148 3.255779 4.203911
v 1.796148 3.172246 4.287445
v 1.879682 3.172246 4.203911
v 1.796148 3.225433 4.257098
v 1.836991 3.213089 4.244755
v 1.849336 3.172246 4.257098
v 1.849336 3.225433 4.203912
v -1.554733 2.627442 -4.346735
v -1.638267 2.710976 -4.346735
v -1.554733 2.710976 -4.430268
v -1.607921 2.657789 -4.346735
v -1.595577 2.670132 -4.387579
v -1.607921 2.710976 -4.399922
v -1.554733 2.657789 -4.399922
v -1.554733 3.255779 -4.346735
v -1.554733 3.172246 -4.430268
v -1.638267 3.172246 -4.346735
v -1.554733 3.225433 -4.399922
v -1.595577 3.213089 -4.387579
v -1.607921 3.172246 -4.399922
v -1.607921 3.225433 -4.346735
v -1.554733 2.627442 4.203911
v -1.554733 2.710976 4.287445
v -1.638267 2.710976 4.203911
v -1.554733 2.657789 4.257098
v -1.595577 2.670132 4.244755
v -1.607921 2.710976 4.257098
v -1.607921 2.657789 4.203912
v -1.554733 3.255779 4.203911
v -1.638267 3.172246 4.203911
v -1.554733 3.172246 4.287445
v -1.607921 3.225433 4.203912
v -1.595577 3.213089 4.244755
v -1.607921 3.172246 4.257098
v -1.554733 3.225433 4.257098
vt 0.408236 0.755936
vt 0.591764 0.755936
vt 0.591764 0.994064
vt 0.408236 0.994064
vt 0.408236 0.502396
vt 0.591764 0.502396
vt 0.591764 0.747604
vt 0.408236 0.747604
vt 0.630936 0.502396
vt 0.869064 0.502396
vt 0.869064 0.747604
vt 0.630936 0.747604
vt 0.408236 0.002396
vt 0.591764 0.002396
vt 0.591764 0.247604
vt 0.408236 0.247604
vt 0.408236 0.255936
vt 0.591764 0.255936
vt 0.591764 0.494064
vt 0.408236 0.494064
vt 0.130936 0.747605
vt 0.130936 0.750000
vt 0.128034 0.750000
vt 0.125000 0.747604
vt 0.408236 1.000000
vt 0.391986 1.000000
vt 0.375000 0.994064
vt 0.375000 0.002396
vt 0.375000 0.001224
vt 0.408236 0.000000
vt 0.625000 0.994064
vt 0.625000 0.996966
vt 0.591764 1.000000
vt 0.875000 0.747604
vt 0.875000 0.748776
vt 0.869064 0.750000
vt 0.591764 0.000000
vt 0.608014 0.000000
vt 0.625000 0.002396
vt 0.130936 0.502396
vt 0.125000 0.502396
vt 0.125000 0.501224
vt 0.130936 0.500000
vt 0.408236 0.250000
vt 0.391986 0.250000
vt 0.375000 0.247604
vt 0.375000 0.255936
vt 0.375000 0.253034
vt 0.869064 0.500000
vt 0.871966 0.500000
vt 0.875000 0.502396
vt 0.591764 0.250000
vt 0.608014 0.250000
vt 0.625000 0.255936
vt 0.625000 0.247604
vt 0.625000 0.248776
vt 0.369064 0.747604
vt 0.375000 0.747604
vt 0.380662 0.750603
vt 0.369064 0.750000
vt 0.408236 0.750000
vt 0.375000 0.755936
vt 0.630936 0.750000
vt 0.620349 0.749592
vt 0.625000 0.747604
vt 0.591764 0.750000
vt 0.625000 0.755936
vt 0.369064 0.502395
vt 0.369064 0.500000
vt 0.379651 0.500408
vt 0.375000 0.502396
vt 0.408236 0.500000
vt 0.375000 0.494064
vt 0.625000 0.502396
vt 0.619338 0.499397
vt 0.630936 0.500000
vt 0.591764 0.500000
vt 0.625000 0.494064
vn -0.2347 -0.2347 -0.9433
vn -0.2347 0.2347 -0.9433
vn 0.2347 0.2347 -0.9433
vn 0.2347 -0.2347 -0.9433
vn -0.9433 -0.2347 0.2347
vn -0.9433 0.2347 0.2347
vn -0.9433 0.2347 -0.2347
vn -0.9433 -0.2347 -0.2347
vn -0.2347 0.9433 0.2347
vn 0.2347 0.9433 0.2347
vn 0.2347 0.9433 -0.2347
vn -0.2347 0.9433 -0.2347
vn 0.9433 -0.2347 -0.2347
vn 0.9433 0.2347 -0.2347
vn 0.9433 0.2347 0.2347
vn 0.9433 -0.2347 0.2347
vn 0.2347 -0.2347 0.9433
vn 0.2347 0.2347 0.9433
vn -0.2347 0.2347 0.9433
vn -0.2347 -0.2347 0.9433
vn 0.2347 -0.9433 -0.2347
vn 0.2161 -0.6904 -0.6904
vn 0.5773 -0.5773 -0.5774
vn 0.6904 -0.6904 -0.2161
vn 0.6904 -0.2161 -0.6904
vn 0.2161 0.6904 -0.6904
vn 0.5773 0.5774 -0.5774
vn 0.6904 0.2161 -0.6904
vn 0.6904 0.6904 -0.2161
vn 0.2347 -0.9433 0.2347
vn 0.6904 -0.6904 0.2161
vn 0.5774 -0.5773 0.5774
vn 0.2161 -0.6904 0.6904
vn 0.6904 -0.2161 0.6904
vn 0.2161 0.6904 0.6904
vn 0.5773 0.5773 0.5774
vn 0.6904 0.6904 0.2161
vn 0.6904 0.2161 0.6904
vn -0.2347 -0.9433 -0.2347
vn -0.6904 -0.6904 -0.2161
vn -0.5773 -0.5773 -0.5774
vn -0.2161 -0.6904 -0.6904
vn -0.6904 -0.2161 -0.6904
vn -0.2161 0.6904 -0.6904
vn -0.5773 0.5773 -0.5774
vn -0.6904 0.6904 -0.2161
vn -0.6904 0.2161 -0.6904
vn -0.2347 -0.9433 0.2347
vn -0.2161 -0.6904 0.6904
vn -0.5774 -0.5773 0.5774
vn -0.6904 -0.6904 0.2161
vn -0.6904 -0.2161 0.6904
vn -0.6904 0.6904 0.2161
vn -0.5774 0.5773 0.5774
vn -0.2161 0.6904 0.6904
vn -0.6904 0.2161 0.6904
usemtl Material.001
s 1
f 31/1/1 37/2/2 8/3/3 2/4/4
f 45/5/5 51/6/6 38/7/7 30/8/8
f 50/9/9 22/10/10 9/11/11 36/12/12
f 3/13/13 10/14/14 24/15/15 16/16/16
f 17/17/17 23/18/18 52/19/19 44/20/20
f 1/21/21 4/22/22 5/23/23 7/24/24
f 2/4/4 6/25/25 5/26/23 4/27/22
f 3/13/13 7/28/24 5/29/23 6/30/25
f 8/3/3 11/31/26 12/32/27 14/33/28
f 9/11/11 13/34/29 12/35/27 11/36/26
f 10/14/14 14/37/28 12/38/27 13/39/29
f 15/40/30 18/41/31 19/42/32 21/43/33
f 16/16/16 20/44/34 19/45/32 18/46/31
f 17/17/17 21/47/33 19/48/32 20/44/34
f 22/10/10 25/49/35 26/50/36 28/51/37
f 23/18/18 27/52/38 26/53/36 25/54/35
f 24/15/15 28/55/37 26/56/36 27/52/38
f 29/57/39 32/58/40 33/59/41 35/60/42
f 30/8/8 34/61/43 33/59/41 32/58/40
f 31/1/1 35/62/42 33/59/41 34/61/43
f 36/12/12 39/63/44 40/64/45 42/65/46
f 37/2/2 41/66/47 40/64/45 39/67/44
f 38/7/7 42/65/46 40/64/45 41/66/47
f 43/68/48 46/69/49 47/70/50 49/71/51
f 44/20/20 48/72/52 47/70/50 46/73/49
f 45/5/5 49/71/51 47/70/50 48/72/52
f 50/9/9 53/74/53 54/75/54 56/76/55
f 51/6/6 55/77/56 54/75/54 53/74/53
f 52/19/19 56/78/55 54/75/54 55/77/56
f 15/40/30 1/21/21 7/24/24 18/41/31
f 18/46/31 7/28/24 3/13/13 16/16/16
f 2/4/4 8/3/3 14/33/28 6/25/25
f 6/30/25 14/37/28 10/14/14 3/13/13
f 9/11/11 22/10/10 28/51/37 13/34/29
f 13/39/29 28/55/37 24/15/15 10/14/14
f 23/18/18 17/17/17 20/44/34 27/52/38
f 27/52/38 20/44/34 16/16/16 24/15/15
f 43/68/48 15/40/30 21/43/33 46/69/49
f 46/73/49 21/47/33 17/17/17 44/20/20
f 22/10/10 50/9/9 56/76/55 25/49/35
f 25/54/35 56/78/55 52/19/19 23/18/18
f 51/6/6 45/5/5 48/72/52 55/77/56
f 55/77/56 48/72/52 44/20/20 52/19/19
f 29/57/39 43/68/48 49/71/51 32/58/40
f 32/58/40 49/71/51 45/5/5 30/8/8
f 50/9/9 36/12/12 42/65/46 53/74/53
f 53/74/53 42/65/46 38/7/7 51/6/6
f 37/2/2 31/1/1 34/61/43 41/66/47
f 41/66/47 34/61/43 30/8/8 38/7/7
f 1/21/21 29/57/39 35/60/42 4/22/22
f 4/27/22 35/62/42 31/1/1 2/4/4
f 36/12/12 9/11/11 11/36/26 39/63/44
f 39/67/44 11/31/26 8/3/3 37/2/2
f 15/40/30 43/68/48 29/57/39 1/21/21
o Cube.002_Cube.003
v 1.601630 0.138227 3.950852
v 1.642929 0.179526 3.950852
v 1.601630 0.179526 3.992151
v 1.627928 0.153230 3.950852
v 1.621824 0.159333 3.971045
v 1.627928 0.179526 3.977148
v 1.601631 0.153230 3.977148
v 1.642929 2.845377 3.950852
v 1.601630 2.886676 3.950852
v 1.601630 2.845377 3.992151
v 1.627928 2.871673 3.950852
v 1.621824 2.865570 3.971045
v 1.601631 2.871673 3.977148
v 1.627928 2.845377 3.977148
v 1.121682 0.138227 3.950852
v 1.121682 0.179526 3.992151
v 1.080382 0.179526 3.950852
v 1.121680 0.153230 3.977148
v 1.101487 0.159333 3.971045
v 1.095385 0.179526 3.977148
v 1.095385 0.153230 3.950852
v 1.121682 2.886676 3.950852
v 1.080382 2.845377 3.950852
v 1.121682 2.845377 3.992151
v 1.095385 2.871673 3.950852
v 1.101487 2.865570 3.971045
v 1.095385 2.845377 3.977148
v 1.121680 2.871673 3.977148
v 1.601630 0.138227 3.470904
v 1.601630 0.179526 3.429605
v 1.642929 0.179526 3.470904
v 1.601631 0.153230 3.444608
v 1.621824 0.159333 3.450711
v 1.627928 0.179526 3.444608
v 1.627928 0.153230 3.470904
v 1.601630 2.886676 3.470904
v 1.642929 2.845377 3.470904
v 1.601630 2.845377 3.429605
v 1.627928 2.871673 3.470904
v 1.621824 2.865570 3.450711
v 1.627928 2.845377 3.444608
v 1.601631 2.871673 3.444608
v 1.121682 0.138227 3.470904
v 1.080382 0.179526 3.470904
v 1.121682 0.179526 3.429605
v 1.095385 0.153230 3.470904
v 1.101487 0.159333 3.450711
v 1.095385 0.179526 3.444608
v 1.121680 0.153230 3.444608
v 1.121682 2.886676 3.470904
v 1.121682 2.845377 3.429605
v 1.080382 2.845377 3.470904
v 1.121680 2.871673 3.444608
v 1.101487 2.865570 3.450711
v 1.095385 2.845377 3.444608
v 1.095385 2.871673 3.470904
v -1.360214 0.138227 3.950852
v -1.360214 0.179527 3.992151
v -1.401513 0.179527 3.950852
v -1.360214 0.153231 3.977148
v -1.380407 0.159333 3.971045
v -1.386510 0.179527 3.977148
v -1.386510 0.153231 3.950852
v -1.401513 2.845377 3.950852
v -1.360214 2.845377 3.992151
v -1.360214 2.886676 3.950852
v -1.386510 2.845377 3.977148
v -1.380407 2.865570 3.971045
v -1.360214 2.871673 3.977148
v -1.386510 2.871673 3.950852
v -0.880266 0.138227 3.950852
v -0.838967 0.179527 3.950852
v -0.880266 0.179527 3.992151
v -0.853971 0.153231 3.950852
v -0.860073 0.159333 3.971045
v -0.853971 0.179527 3.977148
v -0.880266 0.153231 3.977148
v -0.880266 2.886676 3.950852
v -0.880266 2.845377 3.992151
v -0.838967 2.845377 3.950852
v -0.880266 2.871673 3.977148
v -0.860073 2.865570 3.971045
v -0.853971 2.845377 3.977148
v -0.853971 2.871673 3.950852
v -1.360214 0.138227 3.470904
v -1.401513 0.179527 3.470904
v -1.360214 0.179527 3.429605
v -1.386510 0.153231 3.470904
v -1.380407 0.159333 3.450711
v -1.386510 0.179527 3.444608
v -1.360214 0.153231 3.444608
v -1.360214 2.886676 3.470904
v -1.360214 2.845377 3.429605
v -1.401513 2.845377 3.470904
v -1.360214 2.871673 3.444608
v -1.380407 2.865570 3.450711
v -1.386510 2.845377 3.444608
v -1.386510 2.871673 3.470904
v -0.880266 0.138227 3.470904
v -0.880266 0.179527 3.429605
v -0.838967 0.179527 3.470904
v -0.880266 0.153231 3.444608
v -0.860073 0.159333 3.450711
v -0.853971 0.179527 3.444608
v -0.853971 0.153231 3.470904
v -0.880266 2.886676 3.470904
v -0.838967 2.845377 3.470904
v -0.880266 2.845377 3.429605
v -0.853971 2.871673 3.470904
v -0.860073 2.865570 3.450711
v -0.853971 2.845377 3.444608
v -0.880266 2.871673 3.444608
v 1.601630 0.138227 -4.093676
v 1.601630 0.179527 -4.134974
v 1.642929 0.179527 -4.093676
v 1.601631 0.153231 -4.119971
v 1.621824 0.159333 -4.113869
v 1.627928 0.179527 -4.119971
v 1.627928 0.153231 -4.093676
v 1.642929 2.845377 -4.093676
v 1.601630 2.845377 -4.134974
v 1.601630 2.886676 -4.093676
v 1.627928 2.845377 -4.119971
v 1.621824 2.865570 -4.113869
v 1.601631 2.871673 -4.119971
v 1.627928 2.871673 -4.093676
v 1.121682 0.138227 -4.093676
v 1.080382 0.179527 -4.093676
v 1.121682 0.179527 -4.134974
v 1.095385 0.153231 -4.093676
v 1.101487 0.159333 -4.113869
v 1.095385 0.179527 -4.119971
v 1.121680 0.153231 -4.119971
v 1.121682 2.886676 -4.093676
v 1.121682 2.845377 -4.134974
v 1.080382 2.845377 -4.093676
v 1.121680 2.871673 -4.119971
v 1.101487 2.865570 -4.113869
v 1.095385 2.845377 -4.119971
v 1.095385 2.871673 -4.093676
v 1.601630 0.138227 -3.613728
v 1.642929 0.179527 -3.613728
v 1.601630 0.179527 -3.572428
v 1.627928 0.153231 -3.613728
v 1.621824 0.159333 -3.593534
v 1.627928 0.179527 -3.587432
v 1.601631 0.153231 -3.587432
v 1.601630 2.886676 -3.613728
v 1.601630 2.845377 -3.572428
v 1.642929 2.845377 -3.613728
v 1.601631 2.871673 -3.587432
v 1.621824 2.865570 -3.593534
v 1.627928 2.845377 -3.587432
v 1.627928 2.871673 -3.613728
v 1.121682 0.138227 -3.613728
v 1.121682 0.179527 -3.572428
v 1.080382 0.179527 -3.613728
v 1.121680 0.153231 -3.587432
v 1.101487 0.159333 -3.593534
v 1.095385 0.179527 -3.587432
v 1.095385 0.153231 -3.613728
v 1.121682 2.886676 -3.613728
v 1.080382 2.845377 -3.613728
v 1.121682 2.845377 -3.572428
v 1.095385 2.871673 -3.613728
v 1.101487 2.865570 -3.593534
v 1.095385 2.845377 -3.587432
v 1.121680 2.871673 -3.587432
v -1.360214 0.138227 -4.093676
v -1.401513 0.179527 -4.093676
v -1.360214 0.179527 -4.134974
v -1.386510 0.153231 -4.093676
v -1.380407 0.159333 -4.113869
v -1.386510 0.179527 -4.119971
v -1.360214 0.153231 -4.119971
v -1.401513 2.845377 -4.093676
v -1.360214 2.886676 -4.093676
v -1.360214 2.845377 -4.134974
v -1.386510 2.871673 -4.093676
v -1.380407 2.865570 -4.113869
v -1.360214 2.871673 -4.119971
v -1.386510 2.845377 -4.119971
v -0.880266 0.138227 -4.093676
v -0.880266 0.179527 -4.134974
v -0.838967 0.179527 -4.093676
v -0.880266 0.153231 -4.119971
v -0.860073 0.159333 -4.113869
v -0.853971 0.179527 -4.119971
v -0.853971 0.153231 -4.093676
v -0.880266 2.886676 -4.093676
v -0.838967 2.845377 -4.093676
v -0.880266 2.845377 -4.134974
v -0.853971 2.871673 -4.093676
v -0.860073 2.865570 -4.113869
v -0.853971 2.845377 -4.119971
v -0.880266 2.871673 -4.119971
v -1.360214 0.138227 -3.613728
v -1.360214 0.179527 -3.572428
v -1.401513 0.179527 -3.613728
v -1.360214 0.153231 -3.587432
v -1.380407 0.159333 -3.593534
v -1.386510 0.179527 -3.587432
v -1.386510 0.153231 -3.613728
v -1.360214 2.886676 -3.613728
v -1.401513 2.845377 -3.613728
v -1.360214 2.845377 -3.572428
v -1.386510 2.871673 -3.613728
v -1.380407 2.865570 -3.593534
v -1.386510 2.845377 -3.587432
v -1.360214 2.871673 -3.587432
v -0.880266 0.138227 -3.613728
v -0.838967 0.179527 -3.613728
v -0.880266 0.179527 -3.572428
v -0.853971 0.153231 -3.613728
v -0.860073 0.159333 -3.593534
v -0.853971 0.179527 -3.587432
v -0.880266 0.153231 -3.587432
v -0.880266 2.886676 -3.613728
v -0.880266 2.845377 -3.572428
v -0.838967 2.845377 -3.613728
v -0.880266 2.871673 -3.587432
v -0.860073 2.865570 -3.593534
v -0.853971 2.845377 -3.587432
v -0.853971 2.871673 -3.613728
vt 0.378041 0.768354
vt 0.621959 0.768354
vt 0.621959 0.981646
vt 0.378041 0.981646
vt 0.378041 0.518354
vt 0.621959 0.518354
vt 0.621959 0.731646
vt 0.378041 0.731646
vt 0.143354 0.518354
vt 0.143354 0.731646
vt 0.356646 0.731646
vt 0.356646 0.518354
vt 0.643354 0.518354
vt 0.856646 0.518354
vt 0.856646 0.731646
vt 0.643354 0.731646
vt 0.378041 0.018354
vt 0.621959 0.018354
vt 0.621959 0.231646
vt 0.378041 0.231646
vt 0.378041 0.268354
vt 0.621959 0.268354
vt 0.621959 0.481646
vt 0.378041 0.481646
vt 0.378041 0.768354
vt 0.378041 0.981646
vt 0.621959 0.981646
vt 0.621959 0.768354
vt 0.378041 0.518354
vt 0.378041 0.731646
vt 0.621959 0.731646
vt 0.621959 0.518354
vt 0.143354 0.518354
vt 0.143354 0.731646
vt 0.356646 0.731646
vt 0.356646 0.518354
vt 0.643354 0.518354
vt 0.643354 0.731646
vt 0.856646 0.731646
vt 0.856646 0.518354
vt 0.378041 0.018354
vt 0.378041 0.231646
vt 0.621959 0.231646
vt 0.621959 0.018354
vt 0.378041 0.268354
vt 0.378041 0.481646
vt 0.621959 0.481646
vt 0.621959 0.268354
vt 0.378041 0.768354
vt 0.378041 0.981646
vt 0.621959 0.981646
vt 0.621959 0.768354
vt 0.378041 0.518354
vt 0.378041 0.731646
vt 0.621959 0.731646
vt 0.621959 0.518354
vt 0.143354 0.518354
vt 0.356646 0.518354
vt 0.356646 0.731646
vt 0.143354 0.731646
vt 0.643354 0.518354
vt 0.643354 0.731646
vt 0.856646 0.731646
vt 0.856646 0.518354
vt 0.378041 0.018354
vt 0.378041 0.231646
vt 0.621959 0.231646
vt 0.621959 0.018354
vt 0.378041 0.268354
vt 0.378041 0.481646
vt 0.621959 0.481646
vt 0.621959 0.268354
vt 0.378041 0.768354
vt 0.621959 0.768354
vt 0.621959 0.981646
vt 0.378041 0.981646
vt 0.378041 0.518354
vt 0.621959 0.518354
vt 0.621959 0.731646
vt 0.378041 0.731646
vt 0.643354 0.518354
vt 0.856646 0.518354
vt 0.856646 0.731646
vt 0.643354 0.731646
vt 0.378041 0.018354
vt 0.621959 0.018354
vt 0.621959 0.231646
vt 0.378041 0.231646
vt 0.378041 0.268354
vt 0.621959 0.268354
vt 0.621959 0.481646
vt 0.378041 0.481646
vt 0.143354 0.731646
vt 0.143354 0.750000
vt 0.134380 0.750000
vt 0.125000 0.731647
vt 0.378041 1.000000
vt 0.376554 1.000000
vt 0.375000 0.981646
vt 0.375000 0.018353
vt 0.375000 0.009379
vt 0.378041 0.000000
vt 0.625000 0.981646
vt 0.625000 0.990620
vt 0.621959 1.000000
vt 0.875000 0.731647
vt 0.875000 0.740621
vt 0.856646 0.750000
vt 0.621959 0.000000
vt 0.623446 0.000000
vt 0.625000 0.018353
vt 0.143354 0.518354
vt 0.125000 0.518353
vt 0.125000 0.509379
vt 0.143354 0.500000
vt 0.378041 0.250000
vt 0.376554 0.250000
vt 0.375000 0.231647
vt 0.375000 0.268354
vt 0.375000 0.259380
vt 0.856646 0.500000
vt 0.865620 0.500000
vt 0.875000 0.518353
vt 0.621959 0.250000
vt 0.623446 0.250000
vt 0.625000 0.268354
vt 0.625000 0.231647
vt 0.625000 0.240621
vt 0.356646 0.731646
vt 0.375000 0.731647
vt 0.375518 0.750000
vt 0.356646 0.750000
vt 0.378041 0.750000
vt 0.375000 0.768354
vt 0.643354 0.750000
vt 0.627608 0.746874
vt 0.625000 0.731647
vt 0.621959 0.750000
vt 0.625000 0.768354
vt 0.356646 0.518354
vt 0.356646 0.500000
vt 0.372392 0.503126
vt 0.375000 0.518353
vt 0.378041 0.500000
vt 0.375000 0.481646
vt 0.625000 0.518353
vt 0.624482 0.500000
vt 0.643354 0.500000
vt 0.621959 0.500000
vt 0.625000 0.481646
vt 0.125000 0.731646
vt 0.125000 0.740620
vt 0.143354 0.750000
vt 0.378041 0.000000
vt 0.376554 0.000000
vt 0.375000 0.018354
vt 0.375000 0.981646
vt 0.375000 0.990620
vt 0.378041 1.000000
vt 0.621959 1.000000
vt 0.623446 1.000000
vt 0.625000 0.981646
vt 0.625000 0.018354
vt 0.625000 0.009380
vt 0.621959 0.000000
vt 0.856646 0.750000
vt 0.865620 0.750000
vt 0.875000 0.731646
vt 0.143354 0.500000
vt 0.134380 0.500000
vt 0.125000 0.518354
vt 0.378041 0.250000
vt 0.376554 0.250000
vt 0.375000 0.268354
vt 0.375000 0.231646
vt 0.375000 0.240620
vt 0.875000 0.518354
vt 0.875000 0.509380
vt 0.856646 0.500000
vt 0.621959 0.250000
vt 0.623446 0.250000
vt 0.625000 0.231646
vt 0.625000 0.268354
vt 0.625000 0.259380
vt 0.356646 0.750000
vt 0.372392 0.746873
vt 0.375000 0.731646
vt 0.378041 0.750000
vt 0.375000 0.768354
vt 0.625000 0.731646
vt 0.624482 0.750000
vt 0.643354 0.750000
vt 0.621959 0.750000
vt 0.625000 0.768354
vt 0.375000 0.518354
vt 0.375518 0.500000
vt 0.356646 0.500000
vt 0.378041 0.500000
vt 0.375000 0.481646
vt 0.643354 0.500000
vt 0.627608 0.503127
vt 0.625000 0.518354
vt 0.621959 0.500000
vt 0.625000 0.481646
vt 0.125000 0.731647
vt 0.125000 0.740621
vt 0.143354 0.750000
vt 0.378041 0.000000
vt 0.376554 0.000000
vt 0.375000 0.018353
vt 0.375000 0.981646
vt 0.375000 0.990620
vt 0.378041 1.000000
vt 0.621959 1.000000
vt 0.623446 1.000000
vt 0.625000 0.981646
vt 0.625000 0.018353
vt 0.625000 0.009379
vt 0.621959 0.000000
vt 0.856646 0.750000
vt 0.865620 0.750000
vt 0.875000 0.731647
vt 0.143354 0.500000
vt 0.134380 0.500000
vt 0.125000 0.518353
vt 0.378041 0.250000
vt 0.376554 0.250000
vt 0.375000 0.268354
vt 0.375000 0.231647
vt 0.375000 0.240621
vt 0.875000 0.518353
vt 0.875000 0.509379
vt 0.856646 0.500000
vt 0.621959 0.250000
vt 0.623446 0.250000
vt 0.625000 0.231647
vt 0.625000 0.268354
vt 0.625000 0.259380
vt 0.356646 0.750000
vt 0.372392 0.746874
vt 0.375000 0.731647
vt 0.378041 0.750000
vt 0.375000 0.768354
vt 0.625000 0.731647
vt 0.624482 0.750000
vt 0.643354 0.750000
vt 0.621959 0.750000
vt 0.625000 0.768354
vt 0.375000 0.518353
vt 0.375518 0.500000
vt 0.356646 0.500000
vt 0.378041 0.500000
vt 0.375000 0.481646
vt 0.643354 0.500000
vt 0.627608 0.503126
vt 0.625000 0.518353
vt 0.621959 0.500000
vt 0.625000 0.481646
vt 0.143354 0.750000
vt 0.134380 0.750000
vt 0.125000 0.731646
vt 0.378041 1.000000
vt 0.376554 1.000000
vt 0.375000 0.981646
vt 0.375000 0.018354
vt 0.375000 0.009380
vt 0.378041 0.000000
vt 0.625000 0.981646
vt 0.625000 0.990620
vt 0.621959 1.000000
vt 0.875000 0.731646
vt 0.875000 0.740620
vt 0.856646 0.750000
vt 0.621959 0.000000
vt 0.623446 0.000000
vt 0.625000 0.018354
vt 0.125000 0.518354
vt 0.125000 0.509380
vt 0.143354 0.500000
vt 0.378041 0.250000
vt 0.376554 0.250000
vt 0.375000 0.231646
vt 0.375000 0.268354
vt 0.375000 0.259380
vt 0.856646 0.500000
vt 0.865620 0.500000
vt 0.875000 0.518354
vt 0.621959 0.250000
vt 0.623446 0.250000
vt 0.625000 0.268354
vt 0.625000 0.231646
vt 0.625000 0.240620
vt 0.375000 0.731646
vt 0.375518 0.750000
vt 0.356646 0.750000
vt 0.378041 0.750000
vt 0.375000 0.768354
vt 0.643354 0.750000
vt 0.627608 0.746873
vt 0.625000 0.731646
vt 0.621959 0.750000
vt 0.625000 0.768354
vt 0.356646 0.500000
vt 0.372392 0.503127
vt 0.375000 0.518354
vt 0.378041 0.500000
vt 0.375000 0.481646
vt 0.625000 0.518354
vt 0.624482 0.500000
vt 0.643354 0.500000
vt 0.621959 0.500000
vt 0.625000 0.481646
vn 0.9433 -0.2347 -0.2347
vn 0.9433 0.2347 -0.2347
vn 0.9433 0.2347 0.2347
vn 0.9433 -0.2347 0.2347
vn -0.2347 -0.2347 -0.9433
vn -0.2347 0.2347 -0.9433
vn 0.2347 0.2347 -0.9433
vn 0.2347 -0.2347 -0.9433
vn 0.2347 -0.9433 0.2347
vn -0.2347 -0.9433 0.2347
vn -0.2347 -0.9433 -0.2347
vn 0.2347 -0.9433 -0.2347
vn -0.2347 0.9433 -0.2347
vn -0.2347 0.9433 0.2347
vn 0.2347 0.9433 0.2347
vn 0.2347 0.9433 -0.2347
vn 0.2347 -0.2347 0.9433
vn 0.2347 0.2347 0.9433
vn -0.2347 0.2347 0.9433
vn -0.2347 -0.2347 0.9433
vn -0.9433 -0.2347 0.2347
vn -0.9433 0.2347 0.2347
vn -0.9433 0.2347 -0.2347
vn -0.9433 -0.2347 -0.2347
vn 0.6904 -0.6904 0.2161
vn 0.5774 -0.5774 0.5773
vn 0.2161 -0.6904 0.6904
vn 0.6904 -0.2161 0.6904
vn 0.6904 0.6904 0.2161
vn 0.5774 0.5774 0.5773
vn 0.6904 0.2161 0.6904
vn 0.2161 0.6904 0.6904
vn -0.2161 -0.6904 0.6904
vn -0.5774 -0.5773 0.5773
vn -0.6904 -0.6904 0.2161
vn -0.6904 -0.2161 0.6904
vn -0.6904 0.6904 0.2161
vn -0.5774 0.5773 0.5773
vn -0.2161 0.6904 0.6904
vn -0.6904 0.2161 0.6904
vn 0.2161 -0.6904 -0.6904
vn 0.5774 -0.5774 -0.5773
vn 0.6904 -0.6904 -0.2161
vn 0.6904 -0.2161 -0.6904
vn 0.6904 0.6904 -0.2161
vn 0.5774 0.5774 -0.5773
vn 0.2161 0.6904 -0.6904
vn 0.6904 0.2161 -0.6904
vn -0.6904 -0.6904 -0.2161
vn -0.5774 -0.5773 -0.5773
vn -0.2161 -0.6904 -0.6904
vn -0.6904 -0.2161 -0.6904
vn -0.2161 0.6904 -0.6904
vn -0.5774 0.5773 -0.5773
vn -0.6904 0.6904 -0.2161
vn -0.6904 0.2161 -0.6904
vn 0.5774 -0.5773 0.5773
vn 0.5774 0.5773 0.5773
vn 0.5774 -0.5773 -0.5773
vn 0.5774 0.5773 -0.5773
vn 0.5773 -0.5773 -0.5774
vn 0.5773 0.5773 -0.5774
vn -0.5774 -0.5773 -0.5774
vn -0.5774 0.5773 -0.5774
vn 0.5774 -0.5773 -0.5774
vn 0.5774 0.5773 -0.5774
usemtl Material.001
s 1
f 87/79/57 93/80/58 64/81/59 58/82/60
f 101/83/61 107/84/62 94/85/63 86/86/64
f 127/87/65 113/88/66 141/89/67 155/90/68
f 106/91/69 78/92/70 65/93/71 92/94/72
f 59/95/73 66/96/74 80/97/75 72/98/76
f 73/99/77 79/100/78 108/101/79 100/102/80
f 142/103/80 115/104/77 120/105/78 150/106/79
f 156/107/64 143/108/61 149/109/62 164/110/63
f 183/111/67 169/112/68 197/113/65 211/114/66
f 162/115/72 148/116/69 122/117/70 134/118/71
f 114/119/76 129/120/73 135/121/74 121/122/75
f 128/123/60 157/124/57 163/125/58 136/126/59
f 198/127/60 171/128/57 176/129/58 206/130/59
f 212/131/76 199/132/73 205/133/74 220/134/75
f 239/135/68 267/136/65 253/137/66 225/138/67
f 218/139/70 204/140/71 178/141/72 190/142/69
f 170/143/64 185/144/61 191/145/62 177/146/63
f 184/147/80 213/148/77 219/149/78 192/150/79
f 255/151/77 261/152/78 232/153/79 226/154/80
f 269/155/73 275/156/74 262/157/75 254/158/76
f 274/159/71 246/160/72 233/161/69 260/162/70
f 227/163/61 234/164/62 248/165/63 240/166/64
f 241/167/57 247/168/58 276/169/59 268/170/60
f 57/171/65 60/172/81 61/173/82 63/174/83
f 58/82/60 62/175/84 61/176/82 60/177/81
f 59/95/73 63/178/83 61/179/82 62/180/84
f 64/81/59 67/181/85 68/182/86 70/183/87
f 65/93/71 69/184/88 68/185/86 67/186/85
f 66/96/74 70/187/87 68/188/86 69/189/88
f 71/190/66 74/191/89 75/192/90 77/193/91
f 72/98/76 76/194/92 75/195/90 74/196/89
f 73/99/77 77/197/91 75/198/90 76/194/92
f 78/92/70 81/199/93 82/200/94 84/201/95
f 79/100/78 83/202/96 82/203/94 81/204/93
f 80/97/75 84/205/95 82/206/94 83/202/96
f 85/207/68 88/208/97 89/209/98 91/210/99
f 86/86/64 90/211/100 89/209/98 88/208/97
f 87/79/57 91/212/99 89/209/98 90/211/100
f 92/94/72 95/213/101 96/214/102 98/215/103
f 93/80/58 97/216/104 96/214/102 95/217/101
f 94/85/63 98/215/103 96/214/102 97/216/104
f 99/218/67 102/219/105 103/220/106 105/221/107
f 100/102/80 104/222/108 103/220/106 102/223/105
f 101/83/61 105/221/107 103/220/106 104/222/108
f 106/91/69 109/224/109 110/225/110 112/226/111
f 107/84/62 111/227/112 110/225/110 109/224/109
f 108/101/79 112/228/111 110/225/110 111/227/112
f 113/88/66 116/229/89 117/230/90 119/231/91
f 114/119/76 118/232/92 117/233/90 116/234/89
f 115/104/77 119/235/91 117/236/90 118/237/92
f 120/105/78 123/238/96 124/239/94 126/240/93
f 121/122/75 125/241/95 124/242/94 123/243/96
f 122/117/70 126/244/93 124/245/94 125/246/95
f 127/87/65 130/247/81 131/248/113 133/249/83
f 128/123/60 132/250/84 131/251/113 130/252/81
f 129/120/73 133/253/83 131/254/113 132/250/84
f 134/118/71 137/255/88 138/256/114 140/257/85
f 135/121/74 139/258/87 138/259/114 137/260/88
f 136/126/59 140/261/85 138/262/114 139/258/87
f 141/89/67 144/263/105 145/264/106 147/265/107
f 142/103/80 146/266/108 145/264/106 144/267/105
f 143/108/61 147/265/107 145/264/106 146/266/108
f 148/116/69 151/268/109 152/269/110 154/270/111
f 149/109/62 153/271/112 152/269/110 151/268/109
f 150/106/79 154/272/111 152/269/110 153/271/112
f 155/90/68 158/273/97 159/274/115 161/275/99
f 156/107/64 160/276/100 159/274/115 158/273/97
f 157/124/57 161/277/99 159/274/115 160/276/100
f 162/115/72 165/278/101 166/279/116 168/280/103
f 163/125/58 167/281/104 166/279/116 165/282/101
f 164/110/63 168/280/103 166/279/116 167/281/104
f 169/112/68 172/283/97 173/284/117 175/285/99
f 170/143/64 174/286/100 173/287/117 172/288/97
f 171/128/57 175/289/99 173/290/117 174/291/100
f 176/129/58 179/292/104 180/293/118 182/294/101
f 177/146/63 181/295/103 180/296/118 179/297/104
f 178/141/72 182/298/101 180/299/118 181/300/103
f 183/111/67 186/301/105 187/302/119 189/303/107
f 184/147/80 188/304/108 187/305/119 186/306/105
f 185/144/61 189/307/107 187/308/119 188/304/108
f 190/142/69 193/309/109 194/310/120 196/311/111
f 191/145/62 195/312/112 194/313/120 193/314/109
f 192/150/79 196/315/111 194/316/120 195/312/112
f 197/113/65 200/317/81 201/318/82 203/319/83
f 198/127/60 202/320/84 201/318/82 200/321/81
f 199/132/73 203/319/83 201/318/82 202/320/84
f 204/140/71 207/322/88 208/323/86 210/324/85
f 205/133/74 209/325/87 208/323/86 207/322/88
f 206/130/59 210/326/85 208/323/86 209/325/87
f 211/114/66 214/327/89 215/328/90 217/329/91
f 212/131/76 216/330/92 215/328/90 214/327/89
f 213/148/77 217/331/91 215/328/90 216/330/92
f 218/139/70 221/332/93 222/333/94 224/334/95
f 219/149/78 223/335/96 222/333/94 221/336/93
f 220/134/75 224/334/95 222/333/94 223/335/96
f 225/138/67 228/337/105 229/338/119 231/339/107
f 226/154/80 230/340/108 229/341/119 228/342/105
f 227/163/61 231/343/107 229/344/119 230/345/108
f 232/153/79 235/346/111 236/347/120 238/348/112
f 233/161/69 237/349/109 236/350/120 235/351/111
f 234/164/62 238/352/112 236/353/120 237/354/109
f 239/135/68 242/355/97 243/356/121 245/357/99
f 240/166/64 244/358/100 243/359/121 242/360/97
f 241/167/57 245/361/99 243/362/121 244/358/100
f 246/160/72 249/363/101 250/364/122 252/365/103
f 247/168/58 251/366/104 250/367/122 249/368/101
f 248/165/63 252/369/103 250/370/122 251/366/104
f 253/137/66 256/371/89 257/372/90 259/373/91
f 254/158/76 258/374/92 257/372/90 256/371/89
f 255/151/77 259/375/91 257/372/90 258/374/92
f 260/162/70 263/376/93 264/377/94 266/378/95
f 261/152/78 265/379/96 264/377/94 263/380/93
f 262/157/75 266/378/95 264/377/94 265/379/96
f 267/136/65 270/381/81 271/382/113 273/383/83
f 268/170/60 272/384/84 271/382/113 270/385/81
f 269/155/73 273/383/83 271/382/113 272/384/84
f 274/159/71 277/386/88 278/387/114 280/388/85
f 275/156/74 279/389/87 278/387/114 277/386/88
f 276/169/59 280/390/85 278/387/114 279/389/87
f 71/190/66 57/171/65 63/174/83 74/191/89
f 74/196/89 63/178/83 59/95/73 72/98/76
f 58/82/60 64/81/59 70/183/87 62/175/84
f 62/180/84 70/187/87 66/96/74 59/95/73
f 65/93/71 78/92/70 84/201/95 69/184/88
f 69/189/88 84/205/95 80/97/75 66/96/74
f 79/100/78 73/99/77 76/194/92 83/202/96
f 83/202/96 76/194/92 72/98/76 80/97/75
f 99/218/67 71/190/66 77/193/91 102/219/105
f 102/223/105 77/197/91 73/99/77 100/102/80
f 78/92/70 106/91/69 112/226/111 81/199/93
f 81/204/93 112/228/111 108/101/79 79/100/78
f 107/84/62 101/83/61 104/222/108 111/227/112
f 111/227/112 104/222/108 100/102/80 108/101/79
f 85/207/68 99/218/67 105/221/107 88/208/97
f 88/208/97 105/221/107 101/83/61 86/86/64
f 106/91/69 92/94/72 98/215/103 109/224/109
f 109/224/109 98/215/103 94/85/63 107/84/62
f 93/80/58 87/79/57 90/211/100 97/216/104
f 97/216/104 90/211/100 86/86/64 94/85/63
f 57/171/65 85/207/68 91/210/99 60/172/81
f 60/177/81 91/212/99 87/79/57 58/82/60
f 92/94/72 65/93/71 67/186/85 95/213/101
f 95/217/101 67/181/85 64/81/59 93/80/58
f 129/120/73 114/119/76 116/234/89 133/253/83
f 133/249/83 116/229/89 113/88/66 127/87/65
f 114/119/76 121/122/75 123/243/96 118/232/92
f 118/237/92 123/238/96 120/105/78 115/104/77
f 121/122/75 135/121/74 137/260/88 125/241/95
f 125/246/95 137/255/88 134/118/71 122/117/70
f 135/121/74 129/120/73 132/250/84 139/258/87
f 139/258/87 132/250/84 128/123/60 136/126/59
f 157/124/57 128/123/60 130/252/81 161/277/99
f 161/275/99 130/247/81 127/87/65 155/90/68
f 136/126/59 163/125/58 165/282/101 140/261/85
f 140/257/85 165/278/101 162/115/72 134/118/71
f 163/125/58 157/124/57 160/276/100 167/281/104
f 167/281/104 160/276/100 156/107/64 164/110/63
f 143/108/61 156/107/64 158/273/97 147/265/107
f 147/265/107 158/273/97 155/90/68 141/89/67
f 164/110/63 149/109/62 151/268/109 168/280/103
f 168/280/103 151/268/109 148/116/69 162/115/72
f 149/109/62 143/108/61 146/266/108 153/271/112
f 153/271/112 146/266/108 142/103/80 150/106/79
f 115/104/77 142/103/80 144/267/105 119/235/91
f 119/231/91 144/263/105 141/89/67 113/88/66
f 150/106/79 120/105/78 126/240/93 154/272/111
f 154/270/111 126/244/93 122/117/70 148/116/69
f 185/144/61 170/143/64 172/288/97 189/307/107
f 189/303/107 172/283/97 169/112/68 183/111/67
f 170/143/64 177/146/63 179/297/104 174/286/100
f 174/291/100 179/292/104 176/129/58 171/128/57
f 177/146/63 191/145/62 193/314/109 181/295/103
f 181/300/103 193/309/109 190/142/69 178/141/72
f 191/145/62 185/144/61 188/304/108 195/312/112
f 195/312/112 188/304/108 184/147/80 192/150/79
f 213/148/77 184/147/80 186/306/105 217/331/91
f 217/329/91 186/301/105 183/111/67 211/114/66
f 192/150/79 219/149/78 221/336/93 196/315/111
f 196/311/111 221/332/93 218/139/70 190/142/69
f 219/149/78 213/148/77 216/330/92 223/335/96
f 223/335/96 216/330/92 212/131/76 220/134/75
f 199/132/73 212/131/76 214/327/89 203/319/83
f 203/319/83 214/327/89 211/114/66 197/113/65
f 220/134/75 205/133/74 207/322/88 224/334/95
f 224/334/95 207/322/88 204/140/71 218/139/70
f 205/133/74 199/132/73 202/320/84 209/325/87
f 209/325/87 202/320/84 198/127/60 206/130/59
f 171/128/57 198/127/60 200/321/81 175/289/99
f 175/285/99 200/317/81 197/113/65 169/112/68
f 206/130/59 176/129/58 182/294/101 210/326/85
f 210/324/85 182/298/101 178/141/72 204/140/71
f 239/135/68 225/138/67 231/339/107 242/355/97
f 242/360/97 231/343/107 227/163/61 240/166/64
f 226/154/80 232/153/79 238/348/112 230/340/108
f 230/345/108 238/352/112 234/164/62 227/163/61
f 233/161/69 246/160/72 252/365/103 237/349/109
f 237/354/109 252/369/103 248/165/63 234/164/62
f 247/168/58 241/167/57 244/358/100 251/366/104
f 251/366/104 244/358/100 240/166/64 248/165/63
f 267/136/65 239/135/68 245/357/99 270/381/81
f 270/385/81 245/361/99 241/167/57 268/170/60
f 246/160/72 274/159/71 280/388/85 249/363/101
f 249/368/101 280/390/85 276/169/59 247/168/58
f 275/156/74 269/155/73 272/384/84 279/389/87
f 279/389/87 272/384/84 268/170/60 276/169/59
f 253/137/66 267/136/65 273/383/83 256/371/89
f 256/371/89 273/383/83 269/155/73 254/158/76
f 274/159/71 260/162/70 266/378/95 277/386/88
f 277/386/88 266/378/95 262/157/75 275/156/74
f 261/152/78 255/151/77 258/374/92 265/379/96
f 265/379/96 258/374/92 254/158/76 262/157/75
f 225/138/67 253/137/66 259/373/91 228/337/105
f 228/342/105 259/375/91 255/151/77 226/154/80
f 260/162/70 233/161/69 235/351/111 263/376/93
f 263/380/93 235/346/111 232/153/79 261/152/78
f 71/190/66 99/218/67 85/207/68 57/171/65
o Plane
v 1.043596 3.343657 -3.307204
v 1.352328 3.370587 -3.275390
v 0.634570 3.358964 -3.312107
v -1.725211 3.027576 -3.320354
v -1.127730 3.280564 -3.330096
v -1.688484 3.142766 -3.326858
v -1.618213 3.218137 -3.330687
v 1.598989 3.337478 -3.325989
v 1.947236 3.102483 -3.321364
v 1.831097 3.299857 -3.329170
v 1.905426 3.229416 -3.327116
v 1.946655 2.861072 -3.308802
v 1.212592 2.623822 -3.296289
v 1.904231 2.734344 -3.302124
v 1.829567 2.663696 -3.298399
v -0.975234 2.624027 -3.296327
v -1.717600 2.845456 -3.309530
v -1.593649 2.663814 -3.298693
v -1.670942 2.734083 -3.302882
v 0.974583 3.376722 -3.004371
v 0.974583 3.377337 -3.218153
v 0.974591 3.376728 -3.111578
v 0.625482 3.412765 -3.214321
v 0.623420 3.412495 -3.011386
v 0.628117 3.412482 -3.113060
v 0.966013 3.342482 -3.221922
v 0.966013 3.341870 -3.004380
v 0.966014 3.341881 -3.111578
v 1.417481 3.365024 -3.210312
v 1.416781 3.364702 -3.013571
v 1.431078 3.363979 -3.110209
v 0.638067 3.353409 -3.011380
v 0.639523 3.353726 -3.219865
v 0.641236 3.353405 -3.112733
v -1.167956 3.325520 -3.006556
v -1.167532 3.325585 -3.217632
v -1.167776 3.325552 -3.112097
v -1.771952 3.057281 -3.216083
v -1.771952 3.057279 -3.007100
v -1.771954 3.057306 -3.111593
v -1.665262 3.260711 -3.005620
v -1.665262 3.260720 -3.217758
v -1.665286 3.260724 -3.111691
v -1.735425 3.185313 -3.006010
v -1.735425 3.185317 -3.217245
v -1.735435 3.185337 -3.111629
v 1.638734 3.378949 -3.217536
v 1.638734 3.378949 -3.005620
v 1.638769 3.378950 -3.111578
v 1.992846 3.128163 -3.006486
v 1.992846 3.128163 -3.216671
v 1.992848 3.128184 -3.111578
v 1.877829 3.338711 -3.218198
v 1.877830 3.338711 -3.004958
v 1.877855 3.338719 -3.111578
v 1.951297 3.267560 -3.217833
v 1.951297 3.267560 -3.005323
v 1.951307 3.267580 -3.111578
v 1.992758 2.838035 -3.213912
v 1.992758 2.838035 -3.009245
v 1.992760 2.838021 -3.111578
v 1.244027 2.588209 -3.011709
v 1.244027 2.588209 -3.211450
v 1.244049 2.588209 -3.111580
v 1.950702 2.699026 -3.212564
v 1.950702 2.699026 -3.010594
v 1.950711 2.699012 -3.111579
v 1.876336 2.628242 -3.211863
v 1.876336 2.628242 -3.011295
v 1.876357 2.628236 -3.111579
v -1.005977 2.588182 -3.211417
v -1.005977 2.588182 -3.011743
v -1.005998 2.588181 -3.111581
v -1.763172 2.823171 -3.009454
v -1.763172 2.823172 -3.213713
v -1.763173 2.823159 -3.111585
v -1.639672 2.628059 -3.211791
v -1.639671 2.628059 -3.011371
v -1.639692 2.628054 -3.111582
v -1.716560 2.698568 -3.212474
v -1.716559 2.698567 -3.010690
v -1.716568 2.698554 -3.111583
v -1.721742 3.026139 -3.007283
v -1.721765 3.026079 -3.221576
v -1.721728 3.026237 -3.111596
v -1.124913 3.277557 -3.223314
v -1.125314 3.277528 -3.006567
v -1.125062 3.277625 -3.112108
v -1.684836 3.140385 -3.006182
v -1.684875 3.140330 -3.222753
v -1.684795 3.140482 -3.111634
v -1.614516 3.215678 -3.005691
v -1.614562 3.215636 -3.223372
v -1.614465 3.215767 -3.111698
v 1.944098 3.101093 -3.222206
v 1.944100 3.101119 -3.006619
v 1.944102 3.101184 -3.111578
v 1.596113 3.334402 -3.005669
v 1.596112 3.334391 -3.223154
v 1.596114 3.334431 -3.111578
v 1.902157 3.227064 -3.223364
v 1.902153 3.227085 -3.005460
v 1.902140 3.227141 -3.111578
v 1.827717 3.297314 -3.223784
v 1.827714 3.297329 -3.005039
v 1.827705 3.297373 -3.111578
v 1.210833 2.626737 -3.217125
v 1.210875 2.626774 -3.011700
v 1.210945 2.626837 -3.111580
v 1.943691 2.863054 -3.009124
v 1.943669 2.863028 -3.219701
v 1.943735 2.863110 -3.111578
v 1.826818 2.666586 -3.217578
v 1.826870 2.666620 -3.011247
v 1.826962 2.666680 -3.111579
v 1.901353 2.737191 -3.218350
v 1.901391 2.737221 -3.010475
v 1.901461 2.737277 -3.111579
v -1.714491 2.847493 -3.219548
v -1.714498 2.847532 -3.009293
v -1.714534 2.847602 -3.111586
v -0.973540 2.627052 -3.011731
v -0.973495 2.627013 -3.217096
v -0.973617 2.627118 -3.111580
v -1.668027 2.737053 -3.218305
v -1.668058 2.737088 -3.010530
v -1.668128 2.737153 -3.111583
v -1.590899 2.666817 -3.217524
v -1.590950 2.666855 -3.011306
v -1.591046 2.666921 -3.111582
v 1.048916 3.361748 -2.897392
v 1.055282 3.380484 -2.935064
v 1.051230 3.369208 -2.902787
v 1.053809 3.376425 -2.912387
v 1.055282 3.381406 -3.287144
v 1.047655 3.358448 -3.324808
v 1.053809 3.377347 -3.309821
v 1.051230 3.370130 -3.319421
v 1.338273 3.422875 -3.253909
v 1.392772 3.389699 -3.277138
v 1.384015 3.416286 -3.262658
v 1.389834 3.405823 -3.271889
v 1.334805 3.422423 -2.967635
v 1.388386 3.392657 -2.943033
v 1.380294 3.415832 -2.958143
v 1.385845 3.405390 -2.948817
v 0.630810 3.380573 -3.329572
v 0.623209 3.412030 -3.286472
v 0.627766 3.396124 -3.323048
v 0.624899 3.406331 -3.311540
v 0.619717 3.411579 -2.939100
v 0.625559 3.384928 -2.895975
v 0.620893 3.405837 -2.914017
v 0.623509 3.395637 -2.902496
v 1.042979 3.339134 -2.935129
v 1.049335 3.357717 -2.897389
v 1.044436 3.343150 -2.912448
v 1.047016 3.350309 -2.902814
v 1.343253 3.387980 -2.933583
v 1.357796 3.365438 -2.966317
v 1.345845 3.379230 -2.939256
v 1.350632 3.370588 -2.949353
v 0.625415 3.380511 -2.895991
v 0.634301 3.354442 -2.939565
v 0.627817 3.370089 -2.902624
v 0.631083 3.360121 -2.914360
v -1.770929 3.056526 -2.927798
v -1.745765 3.040465 -2.883323
v -1.765129 3.052791 -2.901052
v -1.754879 3.046249 -2.889681
v -1.145779 3.300590 -2.872943
v -1.167116 3.324544 -2.919837
v -1.153484 3.309451 -2.879490
v -1.162190 3.319088 -2.891075
v -1.709090 3.161324 -2.875572
v -1.734365 3.184295 -2.921415
v -1.718237 3.169628 -2.881942
v -1.728530 3.178977 -2.893327
v -1.638761 3.236691 -2.871290
v -1.664140 3.259746 -2.918167
v -1.647930 3.245028 -2.877771
v -1.658264 3.254422 -2.889282
v 1.637745 3.378093 -2.922735
v 1.616601 3.356531 -2.877005
v 1.632849 3.373218 -2.895039
v 1.624274 3.364601 -2.883507
v 1.967062 3.113489 -2.882355
v 1.991835 3.127506 -2.926986
v 1.975907 3.118459 -2.888767
v 1.986080 3.124219 -2.900192
v 1.876715 3.337838 -2.919413
v 1.851669 3.316965 -2.873112
v 1.870908 3.333014 -2.891073
v 1.860703 3.324502 -2.879580
v 1.950252 3.266645 -2.921218
v 1.925454 3.245985 -2.875445
v 1.944492 3.261834 -2.893275
v 1.934333 3.253376 -2.881853
v -1.166378 3.324656 -3.304327
v -1.140659 3.296045 -3.351215
v -1.161339 3.319201 -3.333083
v -1.152577 3.309543 -3.344671
v -1.740790 3.037254 -3.339736
v -1.770929 3.056527 -3.295372
v -1.754873 3.046224 -3.333488
v -1.765127 3.052783 -3.322116
v -1.664141 3.259759 -3.305192
v -1.633777 3.232119 -3.352028
v -1.658261 3.254424 -3.334074
v -1.647921 3.245008 -3.345587
v -1.734366 3.184299 -3.301824
v -1.704106 3.156756 -3.347563
v -1.728528 3.178970 -3.329909
v -1.718230 3.169600 -3.341295
v 1.991835 3.127506 -3.296169
v 1.962079 3.110668 -3.340717
v 1.986080 3.124219 -3.322963
v 1.975906 3.118459 -3.334388
v 1.612404 3.352313 -3.346121
v 1.637744 3.378093 -3.300420
v 1.624274 3.364601 -3.339647
v 1.632849 3.373218 -3.328115
v 1.920475 3.241843 -3.347626
v 1.950251 3.266644 -3.301937
v 1.934332 3.253375 -3.341302
v 1.944491 3.261833 -3.329880
v 1.846670 3.312791 -3.349994
v 1.876714 3.337837 -3.303742
v 1.860701 3.324501 -3.343575
v 1.870907 3.333013 -3.332082
v 1.991745 2.838589 -2.940690
v 1.966806 2.850931 -2.898026
v 1.985976 2.841452 -2.916458
v 1.975778 2.846476 -2.904715
v 1.226205 2.608133 -2.912750
v 1.243248 2.588985 -2.952692
v 1.232319 2.601223 -2.919315
v 1.239277 2.593407 -2.930917
v 1.949656 2.699847 -2.947354
v 1.924590 2.718802 -2.906027
v 1.943862 2.704238 -2.924452
v 1.933641 2.711963 -2.912713
v 1.875230 2.629031 -2.950761
v 1.849981 2.648066 -2.910322
v 1.869376 2.633430 -2.928582
v 1.859086 2.641193 -2.916930
v 1.243248 2.588985 -3.270464
v 1.222824 2.611943 -3.310409
v 1.239277 2.593407 -3.292238
v 1.232318 2.601224 -3.303840
v 1.961828 2.853371 -3.325201
v 1.991745 2.838589 -3.282465
v 1.975778 2.846477 -3.318440
v 1.985976 2.841452 -3.306697
v 1.844975 2.651850 -3.312861
v 1.875229 2.629031 -3.272395
v 1.859085 2.641194 -3.306225
v 1.869376 2.633430 -3.294573
v 1.919609 2.722563 -3.317198
v 1.949656 2.699847 -3.275802
v 1.933640 2.711964 -3.310442
v 1.943861 2.704238 -3.298703
v -1.005225 2.588957 -2.952666
v -0.988720 2.608141 -2.912699
v -1.001407 2.593372 -2.930872
v -0.994716 2.601178 -2.919266
v -1.737723 2.835547 -2.897156
v -1.762186 2.823695 -2.940151
v -1.746634 2.831220 -2.903890
v -1.756568 2.826425 -2.915684
v -1.638594 2.628844 -2.950544
v -1.613914 2.647905 -2.909973
v -1.632903 2.633225 -2.928272
v -1.622899 2.640957 -2.916600
v -1.715546 2.699381 -2.946784
v -1.691110 2.718303 -2.905153
v -1.709932 2.703737 -2.923673
v -1.700029 2.711402 -2.911884
v -1.762186 2.823697 -3.283007
v -1.732912 2.837854 -3.326095
v -1.756566 2.826427 -3.307473
v -1.746631 2.831220 -3.319267
v -0.985480 2.611938 -3.310462
v -1.005225 2.588957 -3.270490
v -0.994715 2.601180 -3.303889
v -1.001406 2.593373 -3.292283
v -1.686313 2.722017 -3.318096
v -1.715547 2.699382 -3.276374
v -1.700027 2.711407 -3.311272
v -1.709932 2.703739 -3.299483
v -1.609068 2.651659 -3.313219
v -1.638596 2.628844 -3.272613
v -1.622898 2.640959 -3.306556
v -1.632904 2.633226 -3.294883
v -1.126512 3.278147 -2.919902
v -1.147704 3.301400 -2.872938
v -1.131492 3.283363 -2.891136
v -1.140114 3.292762 -2.879515
v -1.747845 3.041900 -2.883272
v -1.722829 3.026341 -2.928678
v -1.738805 3.036215 -2.890033
v -1.728618 3.029815 -2.901859
v -1.640915 3.238662 -2.871271
v -1.615775 3.216207 -2.918514
v -1.631869 3.230490 -2.877911
v -1.621641 3.221287 -2.889602
v -1.711189 3.163238 -2.875528
v -1.686048 3.140865 -2.922245
v -1.702126 3.155077 -2.882277
v -1.691900 3.145909 -2.894090
v 1.945098 3.101415 -2.927619
v 1.969906 3.115228 -2.882304
v 1.950855 3.104557 -2.900768
v 1.961043 3.110272 -2.889006
v 1.618082 3.356632 -2.876995
v 1.596955 3.335132 -2.922969
v 1.610388 3.348564 -2.883604
v 1.601807 3.339959 -2.895255
v 1.903211 3.227684 -2.921868
v 1.928095 3.248185 -2.875400
v 1.908992 3.232373 -2.893868
v 1.919182 3.240800 -2.882105
v 1.828762 3.297990 -2.919798
v 1.853850 3.318790 -2.873090
v 1.834559 3.302740 -2.891426
v 1.844787 3.311243 -2.879734
v 1.211259 2.625736 -2.952653
v 1.227871 2.606402 -2.912752
v 1.215010 2.621189 -2.930883
v 1.221840 2.613325 -2.919300
v 1.969245 2.849895 -2.898057
v 1.944511 2.862328 -2.940114
v 1.960314 2.854352 -2.904483
v 1.950178 2.859394 -2.915930
v 1.827492 2.665599 -2.950532
v 1.852209 2.646397 -2.910334
v 1.833078 2.661090 -2.928373
v 1.843208 2.653284 -2.916839
v 1.902097 2.736221 -2.946791
v 1.926792 2.717152 -2.906058
v 1.907707 2.731750 -2.923936
v 1.917816 2.723997 -2.912487
v -1.715334 2.846761 -2.939391
v -1.739428 2.834854 -2.897184
v -1.720831 2.843945 -2.914982
v -1.730636 2.839153 -2.903573
v -0.989855 2.606658 -2.912700
v -0.973868 2.626004 -2.952616
v -0.983970 2.613621 -2.919246
v -0.977439 2.621464 -2.930827
v -1.668739 2.736062 -2.946032
v -1.692663 2.717115 -2.905183
v -1.674143 2.731633 -2.922981
v -1.683880 2.723978 -2.911572
v -1.591525 2.665815 -2.950240
v -1.615558 2.646647 -2.909985
v -1.596920 2.661329 -2.927993
v -1.606721 2.653580 -2.916474
v 1.392543 3.420858 -3.015629
v 1.506404 3.384764 -3.010816
v 1.490540 3.411824 -3.014508
v 1.501488 3.400986 -3.012522
v 1.509154 3.384855 -3.207967
v 1.394802 3.421160 -3.205791
v 1.503849 3.401216 -3.207089
v 1.492822 3.412099 -3.205421
v 1.412165 3.420264 -3.111712
v 1.528794 3.384007 -3.110168
v 1.514310 3.411072 -3.111061
v 1.525079 3.400304 -3.110689
v 1.163814 3.370409 -3.293065
v 1.768048 3.323833 -3.329030
v 1.871651 3.267915 -3.328391
v 1.931126 3.181164 -3.325148
v 1.930166 2.782507 -3.304662
v 1.870272 2.695812 -3.300093
v 1.718322 2.639223 -3.297107
v -1.481516 2.639454 -3.297242
v -1.635540 2.695759 -3.300597
v -1.698628 2.780150 -3.305630
v -1.524211 3.247310 -3.331580
v -1.656811 3.183585 -3.328990
v -1.711918 3.094464 -3.324205
v -0.272671 3.323656 -3.324311
v -1.726866 2.936239 -3.314950
v 1.952463 2.981755 -3.315143
v 1.286628 3.340950 -3.318048
v 0.118772 2.618707 -3.296015
v 0.627425 3.412599 -3.165477
v 0.626353 3.412458 -3.060488
v 1.426593 3.364128 -3.058529
v 1.183157 3.363715 -3.013772
v 0.640023 3.353382 -3.060251
v 1.191032 3.363403 -3.111539
v 1.427652 3.364284 -3.162295
v 0.641028 3.353527 -3.165944
v 1.183751 3.364144 -3.214967
v 0.974590 3.376804 -3.165577
v 0.852011 3.359866 -3.222661
v 0.966014 3.341956 -3.166049
v 0.852012 3.358497 -3.111578
v 0.974590 3.376727 -3.057499
v 0.966014 3.341880 -3.057501
v 0.852011 3.358483 -2.999783
v -1.735434 3.185335 -3.165143
v -1.758872 3.135463 -3.216825
v -1.771954 3.057303 -3.165059
v -1.758878 3.135491 -3.111607
v -1.735434 3.185333 -3.058115
v -1.771954 3.057302 -3.058126
v -1.758872 3.135461 -3.006385
v -1.665283 3.260725 -3.165138
v -1.703767 3.226118 -3.217545
v -1.703783 3.226130 -3.111657
v -1.665283 3.260721 -3.058244
v -1.703766 3.226112 -3.005765
v -1.167663 3.325569 -3.165314
v -1.570472 3.290277 -3.217839
v -1.570531 3.290271 -3.111771
v -1.167881 3.325536 -3.058879
v -1.570525 3.290259 -3.005697
v 1.951306 3.267578 -3.057625
v 1.976766 3.217592 -3.005695
v 1.992848 3.128182 -3.057776
v 1.976770 3.217617 -3.111578
v 1.951306 3.267578 -3.165531
v 1.992848 3.128182 -3.165381
v 1.976766 3.217591 -3.217461
v 1.877852 3.338718 -3.057576
v 1.917896 3.306363 -3.005095
v 1.917913 3.306376 -3.111578
v 1.877852 3.338718 -3.165580
v 1.917895 3.306363 -3.218061
v 1.638765 3.378950 -3.057657
v 1.814339 3.363376 -3.004998
v 1.814373 3.363379 -3.111578
v 1.638765 3.378950 -3.165499
v 1.814339 3.363375 -3.218157
v 1.876354 2.628237 -3.058407
v 1.763282 2.603703 -3.011544
v 1.244047 2.588209 -3.058476
v 1.763309 2.603701 -3.111579
v 1.876355 2.628237 -3.164752
v 1.244047 2.588209 -3.164684
v 1.763282 2.603703 -3.211614
v 1.950710 2.699013 -3.058306
v 1.916893 2.660423 -3.010974
v 1.916907 2.660414 -3.111579
v 1.950710 2.699013 -3.164851
v 1.916893 2.660423 -3.212183
v 1.992760 2.838023 -3.058128
v 1.976481 2.748777 -3.010108
v 1.976486 2.748759 -3.111579
v 1.992759 2.838023 -3.165029
v 1.976481 2.748777 -3.213049
v -1.716567 2.698556 -3.058444
v -1.744077 2.746392 -3.010223
v -1.763173 2.823161 -3.058343
v -1.744081 2.746375 -3.111584
v -1.716567 2.698556 -3.164722
v -1.763173 2.823161 -3.164825
v -1.744077 2.746393 -3.212942
v -1.639689 2.628055 -3.058488
v -1.681367 2.660116 -3.011062
v -1.681381 2.660107 -3.111582
v -1.639690 2.628054 -3.164675
v -1.681368 2.660116 -3.212101
v -1.005996 2.588181 -3.058504
v -1.525763 2.603616 -3.011603
v -1.525790 2.603614 -3.111581
v -1.005996 2.588181 -3.164658
v -1.525764 2.603616 -3.211558
v -1.614481 3.215749 -3.165851
v -1.520672 3.244728 -3.223492
v -1.124964 3.277627 -3.166040
v -1.520604 3.244843 -3.111779
v -1.614467 3.215758 -3.058254
v -1.125173 3.277603 -3.058883
v -1.520681 3.244756 -3.005733
v -1.684809 3.140460 -3.165839
v -1.653169 3.181113 -3.223112
v -1.653078 3.181255 -3.111663
v -1.684796 3.140473 -3.058137
v -1.653127 3.181162 -3.005882
v -1.721735 3.026214 -3.165751
v -1.708366 3.092173 -3.222283
v -1.708303 3.092335 -3.111611
v -1.721727 3.026228 -3.058149
v -1.708334 3.092234 -3.006606
v 1.827706 3.297368 -3.057586
v 1.764695 3.321158 -3.005063
v 1.596114 3.334427 -3.057663
v 1.764691 3.321196 -3.111578
v 1.827706 3.297366 -3.166278
v 1.596114 3.334426 -3.166201
v 1.764696 3.321145 -3.223760
v 1.902142 3.227134 -3.057642
v 1.868320 3.265488 -3.005199
v 1.868308 3.265538 -3.111578
v 1.902142 3.227132 -3.166222
v 1.868325 3.265470 -3.223624
v 1.944102 3.101176 -3.057792
v 1.927917 3.179019 -3.005860
v 1.927908 3.179082 -3.111578
v 1.944102 3.101172 -3.166073
v 1.927920 3.178995 -3.222964
v 1.901452 2.737270 -3.058291
v 1.927267 2.785243 -3.009957
v 1.943730 2.863103 -3.058112
v 1.927326 2.785298 -3.111578
v 1.901448 2.737267 -3.165575
v 1.943727 2.863100 -3.165753
v 1.927237 2.785215 -3.218868
v 1.826950 2.666673 -3.058400
v 1.867498 2.698718 -3.010894
v 1.867579 2.698776 -3.111579
v 1.826944 2.666669 -3.165466
v 1.867453 2.698685 -3.217931
v 1.210936 2.626829 -3.058474
v 1.715810 2.642157 -3.011520
v 1.715907 2.642219 -3.111579
v 1.210931 2.626825 -3.165393
v 1.715754 2.642122 -3.217305
v -1.591034 2.666913 -3.058479
v -1.479018 2.642496 -3.011571
v -0.973607 2.627110 -3.058501
v -1.479120 2.642562 -3.111581
v -1.591029 2.666908 -3.165393
v -0.973602 2.627105 -3.165368
v -1.478960 2.642457 -3.217258
v -1.668118 2.737145 -3.058423
v -1.632746 2.698787 -3.010954
v -1.632829 2.698853 -3.111583
v -1.668116 2.737140 -3.165452
v -1.632704 2.698750 -3.217879
v -1.714528 2.847594 -3.058323
v -1.695652 2.783015 -3.010020
v -1.695707 2.783080 -3.111585
v -1.714531 2.847588 -3.165558
v -1.695633 2.782980 -3.218818
v -0.297369 3.373161 -3.216791
v -0.297564 3.373056 -3.112738
v -0.298635 3.372991 -3.008627
v -1.773008 2.939983 -3.214902
v -1.773008 2.939990 -3.111586
v -1.773008 2.939982 -3.008268
v 1.998279 2.983068 -3.215303
v 1.998280 2.983073 -3.111578
v 1.998279 2.983068 -3.007853
v 1.300604 3.384019 -3.216543
v 1.300627 3.383943 -3.111578
v 1.300604 3.383943 -3.006533
v 0.119115 2.582961 -3.211382
v 0.119115 2.582961 -3.111580
v 0.119115 2.582961 -3.011778
v -0.270803 3.319663 -3.222473
v -0.271088 3.319609 -3.112709
v -0.272007 3.319505 -3.008626
v -1.723588 2.936510 -3.220566
v -1.723590 2.936644 -3.111588
v -1.723579 2.936560 -3.008279
v 1.274923 3.337295 -3.221946
v 1.274926 3.337242 -3.111578
v 1.274924 3.337224 -3.006561
v 1.949404 2.982043 -3.220966
v 1.949437 2.982129 -3.111578
v 1.949415 2.982068 -3.007859
v 0.118761 2.621657 -3.217053
v 0.118755 2.621760 -3.111580
v 0.118759 2.621695 -3.011774
v 0.979289 3.343320 -3.275716
v 1.396633 3.366704 -3.250129
v 1.596469 3.334718 -3.281343
v 0.637124 3.354561 -3.272627
v -1.125279 3.277802 -3.283376
v -1.685434 3.140415 -3.281499
v -1.722242 3.026041 -3.277673
v -1.714811 2.847079 -3.271310
v -1.615150 3.215757 -3.283718
v 1.902591 3.227242 -3.281998
v 1.944485 3.101130 -3.278543
v 1.943944 2.862661 -3.271046
v 1.828158 3.297543 -3.283244
v 1.826946 2.666083 -3.264769
v 1.210886 2.626223 -3.263478
v -0.973530 2.626483 -3.263479
v 1.901550 2.736705 -3.267029
v -1.668238 2.736532 -3.267373
v -1.591020 2.666286 -3.264880
v 0.624809 3.389630 -2.898499
v 1.161081 3.396965 -2.917194
v 1.387628 3.399015 -2.945517
v 1.159469 3.408262 -2.923549
v 0.622159 3.401201 -2.907735
v 1.383355 3.411088 -2.953059
v 1.156509 3.418591 -2.934660
v 0.619870 3.409367 -2.922421
v 1.370159 3.419585 -2.963585
v 1.149960 3.424397 -2.955116
v 1.391741 3.399010 -3.275098
v 1.165883 3.392774 -3.306147
v 0.629260 3.389503 -3.327042
v 1.164018 3.408775 -3.299865
v 1.387221 3.411536 -3.267690
v 0.626301 3.401695 -3.317814
v 1.160764 3.419113 -3.288800
v 1.373726 3.420039 -3.257384
v 0.623698 3.409852 -3.303145
v 1.153696 3.424881 -3.268464
v 0.632662 3.356647 -2.922880
v 1.168083 3.365171 -2.955976
v 1.382601 3.367885 -2.959043
v 1.162244 3.371022 -2.934443
v 0.629460 3.364660 -2.907959
v 1.377173 3.374139 -2.947928
v 1.158128 3.381006 -2.922779
v 0.626300 3.375937 -2.898557
v 1.373681 3.382535 -2.940768
v 1.155800 3.391520 -2.916196
v -1.749051 3.042537 -2.885790
v -1.732547 3.112322 -2.878619
v -1.712387 3.164317 -2.878043
v -1.741697 3.120311 -2.884936
v -1.760469 3.049815 -2.894830
v -1.723850 3.174725 -2.887099
v -1.751998 3.129317 -2.896262
v -1.768683 3.055067 -2.909637
v -1.732102 3.182224 -2.902084
v -1.757831 3.134450 -2.923808
v -1.677385 3.202138 -2.873177
v -1.642060 3.239691 -2.873800
v -1.686535 3.210453 -2.879607
v -1.653564 3.250151 -2.882996
v -1.696834 3.219811 -2.891061
v -1.661853 3.257681 -2.898173
v -1.702681 3.225124 -2.919589
v -1.544428 3.266049 -2.870434
v -1.148538 3.303936 -2.875478
v -1.553439 3.274478 -2.876953
v -1.158232 3.314706 -2.884756
v -1.563614 3.283945 -2.888508
v -1.165208 3.322430 -2.899973
v -1.569407 3.289305 -2.917590
v 1.969525 3.114853 -3.338302
v 1.946006 3.192920 -3.345314
v 1.927955 3.248067 -3.345214
v 1.959826 3.203944 -3.339039
v 1.981454 3.121599 -3.329209
v 1.939872 3.257987 -3.336125
v 1.969988 3.212062 -3.327653
v 1.989607 3.126222 -3.314358
v 1.948016 3.264772 -3.321132
v 1.975741 3.216687 -3.300097
v 1.886939 3.280573 -3.349100
v 1.854282 3.319144 -3.347531
v 1.900868 3.292181 -3.342721
v 1.866265 3.329142 -3.338358
v 1.911041 3.300658 -3.331259
v 1.874453 3.335966 -3.323265
v 1.916818 3.305470 -3.303069
v 1.783591 3.337233 -3.349798
v 1.618873 3.359123 -3.343628
v 1.797446 3.349107 -3.343351
v 1.628948 3.369300 -3.334410
v 1.807484 3.357667 -3.331839
v 1.635831 3.376205 -3.319368
v 1.813207 3.362514 -3.303531
v 1.227953 2.606140 -3.307864
v 1.733061 2.627376 -3.311358
v 1.852619 2.646076 -3.310280
v 1.746627 2.616689 -3.304763
v 1.236111 2.596961 -3.298564
v 1.864695 2.636960 -3.300922
v 1.756540 2.608895 -3.293142
v 1.241699 2.590697 -3.284211
v 1.872952 2.630736 -3.286482
v 1.762189 2.604484 -3.271213
v 1.885682 2.683985 -3.314833
v 1.927213 2.716820 -3.314553
v 1.899750 2.673358 -3.308142
v 1.939213 2.707752 -3.305092
v 1.909999 2.665618 -3.296451
v 1.947408 2.701555 -3.290497
v 1.915819 2.661227 -3.273944
v 1.945472 2.771288 -3.320183
v 1.969370 2.849633 -3.322552
v 1.959469 2.761170 -3.313372
v 1.981339 2.843738 -3.313087
v 1.969676 2.753786 -3.301591
v 1.989512 2.839705 -3.298323
v 1.975455 2.749583 -3.278192
v -1.740372 2.834239 -3.323410
v -1.713937 2.768705 -3.321327
v -1.693784 2.716237 -3.315413
v -1.727609 2.758626 -3.314429
v -1.752049 2.828608 -3.313887
v -1.705428 2.707226 -3.305895
v -1.737491 2.751336 -3.302585
v -1.760011 2.824761 -3.299056
v -1.713369 2.701076 -3.291236
v -1.743086 2.747186 -3.278924
v -1.650953 2.683632 -3.315436
v -1.616598 2.645832 -3.310623
v -1.664725 2.672976 -3.308700
v -1.628353 2.636742 -3.301242
v -1.674676 2.665280 -3.296974
v -1.636381 2.630543 -3.286774
v -1.680325 2.660913 -3.274322
v -1.496269 2.627306 -3.311529
v -0.990505 2.606095 -3.307915
v -1.509567 2.616567 -3.304921
v -0.998362 2.596922 -3.298611
v -1.519206 2.608794 -3.293289
v -1.003735 2.590666 -3.284253
v -1.524700 2.604394 -3.271310
v -1.711756 3.163712 -3.345182
v -1.727551 3.107915 -3.344445
v -1.748423 3.042107 -3.337366
v -1.741690 3.120282 -3.338259
v -1.723846 3.174709 -3.336138
v -1.760465 3.049800 -3.328339
v -1.751995 3.129308 -3.326933
v -1.732101 3.182225 -3.321152
v -1.768682 3.055065 -3.313531
v -1.757831 3.134453 -3.299390
v -1.641427 3.239090 -3.349553
v -1.672408 3.197574 -3.350047
v -1.686527 3.210428 -3.343684
v -1.653558 3.250142 -3.340360
v -1.696831 3.219808 -3.332229
v -1.661852 3.257690 -3.325182
v -1.702681 3.225132 -3.303705
v -1.147088 3.303438 -3.348685
v -1.539414 3.261469 -3.353060
v -1.553316 3.274474 -3.346560
v -1.157351 3.314811 -3.339404
v -1.563505 3.283965 -3.335002
v -1.164395 3.322547 -3.324186
v -1.569315 3.289335 -3.305925
v 1.928578 3.248586 -2.877931
v 1.950987 3.196892 -2.877739
v 1.970148 3.115206 -2.884843
v 1.959827 3.203945 -2.884116
v 1.939873 3.257987 -2.887030
v 1.981455 3.121599 -2.893946
v 1.969988 3.212062 -2.895502
v 1.948017 3.264772 -2.902023
v 1.989607 3.126223 -2.908798
v 1.975742 3.216687 -2.923058
v 1.854909 3.319668 -2.875618
v 1.891924 3.284728 -2.873991
v 1.900869 3.292182 -2.880434
v 1.866267 3.329144 -2.884796
v 1.911043 3.300659 -2.891896
v 1.874454 3.335967 -2.899890
v 1.916820 3.305472 -2.920087
v 1.619398 3.359651 -2.879523
v 1.788505 3.341431 -2.873318
v 1.797447 3.349108 -2.879803
v 1.628948 3.369300 -2.888745
v 1.807484 3.357668 -2.891316
v 1.635831 3.376206 -2.903786
v 1.813207 3.362515 -2.919624
v 1.853246 2.645602 -2.912878
v 1.737878 2.623577 -2.911811
v 1.228377 2.605662 -2.915291
v 1.746628 2.616688 -2.918392
v 1.864696 2.636960 -2.922233
v 1.236111 2.596961 -2.924591
v 1.756540 2.608895 -2.930013
v 1.872952 2.630736 -2.936673
v 1.241699 2.590697 -2.938945
v 1.762189 2.604484 -2.951943
v 1.927837 2.716349 -2.908611
v 1.890673 2.680214 -2.908370
v 1.899751 2.673357 -2.915013
v 1.939214 2.707752 -2.918063
v 1.910000 2.665618 -2.926704
v 1.947408 2.701554 -2.932658
v 1.915819 2.661227 -2.949211
v 1.969992 2.849328 -2.900611
v 1.950449 2.767696 -2.903062
v 1.959470 2.761169 -2.909783
v 1.981340 2.843738 -2.910067
v 1.969676 2.753786 -2.921564
v 1.989512 2.839705 -2.924832
v 1.975455 2.749583 -2.944963
v -1.694386 2.715769 -2.907755
v -1.718721 2.765180 -2.901948
v -1.740977 2.833951 -2.899759
v -1.727611 2.758621 -2.908728
v -1.705429 2.707223 -2.917261
v -1.752052 2.828606 -2.909270
v -1.737492 2.751332 -2.920571
v -1.713369 2.701074 -2.931920
v -1.760011 2.824759 -2.924101
v -1.743085 2.747184 -2.944234
v -1.617205 2.645361 -2.912537
v -1.655773 2.679900 -2.907782
v -1.664726 2.672974 -2.914456
v -1.628353 2.636741 -2.921914
v -1.674675 2.665278 -2.926182
v -1.636380 2.630543 -2.936381
v -1.680324 2.660913 -2.948835
v -0.990911 2.605618 -2.915240
v -1.500937 2.623529 -2.911644
v -1.509568 2.616566 -2.918234
v -0.998363 2.596921 -2.924544
v -1.519206 2.608793 -2.929866
v -1.003735 2.590666 -2.938902
v -1.524699 2.604394 -2.951846
v -1.144997 3.298151 -2.875483
v -1.546625 3.267942 -2.870424
v -1.637670 3.235732 -2.873839
v -1.537757 3.259699 -2.877027
v -1.135417 3.287632 -2.884800
v -1.626295 3.225465 -2.883234
v -1.527705 3.250437 -2.888675
v -1.128480 3.280127 -2.900044
v -1.618078 3.218124 -2.898547
v -1.521936 3.245315 -2.917771
v -1.679487 3.204059 -2.873147
v -1.707930 3.160305 -2.878135
v -1.670438 3.195897 -2.879837
v -1.696552 3.150070 -2.887667
v -1.660223 3.186723 -2.891582
v -1.688339 3.142762 -2.902974
v -1.654368 3.181667 -2.920155
v -1.734669 3.114196 -2.878562
v -1.744592 3.039869 -2.885883
v -1.725591 3.106339 -2.885363
v -1.733250 3.032717 -2.895430
v -1.715346 3.097508 -2.897235
v -1.725080 3.027630 -2.910580
v -1.709501 3.092662 -2.924866
v 1.850598 3.316082 -2.875659
v 1.790411 3.342887 -2.873303
v 1.615275 3.353513 -2.879551
v 1.781443 3.335198 -2.879929
v 1.839210 3.306603 -2.885058
v 1.605709 3.343869 -2.888906
v 1.771392 3.326639 -2.891600
v 1.831011 3.299805 -2.900302
v 1.598833 3.336984 -2.904038
v 1.765702 3.321849 -2.919933
v 1.924956 3.245585 -2.877990
v 1.894345 3.286749 -2.873960
v 1.885368 3.279293 -2.880629
v 1.913625 3.236200 -2.887469
v 1.875166 3.270834 -2.892351
v 1.905455 3.229469 -2.902718
v 1.869379 3.266119 -2.920584
v 1.966812 3.113515 -2.884892
v 1.953799 3.199153 -2.877681
v 1.944928 3.192112 -2.884417
v 1.955487 3.107150 -2.894369
v 1.934736 3.184037 -2.896218
v 1.947325 3.102596 -2.909474
v 1.928960 3.179558 -2.923843
v 1.923576 2.719607 -2.908550
v 1.952728 2.766088 -2.903103
v 1.966075 2.851498 -2.900548
v 1.943770 2.772616 -2.909497
v 1.912296 2.728220 -2.917679
v 1.954782 2.857097 -2.909674
v 1.933653 2.780018 -2.920906
v 1.904230 2.734459 -2.932056
v 1.946680 2.861162 -2.924215
v 1.928021 2.784286 -2.944246
v 1.848986 2.648865 -2.912853
v 1.892860 2.678575 -2.908390
v 1.883871 2.685443 -2.914860
v 1.837674 2.657535 -2.922077
v 1.873756 2.693218 -2.926356
v 1.829603 2.663821 -2.936429
v 1.868162 2.697706 -2.948831
v 1.225733 2.608876 -2.915287
v 1.740098 2.621852 -2.911816
v 1.731462 2.628757 -2.918347
v 1.218107 2.617607 -2.924565
v 1.721726 2.636597 -2.929911
v 1.212672 2.623942 -2.938904
v 1.716372 2.641127 -2.951831
v -1.612329 2.649183 -2.912498
v -1.502602 2.622177 -2.911649
v -0.987709 2.609178 -2.915234
v -1.494120 2.629133 -2.918173
v -1.601366 2.657799 -2.921704
v -0.980400 2.617891 -2.924510
v -1.484696 2.636934 -2.929730
v -1.593561 2.664042 -2.936056
v -0.975207 2.624210 -2.938849
v -1.479526 2.641450 -2.951698
v -1.689445 2.719631 -2.907659
v -1.657346 2.678697 -2.907802
v -1.648533 2.685597 -2.914245
v -1.678564 2.728147 -2.916742
v -1.638768 2.693297 -2.925714
v -1.670794 2.734312 -2.931114
v -1.633372 2.697753 -2.948328
v -1.736225 2.836436 -2.899660
v -1.720310 2.764041 -2.901987
v -1.711551 2.770552 -2.908330
v -1.725286 2.841760 -2.908742
v -1.701822 2.777819 -2.919688
v -1.717444 2.845632 -2.923286
v -1.696398 2.782027 -2.943277
v -0.285896 3.346630 -2.881200
v -0.290617 3.356422 -2.887758
v -0.295968 3.366351 -2.899350
v -0.298887 3.371975 -2.926877
v -0.273432 3.320254 -2.926937
v -0.276815 3.325652 -2.899394
v -0.282274 3.335303 -2.887771
v -0.287013 3.344819 -2.881199
v -1.747196 2.937746 -2.890225
v -1.756206 2.938480 -2.896770
v -1.766299 2.939359 -2.908352
v -1.772008 2.939865 -2.933960
v -1.724542 2.936274 -2.934023
v -1.730188 2.936607 -2.908407
v -1.740187 2.937418 -2.896788
v -1.749103 2.938119 -2.890213
v 1.310493 3.383507 -2.929670
v 1.001622 3.376532 -2.922334
v 1.307483 3.378740 -2.903692
v 1.000013 3.371421 -2.910472
v 1.302217 3.370304 -2.892447
v 0.997838 3.364319 -2.903678
v 1.297483 3.361806 -2.886106
v 0.992957 3.342360 -2.922388
v 1.285378 3.337722 -2.929806
v 1.288355 3.342441 -2.903817
v 0.994563 3.347425 -2.910507
v 1.293624 3.350834 -2.892504
v 0.996741 3.354470 -2.903685
v 1.298370 3.359294 -2.886100
v 1.972422 2.982179 -2.890120
v 1.981323 2.982435 -2.896670
v 1.991510 2.982804 -2.908255
v 1.997272 2.983016 -2.933779
v 1.950327 2.981851 -2.933807
v 1.956042 2.981955 -2.908277
v 1.966208 2.982291 -2.896672
v 1.975098 2.982539 -2.890109
v -0.296695 3.372266 -3.298500
v -0.293451 3.366666 -3.326020
v -0.287949 3.356724 -3.337614
v -0.280603 3.342191 -3.344176
v -1.742302 2.937290 -3.332925
v -1.756201 2.938468 -3.326388
v -1.766297 2.939356 -3.314806
v -1.772007 2.939867 -3.289201
v 1.967440 2.981989 -3.333030
v 1.981323 2.982436 -3.326484
v 1.991510 2.982804 -3.314900
v 1.997272 2.983016 -3.289376
v 1.294920 3.357699 -3.336884
v 0.997639 3.364941 -3.317994
v 1.302217 3.370449 -3.330558
v 1.000013 3.372864 -3.311202
v 1.307483 3.378885 -3.319314
v 1.001622 3.377975 -3.299339
v 1.310493 3.383652 -3.293336
v 0.119101 2.583735 -2.952945
v 0.119026 2.588158 -2.931218
v 0.118893 2.595980 -2.919621
v 0.118834 2.602920 -2.913062
v 0.118788 2.620651 -2.952929
v 0.118876 2.616100 -2.931205
v 0.119024 2.608235 -2.919616
v 0.119096 2.601286 -2.913063
v 0.118765 2.606729 -3.310094
v 0.118893 2.595981 -3.303534
v 0.119026 2.588159 -3.291937
v 0.119101 2.583735 -3.270211
v 1.528083 3.393418 -3.110466
v 1.523374 3.384202 -3.161783
v 1.507383 3.394250 -3.207647
v 1.518889 3.400543 -3.162043
v 1.520399 3.406137 -3.110887
v 1.498922 3.407122 -3.206336
v 1.507718 3.411391 -3.162113
v 1.496185 3.415269 -3.111256
v 1.475354 3.416293 -3.204693
v 1.406649 3.420576 -3.162808
v 1.504952 3.394060 -3.011745
v 1.522068 3.384116 -3.058071
v 1.517641 3.400427 -3.058651
v 1.496596 3.406868 -3.013432
v 1.506495 3.411245 -3.059168
v 1.473112 3.416003 -3.015542
v 1.405433 3.420413 -3.059854
v 1.377489 3.421881 -3.235716
v 1.467456 3.413320 -3.236909
v 1.476384 3.402618 -3.242343
v 1.480933 3.386360 -3.245428
v 1.374486 3.421484 -2.985303
v 1.464386 3.412948 -2.982670
v 1.473136 3.402284 -2.977074
v 1.476836 3.386913 -2.972766
v 1.617343 3.356582 -2.876141
v 0.997291 3.359380 -2.901204
v 0.988400 3.377554 -2.957754
v 1.638558 3.378840 -2.958351
v 0.979193 3.341192 -2.957786
v 0.988400 3.378966 -3.263950
v 0.994425 3.351830 -3.317072
v 1.604991 3.344171 -3.344423
v 1.638558 3.378840 -3.264804
v 0.632499 3.368959 -3.328256
v 1.386010 3.377972 -3.277532
v 1.497715 3.372968 -3.208327
v 0.623873 3.412797 -3.256058
v 1.167748 3.425073 -3.209805
v 0.620981 3.412420 -2.969531
v 1.165435 3.424766 -3.014033
v 1.380348 3.388037 -2.939938
v 0.625464 3.382696 -2.895122
v 1.494963 3.372949 -3.010571
v 1.398780 3.365316 -2.981797
v -1.133484 3.287475 -3.349427
v -1.167268 3.325480 -3.266695
v -1.146732 3.300978 -2.872081
v -1.167872 3.325387 -2.957481
v 1.596216 3.334449 -2.958497
v 0.636103 3.353558 -2.969806
v -1.125604 3.277490 -2.957520
v -1.746799 3.041176 -2.882438
v -1.710133 3.162270 -2.874691
v -1.738567 2.835203 -2.896310
v -1.763047 2.823255 -2.969020
v -1.771820 3.057146 -2.961663
v -1.735277 3.185151 -2.957942
v -1.639828 3.237664 -2.870421
v -1.665085 3.260577 -2.956148
v 1.852762 3.317878 -2.872242
v 1.877651 3.338590 -2.956358
v 1.926777 3.247085 -2.874564
v 1.968486 3.114358 -2.881470
v 1.968022 2.850413 -2.897182
v 1.992718 3.128048 -2.960907
v 1.992630 2.838125 -2.969152
v 1.951151 3.267417 -2.957441
v -1.625177 3.224305 -3.350163
v -1.665085 3.260589 -3.267220
v -1.695474 3.148935 -3.345696
v -1.732167 3.031819 -3.338026
v -1.724420 2.842010 -3.325014
v -1.763048 2.823257 -3.254143
v -1.771820 3.057148 -3.261514
v -1.735277 3.185156 -3.265305
v 1.953817 3.106067 -3.339053
v 1.912120 3.234904 -3.345814
v 1.953376 2.857604 -3.324107
v 1.992718 3.128048 -3.262249
v 1.992630 2.838125 -3.254004
v 1.951150 3.267416 -3.265714
v 1.838048 3.305601 -3.348185
v 1.877650 3.338589 -3.266798
v 1.925686 2.717977 -2.905184
v 1.950558 2.699150 -2.973160
v 1.851088 2.647231 -2.909469
v 1.227033 2.607267 -2.911892
v -0.989280 2.607399 -2.911840
v 1.243896 2.588308 -2.976386
v -1.005850 2.588280 -2.976394
v 1.876165 2.628348 -2.975213
v 1.217094 2.618489 -3.309508
v 1.836371 2.658377 -3.311950
v -0.979761 2.618587 -3.309561
v 1.243897 2.588308 -3.246771
v -1.005850 2.588280 -3.246764
v 1.876165 2.628348 -3.247944
v 1.911038 2.729057 -3.316267
v 1.950558 2.699150 -3.249997
v -1.614725 2.647278 -2.909120
v -1.639504 2.628165 -2.975155
v -1.691877 2.717713 -2.904309
v -1.716420 2.698689 -2.972945
v -1.677773 2.728644 -3.317181
v -1.716421 2.698690 -3.250216
v -1.600479 2.658334 -3.312314
v -1.639506 2.628165 -3.248004
v -1.614764 3.215605 -2.956363
v -1.685061 3.140290 -2.958458
v -1.721907 3.026008 -2.962210
v -1.714554 2.847327 -2.968544
v 1.902304 3.227074 -2.957847
v 1.944222 3.101057 -2.961303
v 1.943728 2.862880 -2.968792
v 1.827859 3.297346 -2.956598
v 1.826810 2.666402 -2.975070
v 1.210818 2.626550 -2.976362
v -0.973466 2.626822 -2.976362
v 1.901373 2.737011 -2.972808
v -1.668041 2.736862 -2.972475
v -1.590880 2.666625 -2.974965
v 1.515327 3.371963 -3.109877
v 1.177626 3.424474 -3.112530
v 1.303118 3.384115 -3.261424
v 0.861910 3.363872 -3.287148
v 1.724819 2.633905 -3.310453
v -1.772882 2.939956 -2.965329
v -0.276215 3.332092 -3.342557
v -1.772882 2.939958 -3.257837
v -0.299051 3.372847 -2.962050
v -0.286454 3.345703 -2.880340
v 1.277471 3.337229 -2.961630
v 0.119113 2.583058 -3.246609
v 1.998153 2.983056 -3.258162
v 1.998153 2.983056 -2.964994
v 1.715846 2.641613 -3.263981
v -1.733602 3.113249 -2.877731
v 1.867460 2.698503 -2.974040
v 1.174436 3.365462 -3.260784
v -0.272571 3.319520 -2.962084
v -1.723690 2.936391 -2.965367
v -1.521232 3.244876 -3.284217
v -0.271094 3.320131 -3.280048
v 1.868472 3.265492 -2.957073
v 1.176435 3.364129 -2.978960
v 1.928339 3.179136 -3.280810
v 1.976630 3.217441 -3.264610
v -1.758734 3.135290 -2.959315
v 1.160646 3.425357 -3.244801
v -0.297252 3.373088 -3.263341
v -1.718906 3.100389 -3.342597
v 1.763104 2.603805 -3.247228
v -1.531004 3.253564 -3.351207
v 1.303118 3.383935 -2.961546
v 0.119113 2.583058 -2.976548
v 0.853758 3.358455 -2.929896
v 1.462536 3.375015 -2.966717
v 1.157488 3.424942 -2.978736
v 1.470661 3.374549 -3.246336
v 1.937734 3.186341 -3.343523
v 1.165177 3.380653 -3.305419
v 1.159799 3.393992 -2.916044
v -1.758734 3.135293 -3.263889
v 1.952395 3.198022 -2.876851
v -1.663792 3.189756 -3.348181
v 1.976630 3.217441 -2.958546
v 1.738980 2.622714 -2.910954
v 1.893137 3.285739 -2.873116
v 1.763104 2.603805 -2.975929
v -1.719506 2.764614 -2.901108
v 1.891760 2.679394 -2.907521
v -1.705439 2.774991 -3.320387
v -1.708895 3.092229 -3.279939
v -1.656549 2.679301 -2.906933
v -1.545515 3.266982 -2.869569
v 1.789460 3.342160 -2.872452
v -1.678428 3.203087 -2.872303
v 1.774995 3.329808 -3.348009
v 1.951584 2.766892 -2.902224
v 1.878464 3.273520 -3.347287
v 1.936945 2.777474 -3.319222
v -1.501759 2.622854 -2.910788
v 1.877086 2.690501 -3.313913
v -1.488039 2.633981 -3.310627
v -1.520935 3.244695 -2.956023
v -1.642380 2.690291 -3.314526
v -1.653749 3.181218 -3.282743
v 1.949495 2.981950 -2.965011
v -1.653366 3.181078 -2.957270
v 1.715736 2.641936 -2.975858
v 0.118767 2.621468 -2.976538
v 1.949736 2.981876 -3.274831
v -1.695667 2.782793 -2.970845
v -1.478928 2.642265 -2.975824
v 0.118770 2.621134 -3.263302
v 1.509347 3.372130 -3.057849
v -1.632701 2.698559 -2.973833
v -1.708536 3.092125 -2.959975
v 1.928060 3.178991 -2.959036
v -1.723987 2.936282 -3.274498
v 1.765122 3.321404 -3.283164
v 1.868766 3.265674 -3.282771
v 1.764826 3.321188 -2.956677
v 1.927468 2.784754 -3.268563
v 1.867617 2.698190 -3.265798
v 1.927272 2.785042 -2.971274
v -1.479038 2.641924 -3.264018
v -1.632870 2.698224 -3.266012
v -1.695892 2.782479 -3.269005
v -1.748143 2.937931 -2.889359
v -1.703606 3.225965 -2.956918
v -1.570345 3.290133 -2.955912
v 1.814146 3.363263 -2.956484
v 1.917735 3.306232 -2.956762
v 1.973760 2.982359 -2.889255
v -1.570271 3.290158 -3.267613
v -1.703606 3.225974 -3.266384
v -1.733749 2.936644 -3.331529
v 1.959100 2.981809 -3.331650
v 1.917734 3.306231 -3.266393
v 1.814146 3.363262 -3.266671
v 1.976347 2.748905 -2.971722
v 1.916736 2.660538 -2.974278
v 0.118966 2.602103 -2.912203
v 0.118760 2.613324 -3.309195
v 1.916736 2.660538 -3.248879
v 1.976347 2.748905 -3.251434
v -1.525589 2.603717 -2.975918
v -1.681214 2.660229 -2.974151
v -1.743947 2.746517 -2.971443
v -1.743948 2.746519 -3.251719
v -1.681216 2.660229 -3.249009
v -1.525590 2.603717 -3.247241
v 1.277629 3.337803 -3.277361
v 1.510657 3.372225 -3.161653
v 1.188330 3.363463 -3.059636
v 1.189364 3.363639 -3.164163
v 0.852012 3.358668 -3.166141
v 0.852012 3.358495 -3.056926
v 1.173330 3.424533 -3.060374
v 1.174554 3.424696 -3.164223
v -1.758877 3.135488 -3.165121
v -1.758877 3.135487 -3.058093
v -1.703781 3.226130 -3.165148
v -1.703781 3.226127 -3.058166
v -1.570513 3.290276 -3.165142
v -1.570540 3.290267 -3.058399
v 1.976770 3.217613 -3.057674
v 1.976770 3.217613 -3.165482
v 1.917911 3.306375 -3.057595
v 1.917911 3.306375 -3.165561
v 1.814369 3.363379 -3.057580
v 1.814368 3.363379 -3.165576
v 1.763306 2.603701 -3.058446
v 1.763306 2.603701 -3.164713
v 1.916905 2.660415 -3.058360
v 1.916905 2.660415 -3.164798
v 1.976485 2.748761 -3.058240
v 1.976485 2.748761 -3.164917
v -1.744080 2.746377 -3.058411
v -1.744080 2.746377 -3.164757
v -1.681379 2.660108 -3.058468
v -1.681380 2.660108 -3.164696
v -1.525786 2.603614 -3.058500
v -1.525787 2.603614 -3.164662
v -1.520607 3.244829 -3.165861
v -1.520620 3.244833 -3.058405
v -1.653094 3.181235 -3.165853
v -1.653080 3.181246 -3.058182
v -1.708314 3.092311 -3.165809
v -1.708303 3.092326 -3.058120
v 1.764692 3.321192 -3.057588
v 1.764692 3.321190 -3.166276
v 1.868309 3.265532 -3.057608
v 1.868310 3.265530 -3.166257
v 1.927909 3.179074 -3.057694
v 1.927909 3.179071 -3.166170
v 1.927319 2.785291 -3.058221
v 1.927315 2.785287 -3.165644
v 1.867569 2.698769 -3.058349
v 1.867564 2.698765 -3.165517
v 1.715895 2.642211 -3.058443
v 1.715888 2.642207 -3.165424
v -1.479107 2.642554 -3.058496
v -1.479100 2.642549 -3.165375
v -1.632818 2.698845 -3.058454
v -1.632814 2.698840 -3.165419
v -1.695699 2.783072 -3.058384
v -1.695700 2.783067 -3.165493
v -0.297389 3.373106 -3.165663
v -0.298041 3.373019 -3.059793
v -1.773008 2.939989 -3.164943
v -1.773008 2.939988 -3.058229
v 1.998280 2.983072 -3.165207
v 1.998280 2.983072 -3.057950
v 1.300624 3.383953 -3.165376
v 1.300624 3.383943 -3.057770
v 0.119115 2.582961 -3.164665
v 0.119115 2.582961 -3.058496
v -0.270857 3.319650 -3.166362
v -0.271500 3.319568 -3.059767
v -1.723591 2.936625 -3.165655
v -1.723586 2.936636 -3.058230
v 1.274925 3.337248 -3.166051
v 1.274925 3.337240 -3.057774
v 1.949433 2.982118 -3.165915
v 1.949434 2.982122 -3.057950
v 0.118756 2.621747 -3.165374
v 0.118756 2.621752 -3.058494
v 1.285316 3.348714 -3.334816
v 1.160498 3.402115 -2.919685
v 1.158118 3.413901 -2.928602
v 1.153685 3.422171 -2.942227
v 1.165161 3.402029 -3.303708
v 1.162533 3.414422 -3.294832
v 1.157742 3.422685 -3.281282
v 1.167678 3.367496 -2.942759
v 1.162859 3.375529 -2.928451
v 1.159552 3.386684 -2.919182
v -1.735842 3.115197 -2.881071
v -1.747314 3.125221 -2.890060
v -1.755571 3.132448 -2.904935
v -1.680683 3.205135 -2.875669
v -1.692151 3.215555 -2.884802
v -1.700409 3.223059 -2.899893
v -1.547661 3.269095 -2.872958
v -1.558986 3.279641 -2.882202
v -1.567150 3.287228 -2.897437
v 1.953452 3.198857 -3.342928
v 1.965368 3.208369 -3.333881
v 1.973512 3.214883 -3.318964
v 1.894476 3.286854 -3.346658
v 1.906415 3.296803 -3.337522
v 1.914573 3.303601 -3.322468
v 1.791127 3.343708 -3.347320
v 1.802918 3.353775 -3.338125
v 1.810973 3.360636 -3.323020
v 1.740403 2.621589 -3.308800
v 1.752030 2.612439 -3.299477
v 1.759987 2.606193 -3.285090
v 1.893307 2.678225 -3.312223
v 1.905338 2.669138 -3.302818
v 1.913558 2.662931 -3.288307
v 1.953052 2.765808 -3.317508
v 1.965035 2.757145 -3.307999
v 1.973216 2.751220 -3.293312
v -1.721381 2.763218 -3.318604
v -1.732998 2.754652 -3.309022
v -1.740918 2.748802 -3.294255
v -1.658456 2.677827 -3.312801
v -1.670151 2.668780 -3.303357
v -1.678131 2.662608 -3.288803
v -1.503502 2.621464 -3.308963
v -1.514821 2.612328 -3.299629
v -1.522558 2.606098 -3.285228
v -1.735210 3.114612 -3.342108
v -1.747310 3.125203 -3.333134
v -1.755570 3.132446 -3.318260
v -1.680052 3.204533 -3.347615
v -1.692146 3.215543 -3.338489
v -1.700408 3.223064 -3.323397
v -1.546922 3.268508 -3.350554
v -1.558870 3.279650 -3.341309
v -1.567048 3.287255 -3.326073
v 1.954075 3.199354 -2.880214
v 1.965368 3.208370 -2.889274
v 1.973512 3.214884 -2.904192
v 1.895100 3.287374 -2.876489
v 1.906416 3.296804 -2.885633
v 1.914575 3.303602 -2.900687
v 1.791742 3.344233 -2.875830
v 1.802919 3.353776 -2.885030
v 1.810974 3.360637 -2.900134
v 1.741006 2.621114 -2.914357
v 1.752031 2.612438 -2.923678
v 1.759988 2.606192 -2.938065
v 1.893932 2.677753 -2.910938
v 1.905339 2.669137 -2.920337
v 1.913559 2.662931 -2.934848
v 1.953675 2.765359 -2.905659
v 1.965036 2.757144 -2.915156
v 1.973217 2.751219 -2.929843
v -1.721982 2.762772 -2.904568
v -1.732999 2.754648 -2.914134
v -1.740919 2.748799 -2.928901
v -1.659060 2.677358 -2.910363
v -1.670151 2.668778 -2.919799
v -1.678130 2.662607 -2.934353
v -1.504087 2.620991 -2.914194
v -1.514821 2.612327 -2.923526
v -1.522558 2.606098 -2.937927
v -1.543455 3.264976 -2.872978
v -1.532279 3.254642 -2.882327
v -1.524202 3.247252 -2.897632
v -1.676234 3.201127 -2.875733
v -1.664871 3.190888 -2.885190
v -1.656664 3.183572 -2.900500
v -1.731406 3.111376 -2.881187
v -1.720006 3.101515 -2.890785
v -1.711783 3.094480 -2.906069
v 1.787162 3.340079 -2.875865
v 1.775962 3.330528 -2.885242
v 1.767906 3.323683 -2.900465
v 1.891155 3.284100 -2.876537
v 1.879805 3.274677 -2.885970
v 1.871625 3.267917 -2.901219
v 1.950698 3.196694 -2.880281
v 1.939370 3.187704 -2.889801
v 1.931200 3.181258 -2.905031
v 1.949528 2.768424 -2.905582
v 1.938247 2.776648 -2.914667
v 1.930169 2.782605 -2.929076
v 1.889637 2.681040 -2.910897
v 1.878346 2.689677 -2.920078
v 1.870283 2.695937 -2.934441
v 1.737016 2.624321 -2.914345
v 1.726142 2.633025 -2.923602
v 1.718391 2.639340 -2.937946
v -1.499514 2.624710 -2.914175
v -1.488969 2.633380 -2.923424
v -1.481471 2.639665 -2.937769
v -1.654118 2.681226 -2.910298
v -1.643200 2.689790 -2.919448
v -1.635415 2.695993 -2.933810
v -1.717106 2.766427 -2.904447
v -1.706240 2.774510 -2.913472
v -1.698469 2.780363 -2.927875
v -0.287591 3.350658 -2.883739
v -0.293529 3.361837 -2.893028
v -0.297820 3.369795 -2.908094
v -0.274838 3.322318 -2.908153
v -0.279320 3.330037 -2.893055
v -0.285316 3.340911 -2.883742
v -1.750464 2.937986 -2.892760
v -1.761711 2.938959 -2.902034
v -1.769798 2.939666 -2.916853
v -1.726724 2.936355 -2.916920
v -1.734733 2.936969 -2.902073
v -1.745877 2.937891 -2.892757
v 1.304080 3.381477 -2.912334
v 1.299898 3.374771 -2.897842
v 1.294100 3.365335 -2.888914
v 1.281544 3.339654 -2.912478
v 1.285719 3.346321 -2.897935
v 1.291526 3.355712 -2.888931
v 1.975552 2.982235 -2.892656
v 1.986879 2.982636 -2.901936
v 1.995041 2.982932 -2.916746
v 1.952527 2.981858 -2.916774
v 1.960662 2.982103 -2.901949
v 1.971973 2.982486 -2.892648
v -0.295413 3.370107 -3.317278
v -0.290931 3.362148 -3.332342
v -0.284551 3.350358 -3.341634
v -1.749846 2.937915 -3.330398
v -1.761707 2.938952 -3.321124
v -1.769797 2.939666 -3.306305
v 1.974928 2.982211 -3.330498
v 1.986879 2.982637 -3.321218
v 1.995041 2.982932 -3.306409
v 1.293775 3.364965 -3.334046
v 1.299898 3.374959 -3.325120
v 1.304080 3.381665 -3.310628
v 0.119072 2.585447 -2.939237
v 0.118965 2.591714 -2.924894
v 0.118825 2.600425 -2.915601
v 0.118824 2.618854 -2.939222
v 0.118944 2.612517 -2.924884
v 0.119099 2.603783 -2.915599
v 0.118817 2.600902 -3.307554
v 0.118966 2.591715 -3.298261
v 0.119072 2.585447 -3.283918
v 1.522199 3.393614 -3.161951
v 1.513978 3.406422 -3.162095
v 1.489641 3.415607 -3.162193
v 1.520936 3.393515 -3.058394
v 1.512741 3.406289 -3.058906
v 1.488430 3.415451 -3.059450
v 1.452043 3.417358 -3.234239
v 1.472372 3.408444 -3.239872
v 1.479323 3.395712 -3.244231
v 1.449063 3.416975 -2.985592
v 1.469205 3.408087 -2.979620
v 1.475920 3.395509 -2.974988
v 1.292817 3.360513 -2.885645
vt 0.686531 0.752872
vt 0.810959 0.731863
vt 0.810067 0.828788
vt 0.686531 0.836802
vt 0.905067 0.724678
vt 0.905230 0.824678
vt 0.905225 0.899968
vt 0.809985 0.901416
vt 0.686531 0.920733
vt 0.688033 0.911404
vt 0.686531 0.752872
vt 0.686531 0.938547
vt 0.686531 0.956361
vt 0.686514 0.975511
vt 0.686497 0.994661
vt 0.686514 0.997331
vt 0.686531 1.000000
vt 0.686531 1.000000
vt 0.686531 1.000000
vt 0.721704 0.882352
vt 0.686531 0.752871
vt 1.000000 1.000500
vt 1.000000 0.995720
vt 1.000000 0.997473
vt 1.000000 1.001542
vt 1.000000 0.962264
vt 1.000000 0.966260
vt 1.000000 1.002984
vt 1.000000 1.001370
vt 1.000000 1.003000
vt 0.666277 0.262364
vt 0.666683 0.168461
vt 0.502702 0.171253
vt 0.502695 0.267579
vt 0.666737 0.101496
vt 0.502843 0.100961
vt 0.338072 0.100479
vt 0.338046 0.174014
vt 0.338665 0.272700
vt 0.043489 1.000000
vt 0.289164 0.999985
vt 0.290663 0.999998
vt 0.043682 1.000000
vt 0.484050 0.999879
vt 0.489715 0.999985
vt 0.551738 1.000000
vt 0.297807 1.000000
vt 0.043875 1.000000
vt 0.666734 0.898512
vt 0.666680 0.831556
vt 0.502699 0.828768
vt 0.502840 0.899049
vt 0.666275 0.737659
vt 0.502693 0.732448
vt 0.338658 0.727347
vt 0.338038 0.826024
vt 0.338063 0.899546
vt 0.124065 0.100429
vt 0.298924 0.100872
vt 0.298851 0.176110
vt 0.124057 0.178591
vt 0.482838 0.102675
vt 0.482738 0.171234
vt 0.482651 0.266060
vt 0.298834 0.275909
vt 0.124161 0.280526
vt 0.484052 0.000121
vt 0.290852 0.000025
vt 0.297284 0.000042
vt 0.489686 0.000015
vt 0.043579 0.000000
vt 0.110780 0.000405
vt 0.043373 0.000000
vt 0.297556 0.000000
vt 0.551738 0.000000
vt 0.749900 0.100141
vt 0.728848 0.147492
vt 0.813622 0.169428
vt 0.816658 0.100419
vt 0.686531 0.247130
vt 0.809400 0.267421
vt 0.902521 0.275169
vt 0.902704 0.175259
vt 0.902979 0.100101
vt 1.000000 0.897726
vt 1.000000 0.838411
vt 1.000000 0.838256
vt 1.000003 0.897387
vt 1.000000 0.749995
vt 1.000000 0.750009
vt 1.000000 0.749886
vt 1.000003 0.838356
vt 1.000022 0.897748
vt 1.000000 0.927277
vt 1.000000 0.829227
vt 1.000000 0.832883
vt 1.000000 0.923430
vt 1.000000 0.727811
vt 1.000000 0.734831
vt 1.000000 0.756330
vt 1.000000 0.837957
vt 1.000000 0.919583
vt 1.000000 0.272191
vt 1.000000 0.173589
vt 1.000000 0.170593
vt 1.000000 0.266662
vt 0.999997 0.100245
vt 1.000000 0.100740
vt 1.000000 0.101378
vt 1.000000 0.167594
vt 1.000000 0.261008
vt 1.000000 0.769556
vt 1.000000 0.886270
vt 1.000000 0.881304
vt 1.000000 0.764394
vt 1.000000 0.880146
vt 1.000000 0.764143
vt 0.316367 0.000000
vt 0.312424 0.000000
vt 0.231952 0.000246
vt 0.234823 0.000216
vt 0.308482 0.000000
vt 0.228221 0.000219
vt 0.147960 0.000437
vt 0.154924 0.000719
vt 0.153279 0.000433
vt 1.000000 0.082139
vt 1.000000 0.162413
vt 1.000000 0.161538
vt 1.000000 0.097835
vt 1.000000 0.255516
vt 1.000000 0.251399
vt 1.000000 0.230453
vt 1.000000 0.156024
vt 1.000000 0.081596
vt 0.483988 0.747822
vt 0.489730 0.873502
vt 0.593928 0.886021
vt 0.591854 0.766031
vt 0.602789 1.000000
vt 0.653840 1.000000
vt 0.638168 0.897471
vt 0.636233 0.782685
vt 0.124630 0.100466
vt 0.124814 0.178579
vt 0.299476 0.176107
vt 0.299412 0.100943
vt 0.124947 0.280479
vt 0.299473 0.275845
vt 0.483994 0.265676
vt 0.484100 0.171303
vt 0.484096 0.103235
vt 0.645337 0.263087
vt 0.504453 0.267611
vt 0.504353 0.171270
vt 0.645631 0.168843
vt 0.363075 0.272039
vt 0.362381 0.173664
vt 0.361367 0.100559
vt 0.504170 0.100979
vt 0.646117 0.101445
vt 0.118013 0.861062
vt 0.040985 0.856362
vt 0.033795 0.959764
vt 0.124903 0.731374
vt 0.043220 0.728956
vt 0.022323 0.720372
vt 0.021232 0.858646
vt 0.020141 0.996919
vt 0.299180 0.865699
vt 0.299452 0.736494
vt 0.970886 0.101041
vt 0.970221 0.177586
vt 0.984651 0.176620
vt 0.985512 0.098653
vt 0.969466 0.278357
vt 0.984007 0.277744
vt 0.994873 0.276556
vt 0.995460 0.173418
vt 1.000000 0.072663
vt 0.594305 0.162637
vt 0.594334 0.107334
vt 0.593679 0.245455
vt 0.653840 0.188937
vt 0.653840 0.148620
vt 0.653840 0.108303
vt 1.000000 0.728029
vt 1.000000 0.863433
vt 1.000000 0.860472
vt 1.000000 0.730626
vt 1.000000 0.998837
vt 1.000000 0.958417
vt 1.000000 0.955831
vt 1.000000 0.862200
vt 1.000000 0.733224
vt 0.999428 0.825096
vt 0.999404 0.724564
vt 0.999440 0.902095
vt 0.995564 0.899441
vt 0.995433 0.823425
vt 0.995233 0.722960
vt 0.225001 0.175903
vt 0.227097 0.276058
vt 0.223916 0.100326
vt 0.146925 0.100566
vt 0.148999 0.177287
vt 0.152157 0.278224
vt 0.482641 0.734035
vt 0.588357 0.749708
vt 0.588335 0.836595
vt 0.482724 0.828843
vt 0.630849 0.765055
vt 0.629878 0.845978
vt 0.623451 0.886419
vt 0.587774 0.893430
vt 0.482823 0.897361
vt 0.124133 0.719526
vt 0.298815 0.724166
vt 0.298823 0.823950
vt 0.124016 0.821448
vt 0.298890 0.899155
vt 0.124014 0.899584
vt 0.158815 0.999263
vt 0.163151 0.993583
vt 0.245988 0.994157
vt 0.240619 0.999766
vt 0.167566 0.953855
vt 0.250945 0.954893
vt 0.360159 0.955887
vt 0.356557 0.994434
vt 0.352364 0.999940
vt 1.000000 0.838689
vt 1.000000 0.749769
vt 1.000000 0.898581
vt 1.000000 0.899180
vt 1.000000 0.838487
vt 1.000000 0.748934
vt 0.031851 0.994612
vt 0.031694 0.998508
vt 0.019995 0.996970
vt 0.019849 0.997021
vt 0.686531 0.079268
vt 0.809985 0.098584
vt 0.810067 0.171214
vt 0.686531 0.163199
vt 0.905225 0.100032
vt 0.905230 0.175323
vt 0.905067 0.275323
vt 0.810959 0.268139
vt 0.686531 0.247131
vt 1.000000 0.250014
vt 1.000000 0.161595
vt 1.000000 0.160965
vt 1.000000 0.248214
vt 1.000000 0.102276
vt 1.000001 0.101203
vt 1.000000 0.085220
vt 1.000000 0.156979
vt 1.000000 0.228737
vt 0.686531 0.000000
vt 0.686514 0.002670
vt 0.691042 0.075617
vt 0.686531 0.000000
vt 0.686497 0.005339
vt 0.686514 0.024490
vt 0.686531 0.043640
vt 0.686531 0.061454
vt 0.686531 0.247130
vt 0.736099 0.068177
vt 0.750109 0.047117
vt 0.736189 0.037717
vt 0.750134 0.021380
vt 0.729064 0.020740
vt 0.686531 0.000000
vt 0.653840 0.188820
vt 0.651723 0.094448
vt 0.653195 0.080006
vt 0.653840 0.188878
vt 0.636810 0.030017
vt 0.638276 0.022717
vt 0.653840 0.000000
vt 0.654228 0.003649
vt 0.654616 0.007297
vt 0.654235 0.033425
vt 0.653854 0.059553
vt 0.653847 0.083928
vt 0.587787 0.106615
vt 0.588348 0.163497
vt 0.623467 0.113637
vt 0.629897 0.154115
vt 0.630864 0.235023
vt 0.588367 0.250402
vt 0.653840 1.000001
vt 0.653840 0.905705
vt 0.651996 0.902843
vt 0.653840 1.000000
vt 0.653840 0.811409
vt 0.651079 0.791599
vt 1.000001 0.999803
vt 1.000000 0.994308
vt 1.000000 0.994737
vt 1.000002 0.999384
vt 1.000000 0.998827
vt 1.000000 0.998816
vt 0.593960 0.999056
vt 0.595740 0.999968
vt 0.592189 0.004040
vt 0.593967 0.002863
vt 0.602789 0.000000
vt 0.224979 0.824168
vt 0.223891 0.899727
vt 0.227082 0.724027
vt 0.152134 0.721878
vt 0.148967 0.822798
vt 0.146887 0.899498
vt 1.000000 0.001184
vt 0.996324 0.001222
vt 0.999633 0.000615
vt 0.999910 0.000598
vt 1.000000 0.001196
vt 1.000000 0.000598
vt 1.000000 0.000000
vt 1.000000 0.000165
vt 1.000000 0.000000
vt 0.089923 0.993497
vt 0.087511 0.998281
vt 0.092606 0.956305
vt 0.999429 0.175484
vt 0.999440 0.100238
vt 0.999404 0.275439
vt 0.995233 0.277042
vt 0.995433 0.176576
vt 0.995564 0.100560
vt 1.000000 -0.002011
vt 1.000000 -0.002011
vt 1.000000 -0.001441
vt 1.000000 -0.001440
vt 1.000000 -0.002012
vt 1.000000 -0.001441
vt 1.000000 -0.000501
vt 1.000000 -0.000501
vt 1.000000 -0.000500
vt 0.973291 0.002635
vt 0.972745 0.002054
vt 0.986321 0.001850
vt 0.986646 0.001909
vt 0.973777 0.002595
vt 0.986889 0.001895
vt 1.000000 0.160918
vt 1.000000 0.099811
vt 1.000000 0.250238
vt 1.000000 0.251072
vt 1.000000 0.159529
vt 1.000000 0.081685
vt 0.846413 -0.000143
vt 0.848217 -0.000572
vt 0.768506 -0.000115
vt 0.769021 -0.000072
vt 0.850603 -0.000136
vt 0.774408 -0.000068
vt 0.698214 0.000000
vt 0.663126 -0.000019
vt 0.691629 0.000000
vt 1.000000 -0.000535
vt 1.000000 -0.000533
vt 1.000000 -0.001463
vt 1.000000 -0.001464
vt 1.000000 -0.000532
vt 1.000000 -0.001463
vt 0.691606 1.000000
vt 0.684327 1.000000
vt 0.762929 1.000127
vt 0.768458 1.000136
vt 0.677049 1.000000
vt 0.756947 1.000076
vt 0.836845 1.000152
vt 0.841705 1.000623
vt 0.845785 1.000661
vt 0.171425 0.858331
vt 0.254367 0.860343
vt 0.174836 0.734456
vt 0.256792 0.736982
vt 0.363019 0.740404
vt 0.362092 0.862871
vt 1.000000 -0.003401
vt 0.978960 -0.002471
vt 0.922121 -0.001718
vt 0.923207 -0.001772
vt 1.000000 -0.003389
vt 0.925302 -0.001763
vt 0.019882 0.002938
vt 0.019809 0.002913
vt 0.038373 0.001497
vt 0.031730 0.001469
vt 0.019735 0.002888
vt 0.031554 0.001444
vt 0.941085 0.000000
vt 0.910456 0.000372
vt 0.954287 0.001288
vt 0.957188 0.001318
vt 0.941684 0.000000
vt 0.957730 0.001298
vt 0.085645 0.001702
vt 0.086581 0.001686
vt 0.083848 0.001662
vt 0.972329 0.998043
vt 0.971910 0.992348
vt 0.956485 0.994012
vt 0.957014 0.998766
vt 0.971314 0.952614
vt 0.955102 0.957066
vt 0.939736 1.000000
vt 0.940410 1.000000
vt 0.941085 1.000000
vt 1.000000 0.000000
vt 1.000000 -0.000007
vt 1.000000 -0.000086
vt 1.000000 -0.000086
vt 1.000000 -0.000008
vt 1.000000 -0.000085
vt 0.986273 0.993446
vt 0.986508 0.998175
vt 0.985906 0.956653
vt 1.000000 1.000059
vt 1.000000 1.000472
vt 1.000000 1.000080
vt 1.000000 1.000029
vt 1.000000 1.000097
vt 1.000000 1.000049
vt 1.000000 1.000000
vt 1.000000 0.999122
vt 1.000000 1.000000
vt 1.000007 -0.000566
vt 1.000001 -0.000519
vt 0.997898 -0.001664
vt 0.999491 -0.001746
vt 1.000000 0.000000
vt 1.000000 -0.001695
vt 1.000000 1.001493
vt 1.000000 1.001530
vt 1.000000 1.001541
vt 1.000000 1.003402
vt 1.000000 1.003416
vt 1.000002 1.001767
vt 1.000017 1.001772
vt 1.000000 1.003430
vt 1.000000 1.001715
vt 1.000000 1.000000
vt 1.000001 0.999728
vt 1.000007 1.000567
vt 0.042840 0.179069
vt 0.043286 0.281754
vt 0.042433 0.098633
vt 0.020724 0.072996
vt 0.021532 0.176311
vt 0.022340 0.279627
vt 0.920797 1.001835
vt 0.922969 1.001837
vt 0.918423 1.001791
vt 0.095408 0.857011
vt 0.098171 0.731309
vt 1.000000 0.266779
vt 1.000000 0.266373
vt 1.000000 0.169583
vt 1.000000 0.169960
vt 1.000000 0.261566
vt 1.000000 0.165683
vt 1.000000 0.079938
vt 1.000000 0.096723
vt 1.000000 0.073142
vt 0.096240 0.177902
vt 0.098424 0.279584
vt 0.094442 0.098857
vt 0.170146 0.100636
vt 0.172474 0.176966
vt 0.175147 0.277604
vt 1.000000 0.159686
vt 1.000000 0.098405
vt 1.000000 0.246790
vt 1.000000 0.228583
vt 1.000000 0.156891
vt 1.000000 0.085198
vt 1.000000 0.248211
vt 1.000000 0.160955
vt 1.000000 0.250159
vt 0.999997 0.161660
vt 0.999975 0.102247
vt 0.999997 0.101206
vt 1.000000 0.960780
vt 1.000000 0.867809
vt 1.000000 0.877417
vt 1.000000 0.754834
vt 1.000000 0.745714
vt 0.835937 0.101559
vt 0.834864 0.165174
vt 0.751412 0.166925
vt 0.752386 0.101714
vt 0.833514 0.256741
vt 0.750459 0.259597
vt 0.996511 0.161469
vt 0.996479 0.101319
vt 0.996478 0.250603
vt 0.971823 0.251772
vt 0.972150 0.161831
vt 0.972311 0.100660
vt 1.000000 0.965126
vt 1.000000 0.880977
vt 1.000000 0.885641
vt 1.000000 0.771281
vt 1.000000 0.764810
vt 0.650160 0.344900
vt 0.651902 0.343871
vt 0.636609 0.350066
vt 0.634460 0.500036
vt 0.648939 0.500040
vt 0.651018 0.500054
vt 0.913236 0.163265
vt 0.913903 0.100952
vt 0.912269 0.253983
vt 0.255127 0.175467
vt 0.256994 0.275241
vt 0.253213 0.100405
vt 0.999482 0.171701
vt 1.000000 0.072902
vt 0.999359 0.274492
vt 0.507435 0.960588
vt 0.504986 0.867191
vt 0.648324 0.874164
vt 0.504458 0.745179
vt 0.645384 0.750072
vt 0.902540 0.736871
vt 0.905811 0.864880
vt 0.951388 0.858661
vt 0.949964 0.733895
vt 0.970481 0.857125
vt 0.969553 0.733435
vt 0.985348 0.858432
vt 0.984597 0.733480
vt 0.950442 0.177077
vt 0.950981 0.100520
vt 0.949903 0.277923
vt 1.000000 0.878969
vt 1.000000 0.755810
vt 1.000000 0.880825
vt 1.000000 0.758196
vt 1.000000 0.883212
vt 1.000000 0.761333
vt 1.000000 0.163403
vt 1.000000 0.081038
vt 1.000000 0.258026
vt 1.000000 0.885364
vt 1.000000 0.764741
vt 1.000000 0.886154
vt 1.000000 0.768879
vt 0.917193 0.882737
vt 0.915936 0.760476
vt 0.835500 0.879987
vt 0.833723 0.756919
vt 0.752489 0.877689
vt 0.750603 0.753841
vt 0.503907 0.000001
vt 0.500486 -0.000002
vt 0.503348 0.000000
vt 0.083490 0.178053
vt 0.086023 0.279966
vt 0.081714 0.098730
vt 0.020000 0.072664
vt 0.020838 0.176279
vt 0.021676 0.279894
vt 0.042039 0.179063
vt 0.042447 0.281849
vt 0.041789 0.098514
vt 0.972769 0.100923
vt 0.972247 0.177655
vt 0.953059 0.177132
vt 0.953358 0.100411
vt 0.971451 0.278583
vt 0.952508 0.278105
vt 0.985686 0.177353
vt 0.986079 0.100912
vt 0.985110 0.278079
vt 1.000000 0.000000
vt 1.000000 0.000016
vt 1.000000 0.000003
vt 0.019973 0.927296
vt 0.020817 0.823703
vt 0.042002 0.820949
vt 0.041743 0.901477
vt 0.021662 0.720110
vt 0.042422 0.718173
vt 0.083460 0.821996
vt 0.081678 0.901299
vt 0.086002 0.720096
vt 0.508556 0.999993
vt 0.508314 0.995500
vt 1.000000 0.999976
vt 1.000000 0.995503
vt 0.985686 0.822648
vt 0.985109 0.721923
vt 0.986079 0.899089
vt 0.972769 0.899078
vt 0.972247 0.822347
vt 0.971451 0.721419
vt 0.953059 0.822869
vt 0.952508 0.721897
vt 0.953358 0.899589
vt 1.000000 0.082507
vt 1.000000 0.162226
vt 1.000000 0.165246
vt 1.000000 0.100161
vt 1.000000 0.255004
vt 1.000000 0.257367
vt 1.000000 0.160290
vt 1.000000 0.082096
vt 1.000000 0.252810
vt 1.000001 -0.000133
vt 1.000000 -0.000121
vt 1.000000 -0.000074
vt 1.000001 1.000133
vt 1.000000 0.996150
vt 1.000000 0.838088
vt 1.000000 0.748687
vt 1.000000 0.900497
vt 1.000000 0.917494
vt 1.000000 0.840222
vt 1.000000 0.762950
vt 1.000000 0.839089
vt 1.000000 0.759640
vt 1.000000 0.918539
vt 1.000000 0.081307
vt 0.977830 0.159720
vt 0.997477 0.158727
vt 1.000000 0.083263
vt 0.975367 0.251504
vt 0.996921 0.248693
vt 0.856783 0.101602
vt 0.855572 0.164819
vt 0.925080 0.162634
vt 0.928033 0.099350
vt 0.853685 0.256050
vt 0.923206 0.253521
vt 0.778358 0.166464
vt 0.779002 0.101778
vt 0.777061 0.258716
vt 0.778355 0.833551
vt 0.777059 0.741304
vt 0.778998 0.898229
vt 0.856780 0.898403
vt 0.855570 0.835194
vt 0.853683 0.743967
vt 0.927602 0.837885
vt 0.926285 0.748259
vt 0.928534 0.900673
vt 1.000000 0.918694
vt 1.000000 0.843989
vt 1.000000 0.769284
vt 1.000006 0.839501
vt 1.000000 0.751297
vt 1.000057 0.900320
vt 0.812812 0.871219
vt 0.809400 0.743635
vt 0.813133 1.000000
vt 0.649734 0.652905
vt 0.651887 0.655851
vt 0.635125 0.647475
vt 0.591558 0.365006
vt 0.483767 0.378240
vt 0.483631 0.500023
vt 0.590792 0.500030
vt 0.591190 0.636025
vt 0.483764 0.623505
vt 0.690986 0.626248
vt 0.725736 0.624374
vt 0.686531 0.626436
vt 0.686531 0.500000
vt 0.691877 0.500000
vt 0.729301 0.500000
vt 0.690986 0.373753
vt 0.725736 0.375627
vt 0.686531 0.373565
vt 0.629392 0.499935
vt 0.587508 0.500016
vt 0.587838 0.366996
vt 0.629956 0.356164
vt 0.482360 0.500023
vt 0.482472 0.378591
vt 0.587832 0.633070
vt 0.629948 0.643792
vt 0.482467 0.621478
vt 0.229262 0.613971
vt 0.155332 0.612451
vt 0.339369 0.616380
vt 0.339705 0.500018
vt 0.230283 0.500040
vt 0.156825 0.500048
vt 0.229270 0.386112
vt 0.155344 0.387650
vt 0.339372 0.383662
vt 0.088553 0.611146
vt 0.022564 0.610035
vt 0.089775 0.500021
vt 0.023466 0.499960
vt 0.088564 0.388906
vt 0.022571 0.389927
vt 0.042855 0.609727
vt 0.124264 0.610732
vt 0.043090 0.499992
vt 0.124329 0.500009
vt 0.042868 0.390274
vt 0.124278 0.389302
vt 0.999379 0.385667
vt 0.995031 0.386787
vt 1.000000 0.383323
vt 1.000000 0.500001
vt 0.999367 0.500001
vt 0.994938 0.500000
vt 0.999379 0.614334
vt 0.995031 0.613215
vt 1.000000 0.616679
vt 0.984531 0.387493
vt 0.970649 0.387854
vt 0.984261 0.500000
vt 0.970275 0.500000
vt 0.984531 0.612508
vt 0.970649 0.612147
vt 0.951940 0.387570
vt 0.904881 0.385607
vt 0.951674 0.500000
vt 0.904793 0.500000
vt 0.951940 0.612432
vt 0.904881 0.614394
vt 1.000000 0.367339
vt 1.000000 0.368011
vt 1.000000 0.367076
vt 1.000000 0.500002
vt 1.000000 0.500002
vt 1.000000 0.500002
vt 1.000000 0.632667
vt 1.000000 0.631994
vt 1.000000 0.632930
vt 1.000000 0.369233
vt 1.000000 0.370751
vt 1.000000 0.500001
vt 1.000000 0.500001
vt 1.000000 0.631146
vt 1.000000 0.631100
vt 1.000000 0.372445
vt 1.000000 0.375116
vt 1.000000 0.500001
vt 1.000000 0.500001
vt 1.000000 0.629699
vt 1.000000 0.626705
vt 0.775512 0.373410
vt 0.851493 0.371507
vt 0.665761 0.376076
vt 0.665500 0.500006
vt 0.774734 0.500005
vt 0.850395 0.500004
vt 0.775511 0.626605
vt 0.851492 0.628506
vt 0.665760 0.623940
vt 0.922156 0.369756
vt 0.976947 0.368337
vt 0.923488 0.500014
vt 1.000000 0.500000
vt 0.924771 0.630731
vt 1.000000 0.634642
vt 0.997385 0.367063
vt 1.000000 0.364369
vt 1.000000 0.500000
vt 1.000000 0.500000
vt 1.000000 0.632961
vt 1.000000 0.632850
vt 0.043761 0.611017
vt 0.023466 0.610166
vt 0.125057 0.612242
vt 0.125130 0.500008
vt 0.044053 0.499992
vt 0.024608 0.499960
vt 0.043779 0.390198
vt 0.023474 0.389794
vt 0.125074 0.389265
vt 0.100641 0.612662
vt 0.177799 0.614401
vt 0.101787 0.500019
vt 0.179120 0.500046
vt 0.100678 0.388619
vt 0.177842 0.387190
vt 0.258835 0.616086
vt 0.363775 0.618414
vt 0.259757 0.500038
vt 0.364135 0.500017
vt 0.258861 0.385512
vt 0.363780 0.383177
vt 0.949392 0.387426
vt 0.968736 0.387675
vt 0.902363 0.385489
vt 0.902290 0.500000
vt 0.949156 0.500000
vt 0.968398 0.500000
vt 0.949400 0.614052
vt 0.968747 0.613799
vt 0.902365 0.616016
vt 0.983479 0.387239
vt 0.994689 0.386428
vt 0.983234 0.500000
vt 0.994604 0.500000
vt 0.983593 0.614088
vt 0.995118 0.614316
vt 0.999336 0.385242
vt 1.000000 0.383389
vt 0.999326 0.500000
vt 1.000000 0.500000
vt 0.999443 0.615328
vt 1.000000 0.616612
vt 1.000000 0.372935
vt 1.000000 0.371134
vt 1.000000 0.375529
vt 1.000000 0.500000
vt 1.000000 0.500000
vt 1.000000 0.500000
vt 1.000000 0.628925
vt 1.000000 0.630582
vt 1.000000 0.627418
vt 1.000000 0.369026
vt 1.000000 0.365226
vt 1.000000 0.500000
vt 1.000000 0.500000
vt 1.000000 0.632422
vt 1.000000 0.634778
vt 1.000000 0.366486
vt 1.000000 0.364292
vt 1.000000 0.500000
vt 1.000000 0.500000
vt 1.000000 0.634531
vt 1.000000 0.634677
vt 0.997032 0.367619
vt 0.973854 0.368542
vt 1.000000 0.367186
vt 1.000000 0.500000
vt 1.000000 0.500001
vt 1.000000 0.500001
vt 1.000000 0.634507
vt 1.000000 0.634440
vt 1.000000 0.635641
vt 0.911812 0.370102
vt 0.832075 0.372019
vt 0.913692 0.500012
vt 0.831375 0.500000
vt 0.914798 0.631819
vt 0.832100 0.629693
vt 0.749506 0.374060
vt 0.645125 0.376609
vt 0.749048 0.500002
vt 0.645037 0.500004
vt 0.749522 0.627627
vt 0.645130 0.625047
vt 0.298808 0.614136
vt 0.298804 0.500018
vt 0.298817 0.385918
vt 0.502706 0.620116
vt 0.502713 0.500008
vt 0.502708 0.379905
vt 1.000000 0.621096
vt 1.000000 0.500001
vt 1.000000 0.379273
vt 0.814509 0.618914
vt 0.815392 0.500000
vt 0.814509 0.381087
vt 1.000000 0.632981
vt 1.000000 0.499999
vt 1.000000 0.366567
vt 0.299434 0.615722
vt 0.299424 0.500017
vt 0.299444 0.385864
vt 0.504620 0.621687
vt 0.504719 0.500007
vt 0.504619 0.379928
vt 0.808515 0.620461
vt 0.808513 0.500000
vt 0.808515 0.380832
vt 1.000000 0.622181
vt 1.000000 0.500025
vt 1.000000 0.379330
vt 1.000000 0.634917
vt 1.000000 0.500002
vt 1.000000 0.366569
vt 0.813770 0.999629
vt 0.813467 0.999963
vt 0.592118 0.005834
vt 0.484034 0.001262
vt 0.636679 0.032952
vt 0.636146 0.040087
vt 0.591798 0.013259
vt 0.483935 0.007794
vt 0.591087 0.029797
vt 0.483711 0.023018
vt 0.634969 0.055702
vt 0.633472 0.075681
vt 0.590179 0.050963
vt 0.483402 0.042606
vt 0.589092 0.073391
vt 0.483079 0.064416
vt 0.630770 0.095369
vt 0.592463 0.994807
vt 0.638094 0.969522
vt 0.484012 0.998737
vt 0.483908 0.992204
vt 0.591784 0.986742
vt 0.636137 0.959954
vt 0.591073 0.970196
vt 0.634957 0.944323
vt 0.483687 0.976976
vt 0.483383 0.957389
vt 0.590167 0.949030
vt 0.633458 0.924335
vt 0.589080 0.926619
vt 0.630753 0.904662
vt 0.483062 0.935592
vt 0.594336 0.073559
vt 0.484052 0.065062
vt 0.594389 0.050163
vt 0.484043 0.043128
vt 0.594543 0.028062
vt 0.484114 0.023476
vt 0.594647 0.010415
vt 0.484175 0.008191
vt 0.595948 0.002649
vt 0.489777 0.001480
vt 0.234157 0.000251
vt 0.342451 0.000060
vt 0.154239 0.000716
vt 0.146454 0.000435
vt 0.226396 0.000217
vt 0.306338 -0.000001
vt 0.228041 0.020070
vt 0.339952 0.020293
vt 0.149144 0.020296
vt 0.147648 0.038959
vt 0.226327 0.038963
vt 0.340998 0.039592
vt 0.224465 0.059753
vt 0.339148 0.060622
vt 0.146577 0.059599
vt 0.085302 0.001697
vt 0.019862 0.002903
vt 0.019842 0.002868
vt 0.083148 0.001651
vt 0.082483 0.021035
vt 0.019958 0.022107
vt 0.020074 0.041345
vt 0.081622 0.039531
vt 0.081192 0.059350
vt 0.020037 0.057005
vt 0.031649 0.001452
vt 0.043436 0.000001
vt 0.043294 0.000002
vt 0.031568 0.001435
vt 0.040164 0.020608
vt 0.117587 0.019917
vt 0.124376 0.038263
vt 0.041919 0.038905
vt 0.041830 0.058651
vt 0.124231 0.058864
vt 1.000005 0.998834
vt 1.000001 0.999681
vt 1.000010 0.998810
vt 1.000020 0.998804
vt 0.999910 0.993885
vt 1.000000 1.000002
vt 0.999530 0.979125
vt 1.000000 0.979979
vt 0.995980 0.979104
vt 0.995589 0.960629
vt 0.999427 0.960826
vt 1.000000 0.959957
vt 0.999433 0.940789
vt 1.000000 0.943617
vt 0.995594 0.940063
vt 0.986717 0.998171
vt 0.972749 0.998008
vt 0.973965 0.997419
vt 0.986993 0.998112
vt 0.986347 0.978789
vt 0.972943 0.978732
vt 0.972829 0.960393
vt 0.986192 0.960328
vt 0.986196 0.939847
vt 0.972885 0.939946
vt 0.957462 0.998766
vt 0.941507 1.000000
vt 0.941929 1.000000
vt 0.957947 0.998709
vt 0.953869 0.979374
vt 0.907734 0.979413
vt 0.904705 0.960962
vt 0.953097 0.960967
vt 0.953284 0.940484
vt 0.904977 0.940372
vt 1.000000 1.000755
vt 1.000000 0.999525
vt 1.000000 1.003007
vt 1.000000 1.003013
vt 1.000000 0.994421
vt 1.000000 0.992702
vt 1.000000 0.977520
vt 1.000000 0.976309
vt 1.000000 0.978957
vt 1.000000 0.957078
vt 1.000000 0.956216
vt 1.000000 0.955123
vt 1.000000 0.933611
vt 1.000000 0.932515
vt 1.000000 0.934522
vt 1.000000 1.001568
vt 1.000000 1.000452
vt 1.000000 1.000036
vt 1.000000 1.001525
vt 1.000000 0.978727
vt 1.000000 0.978013
vt 1.000000 0.956582
vt 1.000000 0.956979
vt 1.000000 0.934950
vt 1.000000 0.936345
vt 1.000000 1.000064
vt 1.000000 1.000000
vt 1.000000 1.000000
vt 1.000000 1.000018
vt 1.000000 0.977836
vt 1.000000 0.977888
vt 1.000000 0.955775
vt 1.000000 0.956558
vt 1.000000 0.937096
vt 1.000000 0.937679
vt 0.773126 0.999360
vt 0.696745 1.000000
vt 0.849269 0.999719
vt 0.852264 0.993145
vt 0.776253 0.993339
vt 0.701885 1.000000
vt 0.776036 0.977323
vt 0.666720 0.978293
vt 0.854811 0.977348
vt 0.856562 0.956897
vt 0.777506 0.957031
vt 0.665121 0.957842
vt 0.778762 0.934976
vt 0.666250 0.936055
vt 0.857180 0.934647
vt 0.924868 1.001040
vt 1.000119 1.003393
vt 1.000238 1.003385
vt 0.926540 0.994852
vt 0.928006 0.978312
vt 1.000506 0.980185
vt 1.000775 0.956985
vt 0.928953 0.957319
vt 0.929064 0.935346
vt 1.000387 0.937840
vt 1.000066 1.000957
vt 1.000022 0.999590
vt 1.000048 0.992765
vt 1.000146 0.994637
vt 1.000256 0.977787
vt 1.000081 0.976372
vt 1.000093 0.955187
vt 1.000308 0.956413
vt 1.000198 0.934256
vt 1.000063 0.932572
vt 0.235091 0.999775
vt 0.154706 0.999299
vt 0.345493 0.999945
vt 0.306364 1.000001
vt 0.226392 0.999820
vt 0.146419 0.999638
vt 0.228030 0.979969
vt 0.149115 0.979753
vt 0.339958 0.979721
vt 0.340998 0.960425
vt 0.226311 0.961079
vt 0.147615 0.961091
vt 0.224443 0.940291
vt 0.146540 0.940454
vt 0.339142 0.939397
vt 0.085418 0.998309
vt 0.019832 0.997056
vt 0.083117 0.998365
vt 0.019814 0.997091
vt 0.082450 0.978981
vt 0.019931 0.977853
vt 0.081588 0.960487
vt 0.020049 0.958614
vt 0.081156 0.940670
vt 0.020011 0.942955
vt 0.031591 0.998527
vt 0.043346 0.999999
vt 0.031508 0.998544
vt 0.043203 0.999997
vt 0.040109 0.979369
vt 0.117521 0.980074
vt 0.041868 0.961072
vt 0.124316 0.961727
vt 0.041781 0.941329
vt 0.124175 0.941132
vt 1.000004 0.001146
vt 1.000010 0.001190
vt 1.000000 -0.000001
vt 1.000000 -0.000002
vt 0.999910 0.006122
vt 1.000020 0.001196
vt 0.999529 0.020907
vt 0.995980 0.020897
vt 0.999994 0.020477
vt 0.999990 0.039577
vt 0.999426 0.039168
vt 0.995589 0.039371
vt 0.999432 0.059864
vt 0.995594 0.059937
vt 0.999993 0.060523
vt 0.986740 0.001843
vt 0.972831 0.002049
vt 0.986993 0.001888
vt 0.973965 0.002581
vt 0.986347 0.021212
vt 0.972944 0.021269
vt 0.986192 0.039672
vt 0.972830 0.039607
vt 0.986196 0.060154
vt 0.972886 0.060054
vt 0.957488 0.001248
vt 0.941507 0.000000
vt 0.957947 0.001291
vt 0.941929 0.000000
vt 0.953869 0.020626
vt 0.907734 0.020587
vt 0.953097 0.039033
vt 0.904705 0.039038
vt 0.953284 0.059516
vt 0.904977 0.059628
vt 1.000000 -0.000651
vt 1.000000 -0.001933
vt 1.000000 0.000475
vt 1.000000 0.007298
vt 1.000000 0.005581
vt 1.000000 -0.003013
vt 1.000000 0.022412
vt 1.000000 0.020197
vt 1.000000 0.023691
vt 1.000000 0.044878
vt 1.000000 0.043789
vt 1.000000 0.043407
vt 1.000000 0.065935
vt 1.000000 0.062546
vt 1.000000 0.067486
vt 1.000000 -0.001474
vt 1.000000 -0.000336
vt 1.000000 -0.001525
vt 1.000000 -0.000037
vt 1.000000 0.021283
vt 1.000000 0.022593
vt 1.000000 0.043195
vt 1.000000 0.045222
vt 1.000000 0.063093
vt 1.000000 0.063864
vt 1.000000 0.000547
vt 1.000000 -0.000000
vt 1.000000 0.006179
vt 1.000000 -0.000000
vt 1.000000 0.022802
vt 1.000000 0.021835
vt 1.000000 0.043437
vt 1.000000 0.042375
vt 1.000000 0.065012
vt 1.000000 0.064161
vt 0.773202 0.000649
vt 0.849346 0.000323
vt 0.696764 -0.000000
vt 0.701900 -0.000000
vt 0.776263 0.006661
vt 0.852271 0.006854
vt 0.776044 0.022678
vt 0.854817 0.022653
vt 0.666726 0.021708
vt 0.665125 0.042161
vt 0.777511 0.042971
vt 0.856566 0.043104
vt 0.778766 0.065027
vt 0.857184 0.065355
vt 0.666253 0.063949
vt 0.924903 -0.001030
vt 1.000119 -0.003393
vt 0.926544 0.005148
vt 1.000238 -0.003384
vt 0.928009 0.021688
vt 1.000506 0.019816
vt 0.928955 0.042681
vt 1.000775 0.043016
vt 0.929066 0.064656
vt 1.000388 0.062161
vt 1.000066 -0.000956
vt 1.000022 0.000411
vt 1.000146 0.005363
vt 1.000048 0.007235
vt 1.000256 0.022213
vt 1.000081 0.023628
vt 1.000308 0.043588
vt 1.000093 0.044813
vt 1.000192 0.063889
vt 1.000060 0.065637
vt 0.040110 0.002181
vt 0.117540 0.001260
vt 0.019904 0.002921
vt 0.020073 0.002955
vt 0.041868 0.007426
vt 0.124303 0.006998
vt 0.041844 0.021364
vt 0.124220 0.020674
vt 0.020113 0.022215
vt 0.020153 0.041476
vt 0.041870 0.039012
vt 0.124193 0.038326
vt 0.042091 0.058787
vt 0.124372 0.058927
vt 0.020438 0.057236
vt 0.086366 0.002390
vt 0.156389 0.001569
vt 0.160204 0.007355
vt 0.088403 0.007691
vt 0.090227 0.021777
vt 0.163307 0.021187
vt 0.165969 0.039060
vt 0.091810 0.039630
vt 0.093099 0.059521
vt 0.168117 0.059773
vt 0.233407 0.000945
vt 0.314061 -0.000000
vt 0.319640 -0.000001
vt 0.238510 0.006373
vt 0.244805 0.020852
vt 0.352900 0.020541
vt 0.357698 0.039796
vt 0.248438 0.039138
vt 0.250999 0.059999
vt 0.359698 0.060866
vt 0.953398 0.002150
vt 0.972598 0.002812
vt 0.907264 0.001639
vt 0.903933 0.007673
vt 0.952323 0.007877
vt 0.972266 0.008447
vt 0.952153 0.021552
vt 0.972053 0.022096
vt 0.903855 0.021463
vt 0.903732 0.039191
vt 0.951934 0.039191
vt 0.971798 0.039721
vt 0.951516 0.059691
vt 0.971415 0.060215
vt 0.903385 0.059774
vt 0.986268 0.002514
vt 0.996320 0.001357
vt 0.986385 0.007788
vt 1.000018 0.001178
vt 0.986349 0.021903
vt 1.000066 0.020796
vt 0.986192 0.039796
vt 1.000113 0.040414
vt 0.985954 0.059687
vt 1.000057 0.056538
vt 0.999636 0.000596
vt 1.000000 -0.000001
vt 1.000009 0.000588
vt 1.000000 -0.000001
vt 1.000033 0.020394
vt 1.000010 0.020543
vt 1.000044 0.039328
vt 1.000013 0.039693
vt 1.000028 0.056586
vt 1.000009 0.057828
vt 1.000000 -0.000079
vt 1.000000 -0.000337
vt 1.000000 0.000138
vt 1.000000 -0.000000
vt 1.000000 -0.000034
vt 1.000000 -0.000069
vt 1.000000 0.022227
vt 1.000000 0.022658
vt 1.000000 0.022030
vt 1.000000 0.044060
vt 1.000000 0.043550
vt 1.000000 0.045384
vt 1.000000 0.062763
vt 1.000000 0.063762
vt 1.000000 0.061999
vt 1.000000 -0.000653
vt 1.000000 -0.001041
vt 1.000000 0.005631
vt 1.000000 0.005751
vt 1.000000 0.022296
vt 1.000000 0.022149
vt 1.000000 0.043370
vt 1.000000 0.043769
vt 1.000000 0.064697
vt 1.000000 0.062683
vt 1.000000 -0.000465
vt 1.000000 0.000477
vt 1.000000 0.006363
vt 1.000000 0.007315
vt 1.000000 0.022936
vt 1.000000 0.023932
vt 1.000000 0.045337
vt 1.000000 0.046905
vt 1.000000 0.065868
vt 1.000000 0.066051
vt 0.997931 -0.001606
vt 0.978924 -0.002474
vt 1.000000 0.000001
vt 1.000000 0.000002
vt 1.000095 -0.001703
vt 1.000190 -0.003408
vt 0.997065 0.021565
vt 0.975379 0.020689
vt 0.999944 0.022901
vt 0.999904 0.044865
vt 0.996334 0.043690
vt 0.972494 0.042752
vt 0.996366 0.066244
vt 0.972302 0.065220
vt 0.999928 0.067449
vt 0.921787 -0.001722
vt 0.847527 -0.000576
vt 0.922552 -0.001779
vt 0.844914 -0.000151
vt 0.917454 0.021101
vt 0.841256 0.021849
vt 0.915125 0.042824
vt 0.838424 0.043189
vt 0.914314 0.065128
vt 0.836868 0.065294
vt 0.767598 -0.000117
vt 0.662408 -0.000020
vt 0.767103 -0.000075
vt 0.689292 -0.000000
vt 0.759518 0.021955
vt 0.653778 0.021571
vt 0.755604 0.042967
vt 0.648472 0.042134
vt 0.753605 0.064880
vt 0.646969 0.063816
vt 0.289144 0.000752
vt 0.290807 0.006277
vt 0.297577 0.020880
vt 0.299238 0.039302
vt 0.299091 0.060303
vt 0.299269 0.060399
vt 0.299170 0.039390
vt 0.299217 0.021099
vt 0.299295 0.006922
vt 0.299004 0.000966
vt 0.507161 0.000006
vt 0.504119 -0.000001
vt 0.503837 0.020897
vt 0.503573 0.040841
vt 0.503192 0.062245
vt 0.503797 0.062303
vt 0.503562 0.040932
vt 0.503812 0.020962
vt 0.504466 -0.000000
vt 0.500772 -0.000002
vt 0.809786 0.060930
vt 0.809596 0.040659
vt 0.810303 0.022505
vt 0.813370 0.007685
vt 0.814013 0.001871
vt 0.813132 0.000380
vt 0.815518 0.061934
vt 0.817097 0.041373
vt 0.815772 0.024458
vt 0.817167 0.010552
vt 0.815132 0.004384
vt 0.814107 0.000000
vt 1.000000 -0.000000
vt 1.000000 -0.000001
vt 0.999999 0.020930
vt 0.999999 0.040882
vt 0.999999 0.062243
vt 1.000001 0.061323
vt 1.000002 0.041068
vt 1.000001 0.021588
vt 1.000000 0.005866
vt 1.000000 0.000584
vt 0.299052 0.939702
vt 0.299196 0.960695
vt 0.297528 0.979116
vt 0.290753 0.993722
vt 0.289095 0.999247
vt 0.507934 0.999994
vt 0.504125 1.000001
vt 0.503841 0.979106
vt 0.503575 0.959164
vt 0.503191 0.937761
vt 1.000000 0.999980
vt 1.000000 1.000001
vt 1.000000 0.979040
vt 1.000000 0.958935
vt 1.000000 0.940755
vt 0.814000 0.998129
vt 0.813370 0.992315
vt 0.810303 0.977495
vt 0.809596 0.959341
vt 0.809786 0.939070
vt 1.000008 0.067548
vt 1.000012 0.045294
vt 1.000010 0.024088
vt 1.000006 0.007676
vt 1.000003 0.000844
vt 0.999991 0.067652
vt 0.999988 0.045504
vt 0.999993 0.024005
vt 0.999999 0.007093
vt 1.000000 0.000753
vt 1.000003 0.999156
vt 1.000006 0.992324
vt 1.000010 0.975912
vt 1.000012 0.954706
vt 1.000008 0.932098
vt 0.651894 0.657835
vt 0.650925 0.500085
vt 0.653860 0.815491
vt 0.653879 0.819574
vt 0.651775 0.659845
vt 0.649670 0.500117
vt 0.649893 0.654152
vt 0.649019 0.499818
vt 0.651209 0.789557
vt 0.649301 0.780613
vt 0.648086 0.651084
vt 0.647341 0.499664
vt 0.644600 0.648959
vt 0.643911 0.499758
vt 0.645721 0.774405
vt 0.651893 0.342369
vt 0.653859 0.184782
vt 0.651774 0.340430
vt 0.653878 0.180744
vt 0.649896 0.345651
vt 0.651216 0.210495
vt 0.648093 0.348482
vt 0.649313 0.219326
vt 0.644609 0.350741
vt 0.645737 0.225580
vt 0.644245 0.857898
vt 0.647755 0.870936
vt 0.649541 0.885373
vt 0.651020 0.898240
vt 0.651951 0.902935
vt 0.644263 0.142171
vt 0.647769 0.129121
vt 0.649550 0.114718
vt 0.651025 0.101899
vt 0.651600 0.097386
vt 0.810874 0.000073
vn -0.0845 0.9963 0.0152
vn -0.0027 1.0000 0.0057
vn -0.0007 1.0000 0.0057
vn -0.0746 0.9971 -0.0149
vn 0.0518 0.9987 -0.0005
vn 0.0522 0.9986 -0.0104
vn 0.0519 0.9966 -0.0638
vn 0.0032 0.9980 -0.0639
vn -0.0209 0.9976 -0.0666
vn -0.8419 0.0450 -0.5377
vn -0.9968 -0.0027 -0.0798
vn -0.0955 0.9696 -0.2251
vn -0.0288 0.8975 -0.4400
vn -0.1274 0.8107 -0.5714
vn -0.0419 0.6561 -0.7535
vn -0.1800 0.3501 -0.9193
vn -0.0610 0.0463 -0.9971
vn -0.1952 -0.6052 -0.7718
vn -0.0382 -0.9615 -0.2722
vn -0.0979 -0.9870 -0.1271
vn -0.0904 -0.9955 -0.0288
vn -0.0001 -0.1403 -0.9901
vn -0.0122 0.6087 -0.7933
vn -0.0818 0.5635 -0.8221
vn -0.0000 -0.1562 -0.9877
vn -0.0163 0.9732 -0.2296
vn -0.1119 0.9619 -0.2495
vn -0.4001 0.8637 -0.3064
vn -0.2359 0.4275 -0.8727
vn 0.0258 -0.1515 -0.9881
vn -0.9866 -0.1632 0.0017
vn -0.9863 -0.1642 0.0177
vn -0.9992 -0.0381 0.0156
vn -0.9993 -0.0375 0.0015
vn -0.9817 -0.1687 0.0880
vn -0.9960 -0.0416 0.0788
vn -0.9933 0.0847 0.0790
vn -0.9961 0.0872 0.0156
vn -0.9962 0.0873 0.0016
vn 0.0035 0.0634 -0.9980
vn 0.0088 0.0722 -0.9974
vn 0.0373 -0.5915 -0.8054
vn 0.0491 -0.6313 -0.7739
vn 0.0270 0.0867 -0.9959
vn 0.0419 -0.5276 -0.8485
vn 0.0378 -0.9421 -0.3332
vn 0.0460 -0.9630 -0.2655
vn 0.0659 -0.9732 -0.2203
vn -0.9817 -0.1687 -0.0880
vn -0.9863 -0.1642 -0.0177
vn -0.9992 -0.0381 -0.0156
vn -0.9960 -0.0416 -0.0788
vn -0.9866 -0.1632 -0.0017
vn -0.9993 -0.0375 -0.0015
vn -0.9962 0.0873 -0.0016
vn -0.9961 0.0872 -0.0157
vn -0.9933 0.0847 -0.0791
vn -0.0706 0.9951 0.0688
vn -0.0480 0.9962 0.0721
vn -0.0487 0.9987 0.0134
vn -0.0709 0.9974 0.0134
vn -0.0316 0.9962 0.0811
vn -0.0330 0.9994 0.0110
vn -0.0328 0.9995 -0.0026
vn -0.0487 0.9988 0.0006
vn -0.0709 0.9975 0.0014
vn 0.0113 0.4454 0.8953
vn -0.0177 0.6132 0.7898
vn 0.0062 0.1155 0.9933
vn 0.0269 0.0292 0.9992
vn -0.0492 0.8671 0.4957
vn -0.0206 -0.2587 -0.9658
vn 0.0734 -0.9651 0.2516
vn 0.0433 -0.7223 0.6903
vn 0.0383 -0.4406 0.8969
vn -0.0193 -0.9975 0.0676
vn -0.0790 -0.9964 0.0299
vn -0.0104 -0.9999 -0.0016
vn -0.0103 -0.9979 0.0638
vn -0.0836 -0.9965 0.0023
vn -0.0117 -0.9999 -0.0012
vn -0.0436 -0.9991 0.0002
vn -0.0435 -0.9990 0.0102
vn -0.0439 -0.9971 0.0617
vn 0.0175 -0.9969 -0.0773
vn 0.0173 -0.9997 -0.0160
vn 0.0000 -0.9999 -0.0157
vn 0.0000 -0.9971 -0.0764
vn 0.0173 -0.9998 -0.0014
vn 0.0000 -1.0000 -0.0014
vn -0.0172 -0.9999 -0.0014
vn -0.0172 -0.9997 -0.0159
vn -0.0174 -0.9969 -0.0770
vn 0.9914 0.1049 -0.0787
vn 0.9941 0.1073 -0.0155
vn 0.9999 -0.0009 -0.0158
vn 0.9968 -0.0042 -0.0800
vn 0.9942 0.1075 -0.0016
vn 1.0000 -0.0003 -0.0015
vn 0.9940 -0.1091 -0.0018
vn 0.9938 -0.1100 -0.0181
vn 0.9894 -0.1143 -0.0898
vn 0.9942 0.1075 0.0016
vn 0.9941 0.1073 0.0155
vn 0.9999 -0.0009 0.0158
vn 1.0000 -0.0003 0.0015
vn 0.9914 0.1049 0.0787
vn 0.9968 -0.0042 0.0800
vn 0.9894 -0.1143 0.0898
vn 0.9938 -0.1100 0.0181
vn 0.9940 -0.1091 0.0018
vn -0.4283 0.9036 -0.0057
vn -0.4257 0.9033 -0.0539
vn -0.1215 0.9915 -0.0457
vn -0.1232 0.9924 -0.0062
vn -0.0174 0.9989 -0.0426
vn -0.0175 0.9998 -0.0064
vn -0.9972 0.0726 0.0160
vn 0.0560 0.0778 -0.9954
vn 0.0756 0.0595 -0.9954
vn -0.9610 0.2762 0.0092
vn 0.9930 -0.1166 0.0195
vn 0.9428 -0.3331 0.0072
vn 0.8455 -0.5340 -0.0001
vn 0.0543 0.0342 -0.9979
vn -0.8572 0.5147 0.0170
vn -0.8184 0.5636 0.1123
vn -0.8209 0.5706 0.0214
vn -0.6881 0.7252 0.0228
vn -0.6859 0.7185 0.1153
vn -0.8208 0.5712 0.0012
vn -0.6881 0.7256 0.0016
vn -0.4285 0.9035 0.0026
vn -0.4276 0.9037 0.0231
vn -0.4233 0.8994 0.1085
vn 0.0284 -0.9995 -0.0119
vn 0.0305 -0.9973 -0.0673
vn 0.0164 -0.9956 -0.0921
vn 0.0119 -0.9997 -0.0210
vn 0.0405 -0.9108 -0.4109
vn 0.0562 -0.8888 -0.4547
vn 0.0783 -0.9714 -0.2242
vn 0.0576 -0.9969 -0.0536
vn 0.0660 -0.9958 0.0635
vn 0.0659 -0.9978 0.0097
vn 0.0434 -0.9990 0.0125
vn 0.0441 -0.9966 0.0697
vn 0.0659 -0.9978 -0.0007
vn 0.0432 -0.9991 0.0007
vn 0.0281 -0.9996 0.0044
vn 0.0288 -0.9994 0.0199
vn 0.0308 -0.9958 0.0859
vn 0.9815 0.1917 0.0010
vn 0.9992 0.0406 0.0013
vn 0.9991 0.0405 0.0153
vn 0.9814 0.1911 0.0163
vn 0.9939 -0.1101 0.0017
vn 0.9938 -0.1098 0.0159
vn 0.9905 -0.1114 0.0803
vn 0.9962 0.0369 0.0784
vn 0.9789 0.1853 0.0859
vn 0.0662 -0.9972 -0.0354
vn 0.1891 -0.9814 -0.0343
vn 0.1795 -0.9596 -0.2166
vn 0.0660 -0.9978 -0.0020
vn 0.1902 -0.9817 -0.0015
vn 0.4923 -0.8704 -0.0028
vn 0.4903 -0.8706 -0.0417
vn 0.4650 -0.8482 -0.2535
vn 0.0441 -0.9979 -0.0468
vn 0.0434 -0.9990 -0.0052
vn -0.4873 -0.8693 0.0827
vn -0.4906 -0.8713 0.0146
vn -0.6864 -0.7271 0.0159
vn -0.6825 -0.7255 0.0883
vn -0.4909 -0.8712 0.0006
vn -0.6866 -0.7271 0.0009
vn -0.8213 -0.5705 0.0010
vn -0.8211 -0.5705 0.0164
vn -0.8169 -0.5697 0.0897
vn 0.0120 -0.9996 0.0253
vn 0.0174 -0.9937 0.1111
vn 0.0114 -0.9999 0.0103
vn 0.0602 -0.9969 0.0504
vn 0.0614 -0.9930 0.1012
vn 0.0184 -0.9916 0.1281
vn -0.8213 -0.5704 -0.0037
vn -0.8206 -0.5699 -0.0435
vn -0.9394 -0.3404 -0.0412
vn -0.9400 -0.3413 -0.0036
vn -0.7912 -0.5550 -0.2567
vn -0.9107 -0.3335 -0.2437
vn -0.9659 -0.1277 -0.2252
vn -0.9915 -0.1243 -0.0377
vn -0.9922 -0.1243 -0.0033
vn 0.9476 0.3191 -0.0171
vn 0.9477 0.3190 -0.0020
vn 0.9446 0.3170 -0.0855
vn 0.8279 0.5535 -0.0907
vn 0.8303 0.5570 -0.0183
vn 0.8303 0.5572 -0.0023
vn -0.9543 0.2982 0.0175
vn -0.9545 0.2982 0.0020
vn -0.9513 0.2956 0.0872
vn -0.8504 0.5179 0.0934
vn -0.8526 0.5222 0.0189
vn -0.8526 0.5225 0.0024
vn -0.0328 0.9995 0.0045
vn -0.0026 1.0000 0.0079
vn -0.0036 1.0000 -0.0009
vn -0.0331 0.9994 -0.0093
vn 0.0405 0.9992 -0.0009
vn 0.0445 0.9982 -0.0405
vn 0.0272 0.9930 -0.1145
vn -0.0027 0.9952 -0.0981
vn -0.0316 0.9963 -0.0797
vn -0.0710 0.9975 -0.0010
vn -0.0487 0.9988 0.0005
vn -0.0488 0.9987 -0.0124
vn -0.0710 0.9974 -0.0130
vn -0.0481 0.9963 -0.0714
vn -0.0708 0.9951 -0.0686
vn -0.0776 -0.0169 -0.9968
vn 0.4610 -0.3395 -0.8199
vn 0.5249 -0.2330 -0.8187
vn -0.0986 -0.0405 -0.9943
vn 0.8122 -0.5173 -0.2696
vn 0.9133 -0.3156 -0.2575
vn 0.9647 -0.1139 -0.2373
vn 0.5861 -0.1191 -0.8014
vn -0.1022 -0.0625 -0.9928
vn 0.1223 -0.9923 -0.0180
vn 0.1216 -0.9926 -0.0018
vn 0.1235 -0.9886 -0.0863
vn 0.4276 -0.8976 -0.1072
vn 0.4288 -0.9031 -0.0229
vn 0.4281 -0.9037 -0.0024
vn 0.1217 -0.6084 -0.7843
vn -0.0051 0.0697 -0.9976
vn 0.2655 -0.5036 -0.8221
vn -0.0430 0.0482 -0.9979
vn -0.0255 0.9973 0.0690
vn 0.0015 0.9979 0.0646
vn -0.0026 1.0000 -0.0043
vn -0.0852 0.9960 0.0285
vn 0.0517 0.9966 0.0639
vn 0.0520 0.9986 0.0105
vn 0.0517 0.9987 0.0009
vn -0.0037 1.0000 -0.0011
vn -0.0889 0.9960 0.0025
vn 0.0173 -0.9999 0.0014
vn 0.0173 -0.9997 0.0159
vn 0.0000 -0.9999 0.0157
vn 0.0000 -1.0000 0.0014
vn 0.0175 -0.9969 0.0773
vn 0.0000 -0.9971 0.0764
vn -0.0174 -0.9969 0.0770
vn -0.0172 -0.9997 0.0159
vn -0.0172 -0.9999 0.0014
vn -0.0489 0.3174 0.9470
vn -0.1425 0.5877 0.7964
vn -0.8525 -0.0037 0.5227
vn -0.1673 0.0128 0.9858
vn -0.0397 0.6838 0.7286
vn -0.1235 0.8258 0.5502
vn -0.0304 0.9004 0.4340
vn -0.1062 0.9683 0.2262
vn -0.9991 -0.0016 0.0424
vn -0.0995 -0.9659 0.2391
vn -0.0251 -0.8975 0.4402
vn -0.1193 -0.8047 0.5816
vn -0.0360 -0.6671 0.7441
vn -0.1385 -0.5562 0.8195
vn -0.0469 -0.2965 0.9539
vn 0.8582 -0.2516 0.4474
vn 0.6298 -0.0851 0.7721
vn 0.3568 -0.6161 0.7022
vn 0.4424 -0.8558 0.2683
vn 0.2547 0.2519 0.9336
vn 0.1919 -0.0130 0.9813
vn 0.1034 -0.0437 0.9937
vn 0.1809 -0.4959 0.8493
vn 0.0726 -0.6019 0.7953
vn 0.1355 -0.7308 0.6690
vn 0.0458 -0.8533 0.5194
vn 0.0968 -0.9301 0.3543
vn -0.0034 0.9950 0.1000
vn -0.0036 1.0000 0.0038
vn 0.0257 0.9929 0.1165
vn 0.0437 0.9981 0.0442
vn 0.0404 0.9992 0.0049
vn -0.0025 1.0000 -0.0048
vn 0.2535 0.0430 -0.9664
vn 0.6260 -0.1339 -0.7682
vn 0.3530 -0.7161 -0.6022
vn 0.1862 -0.5415 -0.8198
vn 0.8666 -0.2578 -0.4273
vn 0.4440 -0.8585 -0.2567
vn 0.0953 -0.0508 -0.9941
vn -0.5997 -0.1210 -0.7910
vn -0.5349 -0.2370 -0.8110
vn 0.0937 -0.0266 -0.9952
vn -0.4624 -0.3543 -0.8128
vn 0.0684 0.0018 -0.9977
vn 0.0855 0.0965 -0.9917
vn 0.0769 -0.4461 -0.8917
vn 0.0750 0.3998 0.9135
vn 0.0756 0.3751 0.9239
vn 0.0543 -0.3258 0.9439
vn -0.9544 0.2982 -0.0175
vn -0.9513 0.2956 -0.0873
vn -0.9545 0.2982 -0.0020
vn -0.8526 0.5225 -0.0023
vn -0.8527 0.5221 -0.0189
vn -0.8504 0.5178 -0.0935
vn 0.8285 0.5580 -0.0464
vn -0.0423 0.0164 -0.9990
vn -0.0638 0.0440 -0.9970
vn 0.9503 0.3026 -0.0734
vn -0.8210 -0.5685 -0.0524
vn -0.9349 -0.3498 -0.0600
vn -0.9902 -0.1260 -0.0606
vn -0.0438 0.0624 -0.9971
vn 0.9920 0.1013 -0.0748
vn 0.3987 -0.4201 -0.8152
vn -0.0630 0.0004 -0.9980
vn 0.6975 -0.6648 -0.2675
vn 0.9476 0.3191 0.0171
vn 0.9446 0.3170 0.0855
vn 0.9477 0.3190 0.0020
vn 0.8303 0.5572 0.0023
vn 0.8303 0.5570 0.0183
vn 0.8279 0.5535 0.0907
vn 0.3642 -0.9313 -0.0078
vn 0.0149 0.1257 -0.9920
vn 0.0328 0.0673 -0.9972
vn 0.0825 -0.9965 -0.0097
vn -0.4734 0.8807 0.0144
vn -0.1578 0.9875 0.0034
vn -0.0218 0.9998 -0.0040
vn 0.0056 0.0126 -0.9999
vn 0.0128 -0.9999 -0.0037
vn 0.4667 0.8843 0.0126
vn -0.0162 -0.0577 -0.9982
vn -0.0273 -0.0018 -0.9996
vn 0.6875 0.7259 -0.0190
vn -0.5142 -0.8576 -0.0082
vn -0.6927 -0.7203 -0.0355
vn 0.1223 -0.9923 0.0180
vn 0.1235 -0.9886 0.0863
vn 0.1216 -0.9926 0.0018
vn 0.4281 -0.9037 0.0024
vn 0.4288 -0.9031 0.0229
vn 0.4276 -0.8976 0.1072
vn -0.7984 -0.5963 0.0836
vn 0.0062 0.0714 -0.9974
vn 0.0340 0.0673 -0.9972
vn -0.9234 -0.3745 0.0838
vn 0.8025 0.5906 0.0847
vn 0.9155 0.3956 0.0737
vn 0.9814 0.1833 0.0575
vn 0.0233 0.0636 -0.9977
vn -0.9833 -0.1700 0.0655
vn 0.8251 -0.5650 -0.0054
vn -0.0098 0.0650 -0.9978
vn 0.0059 0.0614 -0.9981
vn 0.6824 -0.7310 -0.0068
vn -0.8216 0.5700 0.0054
vn -0.6944 0.7195 0.0113
vn -0.0872 -0.0793 -0.9930
vn 0.5733 0.0540 -0.8176
vn 0.5037 0.1606 -0.8488
vn -0.0751 -0.0943 -0.9927
vn 0.9517 0.1651 -0.2590
vn 0.8834 0.3620 -0.2975
vn 0.7675 0.5545 -0.3217
vn 0.4335 0.2645 -0.8615
vn -0.0537 -0.1074 -0.9928
vn 0.8475 -0.5288 -0.0466
vn 0.9463 -0.3203 -0.0447
vn 0.8487 -0.5289 -0.0043
vn 0.9470 -0.3211 -0.0045
vn 0.9939 -0.1099 -0.0043
vn 0.9931 -0.1096 -0.0410
vn -0.3597 -0.9299 0.0768
vn -0.0213 0.1354 -0.9906
vn -0.0098 0.0664 -0.9977
vn -0.6637 -0.7440 0.0775
vn 0.4634 0.8823 0.0825
vn 0.6806 0.7274 0.0870
vn -0.4544 0.8906 0.0169
vn 0.0289 -0.0552 -0.9981
vn -0.0177 -0.0842 -0.9963
vn -0.1484 0.9855 0.0821
vn 0.5211 -0.8534 -0.0129
vn 0.2221 -0.9747 0.0258
vn 0.0117 0.7742 0.6328
vn 0.1889 0.0731 0.9793
vn 0.0358 -0.1620 -0.9861
vn 0.1614 0.9750 0.1525
vn -0.0659 -0.9206 0.3849
vn -0.2561 -0.9628 0.0859
vn 0.0403 0.0184 -0.9990
vn -0.7313 0.6818 0.0201
vn 0.7323 -0.6810 -0.0054
vn 0.0316 0.0568 -0.9979
vn -0.2871 -0.5083 -0.8119
vn -0.1509 -0.5860 -0.7961
vn -0.0060 0.0962 -0.9953
vn -0.4712 -0.8464 -0.2482
vn -0.2084 -0.9523 -0.2227
vn -0.0481 -0.9742 -0.2206
vn -0.0527 -0.6305 -0.7744
vn -0.0243 0.0955 -0.9951
vn 0.9943 -0.1028 -0.0291
vn -0.0169 0.0542 -0.9984
vn -0.0342 0.0570 -0.9978
vn 0.9510 -0.3089 -0.0097
vn -0.9907 0.1325 -0.0308
vn -0.9355 0.3532 -0.0093
vn -0.3925 -0.4379 -0.8088
vn 0.0503 0.0209 -0.9985
vn -0.6606 -0.7054 -0.2569
vn 0.0574 -0.0990 -0.9934
vn -0.4395 0.2526 -0.8620
vn -0.5120 0.1357 -0.8482
vn 0.0795 -0.0819 -0.9935
vn -0.7861 0.5282 -0.3209
vn -0.9048 0.3079 -0.2941
vn -0.9619 0.1056 -0.2521
vn -0.5838 0.0254 -0.8115
vn 0.0862 -0.0662 -0.9941
vn -0.0135 -0.9994 0.0304
vn -0.0052 0.0020 -1.0000
vn -0.0377 0.0616 -0.9974
vn -0.0845 -0.9949 0.0545
vn 0.0216 0.9990 0.0400
vn 0.1550 0.9856 0.0682
vn -0.3725 0.3382 -0.8642
vn 0.0434 -0.1086 -0.9931
vn -0.6577 0.6789 -0.3264
vn -0.0236 -0.1546 -0.9877
vn 0.2333 0.4275 -0.8734
vn 0.0811 0.5596 -0.8248
vn 0.0006 -0.1570 -0.9876
vn 0.3927 0.8661 -0.3092
vn 0.1109 0.9608 -0.2541
vn 0.0164 0.9724 -0.2327
vn 0.0123 0.6058 -0.7955
vn 0.0002 -0.1407 -0.9900
vn 0.1899 -0.9817 0.0105
vn 0.1903 -0.9817 -0.0007
vn 0.1877 -0.9798 0.0687
vn 0.4873 -0.8692 0.0841
vn 0.4918 -0.8706 0.0142
vn 0.4923 -0.8704 0.0002
vn 0.3678 0.3419 -0.8648
vn -0.0406 -0.1152 -0.9925
vn 0.6447 0.6905 -0.3278
vn 0.7296 -0.6823 -0.0459
vn 0.7309 -0.6824 -0.0039
vn -0.9922 -0.1244 0.0011
vn -1.0000 0.0017 0.0007
vn -0.9999 0.0015 0.0145
vn -0.9921 -0.1243 0.0149
vn -0.9918 0.1276 0.0005
vn -0.9918 0.1270 0.0156
vn -0.9888 0.1217 0.0867
vn -0.9969 -0.0018 0.0786
vn -0.9889 -0.1259 0.0791
vn 0.7307 -0.6825 0.0165
vn 0.7309 -0.6825 0.0010
vn 0.7259 -0.6817 0.0909
vn 0.8436 -0.5290 0.0919
vn 0.8485 -0.5290 0.0172
vn 0.8486 -0.5291 0.0013
vn -0.1227 0.9922 0.0212
vn -0.1203 0.9886 0.0901
vn -0.1233 0.9924 0.0034
vn -0.0176 0.9998 0.0037
vn -0.0175 0.9996 0.0204
vn -0.0172 0.9964 0.0829
vn 0.0001 1.0000 0.0038
vn 0.0001 0.9998 0.0205
vn 0.0177 0.9998 0.0038
vn 0.0177 0.9996 0.0205
vn 0.0174 0.9964 0.0828
vn 0.0001 0.9966 0.0823
vn -0.9738 -0.0102 -0.2271
vn -0.9993 0.0007 -0.0374
vn -0.9912 0.1254 -0.0415
vn -0.9918 0.1276 -0.0027
vn -1.0000 0.0018 -0.0028
vn 0.7986 0.5920 0.1086
vn 0.8005 0.5990 0.0212
vn 0.9162 0.4002 0.0189
vn 0.9142 0.3929 0.0993
vn 0.8004 0.5995 0.0015
vn 0.9161 0.4009 0.0011
vn 0.1215 0.9924 0.0213
vn 0.1193 0.9888 0.0893
vn 0.1221 0.9925 0.0036
vn 0.4201 0.9075 0.0027
vn 0.4191 0.9076 0.0228
vn 0.4154 0.9034 0.1060
vn 0.0001 0.9734 -0.2290
vn 0.0001 0.9991 -0.0427
vn 0.0175 0.9989 -0.0434
vn 0.0177 0.9998 -0.0066
vn 0.0001 1.0000 -0.0065
vn 0.4277 -0.8980 0.1035
vn 0.9231 -0.3230 0.2087
vn 0.0522 -0.9985 0.0173
vn 0.0511 -0.9987 -0.0008
vn 0.4234 -0.9059 0.0048
vn 0.9382 -0.3460 0.0115
vn 0.6737 0.7386 0.0224
vn 0.6721 0.7320 0.1118
vn 0.6737 0.7390 0.0018
vn 0.9470 -0.3209 0.0170
vn 0.9470 -0.3213 0.0016
vn 0.9429 -0.3212 0.0878
vn -0.9399 -0.3411 0.0160
vn -0.9361 -0.3410 0.0858
vn -0.9399 -0.3414 0.0012
vn 0.9716 0.0262 -0.2353
vn 0.9984 0.0397 -0.0400
vn 0.9809 0.1893 -0.0438
vn 0.9992 0.0407 -0.0038
vn 0.9814 0.1917 -0.0037
vn -0.0438 -0.9990 -0.0031
vn -0.0445 -0.9983 -0.0366
vn -0.2170 -0.9755 -0.0366
vn -0.2180 -0.9759 -0.0026
vn -0.4899 -0.8708 -0.0414
vn -0.4909 -0.8712 -0.0032
vn -0.6858 -0.7265 -0.0435
vn -0.6866 -0.7270 -0.0035
vn -0.2176 -0.9760 0.0121
vn -0.2154 -0.9740 0.0700
vn -0.2181 -0.9759 0.0003
vn -0.9389 0.3407 -0.0491
vn -0.9390 0.3438 -0.0033
vn -0.8205 0.5690 -0.0548
vn -0.8208 0.5712 -0.0042
vn -0.6876 0.7239 -0.0565
vn -0.6881 0.7256 -0.0048
vn -0.9392 0.3429 0.0187
vn -0.9365 0.3357 0.1017
vn -0.9390 0.3438 0.0007
vn 0.1203 0.9916 -0.0469
vn 0.1220 0.9925 -0.0065
vn 0.4172 0.9072 -0.0548
vn 0.4198 0.9076 -0.0060
vn 0.6732 0.7373 -0.0573
vn 0.6737 0.7390 -0.0051
vn 0.8001 0.5973 -0.0557
vn 0.8003 0.5995 -0.0047
vn 0.9160 0.3980 -0.0508
vn 0.9161 0.4009 -0.0041
vn -0.9981 -0.0470 0.0393
vn 0.0240 0.0733 -0.9970
vn 0.9987 0.0342 0.0367
vn -0.7323 0.6807 0.0190
vn -0.7322 0.6811 0.0024
vn -0.7309 0.6760 0.0939
vn -0.4959 0.8639 0.0883
vn -0.4951 0.8687 0.0177
vn -0.4945 0.8692 0.0022
vn -0.1942 0.9809 0.0147
vn -0.1937 0.9811 0.0017
vn -0.1954 0.9779 0.0746
vn 0.5013 0.8611 0.0851
vn 0.5015 0.8650 0.0172
vn 0.2281 0.9735 0.0144
vn 0.2292 0.9707 0.0728
vn 0.5012 0.8653 0.0021
vn 0.2276 0.9738 0.0017
vn 0.6959 0.7179 0.0183
vn 0.6943 0.7140 0.0904
vn 0.6959 0.7181 0.0023
vn 0.9985 0.0004 -0.0545
vn -0.0181 0.0613 -0.9980
vn -0.9987 0.0040 -0.0512
vn -0.4959 0.8638 -0.0884
vn -0.4951 0.8687 -0.0177
vn -0.1942 0.9809 -0.0146
vn -0.1955 0.9778 -0.0747
vn -0.4945 0.8692 -0.0022
vn -0.1937 0.9811 -0.0016
vn -0.7323 0.6807 -0.0190
vn -0.7310 0.6758 -0.0940
vn -0.7322 0.6811 -0.0024
vn -0.0923 -0.0718 -0.9931
vn 0.6047 -0.0303 -0.7959
vn 0.0878 -0.0597 -0.9943
vn -0.6139 -0.0463 -0.7880
vn 0.6959 0.7179 -0.0183
vn 0.6959 0.7181 -0.0023
vn 0.6943 0.7140 -0.0904
vn 0.5013 0.8611 -0.0851
vn 0.5015 0.8650 -0.0172
vn 0.5012 0.8653 -0.0022
vn 0.2281 0.9735 -0.0145
vn 0.2276 0.9738 -0.0017
vn 0.2292 0.9707 -0.0728
vn 0.8176 -0.5641 0.1153
vn 0.8253 -0.5641 0.0244
vn 0.9456 -0.3246 0.0218
vn 0.9387 -0.3282 0.1051
vn 0.8260 -0.5636 0.0026
vn 0.9462 -0.3234 0.0023
vn 0.6892 -0.7242 0.0251
vn 0.6824 -0.7214 0.1175
vn 0.6897 -0.7241 0.0028
vn -0.0002 -0.9999 0.0112
vn 0.0004 0.0040 -1.0000
vn -0.0000 0.9999 0.0108
vn 0.0000 -0.1382 -0.9904
vn 0.0001 0.6114 -0.7913
vn 0.6892 -0.7242 -0.0251
vn 0.6897 -0.7241 -0.0028
vn 0.6824 -0.7214 -0.1175
vn 0.8176 -0.5641 -0.1154
vn 0.8253 -0.5641 -0.0244
vn 0.8260 -0.5636 -0.0026
vn 0.9456 -0.3246 -0.0218
vn 0.9462 -0.3234 -0.0023
vn 0.9387 -0.3282 -0.1051
vn -0.4194 -0.9018 0.1047
vn -0.4207 -0.9069 0.0223
vn -0.1210 -0.9925 0.0178
vn -0.1221 -0.9888 0.0853
vn -0.4201 -0.9075 0.0024
vn -0.1204 -0.9927 0.0017
vn -0.7988 -0.5911 0.1116
vn -0.8063 -0.5911 0.0235
vn -0.6755 -0.7369 0.0243
vn -0.6690 -0.7345 0.1140
vn -0.8070 -0.5905 0.0026
vn -0.6761 -0.7368 0.0027
vn -0.9268 -0.3749 0.0212
vn -0.9200 -0.3784 0.1022
vn -0.9275 -0.3738 0.0022
vn -0.9268 -0.3749 -0.0212
vn -0.9275 -0.3738 -0.0022
vn -0.9200 -0.3784 -0.1022
vn -0.7988 -0.5911 -0.1116
vn -0.8063 -0.5910 -0.0236
vn -0.8070 -0.5905 -0.0026
vn -0.6756 -0.7369 -0.0243
vn -0.6761 -0.7368 -0.0027
vn -0.6690 -0.7345 -0.1140
vn -0.4194 -0.9018 -0.1047
vn -0.4207 -0.9069 -0.0223
vn -0.4201 -0.9075 -0.0024
vn -0.1210 -0.9925 -0.0178
vn -0.1204 -0.9927 -0.0017
vn -0.1221 -0.9888 -0.0854
vn -0.0140 -0.9991 -0.0392
vn -0.0131 -0.9999 -0.0070
vn -0.0214 -0.9679 -0.2506
vn 0.4275 -0.8992 -0.0932
vn 0.9267 -0.3257 -0.1874
vn 0.0518 -0.9985 -0.0185
vn 0.0106 -0.9999 0.0044
vn 0.0277 -0.9996 0.0015
vn 0.0276 -0.9996 -0.0011
vn 0.0102 -0.9999 -0.0014
vn 0.0106 -0.9999 -0.0076
vn 0.0278 -0.9996 -0.0039
vn -1.0000 -0.0053 0.0009
vn -0.0837 0.9965 0.0061
vn -0.0811 -0.9967 -0.0058
vn -0.0799 -0.9968 -0.0008
vn -1.0000 -0.0022 0.0000
vn -0.0847 0.9964 0.0008
vn -1.0000 -0.0014 -0.0001
vn -0.0848 0.9964 0.0001
vn -0.0798 -0.9968 -0.0001
vn 0.0403 0.9992 0.0020
vn -0.0012 1.0000 0.0015
vn -0.0017 1.0000 -0.0026
vn 0.0397 0.9992 0.0028
vn -0.0321 0.9995 0.0010
vn -0.0323 0.9995 -0.0023
vn -0.0017 1.0000 0.0057
vn 0.0398 0.9992 0.0013
vn -0.0324 0.9995 0.0042
vn -0.9545 0.2981 -0.0001
vn -0.8527 0.5225 -0.0002
vn -0.9962 0.0873 -0.0000
vn -0.9962 0.0872 0.0000
vn -0.9545 0.2981 0.0000
vn -0.8527 0.5225 0.0000
vn -0.9545 0.2981 0.0001
vn -0.8526 0.5225 0.0002
vn -0.9962 0.0873 0.0001
vn -0.7322 0.6811 -0.0002
vn -0.4944 0.8692 -0.0001
vn -0.7322 0.6811 0.0000
vn -0.4944 0.8692 0.0000
vn -0.7321 0.6811 0.0002
vn -0.4944 0.8692 0.0002
vn -0.1936 0.9811 -0.0000
vn -0.0709 0.9975 0.0003
vn -0.1936 0.9811 0.0001
vn -0.0709 0.9975 0.0002
vn -0.0709 0.9975 0.0001
vn 0.9478 0.3190 0.0001
vn 0.8304 0.5572 0.0002
vn 0.9942 0.1075 0.0000
vn 0.9942 0.1074 0.0000
vn 0.9478 0.3189 0.0000
vn 0.8304 0.5572 -0.0000
vn 0.9478 0.3190 -0.0001
vn 0.8304 0.5572 -0.0002
vn 0.6959 0.7181 0.0002
vn 0.5011 0.8654 0.0002
vn 0.6959 0.7181 -0.0000
vn 0.5011 0.8654 -0.0000
vn 0.6959 0.7182 -0.0002
vn 0.5011 0.8654 -0.0002
vn 0.2275 0.9738 0.0001
vn 0.0516 0.9987 0.0000
vn 0.2275 0.9738 -0.0000
vn 0.2275 0.9738 -0.0001
vn 0.0516 0.9987 0.0002
vn 0.1215 -0.9926 0.0001
vn 0.4280 -0.9038 0.0001
vn 0.0172 -0.9999 0.0000
vn 0.1215 -0.9926 0.0000
vn 0.4280 -0.9038 0.0000
vn 0.1215 -0.9926 -0.0001
vn 0.4280 -0.9038 -0.0001
vn 0.6897 -0.7240 0.0002
vn 0.8261 -0.5635 0.0002
vn 0.6898 -0.7240 0.0000
vn 0.8261 -0.5635 0.0000
vn 0.6897 -0.7240 -0.0002
vn 0.8261 -0.5635 -0.0002
vn 0.9463 -0.3233 0.0001
vn 0.9940 -0.1090 0.0000
vn 0.9463 -0.3233 -0.0000
vn 0.9463 -0.3233 -0.0001
vn -0.9276 -0.3736 0.0001
vn -0.8071 -0.5905 0.0002
vn -0.9866 -0.1631 0.0000
vn -0.9276 -0.3736 0.0000
vn -0.8071 -0.5904 0.0000
vn -0.9276 -0.3736 -0.0001
vn -0.8071 -0.5905 -0.0002
vn -0.6762 -0.7367 0.0002
vn -0.4200 -0.9075 0.0001
vn -0.6762 -0.7367 0.0000
vn -0.4200 -0.9075 0.0000
vn -0.6762 -0.7367 -0.0002
vn -0.4200 -0.9075 -0.0001
vn -0.1202 -0.9927 0.0001
vn -0.0172 -0.9999 0.0000
vn -0.1202 -0.9927 0.0000
vn -0.1202 -0.9927 -0.0001
vn 0.1904 -0.9817 0.0008
vn 0.4924 -0.8704 0.0006
vn 0.0659 -0.9978 0.0005
vn 0.0659 -0.9978 -0.0002
vn 0.1904 -0.9817 0.0000
vn 0.4924 -0.8704 0.0000
vn 0.1904 -0.9817 -0.0007
vn 0.4924 -0.8704 -0.0005
vn 0.7308 -0.6825 0.0003
vn 0.8485 -0.5292 0.0001
vn 0.7308 -0.6826 -0.0000
vn 0.8485 -0.5292 -0.0000
vn 0.7308 -0.6826 -0.0003
vn 0.8485 -0.5292 -0.0002
vn 0.9469 -0.3215 -0.0001
vn 0.9939 -0.1103 -0.0001
vn 0.9469 -0.3215 -0.0000
vn 0.9939 -0.1104 -0.0001
vn 0.9939 -0.1103 0.0000
vn -0.2181 -0.9759 -0.0003
vn -0.4910 -0.8712 -0.0003
vn -0.0435 -0.9991 -0.0003
vn -0.0435 -0.9991 -0.0000
vn -0.2181 -0.9759 0.0000
vn -0.4910 -0.8712 0.0000
vn -0.2181 -0.9759 0.0004
vn -0.4910 -0.8712 0.0004
vn -0.0436 -0.9990 0.0002
vn -0.6865 -0.7271 -0.0003
vn -0.8212 -0.5706 -0.0002
vn -0.6865 -0.7271 0.0000
vn -0.8212 -0.5706 0.0000
vn -0.6866 -0.7271 0.0003
vn -0.8212 -0.5706 0.0003
vn -0.9399 -0.3416 -0.0001
vn -0.9922 -0.1245 -0.0001
vn -0.9399 -0.3416 0.0000
vn -0.9922 -0.1245 0.0000
vn -0.9399 -0.3415 0.0002
vn -0.9922 -0.1245 0.0002
vn -0.9390 0.3438 -0.0004
vn -0.8209 0.5711 -0.0003
vn -0.9918 0.1275 -0.0004
vn -0.9918 0.1275 0.0000
vn -0.9390 0.3438 0.0000
vn -0.8209 0.5711 0.0000
vn -0.9390 0.3438 0.0005
vn -0.8209 0.5711 0.0004
vn -0.6882 0.7256 -0.0001
vn -0.4285 0.9035 0.0002
vn -0.6882 0.7256 0.0000
vn -0.4285 0.9036 -0.0000
vn -0.6881 0.7256 0.0002
vn -0.4286 0.9035 -0.0002
vn -0.1234 0.9924 0.0005
vn -0.0176 0.9998 0.0006
vn -0.1233 0.9924 -0.0000
vn -0.0176 0.9998 -0.0000
vn -0.1234 0.9924 -0.0008
vn -0.0176 0.9998 -0.0009
vn 0.1222 0.9925 0.0006
vn 0.4201 0.9075 0.0002
vn 0.0177 0.9998 0.0007
vn 0.0177 0.9998 -0.0000
vn 0.1221 0.9925 -0.0000
vn 0.4200 0.9075 -0.0000
vn 0.1222 0.9925 -0.0008
vn 0.4201 0.9075 -0.0003
vn 0.0177 0.9998 -0.0010
vn 0.6738 0.7389 -0.0001
vn 0.8005 0.5994 -0.0002
vn 0.6738 0.7389 -0.0000
vn 0.8005 0.5994 -0.0000
vn 0.6738 0.7389 0.0001
vn 0.8004 0.5994 0.0002
vn 0.9162 0.4008 -0.0002
vn 0.9815 0.1915 -0.0002
vn 0.9162 0.4008 -0.0000
vn 0.9815 0.1914 -0.0000
vn 0.9161 0.4008 0.0002
vn 0.9815 0.1915 0.0002
vn -0.0486 0.9988 0.0015
vn -0.0485 0.9988 0.0005
vn -0.0486 0.9988 -0.0004
vn -0.9993 -0.0375 -0.0000
vn 1.0000 -0.0003 -0.0000
vn -0.0034 1.0000 0.0018
vn -0.0037 1.0000 0.0002
vn -0.0037 1.0000 0.0000
vn 0.0000 -1.0000 -0.0000
vn 0.0432 -0.9991 -0.0009
vn 0.0431 -0.9991 -0.0005
vn 0.0431 -0.9991 -0.0002
vn 0.9992 0.0404 -0.0000
vn 0.9992 0.0403 -0.0001
vn -0.0122 -0.9999 -0.0015
vn -0.0119 -0.9999 -0.0002
vn -1.0000 0.0016 0.0003
vn -1.0000 0.0016 0.0000
vn -1.0000 0.0016 -0.0002
vn 0.0001 1.0000 -0.0010
vn 0.0001 1.0000 -0.0000
vn 0.0001 1.0000 0.0007
vn -0.0366 0.0935 -0.9949
vn -0.0421 -0.6651 -0.7456
vn 0.0650 0.4808 0.8744
vn 0.0070 0.5166 0.8562
vn 0.2108 0.4214 0.8820
vn 0.1905 0.5527 0.8113
vn 0.0573 0.5985 0.7991
vn 0.0011 0.6202 0.7844
vn 0.0466 0.7287 0.6833
vn -0.0066 0.7454 0.6665
vn 0.1642 0.6898 0.7051
vn 0.1322 0.8354 0.5335
vn 0.0339 0.8496 0.5263
vn -0.0156 0.8660 0.4999
vn 0.0146 0.9499 0.3123
vn -0.0256 0.9629 0.2688
vn 0.0707 0.9560 0.2847
vn 0.0769 0.3781 -0.9225
vn 0.2272 0.3401 -0.9125
vn 0.0142 0.4000 -0.9164
vn 0.0035 0.6025 -0.7981
vn 0.0650 0.5817 -0.8108
vn 0.2037 0.5388 -0.8174
vn 0.0523 0.7281 -0.6835
vn 0.1745 0.6897 -0.7028
vn -0.0054 0.7447 -0.6674
vn -0.0147 0.8656 -0.5005
vn 0.0383 0.8493 -0.5265
vn 0.1400 0.8357 -0.5311
vn 0.0171 0.9499 -0.3122
vn 0.0747 0.9563 -0.2826
vn -0.0252 0.9630 -0.2685
vn 0.0258 -0.9581 0.2852
vn 0.0352 -0.9638 0.2641
vn 0.0391 -0.8594 0.5098
vn 0.0390 -0.8711 0.4895
vn 0.0481 -0.7538 0.6553
vn 0.0402 -0.7554 0.6541
vn 0.0526 -0.6132 0.7882
vn 0.0399 -0.6297 0.7758
vn 0.0613 -0.5273 0.8474
vn 0.0389 -0.5302 0.8470
vn -0.5078 0.1070 0.8548
vn -0.5739 0.0004 0.8190
vn -0.4288 0.2114 0.8783
vn -0.4656 0.2354 0.8531
vn -0.5505 0.1207 0.8261
vn -0.6160 0.0053 0.7877
vn -0.6683 0.1647 0.7254
vn -0.7350 0.0235 0.6777
vn -0.5729 0.3076 0.7597
vn -0.7026 0.3986 0.5895
vn -0.8026 0.2204 0.5544
vn -0.8608 0.0469 0.5068
vn -0.9153 0.2754 0.2938
vn -0.9614 0.0726 0.2653
vn -0.8155 0.4854 0.3152
vn -0.3648 0.2908 0.8845
vn -0.2498 0.4121 0.8762
vn -0.2716 0.4561 0.8475
vn -0.3954 0.3215 0.8604
vn -0.4879 0.4133 0.7689
vn -0.3347 0.5694 0.7509
vn -0.4127 0.7054 0.5763
vn -0.6018 0.5290 0.5984
vn -0.7016 0.6369 0.3196
vn -0.4803 0.8230 0.3034
vn -0.1042 0.5387 0.8360
vn -0.0340 0.5741 0.8181
vn -0.0383 0.6290 0.7765
vn -0.1116 0.5844 0.8038
vn -0.1369 0.7053 0.6956
vn -0.0479 0.7486 0.6613
vn -0.0586 0.8723 0.4855
vn -0.1670 0.8382 0.5192
vn -0.1924 0.9448 0.2651
vn -0.0678 0.9673 0.2445
vn 0.3751 0.0778 -0.9237
vn 0.4227 -0.0049 -0.9063
vn 0.3056 0.1663 -0.9375
vn 0.4449 0.2642 -0.8557
vn 0.5361 0.1381 -0.8328
vn 0.5983 0.0214 -0.8010
vn 0.6683 0.1897 -0.7193
vn 0.7342 0.0438 -0.6775
vn 0.5636 0.3488 -0.7488
vn 0.6882 0.4404 -0.5765
vn 0.8004 0.2456 -0.5468
vn 0.8598 0.0680 -0.5060
vn 0.9098 0.2985 -0.2884
vn 0.9599 0.0932 -0.2645
vn 0.7948 0.5238 -0.3064
vn 0.2512 0.2309 -0.9400
vn 0.1823 0.3140 -0.9317
vn 0.2698 0.4650 -0.8432
vn 0.3691 0.3556 -0.8587
vn 0.4695 0.4625 -0.7521
vn 0.3427 0.5897 -0.7313
vn 0.4190 0.7175 -0.5565
vn 0.5756 0.5770 -0.5794
vn 0.6670 0.6788 -0.3073
vn 0.4842 0.8249 -0.2916
vn 0.0765 0.4181 -0.9052
vn 0.0012 0.4653 -0.8852
vn 0.0162 0.6632 -0.7483
vn 0.1213 0.5931 -0.7959
vn 0.1567 0.7245 -0.6712
vn 0.0270 0.7877 -0.6155
vn 0.0380 0.8962 -0.4421
vn 0.1929 0.8457 -0.4975
vn 0.2241 0.9407 -0.2547
vn 0.0484 0.9740 -0.2214
vn 0.0468 -0.4884 -0.8714
vn 0.0076 -0.5182 -0.8552
vn 0.1476 -0.3982 -0.9054
vn 0.2243 -0.5500 -0.8045
vn 0.0721 -0.6667 -0.7419
vn 0.0114 -0.7045 -0.7096
vn 0.0905 -0.7898 -0.6067
vn 0.0138 -0.8237 -0.5668
vn 0.2874 -0.6682 -0.6862
vn 0.3488 -0.7739 -0.5286
vn 0.1065 -0.8867 -0.4500
vn 0.0157 -0.9111 -0.4118
vn 0.1206 -0.9604 -0.2511
vn 0.0172 -0.9739 -0.2261
vn 0.4064 -0.8616 -0.3040
vn 0.2288 -0.2981 -0.9267
vn 0.2781 -0.2462 -0.9285
vn 0.4210 -0.3379 -0.8418
vn 0.3487 -0.4177 -0.8390
vn 0.4496 -0.5160 -0.7291
vn 0.5414 -0.4129 -0.7324
vn 0.6606 -0.4842 -0.5737
vn 0.5489 -0.6095 -0.5721
vn 0.6417 -0.6909 -0.3331
vn 0.7704 -0.5446 -0.3315
vn 0.3460 -0.1714 -0.9225
vn 0.4016 -0.0989 -0.9105
vn 0.5832 -0.1127 -0.8045
vn 0.5129 -0.2228 -0.8290
vn 0.6493 -0.2627 -0.7137
vn 0.7234 -0.1206 -0.6798
vn 0.8496 -0.1246 -0.5125
vn 0.7794 -0.2984 -0.5509
vn 0.8928 -0.3256 -0.3112
vn 0.9523 -0.1225 -0.2794
vn -0.3394 -0.1990 -0.9193
vn -0.4001 -0.1291 -0.9073
vn -0.2734 -0.2641 -0.9249
vn -0.4153 -0.3611 -0.8350
vn -0.5051 -0.2591 -0.8232
vn -0.5815 -0.1519 -0.7992
vn -0.6387 -0.3046 -0.7066
vn -0.7200 -0.1659 -0.6739
vn -0.5330 -0.4389 -0.7234
vn -0.6482 -0.5115 -0.5640
vn -0.7654 -0.3449 -0.5434
vn -0.8442 -0.1749 -0.5068
vn -0.8755 -0.3748 -0.3051
vn -0.9451 -0.1763 -0.2751
vn -0.7536 -0.5721 -0.3236
vn -0.2254 -0.3107 -0.9234
vn -0.1448 -0.4052 -0.9027
vn -0.2215 -0.5591 -0.7990
vn -0.3450 -0.4337 -0.8324
vn -0.4440 -0.5328 -0.7204
vn -0.2835 -0.6770 -0.6792
vn -0.3432 -0.7813 -0.5213
vn -0.5404 -0.6257 -0.5626
vn -0.6298 -0.7053 -0.3255
vn -0.3989 -0.8671 -0.2984
vn -0.0459 -0.4899 -0.8705
vn -0.0075 -0.5178 -0.8555
vn -0.0112 -0.7052 -0.7089
vn -0.0712 -0.6697 -0.7392
vn -0.0894 -0.7924 -0.6034
vn -0.0136 -0.8244 -0.5658
vn -0.0155 -0.9115 -0.4110
vn -0.1052 -0.8884 -0.4469
vn -0.1191 -0.9612 -0.2488
vn -0.0171 -0.9741 -0.2255
vn -0.3743 0.0565 -0.9256
vn -0.3121 0.1336 -0.9406
vn -0.4229 -0.0217 -0.9059
vn -0.5991 0.0025 -0.8006
vn -0.5354 0.1143 -0.8368
vn -0.4523 0.2256 -0.8629
vn -0.6683 0.1643 -0.7256
vn -0.5731 0.3068 -0.7599
vn -0.7349 0.0234 -0.6777
vn -0.8607 0.0468 -0.5070
vn -0.8025 0.2200 -0.5546
vn -0.7027 0.3980 -0.5897
vn -0.9153 0.2752 -0.2940
vn -0.8156 0.4851 -0.3155
vn -0.9614 0.0725 -0.2654
vn -0.2644 0.1923 -0.9450
vn -0.1823 0.2935 -0.9384
vn -0.3840 0.3090 -0.8701
vn -0.2644 0.4415 -0.8574
vn -0.4882 0.4123 -0.7692
vn -0.3352 0.5682 -0.7515
vn -0.6020 0.5282 -0.5988
vn -0.4130 0.7046 -0.5770
vn -0.7018 0.6365 -0.3199
vn -0.4805 0.8227 -0.3039
vn -0.0731 0.3912 -0.9174
vn -0.0235 0.4224 -0.9061
vn -0.1089 0.5664 -0.8169
vn -0.0380 0.6100 -0.7915
vn -0.1378 0.7041 -0.6966
vn -0.0489 0.7475 -0.6624
vn -0.1676 0.8375 -0.5202
vn -0.0594 0.8717 -0.4865
vn -0.1927 0.9446 -0.2657
vn -0.0683 0.9671 -0.2449
vn 0.5170 0.1328 0.8456
vn 0.4279 0.2525 0.8679
vn 0.5838 0.0201 0.8117
vn 0.6156 0.0243 0.7877
vn 0.5515 0.1443 0.8216
vn 0.4586 0.2739 0.8454
vn 0.6683 0.1897 0.7193
vn 0.5636 0.3488 0.7488
vn 0.7342 0.0438 0.6775
vn 0.8599 0.0680 0.5060
vn 0.8004 0.2456 0.5468
vn 0.6882 0.4404 0.5765
vn 0.9098 0.2985 0.2884
vn 0.7948 0.5238 0.3064
vn 0.9599 0.0932 0.2645
vn 0.3544 0.3392 0.8714
vn 0.2573 0.4395 0.8606
vn 0.3808 0.3679 0.8483
vn 0.2784 0.4792 0.8324
vn 0.4695 0.4625 0.7521
vn 0.3428 0.5898 0.7312
vn 0.5756 0.5770 0.5794
vn 0.4190 0.7175 0.5565
vn 0.6670 0.6788 0.3073
vn 0.4842 0.8249 0.2916
vn 0.1158 0.5617 0.8192
vn 0.0129 0.6175 0.7865
vn 0.1258 0.6093 0.7829
vn 0.0176 0.6807 0.7323
vn 0.1567 0.7246 0.6712
vn 0.0269 0.7876 0.6156
vn 0.1929 0.8457 0.4976
vn 0.0379 0.8963 0.4418
vn 0.2241 0.9407 0.2547
vn 0.0482 0.9740 0.2213
vn 0.0712 -0.6462 0.7599
vn 0.2132 -0.5213 0.8263
vn 0.0112 -0.6887 0.7249
vn 0.0117 -0.7219 0.6918
vn 0.0747 -0.6833 0.7263
vn 0.2317 -0.5634 0.7930
vn 0.0905 -0.7898 0.6067
vn 0.2875 -0.6682 0.6862
vn 0.0138 -0.8238 0.5668
vn 0.0157 -0.9111 0.4118
vn 0.1065 -0.8867 0.4500
vn 0.3488 -0.7739 0.5286
vn 0.1206 -0.9604 0.2511
vn 0.4064 -0.8617 0.3040
vn 0.0172 -0.9739 0.2261
vn 0.3311 -0.4005 0.8544
vn 0.3981 -0.3249 0.8579
vn 0.3604 -0.4293 0.8281
vn 0.4346 -0.3467 0.8312
vn 0.4496 -0.5161 0.7291
vn 0.5414 -0.4129 0.7323
vn 0.5489 -0.6095 0.5720
vn 0.6606 -0.4842 0.5737
vn 0.6417 -0.6909 0.3331
vn 0.7704 -0.5446 0.3314
vn 0.4854 -0.2181 0.8466
vn 0.5621 -0.1137 0.8192
vn 0.5285 -0.2280 0.8178
vn 0.6008 -0.1142 0.7912
vn 0.6493 -0.2627 0.7137
vn 0.7234 -0.1206 0.6798
vn 0.7794 -0.2984 0.5508
vn 0.8496 -0.1245 0.5124
vn 0.8928 -0.3256 0.3112
vn 0.9523 -0.1225 0.2794
vn -0.4712 -0.2506 0.8457
vn -0.3873 -0.3438 0.8555
vn -0.5510 -0.1513 0.8207
vn -0.5986 -0.1542 0.7861
vn -0.5203 -0.2649 0.8118
vn -0.4287 -0.3703 0.8241
vn -0.6388 -0.3046 0.7065
vn -0.5331 -0.4389 0.7233
vn -0.7200 -0.1659 0.6738
vn -0.8442 -0.1749 0.5067
vn -0.7654 -0.3449 0.5433
vn -0.6482 -0.5116 0.5640
vn -0.8755 -0.3748 0.3050
vn -0.7537 -0.5721 0.3235
vn -0.9451 -0.1763 0.2750
vn -0.3228 -0.4115 0.8523
vn -0.2075 -0.5255 0.8251
vn -0.3565 -0.4454 0.8213
vn -0.2287 -0.5725 0.7874
vn -0.4440 -0.5329 0.7203
vn -0.2835 -0.6770 0.6792
vn -0.5404 -0.6257 0.5625
vn -0.3433 -0.7813 0.5212
vn -0.6298 -0.7053 0.3255
vn -0.3989 -0.8671 0.2983
vn -0.0693 -0.6435 0.7623
vn -0.0110 -0.6855 0.7280
vn -0.0738 -0.6862 0.7236
vn -0.0116 -0.7226 0.6912
vn -0.0894 -0.7924 0.6034
vn -0.0136 -0.8244 0.5658
vn -0.1052 -0.8884 0.4468
vn -0.0155 -0.9115 0.4109
vn -0.1191 -0.9612 0.2488
vn -0.0171 -0.9741 0.2255
vn 0.1038 -0.5542 0.8259
vn 0.0450 -0.5738 0.8178
vn 0.2308 -0.4583 0.8583
vn 0.2459 -0.4813 0.8413
vn 0.1121 -0.5913 0.7986
vn 0.0484 -0.6334 0.7723
vn 0.1348 -0.7127 0.6884
vn 0.0552 -0.7545 0.6540
vn 0.3086 -0.5899 0.7462
vn 0.3851 -0.7199 0.5775
vn 0.1589 -0.8449 0.5107
vn 0.0615 -0.8772 0.4762
vn 0.1776 -0.9501 0.2566
vn 0.0651 -0.9694 0.2367
vn 0.4568 -0.8359 0.3043
vn 0.3327 -0.3593 0.8719
vn 0.3955 -0.2958 0.8695
vn 0.4231 -0.3138 0.8500
vn 0.3572 -0.3820 0.8523
vn 0.4518 -0.4656 0.7610
vn 0.5331 -0.3771 0.7573
vn 0.6690 -0.4514 0.5905
vn 0.5704 -0.5670 0.5942
vn 0.6841 -0.6565 0.3180
vn 0.7975 -0.5133 0.3171
vn 0.4788 -0.2060 0.8534
vn 0.5567 -0.1069 0.8238
vn 0.5917 -0.1119 0.7984
vn 0.5084 -0.2184 0.8330
vn 0.6306 -0.2541 0.7334
vn 0.7159 -0.1190 0.6880
vn 0.8483 -0.1225 0.5152
vn 0.7732 -0.2917 0.5631
vn 0.9001 -0.3167 0.2993
vn 0.9557 -0.1175 0.2699
vn -0.1300 -0.5575 0.8199
vn -0.2512 -0.4623 0.8504
vn -0.0460 -0.6019 0.7972
vn -0.0471 -0.6648 0.7456
vn -0.1398 -0.5991 0.7884
vn -0.2673 -0.4894 0.8301
vn -0.1642 -0.7196 0.6746
vn -0.3287 -0.5987 0.7304
vn -0.0485 -0.7852 0.6174
vn -0.0483 -0.8943 0.4448
vn -0.1886 -0.8464 0.4981
vn -0.4003 -0.7258 0.5595
vn -0.2057 -0.9456 0.2519
vn -0.4631 -0.8363 0.2935
vn -0.0454 -0.9746 0.2194
vn -0.3358 -0.3823 0.8609
vn -0.4048 -0.3135 0.8590
vn -0.3563 -0.4043 0.8424
vn -0.4252 -0.3290 0.8432
vn -0.4436 -0.4944 0.7476
vn -0.5300 -0.3983 0.7486
vn -0.5497 -0.6019 0.5792
vn -0.6573 -0.4798 0.5811
vn -0.6475 -0.6968 0.3084
vn -0.7753 -0.5497 0.3109
vn -0.4944 -0.2121 0.8430
vn -0.5677 -0.1108 0.8157
vn -0.5140 -0.2222 0.8285
vn -0.5930 -0.1151 0.7969
vn -0.6336 -0.2610 0.7283
vn -0.7158 -0.1248 0.6871
vn -0.7725 -0.3029 0.5581
vn -0.8475 -0.1317 0.5143
vn -0.8952 -0.3334 0.2957
vn -0.9543 -0.1305 0.2689
vn -0.5225 0.1321 0.8423
vn -0.4401 0.2519 0.8619
vn -0.5833 0.0205 0.8120
vn -0.6130 0.0267 0.7897
vn -0.5498 0.1448 0.8226
vn -0.4666 0.2714 0.8418
vn -0.6663 0.1937 0.7201
vn -0.5699 0.3492 0.7438
vn -0.7324 0.0487 0.6791
vn -0.8553 0.0750 0.5128
vn -0.7915 0.2498 0.5578
vn -0.6832 0.4381 0.5842
vn -0.8991 0.3052 0.3138
vn -0.7828 0.5237 0.3361
vn -0.9550 0.1032 0.2781
vn -0.3726 0.3412 0.8630
vn -0.2435 0.4917 0.8360
vn -0.3962 0.3663 0.8419
vn -0.2578 0.5161 0.8168
vn -0.4827 0.4636 0.7430
vn -0.3097 0.6328 0.7097
vn -0.5761 0.5724 0.5835
vn -0.3623 0.7544 0.5475
vn -0.6567 0.6742 0.3380
vn -0.4041 0.8593 0.3136
vn -0.0807 0.6372 0.7665
vn -0.0127 0.6861 0.7274
vn -0.0857 0.6692 0.7382
vn -0.0132 0.7188 0.6951
vn -0.0982 0.7815 0.6162
vn -0.0148 0.8212 0.5705
vn -0.1086 0.8836 0.4555
vn -0.0160 0.9092 0.4160
vn -0.1150 0.9603 0.2540
vn -0.0167 0.9728 0.2312
vn 0.0805 0.6339 0.7692
vn 0.2414 0.4909 0.8371
vn 0.0128 0.6839 0.7295
vn 0.0135 0.7195 0.6944
vn 0.0860 0.6716 0.7359
vn 0.2583 0.5229 0.8123
vn 0.0982 0.7839 0.6131
vn 0.3090 0.6406 0.7030
vn 0.0150 0.8219 0.5694
vn 0.0162 0.9096 0.4151
vn 0.1082 0.8852 0.4524
vn 0.3592 0.7614 0.5397
vn 0.1144 0.9610 0.2518
vn 0.3981 0.8644 0.3072
vn 0.0169 0.9729 0.2306
vn 0.3690 0.3455 0.8629
vn 0.4331 0.2625 0.8623
vn 0.3972 0.3771 0.8367
vn 0.4657 0.2884 0.8366
vn 0.4818 0.4770 0.7351
vn 0.5666 0.3710 0.7358
vn 0.5711 0.5870 0.5738
vn 0.6747 0.4639 0.5741
vn 0.6461 0.6884 0.3296
vn 0.7671 0.5519 0.3272
vn 0.5109 0.1559 0.8454
vn 0.5750 0.0481 0.8167
vn 0.5459 0.1743 0.8195
vn 0.6128 0.0586 0.7880
vn 0.6598 0.2318 0.7148
vn 0.7313 0.0899 0.6761
vn 0.7800 0.2969 0.5509
vn 0.8515 0.1260 0.5089
vn 0.8808 0.3601 0.3076
vn 0.9475 0.1631 0.2750
vn -0.0157 0.5492 0.8356
vn -0.0207 0.6294 0.7768
vn -0.0283 0.7512 0.6595
vn -0.0366 0.8728 0.4867
vn -0.0444 0.9673 0.2495
vn 0.0453 -0.9687 0.2439
vn 0.0446 -0.8775 0.4774
vn 0.0418 -0.7576 0.6514
vn 0.0380 -0.6351 0.7715
vn 0.0353 -0.5511 0.8337
vn -0.5890 -0.0765 0.8045
vn -0.6320 -0.0749 0.7713
vn -0.7507 -0.0711 0.6568
vn -0.8708 -0.0638 0.4875
vn -0.9650 -0.0518 0.2572
vn 0.9657 0.0231 0.2586
vn 0.8713 0.0023 0.4908
vn 0.7502 -0.0146 0.6611
vn 0.6300 -0.0271 0.7761
vn 0.5917 -0.0301 0.8056
vn -0.0077 0.9809 0.1944
vn -0.0057 0.9046 0.4262
vn -0.0223 0.7983 0.6018
vn -0.0165 0.6966 0.7173
vn -0.0319 0.6116 0.7905
vn -0.0158 0.6678 0.7442
vn -0.0132 -0.9810 0.1938
vn -0.0201 -0.8973 0.4410
vn -0.0252 -0.8029 0.5956
vn -0.0284 -0.6666 0.7448
vn -0.0323 -0.6098 0.7919
vn -0.0284 -0.6900 0.7233
vn 0.5958 -0.0478 0.8017
vn 0.6287 -0.0456 0.7763
vn 0.7479 -0.0386 0.6627
vn 0.8696 -0.0283 0.4929
vn 0.9653 -0.0145 0.2607
vn -0.9652 -0.0132 0.2613
vn -0.8683 -0.0281 0.4952
vn -0.7456 -0.0385 0.6652
vn -0.6257 -0.0452 0.7788
vn -0.5966 -0.0462 0.8012
vn -0.0448 0.9673 -0.2495
vn -0.0371 0.8724 -0.4874
vn -0.0289 0.7503 -0.6605
vn -0.0203 0.6110 -0.7913
vn -0.0091 0.4150 -0.9098
vn -0.4309 -0.0769 -0.8991
vn -0.6144 -0.0753 -0.7854
vn -0.7507 -0.0712 -0.6568
vn -0.8707 -0.0639 -0.4876
vn -0.9650 -0.0518 -0.2572
vn 0.4283 -0.0536 -0.9020
vn 0.6107 -0.0464 -0.7905
vn 0.7479 -0.0386 -0.6627
vn 0.8696 -0.0283 -0.4929
vn 0.9653 -0.0145 -0.2607
vn -0.0364 0.4403 -0.8971
vn -0.0175 0.6761 -0.7366
vn -0.0219 0.7977 -0.6027
vn -0.0051 0.9034 -0.4288
vn -0.0058 0.9804 -0.1967
vn 0.0000 -0.9748 0.2233
vn 0.0000 -0.9134 0.4072
vn 0.0000 -0.8273 0.5618
vn 0.0000 -0.7262 0.6875
vn 0.0000 -0.6918 0.7221
vn 0.0001 0.9735 0.2287
vn 0.0001 0.9115 0.4113
vn 0.0001 0.8253 0.5647
vn 0.0001 0.7243 0.6894
vn 0.0001 0.6908 0.7231
vn 0.0000 -0.5211 -0.8535
vn 0.0000 -0.7087 -0.7055
vn 0.0000 -0.8273 -0.5618
vn 0.0000 -0.9133 -0.4072
vn 0.0000 -0.9747 -0.2233
vn 0.9411 0.2741 -0.1981
vn 0.9661 0.2581 0.0109
vn 0.8492 0.3030 -0.4324
vn 0.7536 0.5302 -0.3886
vn 0.8298 0.5283 -0.1798
vn 0.8512 0.5248 0.0095
vn 0.6934 0.7042 -0.1522
vn 0.7074 0.7067 0.0081
vn 0.6390 0.6940 -0.3317
vn 0.4241 0.8789 -0.2181
vn 0.4438 0.8909 -0.0961
vn 0.4523 0.8919 0.0056
vn 0.1496 0.9884 -0.0249
vn 0.1506 0.9886 0.0031
vn 0.1536 0.9859 -0.0661
vn 0.9359 0.2775 0.2169
vn 0.8416 0.3103 0.4421
vn 0.8237 0.5322 0.1954
vn 0.7453 0.5347 0.3982
vn 0.6880 0.7067 0.1653
vn 0.6321 0.6961 0.3403
vn 0.4401 0.8918 0.1052
vn 0.4197 0.8795 0.2244
vn 0.1486 0.9884 0.0304
vn 0.1520 0.9858 0.0706
vn 0.1303 0.9701 -0.2046
vn 0.3045 0.8588 -0.4121
vn 0.4343 0.6821 -0.5883
vn 0.5089 0.5272 -0.6805
vn 0.5708 0.3214 -0.7556
vn 0.1269 0.9697 0.2086
vn 0.2980 0.8586 0.4171
vn 0.4248 0.6829 0.5944
vn 0.4974 0.5358 0.6823
vn 0.5619 0.3611 0.7442
vn -0.0481 0.0094 0.9988
usemtl None
s 1
f 301/391/123 830/392/124 1381/393/125 1287/394/126
f 830/392/124 327/395/127 1290/396/128 1381/393/125
f 1381/393/125 1290/396/128 500/397/129 1244/398/130
f 1287/394/126 1381/393/125 1244/398/130 415/399/131
f 301/391/123 1287/394/126 1382/400/132 679/401/133
f 415/399/131 1243/402/134 1382/400/132 1287/394/126
f 417/403/135 1241/404/136 1382/400/132 1243/402/134
f 418/405/137 1239/406/138 1382/400/132 1241/404/136
f 416/407/139 1288/408/140 1382/400/132 1239/406/138
f 281/409/141 851/410/142 1382/400/132 1288/408/140
f 306/411/143 679/401/133 1382/400/132 851/410/142
f 528/412/144 1349/413/145 1383/414/146 949/415/147
f 1349/413/145 293/416/148 657/417/149 1383/414/146
f 1383/414/146 657/417/149 295/418/150 1350/419/151
f 949/415/147 1383/414/146 1350/419/151 535/420/152
f 354/421/153 1312/422/154 1384/423/155 826/424/156
f 1312/422/154 548/425/157 1199/426/158 1384/423/155
f 1384/423/155 1199/426/158 447/427/159 1313/428/160
f 826/424/156 1384/423/155 1313/428/160 319/429/161
f 480/430/162 1229/431/163 1385/432/164 1302/433/165
f 1229/431/163 427/434/166 1291/435/167 1385/432/164
f 1385/432/164 1291/435/167 283/436/168 664/437/169
f 1302/433/165 1385/432/164 664/437/169 285/438/170
f 559/439/171 1330/440/172 1386/441/173 1233/442/174
f 1330/440/172 355/443/175 824/444/176 1386/441/173
f 1386/441/173 824/444/176 318/445/177 1331/446/178
f 1233/442/174 1386/441/173 1331/446/178 484/447/179
f 452/448/180 1191/449/181 1387/450/182 1305/451/183
f 1191/449/181 431/452/184 1296/453/185 1387/450/182
f 1387/450/182 1296/453/185 304/454/186 823/455/187
f 1305/451/183 1387/450/182 823/455/187 315/456/188
f 432/457/189 1188/458/190 1388/459/191 1299/460/192
f 1188/458/190 451/461/193 1304/462/194 1388/459/191
f 1388/459/191 1304/462/194 576/463/195 1195/464/196
f 1299/460/192 1388/459/191 1195/464/196 443/465/197
f 435/466/198 1286/467/199 1389/468/200 1212/469/201
f 1286/467/199 307/470/202 844/471/203 1389/468/200
f 1389/468/200 844/471/203 378/472/204 1306/473/205
f 1212/469/201 1389/468/200 1306/473/205 596/474/206
f 527/475/207 1352/476/208 1390/477/209 1256/478/210
f 1352/476/208 343/479/211 833/480/212 1390/477/209
f 1390/477/209 833/480/212 351/481/213 1353/482/214
f 1256/478/210 1390/477/209 1353/482/214 564/483/215
f 495/484/216 1336/485/217 1391/486/218 1237/487/219
f 1336/485/217 331/488/220 827/489/221 1391/486/218
f 1391/486/218 827/489/221 339/490/222 1337/491/223
f 1237/487/219 1391/486/218 1337/491/223 532/492/224
f 330/493/225 1322/494/226 1392/495/227 829/496/228
f 1322/494/226 468/497/229 1221/498/230 1392/495/227
f 1392/495/227 1221/498/230 511/499/231 1323/500/232
f 829/496/228 1392/495/227 1323/500/232 340/501/233
f 393/502/234 864/503/235 1393/504/236 803/505/237
f 864/503/235 295/418/150 657/417/149 1393/504/236
f 1393/504/236 657/417/149 293/416/148 865/506/238
f 803/505/237 1393/504/236 865/506/238 387/507/239
f 448/508/240 1309/509/241 1394/510/242 901/511/243
f 1309/509/241 579/512/244 1109/513/245 1394/510/242
f 1394/510/242 1109/513/245 587/514/246 1310/515/247
f 901/511/243 1394/510/242 1310/515/247 455/516/248
f 619/517/249 1376/518/250 1395/519/251 1156/520/252
f 1376/518/250 397/521/253 795/522/254 1395/519/251
f 1395/519/251 795/522/254 394/523/255 1373/524/256
f 1156/520/252 1395/519/251 1373/524/256 615/525/257
f 313/526/258 854/527/259 1396/528/260 677/529/261
f 854/527/259 283/436/168 651/530/262 1396/528/260
f 1396/528/260 651/530/262 282/531/263 852/532/264
f 677/529/261 1396/528/260 852/532/264 309/533/265
f 575/534/266 1308/535/267 1397/536/268 1192/537/269
f 1308/535/267 367/538/270 838/539/271 1397/536/268
f 1397/536/268 838/539/271 312/540/272 1307/541/273
f 1192/537/269 1397/536/268 1307/541/273 444/542/274
f 400/543/275 841/544/276 1398/545/277 1368/546/278
f 841/544/276 363/547/279 1367/548/280 1398/545/277
f 1398/545/277 1367/548/280 580/549/281 1200/550/282
f 1368/546/278 1398/545/277 1200/550/282 623/551/283
f 285/438/170 855/552/284 1399/553/285 661/554/286
f 855/552/284 366/555/287 754/556/288 1399/553/285
f 1399/553/285 754/556/288 373/557/289 859/558/290
f 661/554/286 1399/553/285 859/558/290 287/559/291
f 366/555/287 855/552/284 1400/560/292 836/561/293
f 855/552/284 285/438/170 664/437/169 1400/560/292
f 1400/560/292 664/437/169 283/436/168 854/527/259
f 836/561/293 1400/560/292 854/527/259 313/526/258
f 603/562/294 1372/563/295 1401/564/296 1132/565/297
f 1372/563/295 385/566/298 778/567/299 1401/564/296
f 1401/564/296 778/567/299 382/568/300 1369/569/301
f 1132/565/297 1401/564/296 1369/569/301 599/570/302
f 444/542/274 1307/541/273 1402/571/303 891/572/304
f 1307/541/273 312/540/272 672/573/305 1402/571/303
f 1402/571/303 672/573/305 310/574/306 1301/575/307
f 891/572/304 1402/571/303 1301/575/307 440/576/308
f 381/577/309 860/578/310 1403/579/311 786/580/312
f 860/578/310 291/581/313 654/582/314 1403/579/311
f 1403/579/311 654/582/314 289/583/315 861/584/316
f 786/580/312 1403/579/311 861/584/316 375/585/317
f 331/488/220 1336/485/217 1404/586/318 708/587/319
f 1336/485/217 495/484/216 933/588/320 1404/586/318
f 1404/586/318 933/588/320 504/589/321 1338/590/322
f 708/587/319 1404/586/318 1338/590/322 336/591/323
f 319/429/161 1313/428/160 1405/592/324 691/593/325
f 1313/428/160 447/427/159 909/594/326 1405/592/324
f 1405/592/324 909/594/326 456/595/327 1314/596/328
f 691/593/325 1405/592/324 1314/596/328 324/597/329
f 303/598/330 1295/599/331 1406/600/332 1294/601/333
f 1295/599/331 644/602/334 1274/603/335 1406/600/332
f 1406/600/332 1274/603/335 419/604/336 889/605/337
f 1294/601/333 1406/600/332 889/605/337 428/606/338
f 316/607/339 821/608/340 1407/609/341 1303/610/342
f 821/608/340 303/598/330 1294/601/333 1407/609/341
f 1407/609/341 1294/601/333 428/606/338 1226/611/343
f 1303/610/342 1407/609/341 1226/611/343 479/612/344
f 492/613/345 1327/614/346 1408/615/347 997/616/348
f 1327/614/346 286/617/349 663/618/350 1408/615/347
f 1408/615/347 663/618/350 284/619/351 1328/620/352
f 997/616/348 1408/615/347 1328/620/352 483/621/353
f 343/479/211 1352/476/208 1409/622/354 725/623/355
f 1352/476/208 527/475/207 957/624/356 1409/622/354
f 1409/622/354 957/624/356 536/625/357 1354/626/358
f 725/623/355 1409/622/354 1354/626/358 348/627/359
f 480/430/162 1302/433/165 1410/628/360 1014/629/361
f 1302/433/165 285/438/170 661/554/286 1410/628/360
f 1410/628/360 661/554/286 287/559/291 1325/630/362
f 1014/629/361 1410/628/360 1325/630/362 488/631/363
f 412/632/364 1204/633/365 1411/634/366 1284/635/367
f 1204/633/365 463/636/368 1285/637/369 1411/634/366
f 1411/634/366 1285/637/369 328/638/370 832/639/371
f 1284/635/367 1411/634/366 832/639/371 300/640/372
f 342/641/373 1346/642/374 1412/643/375 835/644/376
f 1346/642/374 516/645/377 1245/646/378 1412/643/375
f 1412/643/375 1245/646/378 543/647/379 1347/648/380
f 835/644/376 1412/643/375 1347/648/380 352/649/381
f 411/650/382 1209/651/383 1413/652/384 1283/653/385
f 413/654/386 1207/655/387 1413/652/384 1209/651/383
f 414/656/388 1205/657/389 1413/652/384 1207/655/387
f 412/632/364 1284/635/367 1413/652/384 1205/657/389
f 300/640/372 684/658/390 1413/652/384 1284/635/367
f 307/470/202 1286/467/199 1413/652/384 684/658/390
f 435/466/198 1211/659/391 1413/652/384 1286/467/199
f 437/660/392 1214/661/393 1413/652/384 1211/659/391
f 438/662/394 1216/663/395 1413/652/384 1214/661/393
f 436/664/396 1283/653/385 1413/652/384 1216/663/395
f 640/665/397 1281/666/398 1414/667/399 1300/668/400
f 424/669/401 1298/670/402 1414/667/399 1281/666/398
f 439/671/403 898/672/404 1414/667/399 1298/670/402
f 441/673/405 895/674/406 1414/667/399 898/672/404
f 442/675/407 892/676/408 1414/667/399 895/674/406
f 440/576/308 1301/575/307 1414/667/399 892/676/408
f 310/574/306 1300/668/400 1414/667/399 1301/575/307
f 431/452/184 879/677/409 1415/678/410 1296/453/185
f 879/677/409 423/679/411 1278/680/412 1415/678/410
f 1415/678/410 1278/680/412 639/681/413 1297/682/414
f 1296/453/185 1415/678/410 1297/682/414 304/454/186
f 420/683/415 1277/684/416 1416/685/417 1292/686/418
f 1277/684/416 643/687/419 1293/688/420 1416/685/417
f 1416/685/417 1293/688/420 309/533/265 852/532/264
f 1292/686/418 1416/685/417 852/532/264 282/531/263
f 496/689/421 1333/690/422 1417/691/423 925/692/424
f 1333/690/422 289/583/315 654/582/314 1417/691/423
f 1417/691/423 654/582/314 291/581/313 1334/693/425
f 925/692/424 1417/691/423 1334/693/425 503/694/426
f 427/434/166 881/695/427 1418/696/428 1291/435/167
f 881/695/427 420/683/415 1292/686/418 1418/696/428
f 1418/696/428 1292/686/418 282/531/263 651/530/262
f 1291/435/167 1418/696/428 651/530/262 283/436/168
f 424/669/401 871/697/429 1419/698/430 1298/670/402
f 871/697/429 432/457/189 1299/460/192 1419/698/430
f 1419/698/430 1299/460/192 443/465/197 899/699/431
f 1298/670/402 1419/698/430 899/699/431 439/671/403
f 484/447/179 1331/446/178 1420/700/432 1005/701/433
f 1331/446/178 318/445/177 686/702/434 1420/700/432
f 1420/700/432 686/702/434 325/703/435 1332/704/436
f 1005/701/433 1420/700/432 1332/704/436 491/705/437
f 476/706/438 1319/707/439 1421/708/440 1021/709/441
f 1319/707/439 600/710/442 1134/711/443 1421/708/440
f 1421/708/440 1134/711/443 592/712/444 1320/713/445
f 1021/709/441 1421/708/440 1320/713/445 467/714/446
f 488/631/363 1325/630/362 1422/715/447 1007/716/448
f 1325/630/362 287/559/291 662/717/449 1422/715/447
f 1422/715/447 662/717/449 286/617/349 1327/614/346
f 1007/716/448 1422/715/447 1327/614/346 492/613/345
f 468/497/229 1322/494/226 1423/718/450 1029/719/451
f 1322/494/226 330/493/225 703/720/452 1423/718/450
f 1423/718/450 703/720/452 337/721/453 1324/722/454
f 1029/719/451 1423/718/450 1324/722/454 475/723/455
f 524/724/456 1343/725/457 1424/726/458 1045/727/459
f 1343/725/457 616/728/460 1158/729/461 1424/726/458
f 1424/726/458 1158/729/461 608/730/462 1344/731/463
f 1045/727/459 1424/726/458 1344/731/463 515/732/464
f 472/733/465 1317/734/466 1425/735/467 1031/736/468
f 1317/734/466 604/737/469 1127/738/470 1425/735/467
f 1425/735/467 1127/738/470 600/710/442 1319/707/439
f 1031/736/468 1425/735/467 1319/707/439 476/706/438
f 516/645/377 1346/642/374 1426/739/471 1053/740/472
f 1346/642/374 342/641/373 720/741/473 1426/739/471
f 1426/739/471 720/741/473 349/742/474 1348/743/475
f 1053/740/472 1426/739/471 1348/743/475 523/744/476
f 556/745/477 1359/746/478 1427/747/479 1069/748/480
f 1359/746/478 632/749/481 1182/750/482 1427/747/479
f 1427/747/479 1182/750/482 624/751/483 1311/752/484
f 1069/748/480 1427/747/479 1311/752/484 547/753/485
f 520/754/486 1341/755/487 1428/756/488 1055/757/489
f 1341/755/487 620/758/490 1151/759/491 1428/756/488
f 1428/756/488 1151/759/491 616/728/460 1343/725/457
f 1055/757/489 1428/756/488 1343/725/457 524/724/456
f 560/760/492 1329/761/493 1429/762/494 973/763/495
f 1329/761/493 297/764/496 660/765/497 1429/762/494
f 1429/762/494 660/765/497 299/766/498 1361/767/499
f 973/763/495 1429/762/494 1361/767/499 567/768/500
f 286/617/349 856/769/501 1430/770/502 663/618/350
f 856/769/501 370/771/503 766/772/504 1430/770/502
f 1430/770/502 766/772/504 364/773/505 857/774/506
f 663/618/350 1430/770/502 857/774/506 284/619/351
f 552/775/507 1357/776/508 1431/777/509 1079/778/510
f 1357/776/508 636/779/511 1175/780/512 1431/777/509
f 1431/777/509 1175/780/512 632/749/481 1359/746/478
f 1079/778/510 1431/777/509 1359/746/478 556/745/477
f 459/781/513 1315/782/514 1432/783/515 917/784/516
f 1315/782/514 583/785/517 1093/786/518 1432/783/515
f 1432/783/515 1093/786/518 576/463/195 1304/462/194
f 917/784/516 1432/783/515 1304/462/194 451/461/193
f 464/787/519 1282/788/520 1433/789/521 1038/790/522
f 1282/788/520 595/791/523 1117/792/524 1433/789/521
f 1433/789/521 1117/792/524 604/737/469 1317/734/466
f 1038/790/522 1433/789/521 1317/734/466 472/733/465
f 455/516/248 1310/515/247 1434/793/525 910/794/526
f 1310/515/247 587/514/246 1102/795/527 1434/793/525
f 1434/793/525 1102/795/527 583/785/517 1315/782/514
f 910/794/526 1434/793/525 1315/782/514 459/781/513
f 507/796/528 1339/797/529 1435/798/530 941/799/531
f 1339/797/529 290/800/532 652/801/533 1435/798/530
f 1435/798/530 652/801/533 288/802/534 1289/803/535
f 941/799/531 1435/798/530 1289/803/535 499/804/536
f 512/805/537 1321/806/538 1436/807/539 1062/808/540
f 1321/806/538 611/809/541 1141/810/542 1436/807/539
f 1436/807/539 1141/810/542 620/758/490 1341/755/487
f 1062/808/540 1436/807/539 1341/755/487 520/754/486
f 503/694/426 1334/693/425 1437/811/543 934/812/544
f 1334/693/425 291/581/313 653/813/545 1437/811/543
f 1437/811/543 653/813/545 290/800/532 1339/797/529
f 934/812/544 1437/811/543 1339/797/529 507/796/528
f 539/814/546 1355/815/547 1438/816/548 965/817/549
f 1355/815/547 294/818/550 655/819/551 1438/816/548
f 1438/816/548 655/819/551 292/820/552 1335/821/553
f 965/817/549 1438/816/548 1335/821/553 531/822/554
f 544/823/555 1345/824/556 1439/825/557 1086/826/558
f 1345/824/556 627/827/559 1165/828/560 1439/825/557
f 1439/825/557 1165/828/560 636/779/511 1357/776/508
f 1086/826/558 1439/825/557 1357/776/508 552/775/507
f 535/420/152 1350/419/151 1440/829/561 958/830/562
f 1350/419/151 295/418/150 656/831/563 1440/829/561
f 1440/829/561 656/831/563 294/818/550 1355/815/547
f 958/830/562 1440/829/561 1355/815/547 539/814/546
f 571/832/564 1363/833/565 1441/834/566 989/835/567
f 1363/833/565 298/836/568 658/837/569 1441/834/566
f 1441/834/566 658/837/569 296/838/570 1351/839/571
f 989/835/567 1441/834/566 1351/839/571 563/840/572
f 367/538/270 1308/535/267 1442/841/573 759/842/574
f 1308/535/267 575/534/266 1101/843/575 1442/841/573
f 1442/841/573 1101/843/575 584/844/576 1365/845/577
f 759/842/574 1442/841/573 1365/845/577 372/846/578
f 567/768/500 1361/767/499 1443/847/579 982/848/580
f 1361/767/499 299/766/498 659/849/581 1443/847/579
f 1443/847/579 659/849/581 298/836/568 1363/833/565
f 982/848/580 1443/847/579 1363/833/565 571/832/564
f 287/559/291 859/558/290 1444/850/582 662/717/449
f 859/558/290 373/557/289 761/851/583 1444/850/582
f 1444/850/582 761/851/583 370/771/503 856/769/501
f 662/717/449 1444/850/582 856/769/501 286/617/349
f 376/852/584 847/853/585 1445/854/586 1370/855/587
f 847/853/585 390/856/588 1371/857/589 1445/854/586
f 1445/854/586 1371/857/589 612/858/590 1222/859/591
f 1370/855/587 1445/854/586 1222/859/591 591/860/592
f 372/846/578 1365/845/577 1446/861/593 764/862/594
f 1365/845/577 584/844/576 1108/863/595 1446/861/593
f 1446/861/593 1108/863/595 588/864/596 1366/865/597
f 764/862/594 1446/861/593 1366/865/597 369/866/598
f 615/525/257 1373/524/256 1447/867/599 1163/868/600
f 1373/524/256 394/523/255 800/869/601 1447/867/599
f 1447/867/599 800/869/601 388/870/602 1374/871/603
f 1163/868/600 1447/867/599 1374/871/603 607/872/604
f 388/870/602 850/873/605 1448/874/606 1374/871/603
f 850/873/605 402/875/607 1375/876/608 1448/874/606
f 1448/874/606 1375/876/608 628/877/609 1249/878/610
f 1374/871/603 1448/874/606 1249/878/610 607/872/604
f 289/583/315 666/879/611 1449/880/612 861/584/316
f 666/879/611 292/820/552 862/881/613 1449/880/612
f 1449/880/612 862/881/613 391/882/614 845/883/615
f 861/584/316 1449/880/612 845/883/615 375/585/317
f 631/884/616 1377/885/617 1450/886/618 1187/887/619
f 1377/885/617 406/888/620 817/889/621 1450/886/618
f 1450/886/618 817/889/621 400/543/275 1368/546/278
f 1187/887/619 1450/886/618 1368/546/278 623/551/283
f 628/877/609 1375/876/608 1451/890/622 1173/891/623
f 1375/876/608 402/875/607 805/892/624 1451/890/622
f 1451/890/622 805/892/624 409/893/625 1378/894/626
f 1173/891/623 1451/890/622 1378/894/626 635/895/627
f 293/416/148 668/896/628 1452/897/629 865/506/238
f 668/896/628 296/838/570 866/898/630 1452/897/629
f 1452/897/629 866/898/630 403/899/631 848/900/632
f 865/506/238 1452/897/629 848/900/632 387/507/239
f 640/665/397 1300/668/400 1453/901/633 1268/902/634
f 1300/668/400 310/574/306 671/903/635 1453/901/633
f 1453/901/633 671/903/635 311/904/636 1379/905/637
f 1268/902/634 1453/901/633 1379/905/637 648/906/638
f 635/895/627 1378/894/626 1454/907/639 1180/908/640
f 1378/894/626 409/893/625 812/909/641 1454/907/639
f 1454/907/639 812/909/641 406/888/620 1377/885/617
f 1180/908/640 1454/907/639 1377/885/617 631/884/616
f 369/866/598 1366/865/597 1455/910/642 769/911/643
f 1366/865/597 588/864/596 1115/912/644 1455/910/642
f 1455/910/642 1115/912/644 580/549/281 1367/548/280
f 769/911/643 1455/910/642 1367/548/280 363/547/279
f 599/570/302 1369/569/301 1456/913/645 1139/914/646
f 1369/569/301 382/568/300 783/915/647 1456/913/645
f 1456/913/645 783/915/647 376/852/584 1370/855/587
f 1139/914/646 1456/913/645 1370/855/587 591/860/592
f 297/764/496 665/916/648 1457/917/649 858/918/650
f 665/916/648 284/619/351 857/774/506 1457/917/649
f 1457/917/649 857/774/506 364/773/505 839/919/651
f 858/918/650 1457/917/649 839/919/651 399/920/652
f 379/921/653 853/922/654 1458/923/655 776/924/656
f 853/922/654 288/802/534 652/801/533 1458/923/655
f 1458/923/655 652/801/533 290/800/532 863/925/657
f 776/924/656 1458/923/655 863/925/657 384/926/658
f 384/926/658 863/925/657 1459/927/659 781/928/660
f 863/925/657 290/800/532 653/813/545 1459/927/659
f 1459/927/659 653/813/545 291/581/313 860/578/310
f 781/928/660 1459/927/659 860/578/310 381/577/309
f 596/474/206 1306/473/205 1460/929/661 1125/930/662
f 1306/473/205 378/472/204 771/931/663 1460/929/661
f 1460/929/661 771/931/663 385/566/298 1372/563/295
f 1125/930/662 1460/929/661 1372/563/295 603/562/294
f 391/882/614 862/881/613 1461/932/664 793/933/665
f 862/881/613 292/820/552 655/819/551 1461/932/664
f 1461/932/664 655/819/551 294/818/550 867/934/666
f 793/933/665 1461/932/664 867/934/666 396/935/667
f 396/935/667 867/934/666 1462/936/668 798/937/669
f 867/934/666 294/818/550 656/831/563 1462/936/668
f 1462/936/668 656/831/563 295/418/150 864/503/235
f 798/937/669 1462/936/668 864/503/235 393/502/234
f 612/858/590 1371/857/589 1463/938/670 1149/939/671
f 1371/857/589 390/856/588 788/940/672 1463/938/670
f 1463/938/670 788/940/672 397/521/253 1376/518/250
f 1149/939/671 1463/938/670 1376/518/250 619/517/249
f 403/899/631 866/898/630 1464/941/673 810/942/674
f 866/898/630 296/838/570 658/837/569 1464/941/673
f 1464/941/673 658/837/569 298/836/568 869/943/675
f 810/942/674 1464/941/673 869/943/675 408/944/676
f 408/944/676 869/943/675 1465/945/677 815/946/678
f 869/943/675 298/836/568 659/849/581 1465/945/677
f 1465/945/677 659/849/581 299/766/498 868/947/679
f 815/946/678 1465/945/677 868/947/679 405/948/680
f 405/948/680 868/947/679 1466/949/681 820/950/682
f 868/947/679 299/766/498 660/765/497 1466/949/681
f 1466/949/681 660/765/497 297/764/496 858/918/650
f 820/950/682 1466/949/681 858/918/650 399/920/652
f 448/508/240 1196/951/683 1467/952/684 1309/509/241
f 1196/951/683 547/753/485 1311/752/484 1467/952/684
f 1467/952/684 1311/752/484 624/751/483 1203/953/685
f 1309/509/241 1467/952/684 1203/953/685 579/512/244
f 324/597/329 1314/596/328 1468/954/686 696/955/687
f 1314/596/328 456/595/327 916/956/688 1468/954/686
f 1468/954/686 916/956/688 460/957/689 1316/958/690
f 696/955/687 1468/954/686 1316/958/690 321/959/691
f 321/959/691 1316/958/690 1469/960/692 701/961/693
f 1316/958/690 460/957/689 923/962/694 1469/960/692
f 1469/960/692 923/962/694 452/448/180 1305/451/183
f 701/961/693 1469/960/692 1305/451/183 315/456/188
f 471/963/695 1318/964/696 1470/965/697 1043/966/698
f 1318/964/696 334/967/699 715/968/700 1470/965/697
f 1470/965/697 715/968/700 328/638/370 1285/637/369
f 1043/966/698 1470/965/697 1285/637/369 463/636/368
f 475/723/455 1324/722/454 1471/969/701 1036/970/702
f 1324/722/454 337/721/453 710/971/703 1471/969/701
f 1471/969/701 710/971/703 334/967/699 1318/964/696
f 1036/970/702 1471/969/701 1318/964/696 471/963/695
f 512/805/537 1218/972/704 1472/973/705 1321/806/538
f 1218/972/704 467/714/446 1320/713/445 1472/973/705
f 1472/973/705 1320/713/445 592/712/444 1225/974/706
f 1321/806/538 1472/973/705 1225/974/706 611/809/541
f 487/975/707 1326/976/708 1473/977/709 1019/978/710
f 1326/976/708 322/979/711 698/980/712 1473/977/709
f 1473/977/709 698/980/712 316/607/339 1303/610/342
f 1019/978/710 1473/977/709 1303/610/342 479/612/344
f 491/705/437 1332/704/436 1474/981/713 1012/982/714
f 1332/704/436 325/703/435 693/983/715 1474/981/713
f 1474/981/713 693/983/715 322/979/711 1326/976/708
f 1012/982/714 1474/981/713 1326/976/708 487/975/707
f 560/760/492 1230/984/716 1475/985/717 1329/761/493
f 1230/984/716 483/621/353 1328/620/352 1475/985/717
f 1475/985/717 1328/620/352 284/619/351 665/916/648
f 1329/761/493 1475/985/717 665/916/648 297/764/496
f 496/689/421 1234/986/718 1476/987/719 1333/690/422
f 1234/986/718 531/822/554 1335/821/553 1476/987/719
f 1476/987/719 1335/821/553 292/820/552 666/879/611
f 1333/690/422 1476/987/719 666/879/611 289/583/315
f 336/591/323 1338/590/322 1477/988/720 713/989/721
f 1338/590/322 504/589/321 940/990/722 1477/988/720
f 1477/988/720 940/990/722 508/991/723 1340/992/724
f 713/989/721 1477/988/720 1340/992/724 333/993/725
f 333/993/725 1340/992/724 1478/994/726 718/995/727
f 1340/992/724 508/991/723 947/996/728 1478/994/726
f 1478/994/726 947/996/728 500/397/129 1290/396/128
f 718/995/727 1478/994/726 1290/396/128 327/395/127
f 519/997/729 1342/998/730 1479/999/731 1067/1000/732
f 1342/998/730 346/1001/733 732/1002/734 1479/999/731
f 1479/999/731 732/1002/734 340/501/233 1323/500/232
f 1067/1000/732 1479/999/731 1323/500/232 511/499/231
f 523/744/476 1348/743/475 1480/1003/735 1060/1004/736
f 1348/743/475 349/742/474 727/1005/737 1480/1003/735
f 1480/1003/735 727/1005/737 346/1001/733 1342/998/730
f 1060/1004/736 1480/1003/735 1342/998/730 519/997/729
f 544/823/555 1248/1006/738 1481/1007/739 1345/824/556
f 1248/1006/738 515/732/464 1344/731/463 1481/1007/739
f 1481/1007/739 1344/731/463 608/730/462 1252/1008/740
f 1345/824/556 1481/1007/739 1252/1008/740 627/827/559
f 528/412/144 1253/1009/741 1482/1010/742 1349/413/145
f 1253/1009/741 563/840/572 1351/839/571 1482/1010/742
f 1482/1010/742 1351/839/571 296/838/570 668/896/628
f 1349/413/145 1482/1010/742 668/896/628 293/416/148
f 348/627/359 1354/626/358 1483/1011/743 730/1012/744
f 1354/626/358 536/625/357 964/1013/745 1483/1011/743
f 1483/1011/743 964/1013/745 540/1014/746 1356/1015/747
f 730/1012/744 1483/1011/743 1356/1015/747 345/1016/748
f 345/1016/748 1356/1015/747 1484/1017/749 735/1018/750
f 1356/1015/747 540/1014/746 971/1019/751 1484/1017/749
f 1484/1017/749 971/1019/751 532/492/224 1337/491/223
f 735/1018/750 1484/1017/749 1337/491/223 339/490/222
f 551/1020/752 1358/1021/753 1485/1022/754 1091/1023/755
f 1358/1021/753 358/1024/756 749/1025/757 1485/1022/754
f 1485/1022/754 749/1025/757 352/649/381 1347/648/380
f 1091/1023/755 1485/1022/754 1347/648/380 543/647/379
f 555/1026/758 1360/1027/759 1486/1028/760 1084/1029/761
f 1360/1027/759 361/1030/762 744/1031/763 1486/1028/760
f 1486/1028/760 744/1031/763 358/1024/756 1358/1021/753
f 1084/1029/761 1486/1028/760 1358/1021/753 551/1020/752
f 548/425/157 1312/422/154 1487/1032/764 1077/1033/765
f 1312/422/154 354/421/153 737/1034/766 1487/1032/764
f 1487/1032/764 737/1034/766 361/1030/762 1360/1027/759
f 1077/1033/765 1487/1032/764 1360/1027/759 555/1026/758
f 355/443/175 1330/440/172 1488/1035/767 742/1036/768
f 1330/440/172 559/439/171 981/1037/769 1488/1035/767
f 1488/1035/767 981/1037/769 568/1038/770 1362/1039/771
f 742/1036/768 1488/1035/767 1362/1039/771 360/1040/772
f 360/1040/772 1362/1039/771 1489/1041/773 747/1042/774
f 1362/1039/771 568/1038/770 988/1043/775 1489/1041/773
f 1489/1041/773 988/1043/775 572/1044/776 1364/1045/777
f 747/1042/774 1489/1041/773 1364/1045/777 357/1046/778
f 357/1046/778 1364/1045/777 1490/1047/779 752/1048/780
f 1364/1045/777 572/1044/776 995/1049/781 1490/1047/779
f 1490/1047/779 995/1049/781 564/483/215 1353/482/214
f 752/1048/780 1490/1047/779 1353/482/214 351/481/213
f 306/411/143 851/410/142 1491/1050/782 842/1051/783
f 851/410/142 281/409/141 667/1052/784 1491/1050/782
f 1491/1050/782 667/1052/784 288/802/534 853/922/654
f 842/1051/783 1491/1050/782 853/922/654 379/921/653
f 648/906/638 1379/905/637 1492/1053/785 1258/1054/786
f 1379/905/637 311/904/636 675/1055/787 1492/1053/785
f 1492/1053/785 675/1055/787 309/533/265 1293/688/420
f 1258/1054/786 1492/1053/785 1293/688/420 643/687/419
f 310/574/306 672/573/305 1493/1056/788 671/903/635
f 672/573/305 312/540/272 673/1057/789 1493/1056/788
f 1493/1056/788 673/1057/789 314/1058/790 674/1059/791
f 671/903/635 1493/1056/788 674/1059/791 311/904/636
f 311/904/636 674/1059/791 1494/1060/792 675/1055/787
f 674/1059/791 314/1058/790 676/1061/793 1494/1060/792
f 1494/1060/792 676/1061/793 313/526/258 677/529/261
f 675/1055/787 1494/1060/792 677/529/261 309/533/265
f 301/391/123 679/401/133 1495/1062/794 678/1063/795
f 679/401/133 306/411/143 680/1064/796 1495/1062/794
f 1495/1062/794 680/1064/796 308/1065/797 681/1066/798
f 678/1063/795 1495/1062/794 681/1066/798 302/1067/799
f 302/1067/799 681/1066/798 1496/1068/800 682/1069/801
f 681/1066/798 308/1065/797 683/1070/802 1496/1068/800
f 1496/1068/800 683/1070/802 307/470/202 684/658/390
f 682/1069/801 1496/1068/800 684/658/390 300/640/372
f 647/1071/803 1380/1072/804 1497/1073/805 1273/1074/806
f 1380/1072/804 305/1075/807 670/1076/808 1497/1073/805
f 1497/1073/805 670/1076/808 304/454/186 1297/682/414
f 1273/1074/806 1497/1073/805 1297/682/414 639/681/413
f 644/602/334 1295/599/331 1498/1077/809 1266/1078/810
f 1295/599/331 303/598/330 669/1079/811 1498/1077/809
f 1498/1077/809 669/1079/811 305/1075/807 1380/1072/804
f 1266/1078/810 1498/1077/809 1380/1072/804 647/1071/803
f 325/703/435 686/702/434 1499/1080/812 685/1081/813
f 686/702/434 318/445/177 687/1082/814 1499/1080/812
f 1499/1080/812 687/1082/814 320/1083/815 688/1084/816
f 685/1081/813 1499/1080/812 688/1084/816 326/1085/817
f 326/1085/817 688/1084/816 1500/1086/818 689/1087/819
f 688/1084/816 320/1083/815 690/1088/820 1500/1086/818
f 1500/1086/818 690/1088/820 319/429/161 691/593/325
f 689/1087/819 1500/1086/818 691/593/325 324/597/329
f 322/979/711 693/983/715 1501/1089/821 692/1090/822
f 693/983/715 325/703/435 685/1081/813 1501/1089/821
f 1501/1089/821 685/1081/813 326/1085/817 694/1091/823
f 692/1090/822 1501/1089/821 694/1091/823 323/1092/824
f 323/1092/824 694/1091/823 1502/1093/825 695/1094/826
f 694/1091/823 326/1085/817 689/1087/819 1502/1093/825
f 1502/1093/825 689/1087/819 324/597/329 696/955/687
f 695/1094/826 1502/1093/825 696/955/687 321/959/691
f 316/607/339 698/980/712 1503/1095/827 697/1096/828
f 698/980/712 322/979/711 692/1090/822 1503/1095/827
f 1503/1095/827 692/1090/822 323/1092/824 699/1097/829
f 697/1096/828 1503/1095/827 699/1097/829 317/1098/830
f 317/1098/830 699/1097/829 1504/1099/829 700/1100/831
f 699/1097/829 323/1092/824 695/1094/826 1504/1099/829
f 1504/1099/829 695/1094/826 321/959/691 701/961/693
f 700/1100/831 1504/1099/829 701/961/693 315/456/188
f 337/721/453 703/720/452 1505/1101/832 702/1102/833
f 703/720/452 330/493/225 704/1103/834 1505/1101/832
f 1505/1101/832 704/1103/834 332/1104/835 705/1105/836
f 702/1102/833 1505/1101/832 705/1105/836 338/1106/837
f 338/1106/837 705/1105/836 1506/1107/838 706/1108/839
f 705/1105/836 332/1104/835 707/1109/834 1506/1107/838
f 1506/1107/838 707/1109/834 331/488/220 708/587/319
f 706/1108/839 1506/1107/838 708/587/319 336/591/323
f 334/967/699 710/971/703 1507/1110/840 709/1111/841
f 710/971/703 337/721/453 702/1102/833 1507/1110/840
f 1507/1110/840 702/1102/833 338/1106/837 711/1112/842
f 709/1111/841 1507/1110/840 711/1112/842 335/1113/843
f 335/1113/843 711/1112/842 1508/1114/844 712/1115/845
f 711/1112/842 338/1106/837 706/1108/839 1508/1114/844
f 1508/1114/844 706/1108/839 336/591/323 713/989/721
f 712/1115/845 1508/1114/844 713/989/721 333/993/725
f 328/638/370 715/968/700 1509/1116/846 714/1117/847
f 715/968/700 334/967/699 709/1111/841 1509/1116/846
f 1509/1116/846 709/1111/841 335/1113/843 716/1118/848
f 714/1117/847 1509/1116/846 716/1118/848 329/1119/847
f 329/1119/847 716/1118/848 1510/1120/849 717/1121/850
f 716/1118/848 335/1113/843 712/1115/845 1510/1120/849
f 1510/1120/849 712/1115/845 333/993/725 718/995/727
f 717/1121/850 1510/1120/849 718/995/727 327/395/127
f 349/742/474 720/741/473 1511/1122/851 719/1123/852
f 720/741/473 342/641/373 721/1124/853 1511/1122/851
f 1511/1122/851 721/1124/853 344/1125/853 722/1126/854
f 719/1123/852 1511/1122/851 722/1126/854 350/1127/855
f 350/1127/855 722/1126/854 1512/1128/856 723/1129/857
f 722/1126/854 344/1125/853 724/1130/853 1512/1128/856
f 1512/1128/856 724/1130/853 343/479/211 725/623/355
f 723/1129/857 1512/1128/856 725/623/355 348/627/359
f 346/1001/733 727/1005/737 1513/1131/858 726/1132/859
f 727/1005/737 349/742/474 719/1123/852 1513/1131/858
f 1513/1131/858 719/1123/852 350/1127/855 728/1133/860
f 726/1132/859 1513/1131/858 728/1133/860 347/1134/861
f 347/1134/861 728/1133/860 1514/1135/862 729/1136/863
f 728/1133/860 350/1127/855 723/1129/857 1514/1135/862
f 1514/1135/862 723/1129/857 348/627/359 730/1012/744
f 729/1136/863 1514/1135/862 730/1012/744 345/1016/748
f 340/501/233 732/1002/734 1515/1137/864 731/1138/865
f 732/1002/734 346/1001/733 726/1132/859 1515/1137/864
f 1515/1137/864 726/1132/859 347/1134/861 733/1139/866
f 731/1138/865 1515/1137/864 733/1139/866 341/1140/865
f 341/1140/865 733/1139/866 1516/1141/867 734/1142/865
f 733/1139/866 347/1134/861 729/1136/863 1516/1141/867
f 1516/1141/867 729/1136/863 345/1016/748 735/1018/750
f 734/1142/865 1516/1141/867 735/1018/750 339/490/222
f 361/1030/762 737/1034/766 1517/1143/868 736/1144/869
f 737/1034/766 354/421/153 738/1145/870 1517/1143/868
f 1517/1143/868 738/1145/870 356/1146/870 739/1147/871
f 736/1144/869 1517/1143/868 739/1147/871 362/1148/872
f 362/1148/872 739/1147/871 1518/1149/873 740/1150/874
f 739/1147/871 356/1146/870 741/1151/870 1518/1149/873
f 1518/1149/873 741/1151/870 355/443/175 742/1036/768
f 740/1150/874 1518/1149/873 742/1036/768 360/1040/772
f 358/1024/756 744/1031/763 1519/1152/875 743/1153/876
f 744/1031/763 361/1030/762 736/1144/869 1519/1152/875
f 1519/1152/875 736/1144/869 362/1148/872 745/1154/877
f 743/1153/876 1519/1152/875 745/1154/877 359/1155/878
f 359/1155/878 745/1154/877 1520/1156/879 746/1157/880
f 745/1154/877 362/1148/872 740/1150/874 1520/1156/879
f 1520/1156/879 740/1150/874 360/1040/772 747/1042/774
f 746/1157/880 1520/1156/879 747/1042/774 357/1046/778
f 352/649/381 749/1025/757 1521/1158/881 748/1159/882
f 749/1025/757 358/1024/756 743/1153/876 1521/1158/881
f 1521/1158/881 743/1153/876 359/1155/878 750/1160/883
f 748/1159/882 1521/1158/881 750/1160/883 353/1161/882
f 353/1161/882 750/1160/883 1522/1162/884 751/1163/882
f 750/1160/883 359/1155/878 746/1157/880 1522/1162/884
f 1522/1162/884 746/1157/880 357/1046/778 752/1048/780
f 751/1163/882 1522/1162/884 752/1048/780 351/481/213
f 373/557/289 754/556/288 1523/1164/885 753/1165/886
f 754/556/288 366/555/287 755/1166/887 1523/1164/885
f 1523/1164/885 755/1166/887 368/1167/888 756/1168/889
f 753/1165/886 1523/1164/885 756/1168/889 374/1169/890
f 374/1169/890 756/1168/889 1524/1170/891 757/1171/892
f 756/1168/889 368/1167/888 758/1172/270 1524/1170/891
f 1524/1170/891 758/1172/270 367/538/270 759/842/574
f 757/1171/892 1524/1170/891 759/842/574 372/846/578
f 370/771/503 761/851/583 1525/1173/893 760/1174/894
f 761/851/583 373/557/289 753/1165/886 1525/1173/893
f 1525/1173/893 753/1165/886 374/1169/890 762/1175/895
f 760/1174/894 1525/1173/893 762/1175/895 371/1176/896
f 371/1176/896 762/1175/895 1526/1177/897 763/1178/898
f 762/1175/895 374/1169/890 757/1171/892 1526/1177/897
f 1526/1177/897 757/1171/892 372/846/578 764/862/594
f 763/1178/898 1526/1177/897 764/862/594 369/866/598
f 364/773/505 766/772/504 1527/1179/899 765/1180/900
f 766/772/504 370/771/503 760/1174/894 1527/1179/899
f 1527/1179/899 760/1174/894 371/1176/896 767/1181/901
f 765/1180/900 1527/1179/899 767/1181/901 365/1182/902
f 365/1182/902 767/1181/901 1528/1183/901 768/1184/903
f 767/1181/901 371/1176/896 763/1178/898 1528/1183/901
f 1528/1183/901 763/1178/898 369/866/598 769/911/643
f 768/1184/903 1528/1183/901 769/911/643 363/547/279
f 385/566/298 771/931/663 1529/1185/904 770/1186/905
f 771/931/663 378/472/204 772/1187/906 1529/1185/904
f 1529/1185/904 772/1187/906 380/1188/907 773/1189/908
f 770/1186/905 1529/1185/904 773/1189/908 386/1190/909
f 386/1190/909 773/1189/908 1530/1191/910 774/1192/911
f 773/1189/908 380/1188/907 775/1193/912 1530/1191/910
f 1530/1191/910 775/1193/912 379/921/653 776/924/656
f 774/1192/911 1530/1191/910 776/924/656 384/926/658
f 382/568/300 778/567/299 1531/1194/913 777/1195/914
f 778/567/299 385/566/298 770/1186/905 1531/1194/913
f 1531/1194/913 770/1186/905 386/1190/909 779/1196/915
f 777/1195/914 1531/1194/913 779/1196/915 383/1197/916
f 383/1197/916 779/1196/915 1532/1198/917 780/1199/918
f 779/1196/915 386/1190/909 774/1192/911 1532/1198/917
f 1532/1198/917 774/1192/911 384/926/658 781/928/660
f 780/1199/918 1532/1198/917 781/928/660 381/577/309
f 376/852/584 783/915/647 1533/1200/919 782/1201/920
f 783/915/647 382/568/300 777/1195/914 1533/1200/919
f 1533/1200/919 777/1195/914 383/1197/916 784/1202/921
f 782/1201/920 1533/1200/919 784/1202/921 377/1203/922
f 377/1203/922 784/1202/921 1534/1204/923 785/1205/924
f 784/1202/921 383/1197/916 780/1199/918 1534/1204/923
f 1534/1204/923 780/1199/918 381/577/309 786/580/312
f 785/1205/924 1534/1204/923 786/580/312 375/585/317
f 397/521/253 788/940/672 1535/1206/925 787/1207/926
f 788/940/672 390/856/588 789/1208/927 1535/1206/925
f 1535/1206/925 789/1208/927 392/1209/928 790/1210/929
f 787/1207/926 1535/1206/925 790/1210/929 398/1211/930
f 398/1211/930 790/1210/929 1536/1212/931 791/1213/932
f 790/1210/929 392/1209/928 792/1214/588 1536/1212/931
f 1536/1212/931 792/1214/588 391/882/614 793/933/665
f 791/1213/932 1536/1212/931 793/933/665 396/935/667
f 394/523/255 795/522/254 1537/1215/933 794/1216/934
f 795/522/254 397/521/253 787/1207/926 1537/1215/933
f 1537/1215/933 787/1207/926 398/1211/930 796/1217/935
f 794/1216/934 1537/1215/933 796/1217/935 395/1218/936
f 395/1218/936 796/1217/935 1538/1219/937 797/1220/938
f 796/1217/935 398/1211/930 791/1213/932 1538/1219/937
f 1538/1219/937 791/1213/932 396/935/667 798/937/669
f 797/1220/938 1538/1219/937 798/937/669 393/502/234
f 388/870/602 800/869/601 1539/1221/939 799/1222/940
f 800/869/601 394/523/255 794/1216/934 1539/1221/939
f 1539/1221/939 794/1216/934 395/1218/936 801/1223/941
f 799/1222/940 1539/1221/939 801/1223/941 389/1224/942
f 389/1224/942 801/1223/941 1540/1225/943 802/1226/944
f 801/1223/941 395/1218/936 797/1220/938 1540/1225/943
f 1540/1225/943 797/1220/938 393/502/234 803/505/237
f 802/1226/944 1540/1225/943 803/505/237 387/507/239
f 409/893/625 805/892/624 1541/1227/945 804/1228/946
f 805/892/624 402/875/607 806/1229/947 1541/1227/945
f 1541/1227/945 806/1229/947 404/1230/948 807/1231/949
f 804/1228/946 1541/1227/945 807/1231/949 410/1232/950
f 410/1232/950 807/1231/949 1542/1233/951 808/1234/952
f 807/1231/949 404/1230/948 809/1235/953 1542/1233/951
f 1542/1233/951 809/1235/953 403/899/631 810/942/674
f 808/1234/952 1542/1233/951 810/942/674 408/944/676
f 406/888/620 812/909/641 1543/1236/954 811/1237/955
f 812/909/641 409/893/625 804/1228/946 1543/1236/954
f 1543/1236/954 804/1228/946 410/1232/950 813/1238/956
f 811/1237/955 1543/1236/954 813/1238/956 407/1239/957
f 407/1239/957 813/1238/956 1544/1240/958 814/1241/959
f 813/1238/956 410/1232/950 808/1234/952 1544/1240/958
f 1544/1240/958 808/1234/952 408/944/676 815/946/678
f 814/1241/959 1544/1240/958 815/946/678 405/948/680
f 400/543/275 817/889/621 1545/1242/960 816/1243/961
f 817/889/621 406/888/620 811/1237/955 1545/1242/960
f 1545/1242/960 811/1237/955 407/1239/957 818/1244/962
f 816/1243/961 1545/1242/960 818/1244/962 401/1245/963
f 401/1245/963 818/1244/962 1546/1246/964 819/1247/965
f 818/1244/962 407/1239/957 814/1241/959 1546/1246/964
f 1546/1246/964 814/1241/959 405/948/680 820/950/682
f 819/1247/965 1546/1246/964 820/950/682 399/920/652
f 303/598/330 821/608/340 1547/1248/966 669/1079/811
f 821/608/340 316/607/339 697/1096/828 1547/1248/966
f 1547/1248/966 697/1096/828 317/1098/830 822/1249/967
f 669/1079/811 1547/1248/966 822/1249/967 305/1075/807
f 305/1075/807 822/1249/967 1548/1250/968 670/1076/808
f 822/1249/967 317/1098/830 700/1100/831 1548/1250/968
f 1548/1250/968 700/1100/831 315/456/188 823/455/187
f 670/1076/808 1548/1250/968 823/455/187 304/454/186
f 318/445/177 824/444/176 1549/1251/969 687/1082/814
f 824/444/176 355/443/175 741/1151/870 1549/1251/969
f 1549/1251/969 741/1151/870 356/1146/870 825/1252/969
f 687/1082/814 1549/1251/969 825/1252/969 320/1083/815
f 320/1083/815 825/1252/969 1550/1253/969 690/1088/820
f 825/1252/969 356/1146/870 738/1145/870 1550/1253/969
f 1550/1253/969 738/1145/870 354/421/153 826/424/156
f 690/1088/820 1550/1253/969 826/424/156 319/429/161
f 339/490/222 827/489/221 1551/1254/970 734/1142/865
f 827/489/221 331/488/220 707/1109/834 1551/1254/970
f 1551/1254/970 707/1109/834 332/1104/835 828/1255/970
f 734/1142/865 1551/1254/970 828/1255/970 341/1140/865
f 341/1140/865 828/1255/970 1552/1256/970 731/1138/865
f 828/1255/970 332/1104/835 704/1103/834 1552/1256/970
f 1552/1256/970 704/1103/834 330/493/225 829/496/228
f 731/1138/865 1552/1256/970 829/496/228 340/501/233
f 327/395/127 830/392/124 1553/1257/971 717/1121/850
f 830/392/124 301/391/123 678/1063/795 1553/1257/971
f 1553/1257/971 678/1063/795 302/1067/799 831/1258/972
f 717/1121/850 1553/1257/971 831/1258/972 329/1119/847
f 329/1119/847 831/1258/972 1554/1259/973 714/1117/847
f 831/1258/972 302/1067/799 682/1069/801 1554/1259/973
f 1554/1259/973 682/1069/801 300/640/372 832/639/371
f 714/1117/847 1554/1259/973 832/639/371 328/638/370
f 351/481/213 833/480/212 1555/1260/974 751/1163/882
f 833/480/212 343/479/211 724/1130/853 1555/1260/974
f 1555/1260/974 724/1130/853 344/1125/853 834/1261/974
f 751/1163/882 1555/1260/974 834/1261/974 353/1161/882
f 353/1161/882 834/1261/974 1556/1262/974 748/1159/882
f 834/1261/974 344/1125/853 721/1124/853 1556/1262/974
f 1556/1262/974 721/1124/853 342/641/373 835/644/376
f 748/1159/882 1556/1262/974 835/644/376 352/649/381
f 366/555/287 836/561/293 1557/1263/975 755/1166/887
f 836/561/293 313/526/258 676/1061/793 1557/1263/975
f 1557/1263/975 676/1061/793 314/1058/790 837/1264/976
f 755/1166/887 1557/1263/975 837/1264/976 368/1167/888
f 368/1167/888 837/1264/976 1558/1265/977 758/1172/270
f 837/1264/976 314/1058/790 673/1057/789 1558/1265/977
f 1558/1265/977 673/1057/789 312/540/272 838/539/271
f 758/1172/270 1558/1265/977 838/539/271 367/538/270
f 399/920/652 839/919/651 1559/1266/978 819/1247/965
f 839/919/651 364/773/505 765/1180/900 1559/1266/978
f 1559/1266/978 765/1180/900 365/1182/902 840/1267/979
f 819/1247/965 1559/1266/978 840/1267/979 401/1245/963
f 401/1245/963 840/1267/979 1560/1268/979 816/1243/961
f 840/1267/979 365/1182/902 768/1184/903 1560/1268/979
f 1560/1268/979 768/1184/903 363/547/279 841/544/276
f 816/1243/961 1560/1268/979 841/544/276 400/543/275
f 306/411/143 842/1051/783 1561/1269/980 680/1064/796
f 842/1051/783 379/921/653 775/1193/912 1561/1269/980
f 1561/1269/980 775/1193/912 380/1188/907 843/1270/981
f 680/1064/796 1561/1269/980 843/1270/981 308/1065/797
f 308/1065/797 843/1270/981 1562/1271/981 683/1070/802
f 843/1270/981 380/1188/907 772/1187/906 1562/1271/981
f 1562/1271/981 772/1187/906 378/472/204 844/471/203
f 683/1070/802 1562/1271/981 844/471/203 307/470/202
f 375/585/317 845/883/615 1563/1272/982 785/1205/924
f 845/883/615 391/882/614 792/1214/588 1563/1272/982
f 1563/1272/982 792/1214/588 392/1209/928 846/1273/983
f 785/1205/924 1563/1272/982 846/1273/983 377/1203/922
f 377/1203/922 846/1273/983 1564/1274/984 782/1201/920
f 846/1273/983 392/1209/928 789/1208/927 1564/1274/984
f 1564/1274/984 789/1208/927 390/856/588 847/853/585
f 782/1201/920 1564/1274/984 847/853/585 376/852/584
f 387/507/239 848/900/632 1565/1275/985 802/1226/944
f 848/900/632 403/899/631 809/1235/953 1565/1275/985
f 1565/1275/985 809/1235/953 404/1230/948 849/1276/986
f 802/1226/944 1565/1275/985 849/1276/986 389/1224/942
f 389/1224/942 849/1276/986 1566/1277/987 799/1222/940
f 849/1276/986 404/1230/948 806/1229/947 1566/1277/987
f 1566/1277/987 806/1229/947 402/875/607 850/873/605
f 799/1222/940 1566/1277/987 850/873/605 388/870/602
f 416/407/139 1238/1278/988 1567/1279/989 1288/408/140
f 1238/1278/988 499/804/536 1289/803/535 1567/1279/989
f 1567/1279/989 1289/803/535 288/802/534 667/1052/784
f 1288/408/140 1567/1279/989 667/1052/784 281/409/141
f 432/457/189 871/697/429 1568/1280/990 870/1281/991
f 871/697/429 424/669/401 872/1282/992 1568/1280/990
f 1568/1280/990 872/1282/992 426/1283/993 873/1284/994
f 870/1281/991 1568/1280/990 873/1284/994 434/1285/995
f 434/1285/995 873/1284/994 1569/1286/996 874/1287/997
f 873/1284/994 426/1283/993 875/1288/998 1569/1286/996
f 1569/1286/996 875/1288/998 425/1289/999 876/1290/1000
f 874/1287/997 1569/1286/996 876/1290/1000 433/1291/1001
f 433/1291/1001 876/1290/1000 1570/1292/1002 877/1293/1003
f 876/1290/1000 425/1289/999 878/1294/1004 1570/1292/1002
f 1570/1292/1002 878/1294/1004 423/679/411 879/677/409
f 877/1293/1003 1570/1292/1002 879/677/409 431/452/184
f 420/683/415 881/695/427 1571/1295/1005 880/1296/1006
f 881/695/427 427/434/166 882/1297/1007 1571/1295/1005
f 1571/1295/1005 882/1297/1007 429/1298/1008 883/1299/1009
f 880/1296/1006 1571/1295/1005 883/1299/1009 422/1300/1010
f 422/1300/1010 883/1299/1009 1572/1301/1011 884/1302/1012
f 883/1299/1009 429/1298/1008 885/1303/1013 1572/1301/1011
f 1572/1301/1011 885/1303/1013 430/1304/1014 886/1305/1015
f 884/1302/1012 1572/1301/1011 886/1305/1015 421/1306/1016
f 421/1306/1016 886/1305/1015 1573/1307/1017 887/1308/1018
f 886/1305/1015 430/1304/1014 888/1309/1019 1573/1307/1017
f 1573/1307/1017 888/1309/1019 428/606/338 889/605/337
f 887/1308/1018 1573/1307/1017 889/605/337 419/604/336
f 444/542/274 891/572/304 1574/1310/1020 890/1311/1021
f 891/572/304 440/576/308 892/676/408 1574/1310/1020
f 1574/1310/1020 892/676/408 442/675/407 893/1312/1022
f 890/1311/1021 1574/1310/1020 893/1312/1022 446/1313/1023
f 446/1313/1023 893/1312/1022 1575/1314/1024 894/1315/1025
f 893/1312/1022 442/675/407 895/674/406 1575/1314/1024
f 1575/1314/1024 895/674/406 441/673/405 896/1316/1026
f 894/1315/1025 1575/1314/1024 896/1316/1026 445/1317/1027
f 445/1317/1027 896/1316/1026 1576/1318/1028 897/1319/1029
f 896/1316/1026 441/673/405 898/672/404 1576/1318/1028
f 1576/1318/1028 898/672/404 439/671/403 899/699/431
f 897/1319/1029 1576/1318/1028 899/699/431 443/465/197
f 448/508/240 901/511/243 1577/1320/1030 900/1321/1031
f 901/511/243 455/516/248 902/1322/1032 1577/1320/1030
f 1577/1320/1030 902/1322/1032 457/1323/1033 903/1324/1034
f 900/1321/1031 1577/1320/1030 903/1324/1034 450/1325/1035
f 450/1325/1035 903/1324/1034 1578/1326/1036 904/1327/1037
f 903/1324/1034 457/1323/1033 905/1328/1038 1578/1326/1036
f 1578/1326/1036 905/1328/1038 458/1329/1039 906/1330/1040
f 904/1327/1037 1578/1326/1036 906/1330/1040 449/1331/1041
f 449/1331/1041 906/1330/1040 1579/1332/1042 907/1333/1043
f 906/1330/1040 458/1329/1039 908/1334/1044 1579/1332/1042
f 1579/1332/1042 908/1334/1044 456/595/327 909/594/326
f 907/1333/1043 1579/1332/1042 909/594/326 447/427/159
f 455/516/248 910/794/526 1580/1335/1045 902/1322/1032
f 910/794/526 459/781/513 911/1336/1046 1580/1335/1045
f 1580/1335/1045 911/1336/1046 461/1337/1047 912/1338/1048
f 902/1322/1032 1580/1335/1045 912/1338/1048 457/1323/1033
f 457/1323/1033 912/1338/1048 1581/1339/1049 905/1328/1038
f 912/1338/1048 461/1337/1047 913/1340/1050 1581/1339/1049
f 1581/1339/1049 913/1340/1050 462/1341/1051 914/1342/1052
f 905/1328/1038 1581/1339/1049 914/1342/1052 458/1329/1039
f 458/1329/1039 914/1342/1052 1582/1343/1053 908/1334/1044
f 914/1342/1052 462/1341/1051 915/1344/1054 1582/1343/1053
f 1582/1343/1053 915/1344/1054 460/957/689 916/956/688
f 908/1334/1044 1582/1343/1053 916/956/688 456/595/327
f 459/781/513 917/784/516 1583/1345/1055 911/1336/1046
f 917/784/516 451/461/193 918/1346/1056 1583/1345/1055
f 1583/1345/1055 918/1346/1056 453/1347/1057 919/1348/1058
f 911/1336/1046 1583/1345/1055 919/1348/1058 461/1337/1047
f 461/1337/1047 919/1348/1058 1584/1349/1059 913/1340/1050
f 919/1348/1058 453/1347/1057 920/1350/1060 1584/1349/1059
f 1584/1349/1059 920/1350/1060 454/1351/1061 921/1352/1062
f 913/1340/1050 1584/1349/1059 921/1352/1062 462/1341/1051
f 462/1341/1051 921/1352/1062 1585/1353/1063 915/1344/1054
f 921/1352/1062 454/1351/1061 922/1354/1064 1585/1353/1063
f 1585/1353/1063 922/1354/1064 452/448/180 923/962/694
f 915/1344/1054 1585/1353/1063 923/962/694 460/957/689
f 496/689/421 925/692/424 1586/1355/1065 924/1356/1066
f 925/692/424 503/694/426 926/1357/1067 1586/1355/1065
f 1586/1355/1065 926/1357/1067 505/1358/1068 927/1359/1069
f 924/1356/1066 1586/1355/1065 927/1359/1069 498/1360/1070
f 498/1360/1070 927/1359/1069 1587/1361/1071 928/1362/1072
f 927/1359/1069 505/1358/1068 929/1363/1073 1587/1361/1071
f 1587/1361/1071 929/1363/1073 506/1364/1074 930/1365/1075
f 928/1362/1072 1587/1361/1071 930/1365/1075 497/1366/1076
f 497/1366/1076 930/1365/1075 1588/1367/1077 931/1368/1078
f 930/1365/1075 506/1364/1074 932/1369/1079 1588/1367/1077
f 1588/1367/1077 932/1369/1079 504/589/321 933/588/320
f 931/1368/1078 1588/1367/1077 933/588/320 495/484/216
f 503/694/426 934/812/544 1589/1370/1080 926/1357/1067
f 934/812/544 507/796/528 935/1371/1081 1589/1370/1080
f 1589/1370/1080 935/1371/1081 509/1372/1082 936/1373/1083
f 926/1357/1067 1589/1370/1080 936/1373/1083 505/1358/1068
f 505/1358/1068 936/1373/1083 1590/1374/1084 929/1363/1073
f 936/1373/1083 509/1372/1082 937/1375/1085 1590/1374/1084
f 1590/1374/1084 937/1375/1085 510/1376/1086 938/1377/1087
f 929/1363/1073 1590/1374/1084 938/1377/1087 506/1364/1074
f 506/1364/1074 938/1377/1087 1591/1378/1088 932/1369/1079
f 938/1377/1087 510/1376/1086 939/1379/1089 1591/1378/1088
f 1591/1378/1088 939/1379/1089 508/991/723 940/990/722
f 932/1369/1079 1591/1378/1088 940/990/722 504/589/321
f 507/796/528 941/799/531 1592/1380/1090 935/1371/1081
f 941/799/531 499/804/536 942/1381/1091 1592/1380/1090
f 1592/1380/1090 942/1381/1091 501/1382/1092 943/1383/1093
f 935/1371/1081 1592/1380/1090 943/1383/1093 509/1372/1082
f 509/1372/1082 943/1383/1093 1593/1384/1094 937/1375/1085
f 943/1383/1093 501/1382/1092 944/1385/1095 1593/1384/1094
f 1593/1384/1094 944/1385/1095 502/1386/1096 945/1387/1097
f 937/1375/1085 1593/1384/1094 945/1387/1097 510/1376/1086
f 510/1376/1086 945/1387/1097 1594/1388/1098 939/1379/1089
f 945/1387/1097 502/1386/1096 946/1389/1099 1594/1388/1098
f 1594/1388/1098 946/1389/1099 500/397/129 947/996/728
f 939/1379/1089 1594/1388/1098 947/996/728 508/991/723
f 528/412/144 949/415/147 1595/1390/1100 948/1391/1101
f 949/415/147 535/420/152 950/1392/1102 1595/1390/1100
f 1595/1390/1100 950/1392/1102 537/1393/1103 951/1394/1104
f 948/1391/1101 1595/1390/1100 951/1394/1104 530/1395/1105
f 530/1395/1105 951/1394/1104 1596/1396/1106 952/1397/1107
f 951/1394/1104 537/1393/1103 953/1398/1108 1596/1396/1106
f 1596/1396/1106 953/1398/1108 538/1399/1109 954/1400/1110
f 952/1397/1107 1596/1396/1106 954/1400/1110 529/1401/1111
f 529/1401/1111 954/1400/1110 1597/1402/1112 955/1403/1113
f 954/1400/1110 538/1399/1109 956/1404/1114 1597/1402/1112
f 1597/1402/1112 956/1404/1114 536/625/357 957/624/356
f 955/1403/1113 1597/1402/1112 957/624/356 527/475/207
f 535/420/152 958/830/562 1598/1405/1115 950/1392/1102
f 958/830/562 539/814/546 959/1406/1116 1598/1405/1115
f 1598/1405/1115 959/1406/1116 541/1407/1117 960/1408/1118
f 950/1392/1102 1598/1405/1115 960/1408/1118 537/1393/1103
f 537/1393/1103 960/1408/1118 1599/1409/1119 953/1398/1108
f 960/1408/1118 541/1407/1117 961/1410/1120 1599/1409/1119
f 1599/1409/1119 961/1410/1120 542/1411/1121 962/1412/1122
f 953/1398/1108 1599/1409/1119 962/1412/1122 538/1399/1109
f 538/1399/1109 962/1412/1122 1600/1413/1123 956/1404/1114
f 962/1412/1122 542/1411/1121 963/1414/1124 1600/1413/1123
f 1600/1413/1123 963/1414/1124 540/1014/746 964/1013/745
f 956/1404/1114 1600/1413/1123 964/1013/745 536/625/357
f 539/814/546 965/817/549 1601/1415/1125 959/1406/1116
f 965/817/549 531/822/554 966/1416/1126 1601/1415/1125
f 1601/1415/1125 966/1416/1126 533/1417/1127 967/1418/1128
f 959/1406/1116 1601/1415/1125 967/1418/1128 541/1407/1117
f 541/1407/1117 967/1418/1128 1602/1419/1129 961/1410/1120
f 967/1418/1128 533/1417/1127 968/1420/1130 1602/1419/1129
f 1602/1419/1129 968/1420/1130 534/1421/1131 969/1422/1132
f 961/1410/1120 1602/1419/1129 969/1422/1132 542/1411/1121
f 542/1411/1121 969/1422/1132 1603/1423/1133 963/1414/1124
f 969/1422/1132 534/1421/1131 970/1424/1134 1603/1423/1133
f 1603/1423/1133 970/1424/1134 532/492/224 971/1019/751
f 963/1414/1124 1603/1423/1133 971/1019/751 540/1014/746
f 560/760/492 973/763/495 1604/1425/1135 972/1426/1136
f 973/763/495 567/768/500 974/1427/1137 1604/1425/1135
f 1604/1425/1135 974/1427/1137 569/1428/1138 975/1429/1139
f 972/1426/1136 1604/1425/1135 975/1429/1139 562/1430/1140
f 562/1430/1140 975/1429/1139 1605/1431/1141 976/1432/1142
f 975/1429/1139 569/1428/1138 977/1433/1143 1605/1431/1141
f 1605/1431/1141 977/1433/1143 570/1434/1144 978/1435/1145
f 976/1432/1142 1605/1431/1141 978/1435/1145 561/1436/1146
f 561/1436/1146 978/1435/1145 1606/1437/1147 979/1438/1148
f 978/1435/1145 570/1434/1144 980/1439/1149 1606/1437/1147
f 1606/1437/1147 980/1439/1149 568/1038/770 981/1037/769
f 979/1438/1148 1606/1437/1147 981/1037/769 559/439/171
f 567/768/500 982/848/580 1607/1440/1150 974/1427/1137
f 982/848/580 571/832/564 983/1441/1151 1607/1440/1150
f 1607/1440/1150 983/1441/1151 573/1442/1152 984/1443/1153
f 974/1427/1137 1607/1440/1150 984/1443/1153 569/1428/1138
f 569/1428/1138 984/1443/1153 1608/1444/1154 977/1433/1143
f 984/1443/1153 573/1442/1152 985/1445/1155 1608/1444/1154
f 1608/1444/1154 985/1445/1155 574/1446/1156 986/1447/1157
f 977/1433/1143 1608/1444/1154 986/1447/1157 570/1434/1144
f 570/1434/1144 986/1447/1157 1609/1448/1158 980/1439/1149
f 986/1447/1157 574/1446/1156 987/1449/1159 1609/1448/1158
f 1609/1448/1158 987/1449/1159 572/1044/776 988/1043/775
f 980/1439/1149 1609/1448/1158 988/1043/775 568/1038/770
f 571/832/564 989/835/567 1610/1450/1160 983/1441/1151
f 989/835/567 563/840/572 990/1451/1161 1610/1450/1160
f 1610/1450/1160 990/1451/1161 565/1452/1162 991/1453/1163
f 983/1441/1151 1610/1450/1160 991/1453/1163 573/1442/1152
f 573/1442/1152 991/1453/1163 1611/1454/1164 985/1445/1155
f 991/1453/1163 565/1452/1162 992/1455/1165 1611/1454/1164
f 1611/1454/1164 992/1455/1165 566/1456/1166 993/1457/1167
f 985/1445/1155 1611/1454/1164 993/1457/1167 574/1446/1156
f 574/1446/1156 993/1457/1167 1612/1458/1168 987/1449/1159
f 993/1457/1167 566/1456/1166 994/1459/1169 1612/1458/1168
f 1612/1458/1168 994/1459/1169 564/483/215 995/1049/781
f 987/1449/1159 1612/1458/1168 995/1049/781 572/1044/776
f 492/613/345 997/616/348 1613/1460/1170 996/1461/1171
f 997/616/348 483/621/353 998/1462/1172 1613/1460/1170
f 1613/1460/1170 998/1462/1172 485/1463/1173 999/1464/1174
f 996/1461/1171 1613/1460/1170 999/1464/1174 494/1465/1175
f 494/1465/1175 999/1464/1174 1614/1466/1176 1000/1467/1177
f 999/1464/1174 485/1463/1173 1001/1468/1178 1614/1466/1176
f 1614/1466/1176 1001/1468/1178 486/1469/1179 1002/1470/1180
f 1000/1467/1177 1614/1466/1176 1002/1470/1180 493/1471/1181
f 493/1471/1181 1002/1470/1180 1615/1472/1182 1003/1473/1183
f 1002/1470/1180 486/1469/1179 1004/1474/1184 1615/1472/1182
f 1615/1472/1182 1004/1474/1184 484/447/179 1005/701/433
f 1003/1473/1183 1615/1472/1182 1005/701/433 491/705/437
f 488/631/363 1007/716/448 1616/1475/1185 1006/1476/1186
f 1007/716/448 492/613/345 996/1461/1171 1616/1475/1185
f 1616/1475/1185 996/1461/1171 494/1465/1175 1008/1477/1187
f 1006/1476/1186 1616/1475/1185 1008/1477/1187 490/1478/1188
f 490/1478/1188 1008/1477/1187 1617/1479/1189 1009/1480/1190
f 1008/1477/1187 494/1465/1175 1000/1467/1177 1617/1479/1189
f 1617/1479/1189 1000/1467/1177 493/1471/1181 1010/1481/1191
f 1009/1480/1190 1617/1479/1189 1010/1481/1191 489/1482/1192
f 489/1482/1192 1010/1481/1191 1618/1483/1193 1011/1484/1194
f 1010/1481/1191 493/1471/1181 1003/1473/1183 1618/1483/1193
f 1618/1483/1193 1003/1473/1183 491/705/437 1012/982/714
f 1011/1484/1194 1618/1483/1193 1012/982/714 487/975/707
f 480/430/162 1014/629/361 1619/1485/1195 1013/1486/1196
f 1014/629/361 488/631/363 1006/1476/1186 1619/1485/1195
f 1619/1485/1195 1006/1476/1186 490/1478/1188 1015/1487/1197
f 1013/1486/1196 1619/1485/1195 1015/1487/1197 482/1488/1198
f 482/1488/1198 1015/1487/1197 1620/1489/1199 1016/1490/1200
f 1015/1487/1197 490/1478/1188 1009/1480/1190 1620/1489/1199
f 1620/1489/1199 1009/1480/1190 489/1482/1192 1017/1491/1201
f 1016/1490/1200 1620/1489/1199 1017/1491/1201 481/1492/1202
f 481/1492/1202 1017/1491/1201 1621/1493/1203 1018/1494/1204
f 1017/1491/1201 489/1482/1192 1011/1484/1194 1621/1493/1203
f 1621/1493/1203 1011/1484/1194 487/975/707 1019/978/710
f 1018/1494/1204 1621/1493/1203 1019/978/710 479/612/344
f 476/706/438 1021/709/441 1622/1495/1205 1020/1496/1206
f 1021/709/441 467/714/446 1022/1497/1207 1622/1495/1205
f 1622/1495/1205 1022/1497/1207 469/1498/1208 1023/1499/1209
f 1020/1496/1206 1622/1495/1205 1023/1499/1209 478/1500/1210
f 478/1500/1210 1023/1499/1209 1623/1501/1211 1024/1502/1212
f 1023/1499/1209 469/1498/1208 1025/1503/1213 1623/1501/1211
f 1623/1501/1211 1025/1503/1213 470/1504/1214 1026/1505/1215
f 1024/1502/1212 1623/1501/1211 1026/1505/1215 477/1506/1216
f 477/1506/1216 1026/1505/1215 1624/1507/1217 1027/1508/1218
f 1026/1505/1215 470/1504/1214 1028/1509/1219 1624/1507/1217
f 1624/1507/1217 1028/1509/1219 468/497/229 1029/719/451
f 1027/1508/1218 1624/1507/1217 1029/719/451 475/723/455
f 472/733/465 1031/736/468 1625/1510/1220 1030/1511/1221
f 1031/736/468 476/706/438 1020/1496/1206 1625/1510/1220
f 1625/1510/1220 1020/1496/1206 478/1500/1210 1032/1512/1222
f 1030/1511/1221 1625/1510/1220 1032/1512/1222 474/1513/1223
f 474/1513/1223 1032/1512/1222 1626/1514/1224 1033/1515/1225
f 1032/1512/1222 478/1500/1210 1024/1502/1212 1626/1514/1224
f 1626/1514/1224 1024/1502/1212 477/1506/1216 1034/1516/1226
f 1033/1515/1225 1626/1514/1224 1034/1516/1226 473/1517/1227
f 473/1517/1227 1034/1516/1226 1627/1518/1228 1035/1519/1229
f 1034/1516/1226 477/1506/1216 1027/1508/1218 1627/1518/1228
f 1627/1518/1228 1027/1508/1218 475/723/455 1036/970/702
f 1035/1519/1229 1627/1518/1228 1036/970/702 471/963/695
f 464/787/519 1038/790/522 1628/1520/1230 1037/1521/1231
f 1038/790/522 472/733/465 1030/1511/1221 1628/1520/1230
f 1628/1520/1230 1030/1511/1221 474/1513/1223 1039/1522/1232
f 1037/1521/1231 1628/1520/1230 1039/1522/1232 466/1523/1233
f 466/1523/1233 1039/1522/1232 1629/1524/1234 1040/1525/1235
f 1039/1522/1232 474/1513/1223 1033/1515/1225 1629/1524/1234
f 1629/1524/1234 1033/1515/1225 473/1517/1227 1041/1526/1236
f 1040/1525/1235 1629/1524/1234 1041/1526/1236 465/1527/1237
f 465/1527/1237 1041/1526/1236 1630/1528/1238 1042/1529/1239
f 1041/1526/1236 473/1517/1227 1035/1519/1229 1630/1528/1238
f 1630/1528/1238 1035/1519/1229 471/963/695 1043/966/698
f 1042/1529/1239 1630/1528/1238 1043/966/698 463/636/368
f 524/724/456 1045/727/459 1631/1530/1240 1044/1531/1241
f 1045/727/459 515/732/464 1046/1532/1242 1631/1530/1240
f 1631/1530/1240 1046/1532/1242 517/1533/1243 1047/1534/1244
f 1044/1531/1241 1631/1530/1240 1047/1534/1244 526/1535/1245
f 526/1535/1245 1047/1534/1244 1632/1536/1246 1048/1537/1247
f 1047/1534/1244 517/1533/1243 1049/1538/1248 1632/1536/1246
f 1632/1536/1246 1049/1538/1248 518/1539/1249 1050/1540/1250
f 1048/1537/1247 1632/1536/1246 1050/1540/1250 525/1541/1251
f 525/1541/1251 1050/1540/1250 1633/1542/1252 1051/1543/1253
f 1050/1540/1250 518/1539/1249 1052/1544/1254 1633/1542/1252
f 1633/1542/1252 1052/1544/1254 516/645/377 1053/740/472
f 1051/1543/1253 1633/1542/1252 1053/740/472 523/744/476
f 520/754/486 1055/757/489 1634/1545/1255 1054/1546/1256
f 1055/757/489 524/724/456 1044/1531/1241 1634/1545/1255
f 1634/1545/1255 1044/1531/1241 526/1535/1245 1056/1547/1257
f 1054/1546/1256 1634/1545/1255 1056/1547/1257 522/1548/1258
f 522/1548/1258 1056/1547/1257 1635/1549/1259 1057/1550/1260
f 1056/1547/1257 526/1535/1245 1048/1537/1247 1635/1549/1259
f 1635/1549/1259 1048/1537/1247 525/1541/1251 1058/1551/1261
f 1057/1550/1260 1635/1549/1259 1058/1551/1261 521/1552/1262
f 521/1552/1262 1058/1551/1261 1636/1553/1263 1059/1554/1264
f 1058/1551/1261 525/1541/1251 1051/1543/1253 1636/1553/1263
f 1636/1553/1263 1051/1543/1253 523/744/476 1060/1004/736
f 1059/1554/1264 1636/1553/1263 1060/1004/736 519/997/729
f 512/805/537 1062/808/540 1637/1555/1265 1061/1556/1266
f 1062/808/540 520/754/486 1054/1546/1256 1637/1555/1265
f 1637/1555/1265 1054/1546/1256 522/1548/1258 1063/1557/1267
f 1061/1556/1266 1637/1555/1265 1063/1557/1267 514/1558/1268
f 514/1558/1268 1063/1557/1267 1638/1559/1269 1064/1560/1270
f 1063/1557/1267 522/1548/1258 1057/1550/1260 1638/1559/1269
f 1638/1559/1269 1057/1550/1260 521/1552/1262 1065/1561/1271
f 1064/1560/1270 1638/1559/1269 1065/1561/1271 513/1562/1272
f 513/1562/1272 1065/1561/1271 1639/1563/1273 1066/1564/1274
f 1065/1561/1271 521/1552/1262 1059/1554/1264 1639/1563/1273
f 1639/1563/1273 1059/1554/1264 519/997/729 1067/1000/732
f 1066/1564/1274 1639/1563/1273 1067/1000/732 511/499/231
f 556/745/477 1069/748/480 1640/1565/1275 1068/1566/1276
f 1069/748/480 547/753/485 1070/1567/1277 1640/1565/1275
f 1640/1565/1275 1070/1567/1277 549/1568/1278 1071/1569/1279
f 1068/1566/1276 1640/1565/1275 1071/1569/1279 558/1570/1280
f 558/1570/1280 1071/1569/1279 1641/1571/1281 1072/1572/1282
f 1071/1569/1279 549/1568/1278 1073/1573/1283 1641/1571/1281
f 1641/1571/1281 1073/1573/1283 550/1574/1284 1074/1575/1285
f 1072/1572/1282 1641/1571/1281 1074/1575/1285 557/1576/1286
f 557/1576/1286 1074/1575/1285 1642/1577/1287 1075/1578/1288
f 1074/1575/1285 550/1574/1284 1076/1579/1289 1642/1577/1287
f 1642/1577/1287 1076/1579/1289 548/425/157 1077/1033/765
f 1075/1578/1288 1642/1577/1287 1077/1033/765 555/1026/758
f 552/775/507 1079/778/510 1643/1580/1290 1078/1581/1291
f 1079/778/510 556/745/477 1068/1566/1276 1643/1580/1290
f 1643/1580/1290 1068/1566/1276 558/1570/1280 1080/1582/1292
f 1078/1581/1291 1643/1580/1290 1080/1582/1292 554/1583/1293
f 554/1583/1293 1080/1582/1292 1644/1584/1294 1081/1585/1295
f 1080/1582/1292 558/1570/1280 1072/1572/1282 1644/1584/1294
f 1644/1584/1294 1072/1572/1282 557/1576/1286 1082/1586/1296
f 1081/1585/1295 1644/1584/1294 1082/1586/1296 553/1587/1297
f 553/1587/1297 1082/1586/1296 1645/1588/1298 1083/1589/1299
f 1082/1586/1296 557/1576/1286 1075/1578/1288 1645/1588/1298
f 1645/1588/1298 1075/1578/1288 555/1026/758 1084/1029/761
f 1083/1589/1299 1645/1588/1298 1084/1029/761 551/1020/752
f 544/823/555 1086/826/558 1646/1590/1300 1085/1591/1301
f 1086/826/558 552/775/507 1078/1581/1291 1646/1590/1300
f 1646/1590/1300 1078/1581/1291 554/1583/1293 1087/1592/1302
f 1085/1591/1301 1646/1590/1300 1087/1592/1302 546/1593/1303
f 546/1593/1303 1087/1592/1302 1647/1594/1304 1088/1595/1305
f 1087/1592/1302 554/1583/1293 1081/1585/1295 1647/1594/1304
f 1647/1594/1304 1081/1585/1295 553/1587/1297 1089/1596/1306
f 1088/1595/1305 1647/1594/1304 1089/1596/1306 545/1597/1307
f 545/1597/1307 1089/1596/1306 1648/1598/1308 1090/1599/1309
f 1089/1596/1306 553/1587/1297 1083/1589/1299 1648/1598/1308
f 1648/1598/1308 1083/1589/1299 551/1020/752 1091/1023/755
f 1090/1599/1309 1648/1598/1308 1091/1023/755 543/647/379
f 576/463/195 1093/786/518 1649/1600/1310 1092/1601/1311
f 1093/786/518 583/785/517 1094/1602/1312 1649/1600/1310
f 1649/1600/1310 1094/1602/1312 585/1603/1313 1095/1604/1314
f 1092/1601/1311 1649/1600/1310 1095/1604/1314 578/1605/1315
f 578/1605/1315 1095/1604/1314 1650/1606/1316 1096/1607/1317
f 1095/1604/1314 585/1603/1313 1097/1608/1318 1650/1606/1316
f 1650/1606/1316 1097/1608/1318 586/1609/1319 1098/1610/1320
f 1096/1607/1317 1650/1606/1316 1098/1610/1320 577/1611/1321
f 577/1611/1321 1098/1610/1320 1651/1612/1322 1099/1613/1323
f 1098/1610/1320 586/1609/1319 1100/1614/1324 1651/1612/1322
f 1651/1612/1322 1100/1614/1324 584/844/576 1101/843/575
f 1099/1613/1323 1651/1612/1322 1101/843/575 575/534/266
f 583/785/517 1102/795/527 1652/1615/1325 1094/1602/1312
f 1102/795/527 587/514/246 1103/1616/1326 1652/1615/1325
f 1652/1615/1325 1103/1616/1326 589/1617/1327 1104/1618/1328
f 1094/1602/1312 1652/1615/1325 1104/1618/1328 585/1603/1313
f 585/1603/1313 1104/1618/1328 1653/1619/1329 1097/1608/1318
f 1104/1618/1328 589/1617/1327 1105/1620/1330 1653/1619/1329
f 1653/1619/1329 1105/1620/1330 590/1621/1331 1106/1622/1332
f 1097/1608/1318 1653/1619/1329 1106/1622/1332 586/1609/1319
f 586/1609/1319 1106/1622/1332 1654/1623/1333 1100/1614/1324
f 1106/1622/1332 590/1621/1331 1107/1624/1334 1654/1623/1333
f 1654/1623/1333 1107/1624/1334 588/864/596 1108/863/595
f 1100/1614/1324 1654/1623/1333 1108/863/595 584/844/576
f 587/514/246 1109/513/245 1655/1625/1335 1103/1616/1326
f 1109/513/245 579/512/244 1110/1626/1336 1655/1625/1335
f 1655/1625/1335 1110/1626/1336 581/1627/1337 1111/1628/1338
f 1103/1616/1326 1655/1625/1335 1111/1628/1338 589/1617/1327
f 589/1617/1327 1111/1628/1338 1656/1629/1339 1105/1620/1330
f 1111/1628/1338 581/1627/1337 1112/1630/1340 1656/1629/1339
f 1656/1629/1339 1112/1630/1340 582/1631/1341 1113/1632/1342
f 1105/1620/1330 1656/1629/1339 1113/1632/1342 590/1621/1331
f 590/1621/1331 1113/1632/1342 1657/1633/1343 1107/1624/1334
f 1113/1632/1342 582/1631/1341 1114/1634/1344 1657/1633/1343
f 1657/1633/1343 1114/1634/1344 580/549/281 1115/912/644
f 1107/1624/1334 1657/1633/1343 1115/912/644 588/864/596
f 604/737/469 1117/792/524 1658/1635/1345 1116/1636/1346
f 1117/792/524 595/791/523 1118/1637/1347 1658/1635/1345
f 1658/1635/1345 1118/1637/1347 597/1638/1348 1119/1639/1349
f 1116/1636/1346 1658/1635/1345 1119/1639/1349 606/1640/1350
f 606/1640/1350 1119/1639/1349 1659/1641/1351 1120/1642/1352
f 1119/1639/1349 597/1638/1348 1121/1643/1353 1659/1641/1351
f 1659/1641/1351 1121/1643/1353 598/1644/1354 1122/1645/1355
f 1120/1642/1352 1659/1641/1351 1122/1645/1355 605/1646/1356
f 605/1646/1356 1122/1645/1355 1660/1647/1357 1123/1648/1358
f 1122/1645/1355 598/1644/1354 1124/1649/1359 1660/1647/1357
f 1660/1647/1357 1124/1649/1359 596/474/206 1125/930/662
f 1123/1648/1358 1660/1647/1357 1125/930/662 603/562/294
f 600/710/442 1127/738/470 1661/1650/1360 1126/1651/1361
f 1127/738/470 604/737/469 1116/1636/1346 1661/1650/1360
f 1661/1650/1360 1116/1636/1346 606/1640/1350 1128/1652/1362
f 1126/1651/1361 1661/1650/1360 1128/1652/1362 602/1653/1363
f 602/1653/1363 1128/1652/1362 1662/1654/1364 1129/1655/1365
f 1128/1652/1362 606/1640/1350 1120/1642/1352 1662/1654/1364
f 1662/1654/1364 1120/1642/1352 605/1646/1356 1130/1656/1366
f 1129/1655/1365 1662/1654/1364 1130/1656/1366 601/1657/1367
f 601/1657/1367 1130/1656/1366 1663/1658/1368 1131/1659/1369
f 1130/1656/1366 605/1646/1356 1123/1648/1358 1663/1658/1368
f 1663/1658/1368 1123/1648/1358 603/562/294 1132/565/297
f 1131/1659/1369 1663/1658/1368 1132/565/297 599/570/302
f 592/712/444 1134/711/443 1664/1660/1370 1133/1661/1371
f 1134/711/443 600/710/442 1126/1651/1361 1664/1660/1370
f 1664/1660/1370 1126/1651/1361 602/1653/1363 1135/1662/1372
f 1133/1661/1371 1664/1660/1370 1135/1662/1372 594/1663/1373
f 594/1663/1373 1135/1662/1372 1665/1664/1374 1136/1665/1375
f 1135/1662/1372 602/1653/1363 1129/1655/1365 1665/1664/1374
f 1665/1664/1374 1129/1655/1365 601/1657/1367 1137/1666/1376
f 1136/1665/1375 1665/1664/1374 1137/1666/1376 593/1667/1377
f 593/1667/1377 1137/1666/1376 1666/1668/1378 1138/1669/1379
f 1137/1666/1376 601/1657/1367 1131/1659/1369 1666/1668/1378
f 1666/1668/1378 1131/1659/1369 599/570/302 1139/914/646
f 1138/1669/1379 1666/1668/1378 1139/914/646 591/860/592
f 620/758/490 1141/810/542 1667/1670/1380 1140/1671/1381
f 1141/810/542 611/809/541 1142/1672/1382 1667/1670/1380
f 1667/1670/1380 1142/1672/1382 613/1673/1383 1143/1674/1384
f 1140/1671/1381 1667/1670/1380 1143/1674/1384 622/1675/1385
f 622/1675/1385 1143/1674/1384 1668/1676/1386 1144/1677/1387
f 1143/1674/1384 613/1673/1383 1145/1678/1388 1668/1676/1386
f 1668/1676/1386 1145/1678/1388 614/1679/1389 1146/1680/1390
f 1144/1677/1387 1668/1676/1386 1146/1680/1390 621/1681/1391
f 621/1681/1391 1146/1680/1390 1669/1682/1392 1147/1683/1393
f 1146/1680/1390 614/1679/1389 1148/1684/1394 1669/1682/1392
f 1669/1682/1392 1148/1684/1394 612/858/590 1149/939/671
f 1147/1683/1393 1669/1682/1392 1149/939/671 619/517/249
f 616/728/460 1151/759/491 1670/1685/1395 1150/1686/1396
f 1151/759/491 620/758/490 1140/1671/1381 1670/1685/1395
f 1670/1685/1395 1140/1671/1381 622/1675/1385 1152/1687/1397
f 1150/1686/1396 1670/1685/1395 1152/1687/1397 618/1688/1398
f 618/1688/1398 1152/1687/1397 1671/1689/1399 1153/1690/1400
f 1152/1687/1397 622/1675/1385 1144/1677/1387 1671/1689/1399
f 1671/1689/1399 1144/1677/1387 621/1681/1391 1154/1691/1401
f 1153/1690/1400 1671/1689/1399 1154/1691/1401 617/1692/1402
f 617/1692/1402 1154/1691/1401 1672/1693/1403 1155/1694/1404
f 1154/1691/1401 621/1681/1391 1147/1683/1393 1672/1693/1403
f 1672/1693/1403 1147/1683/1393 619/517/249 1156/520/252
f 1155/1694/1404 1672/1693/1403 1156/520/252 615/525/257
f 608/730/462 1158/729/461 1673/1695/1405 1157/1696/1406
f 1158/729/461 616/728/460 1150/1686/1396 1673/1695/1405
f 1673/1695/1405 1150/1686/1396 618/1688/1398 1159/1697/1407
f 1157/1696/1406 1673/1695/1405 1159/1697/1407 610/1698/1408
f 610/1698/1408 1159/1697/1407 1674/1699/1409 1160/1700/1410
f 1159/1697/1407 618/1688/1398 1153/1690/1400 1674/1699/1409
f 1674/1699/1409 1153/1690/1400 617/1692/1402 1161/1701/1411
f 1160/1700/1410 1674/1699/1409 1161/1701/1411 609/1702/1412
f 609/1702/1412 1161/1701/1411 1675/1703/1413 1162/1704/1414
f 1161/1701/1411 617/1692/1402 1155/1694/1404 1675/1703/1413
f 1675/1703/1413 1155/1694/1404 615/525/257 1163/868/600
f 1162/1704/1414 1675/1703/1413 1163/868/600 607/872/604
f 636/779/511 1165/828/560 1676/1705/1415 1164/1706/1416
f 1165/828/560 627/827/559 1166/1707/1417 1676/1705/1415
f 1676/1705/1415 1166/1707/1417 629/1708/1418 1167/1709/1419
f 1164/1706/1416 1676/1705/1415 1167/1709/1419 638/1710/1420
f 638/1710/1420 1167/1709/1419 1677/1711/1421 1168/1712/1422
f 1167/1709/1419 629/1708/1418 1169/1713/1423 1677/1711/1421
f 1677/1711/1421 1169/1713/1423 630/1714/1424 1170/1715/1425
f 1168/1712/1422 1677/1711/1421 1170/1715/1425 637/1716/1426
f 637/1716/1426 1170/1715/1425 1678/1717/1427 1171/1718/1428
f 1170/1715/1425 630/1714/1424 1172/1719/1429 1678/1717/1427
f 1678/1717/1427 1172/1719/1429 628/877/609 1173/891/623
f 1171/1718/1428 1678/1717/1427 1173/891/623 635/895/627
f 632/749/481 1175/780/512 1679/1720/1430 1174/1721/1431
f 1175/780/512 636/779/511 1164/1706/1416 1679/1720/1430
f 1679/1720/1430 1164/1706/1416 638/1710/1420 1176/1722/1432
f 1174/1721/1431 1679/1720/1430 1176/1722/1432 634/1723/1433
f 634/1723/1433 1176/1722/1432 1680/1724/1434 1177/1725/1435
f 1176/1722/1432 638/1710/1420 1168/1712/1422 1680/1724/1434
f 1680/1724/1434 1168/1712/1422 637/1716/1426 1178/1726/1436
f 1177/1725/1435 1680/1724/1434 1178/1726/1436 633/1727/1437
f 633/1727/1437 1178/1726/1436 1681/1728/1438 1179/1729/1439
f 1178/1726/1436 637/1716/1426 1171/1718/1428 1681/1728/1438
f 1681/1728/1438 1171/1718/1428 635/895/627 1180/908/640
f 1179/1729/1439 1681/1728/1438 1180/908/640 631/884/616
f 624/751/483 1182/750/482 1682/1730/1440 1181/1731/1441
f 1182/750/482 632/749/481 1174/1721/1431 1682/1730/1440
f 1682/1730/1440 1174/1721/1431 634/1723/1433 1183/1732/1442
f 1181/1731/1441 1682/1730/1440 1183/1732/1442 626/1733/1443
f 626/1733/1443 1183/1732/1442 1683/1734/1444 1184/1735/1445
f 1183/1732/1442 634/1723/1433 1177/1725/1435 1683/1734/1444
f 1683/1734/1444 1177/1725/1435 633/1727/1437 1185/1736/1446
f 1184/1735/1445 1683/1734/1444 1185/1736/1446 625/1737/1447
f 625/1737/1447 1185/1736/1446 1684/1738/1448 1186/1739/1449
f 1185/1736/1446 633/1727/1437 1179/1729/1439 1684/1738/1448
f 1684/1738/1448 1179/1729/1439 631/884/616 1187/887/619
f 1186/1739/1449 1684/1738/1448 1187/887/619 623/551/283
f 451/461/193 1188/458/190 1685/1740/1450 918/1346/1056
f 1188/458/190 432/457/189 870/1281/991 1685/1740/1450
f 1685/1740/1450 870/1281/991 434/1285/995 1189/1741/1451
f 918/1346/1056 1685/1740/1450 1189/1741/1451 453/1347/1057
f 453/1347/1057 1189/1741/1451 1686/1742/1452 920/1350/1060
f 1189/1741/1451 434/1285/995 874/1287/997 1686/1742/1452
f 1686/1742/1452 874/1287/997 433/1291/1001 1190/1743/1453
f 920/1350/1060 1686/1742/1452 1190/1743/1453 454/1351/1061
f 454/1351/1061 1190/1743/1453 1687/1744/1454 922/1354/1064
f 1190/1743/1453 433/1291/1001 877/1293/1003 1687/1744/1454
f 1687/1744/1454 877/1293/1003 431/452/184 1191/449/181
f 922/1354/1064 1687/1744/1454 1191/449/181 452/448/180
f 575/534/266 1192/537/269 1688/1745/1455 1099/1613/1323
f 1192/537/269 444/542/274 890/1311/1021 1688/1745/1455
f 1688/1745/1455 890/1311/1021 446/1313/1023 1193/1746/1456
f 1099/1613/1323 1688/1745/1455 1193/1746/1456 577/1611/1321
f 577/1611/1321 1193/1746/1456 1689/1747/1457 1096/1607/1317
f 1193/1746/1456 446/1313/1023 894/1315/1025 1689/1747/1457
f 1689/1747/1457 894/1315/1025 445/1317/1027 1194/1748/1458
f 1096/1607/1317 1689/1747/1457 1194/1748/1458 578/1605/1315
f 578/1605/1315 1194/1748/1458 1690/1749/1459 1092/1601/1311
f 1194/1748/1458 445/1317/1027 897/1319/1029 1690/1749/1459
f 1690/1749/1459 897/1319/1029 443/465/197 1195/464/196
f 1092/1601/1311 1690/1749/1459 1195/464/196 576/463/195
f 547/753/485 1196/951/683 1691/1750/1460 1070/1567/1277
f 1196/951/683 448/508/240 900/1321/1031 1691/1750/1460
f 1691/1750/1460 900/1321/1031 450/1325/1035 1197/1751/1461
f 1070/1567/1277 1691/1750/1460 1197/1751/1461 549/1568/1278
f 549/1568/1278 1197/1751/1461 1692/1752/1462 1073/1573/1283
f 1197/1751/1461 450/1325/1035 904/1327/1037 1692/1752/1462
f 1692/1752/1462 904/1327/1037 449/1331/1041 1198/1753/1463
f 1073/1573/1283 1692/1752/1462 1198/1753/1463 550/1574/1284
f 550/1574/1284 1198/1753/1463 1693/1754/1464 1076/1579/1289
f 1198/1753/1463 449/1331/1041 907/1333/1043 1693/1754/1464
f 1693/1754/1464 907/1333/1043 447/427/159 1199/426/158
f 1076/1579/1289 1693/1754/1464 1199/426/158 548/425/157
f 623/551/283 1200/550/282 1694/1755/1465 1186/1739/1449
f 1200/550/282 580/549/281 1114/1634/1344 1694/1755/1465
f 1694/1755/1465 1114/1634/1344 582/1631/1341 1201/1756/1466
f 1186/1739/1449 1694/1755/1465 1201/1756/1466 625/1737/1447
f 625/1737/1447 1201/1756/1466 1695/1757/1467 1184/1735/1445
f 1201/1756/1466 582/1631/1341 1112/1630/1340 1695/1757/1467
f 1695/1757/1467 1112/1630/1340 581/1627/1337 1202/1758/1468
f 1184/1735/1445 1695/1757/1467 1202/1758/1468 626/1733/1443
f 626/1733/1443 1202/1758/1468 1696/1759/1469 1181/1731/1441
f 1202/1758/1468 581/1627/1337 1110/1626/1336 1696/1759/1469
f 1696/1759/1469 1110/1626/1336 579/512/244 1203/953/685
f 1181/1731/1441 1696/1759/1469 1203/953/685 624/751/483
f 463/636/368 1204/633/365 1697/1760/1470 1042/1529/1239
f 1204/633/365 412/632/364 1205/657/389 1697/1760/1470
f 1697/1760/1470 1205/657/389 414/656/388 1206/1761/1471
f 1042/1529/1239 1697/1760/1470 1206/1761/1471 465/1527/1237
f 465/1527/1237 1206/1761/1471 1698/1762/1472 1040/1525/1235
f 1206/1761/1471 414/656/388 1207/655/387 1698/1762/1472
f 1698/1762/1472 1207/655/387 413/654/386 1208/1763/1473
f 1040/1525/1235 1698/1762/1472 1208/1763/1473 466/1523/1233
f 466/1523/1233 1208/1763/1473 1699/1764/1474 1037/1521/1231
f 1208/1763/1473 413/654/386 1209/651/383 1699/1764/1474
f 1699/1764/1474 1209/651/383 411/650/382 1210/1765/1475
f 1037/1521/1231 1699/1764/1474 1210/1765/1475 464/787/519
f 435/466/198 1212/469/201 1700/1766/1476 1211/659/391
f 1212/469/201 596/474/206 1124/1649/1359 1700/1766/1476
f 1700/1766/1476 1124/1649/1359 598/1644/1354 1213/1767/1477
f 1211/659/391 1700/1766/1476 1213/1767/1477 437/660/392
f 437/660/392 1213/1767/1477 1701/1768/1478 1214/661/393
f 1213/1767/1477 598/1644/1354 1121/1643/1353 1701/1768/1478
f 1701/1768/1478 1121/1643/1353 597/1638/1348 1215/1769/1479
f 1214/661/393 1701/1768/1478 1215/1769/1479 438/662/394
f 438/662/394 1215/1769/1479 1702/1770/1480 1216/663/395
f 1215/1769/1479 597/1638/1348 1118/1637/1347 1702/1770/1480
f 1702/1770/1480 1118/1637/1347 595/791/523 1217/1771/1481
f 1216/663/395 1702/1770/1480 1217/1771/1481 436/664/396
f 467/714/446 1218/972/704 1703/1772/1482 1022/1497/1207
f 1218/972/704 512/805/537 1061/1556/1266 1703/1772/1482
f 1703/1772/1482 1061/1556/1266 514/1558/1268 1219/1773/1483
f 1022/1497/1207 1703/1772/1482 1219/1773/1483 469/1498/1208
f 469/1498/1208 1219/1773/1483 1704/1774/1484 1025/1503/1213
f 1219/1773/1483 514/1558/1268 1064/1560/1270 1704/1774/1484
f 1704/1774/1484 1064/1560/1270 513/1562/1272 1220/1775/1485
f 1025/1503/1213 1704/1774/1484 1220/1775/1485 470/1504/1214
f 470/1504/1214 1220/1775/1485 1705/1776/1486 1028/1509/1219
f 1220/1775/1485 513/1562/1272 1066/1564/1274 1705/1776/1486
f 1705/1776/1486 1066/1564/1274 511/499/231 1221/498/230
f 1028/1509/1219 1705/1776/1486 1221/498/230 468/497/229
f 591/860/592 1222/859/591 1706/1777/1487 1138/1669/1379
f 1222/859/591 612/858/590 1148/1684/1394 1706/1777/1487
f 1706/1777/1487 1148/1684/1394 614/1679/1389 1223/1778/1488
f 1138/1669/1379 1706/1777/1487 1223/1778/1488 593/1667/1377
f 593/1667/1377 1223/1778/1488 1707/1779/1489 1136/1665/1375
f 1223/1778/1488 614/1679/1389 1145/1678/1388 1707/1779/1489
f 1707/1779/1489 1145/1678/1388 613/1673/1383 1224/1780/1490
f 1136/1665/1375 1707/1779/1489 1224/1780/1490 594/1663/1373
f 594/1663/1373 1224/1780/1490 1708/1781/1491 1133/1661/1371
f 1224/1780/1490 613/1673/1383 1142/1672/1382 1708/1781/1491
f 1708/1781/1491 1142/1672/1382 611/809/541 1225/974/706
f 1133/1661/1371 1708/1781/1491 1225/974/706 592/712/444
f 479/612/344 1226/611/343 1709/1782/1492 1018/1494/1204
f 1226/611/343 428/606/338 888/1309/1019 1709/1782/1492
f 1709/1782/1492 888/1309/1019 430/1304/1014 1227/1783/1493
f 1018/1494/1204 1709/1782/1492 1227/1783/1493 481/1492/1202
f 481/1492/1202 1227/1783/1493 1710/1784/1494 1016/1490/1200
f 1227/1783/1493 430/1304/1014 885/1303/1013 1710/1784/1494
f 1710/1784/1494 885/1303/1013 429/1298/1008 1228/1785/1495
f 1016/1490/1200 1710/1784/1494 1228/1785/1495 482/1488/1198
f 482/1488/1198 1228/1785/1495 1711/1786/1496 1013/1486/1196
f 1228/1785/1495 429/1298/1008 882/1297/1007 1711/1786/1496
f 1711/1786/1496 882/1297/1007 427/434/166 1229/431/163
f 1013/1486/1196 1711/1786/1496 1229/431/163 480/430/162
f 483/621/353 1230/984/716 1712/1787/1497 998/1462/1172
f 1230/984/716 560/760/492 972/1426/1136 1712/1787/1497
f 1712/1787/1497 972/1426/1136 562/1430/1140 1231/1788/1498
f 998/1462/1172 1712/1787/1497 1231/1788/1498 485/1463/1173
f 485/1463/1173 1231/1788/1498 1713/1789/1499 1001/1468/1178
f 1231/1788/1498 562/1430/1140 976/1432/1142 1713/1789/1499
f 1713/1789/1499 976/1432/1142 561/1436/1146 1232/1790/1500
f 1001/1468/1178 1713/1789/1499 1232/1790/1500 486/1469/1179
f 486/1469/1179 1232/1790/1500 1714/1791/1501 1004/1474/1184
f 1232/1790/1500 561/1436/1146 979/1438/1148 1714/1791/1501
f 1714/1791/1501 979/1438/1148 559/439/171 1233/442/174
f 1004/1474/1184 1714/1791/1501 1233/442/174 484/447/179
f 531/822/554 1234/986/718 1715/1792/1502 966/1416/1126
f 1234/986/718 496/689/421 924/1356/1066 1715/1792/1502
f 1715/1792/1502 924/1356/1066 498/1360/1070 1235/1793/1503
f 966/1416/1126 1715/1792/1502 1235/1793/1503 533/1417/1127
f 533/1417/1127 1235/1793/1503 1716/1794/1504 968/1420/1130
f 1235/1793/1503 498/1360/1070 928/1362/1072 1716/1794/1504
f 1716/1794/1504 928/1362/1072 497/1366/1076 1236/1795/1505
f 968/1420/1130 1716/1794/1504 1236/1795/1505 534/1421/1131
f 534/1421/1131 1236/1795/1505 1717/1796/1506 970/1424/1134
f 1236/1795/1505 497/1366/1076 931/1368/1078 1717/1796/1506
f 1717/1796/1506 931/1368/1078 495/484/216 1237/487/219
f 970/1424/1134 1717/1796/1506 1237/487/219 532/492/224
f 499/804/536 1238/1278/988 1718/1797/1507 942/1381/1091
f 1238/1278/988 416/407/139 1239/406/138 1718/1797/1507
f 1718/1797/1507 1239/406/138 418/405/137 1240/1798/1508
f 942/1381/1091 1718/1797/1507 1240/1798/1508 501/1382/1092
f 501/1382/1092 1240/1798/1508 1719/1799/1509 944/1385/1095
f 1240/1798/1508 418/405/137 1241/404/136 1719/1799/1509
f 1719/1799/1509 1241/404/136 417/403/135 1242/1800/1510
f 944/1385/1095 1719/1799/1509 1242/1800/1510 502/1386/1096
f 502/1386/1096 1242/1800/1510 1720/1801/1511 946/1389/1099
f 1242/1800/1510 417/403/135 1243/402/134 1720/1801/1511
f 1720/1801/1511 1243/402/134 415/399/131 1244/398/130
f 946/1389/1099 1720/1801/1511 1244/398/130 500/397/129
f 543/647/379 1245/646/378 1721/1802/1512 1090/1599/1309
f 1245/646/378 516/645/377 1052/1544/1254 1721/1802/1512
f 1721/1802/1512 1052/1544/1254 518/1539/1249 1246/1803/1513
f 1090/1599/1309 1721/1802/1512 1246/1803/1513 545/1597/1307
f 545/1597/1307 1246/1803/1513 1722/1804/1514 1088/1595/1305
f 1246/1803/1513 518/1539/1249 1049/1538/1248 1722/1804/1514
f 1722/1804/1514 1049/1538/1248 517/1533/1243 1247/1805/1515
f 1088/1595/1305 1722/1804/1514 1247/1805/1515 546/1593/1303
f 546/1593/1303 1247/1805/1515 1723/1806/1516 1085/1591/1301
f 1247/1805/1515 517/1533/1243 1046/1532/1242 1723/1806/1516
f 1723/1806/1516 1046/1532/1242 515/732/464 1248/1006/738
f 1085/1591/1301 1723/1806/1516 1248/1006/738 544/823/555
f 607/872/604 1249/878/610 1724/1807/1517 1162/1704/1414
f 1249/878/610 628/877/609 1172/1719/1429 1724/1807/1517
f 1724/1807/1517 1172/1719/1429 630/1714/1424 1250/1808/1518
f 1162/1704/1414 1724/1807/1517 1250/1808/1518 609/1702/1412
f 609/1702/1412 1250/1808/1518 1725/1809/1519 1160/1700/1410
f 1250/1808/1518 630/1714/1424 1169/1713/1423 1725/1809/1519
f 1725/1809/1519 1169/1713/1423 629/1708/1418 1251/1810/1520
f 1160/1700/1410 1725/1809/1519 1251/1810/1520 610/1698/1408
f 610/1698/1408 1251/1810/1520 1726/1811/1521 1157/1696/1406
f 1251/1810/1520 629/1708/1418 1166/1707/1417 1726/1811/1521
f 1726/1811/1521 1166/1707/1417 627/827/559 1252/1008/740
f 1157/1696/1406 1726/1811/1521 1252/1008/740 608/730/462
f 563/840/572 1253/1009/741 1727/1812/1522 990/1451/1161
f 1253/1009/741 528/412/144 948/1391/1101 1727/1812/1522
f 1727/1812/1522 948/1391/1101 530/1395/1105 1254/1813/1523
f 990/1451/1161 1727/1812/1522 1254/1813/1523 565/1452/1162
f 565/1452/1162 1254/1813/1523 1728/1814/1524 992/1455/1165
f 1254/1813/1523 530/1395/1105 952/1397/1107 1728/1814/1524
f 1728/1814/1524 952/1397/1107 529/1401/1111 1255/1815/1525
f 992/1455/1165 1728/1814/1524 1255/1815/1525 566/1456/1166
f 566/1456/1166 1255/1815/1525 1729/1816/1526 994/1459/1169
f 1255/1815/1525 529/1401/1111 955/1403/1113 1729/1816/1526
f 1729/1816/1526 955/1403/1113 527/475/207 1256/478/210
f 994/1459/1169 1729/1816/1526 1256/478/210 564/483/215
f 648/906/638 1258/1054/786 1730/1817/1527 1257/1818/1528
f 1258/1054/786 643/687/419 1259/1819/1529 1730/1817/1527
f 1730/1817/1527 1259/1819/1529 645/1820/1530 1260/1821/1531
f 1257/1818/1528 1730/1817/1527 1260/1821/1531 650/1822/1532
f 650/1822/1532 1260/1821/1531 1731/1823/1533 1261/1824/1534
f 1260/1821/1531 645/1820/1530 1262/1825/1535 1731/1823/1533
f 1731/1823/1533 1262/1825/1535 646/1826/1536 1263/1827/1537
f 1261/1824/1534 1731/1823/1533 1263/1827/1537 649/1828/1538
f 649/1828/1538 1263/1827/1537 1732/1829/1539 1264/1830/1540
f 1263/1827/1537 646/1826/1536 1265/1831/1541 1732/1829/1539
f 1732/1829/1539 1265/1831/1541 644/602/334 1266/1078/810
f 1264/1830/1540 1732/1829/1539 1266/1078/810 647/1071/803
f 640/665/397 1268/902/634 1733/1832/1542 1267/1833/1543
f 1268/902/634 648/906/638 1257/1818/1528 1733/1832/1542
f 1733/1832/1542 1257/1818/1528 650/1822/1532 1269/1834/1544
f 1267/1833/1543 1733/1832/1542 1269/1834/1544 642/1835/1545
f 642/1835/1545 1269/1834/1544 1734/1836/1546 1270/1837/1547
f 1269/1834/1544 650/1822/1532 1261/1824/1534 1734/1836/1546
f 1734/1836/1546 1261/1824/1534 649/1828/1538 1271/1838/1548
f 1270/1837/1547 1734/1836/1546 1271/1838/1548 641/1839/1549
f 641/1839/1549 1271/1838/1548 1735/1840/1550 1272/1841/1551
f 1271/1838/1548 649/1828/1538 1264/1830/1540 1735/1840/1550
f 1735/1840/1550 1264/1830/1540 647/1071/803 1273/1074/806
f 1272/1841/1551 1735/1840/1550 1273/1074/806 639/681/413
f 419/604/336 1274/603/335 1736/1842/1552 887/1308/1018
f 1274/603/335 644/602/334 1265/1831/1541 1736/1842/1552
f 1736/1842/1552 1265/1831/1541 646/1826/1536 1275/1843/1553
f 887/1308/1018 1736/1842/1552 1275/1843/1553 421/1306/1016
f 421/1306/1016 1275/1843/1553 1737/1844/1554 884/1302/1012
f 1275/1843/1553 646/1826/1536 1262/1825/1535 1737/1844/1554
f 1737/1844/1554 1262/1825/1535 645/1820/1530 1276/1845/1555
f 884/1302/1012 1737/1844/1554 1276/1845/1555 422/1300/1010
f 422/1300/1010 1276/1845/1555 1738/1846/1556 880/1296/1006
f 1276/1845/1555 645/1820/1530 1259/1819/1529 1738/1846/1556
f 1738/1846/1556 1259/1819/1529 643/687/419 1277/684/416
f 880/1296/1006 1738/1846/1556 1277/684/416 420/683/415
f 639/681/413 1278/680/412 1739/1847/1557 1272/1841/1551
f 1278/680/412 423/679/411 878/1294/1004 1739/1847/1557
f 1739/1847/1557 878/1294/1004 425/1289/999 1279/1848/1558
f 1272/1841/1551 1739/1847/1557 1279/1848/1558 641/1839/1549
f 641/1839/1549 1279/1848/1558 1740/1849/1559 1270/1837/1547
f 1279/1848/1558 425/1289/999 875/1288/998 1740/1849/1559
f 1740/1849/1559 875/1288/998 426/1283/993 1280/1850/1560
f 1270/1837/1547 1740/1849/1559 1280/1850/1560 642/1835/1545
f 642/1835/1545 1280/1850/1560 1741/1851/1561 1267/1833/1543
f 1280/1850/1560 426/1283/993 872/1282/992 1741/1851/1561
f 1741/1851/1561 872/1282/992 424/669/401 1281/666/398
f 1267/1833/1543 1741/1851/1561 1281/666/398 640/665/397
f 464/787/519 1210/1765/1475 1742/1852/1562 1282/788/520
f 1210/1765/1475 411/650/382 1283/653/385 1742/1852/1562
f 1742/1852/1562 1283/653/385 436/664/396 1217/1771/1481
f 1282/788/520 1742/1852/1562 1217/1771/1481 595/791/523
o Cube.007_Cube
v 0.789971 3.304571 -2.816038
v 0.796510 3.298887 -2.810332
v 0.796410 3.304571 -2.803707
v 0.789886 3.318001 -2.810431
v 0.791868 3.300552 -2.813205
v 0.791772 3.303469 -2.807657
v 0.796439 3.300552 -2.805648
v 0.791755 3.311285 -2.805718
v 0.789912 3.308395 -2.812142
v 0.789886 3.440765 -2.810431
v 0.796410 3.454195 -2.803707
v 0.796510 3.459878 -2.810332
v 0.789971 3.454195 -2.816038
v 0.791755 3.447480 -2.805718
v 0.791772 3.455297 -2.807657
v 0.796439 3.458214 -2.805648
v 0.791868 3.458214 -2.813205
v 0.789912 3.450371 -2.812142
v 0.798946 3.304571 -3.410617
v 0.799031 3.318001 -3.416223
v 0.805755 3.304571 -3.422747
v 0.805655 3.298887 -3.416123
v 0.799005 3.308395 -3.414513
v 0.801000 3.303469 -3.418940
v 0.801042 3.311285 -3.420878
v 0.805726 3.300552 -3.420807
v 0.800929 3.300552 -3.413391
v 0.798946 3.454195 -3.410617
v 0.805655 3.459878 -3.416123
v 0.805755 3.454195 -3.422747
v 0.799031 3.440765 -3.416223
v 0.800929 3.458214 -3.413391
v 0.801000 3.455297 -3.418940
v 0.805726 3.458214 -3.420807
v 0.801042 3.447480 -3.420877
v 0.799005 3.450371 -3.414513
v 1.021918 3.304571 -2.812536
v 1.021834 3.318001 -2.806930
v 1.015109 3.304571 -2.800406
v 1.015209 3.298887 -2.807030
v 1.021859 3.308395 -2.808640
v 1.019864 3.303469 -2.804214
v 1.019823 3.311286 -2.802275
v 1.015139 3.300552 -2.802346
v 1.019936 3.300552 -2.809762
v 1.021918 3.454195 -2.812536
v 1.015209 3.459878 -2.807030
v 1.015109 3.454195 -2.800406
v 1.021834 3.440765 -2.806930
v 1.019936 3.458214 -2.809762
v 1.019864 3.455297 -2.804214
v 1.015139 3.458214 -2.802346
v 1.019823 3.447479 -2.802275
v 1.021859 3.450371 -2.808640
v 1.024355 3.298887 -3.412822
v 1.024455 3.304571 -3.419446
v 1.030979 3.318001 -3.412722
v 1.030894 3.304571 -3.407115
v 1.024425 3.300552 -3.417506
v 1.029093 3.303469 -3.415496
v 1.029109 3.311285 -3.417435
v 1.030953 3.308395 -3.411011
v 1.028996 3.300552 -3.409948
v 1.024355 3.459878 -3.412822
v 1.030894 3.454195 -3.407115
v 1.030979 3.440765 -3.412722
v 1.024455 3.454195 -3.419446
v 1.028996 3.458214 -3.409948
v 1.029093 3.455297 -3.415496
v 1.030953 3.450371 -3.411011
v 1.029109 3.447480 -3.417435
v 1.024425 3.458214 -3.417506
v 0.790167 3.321685 -2.829051
v 0.790013 3.329058 -2.818839
v 0.796737 3.333051 -2.825363
v 0.796837 3.327368 -2.831988
v 0.790058 3.323866 -2.821809
v 0.792046 3.327466 -2.825785
v 0.792024 3.331055 -2.823494
v 0.796766 3.329032 -2.827304
v 0.792130 3.325704 -2.830540
v 0.790013 3.429708 -2.818839
v 0.790167 3.437081 -2.829051
v 0.796837 3.431398 -2.831988
v 0.796737 3.425714 -2.825363
v 0.790058 3.434900 -2.821809
v 0.792046 3.431299 -2.825785
v 0.792130 3.433062 -2.830540
v 0.796766 3.429734 -2.827304
v 0.792024 3.427711 -2.823494
v 0.798750 3.321685 -3.397604
v 0.805328 3.327368 -3.394467
v 0.805428 3.333051 -3.401091
v 0.798904 3.329058 -3.407815
v 0.800667 3.325704 -3.396056
v 0.800726 3.327467 -3.400812
v 0.805399 3.329032 -3.399151
v 0.800774 3.331055 -3.403102
v 0.798859 3.323866 -3.404845
v 0.798750 3.437081 -3.397604
v 0.798904 3.429708 -3.407815
v 0.805428 3.425714 -3.401091
v 0.805328 3.431398 -3.394467
v 0.798859 3.434899 -3.404845
v 0.800727 3.431299 -3.400812
v 0.800774 3.427711 -3.403102
v 0.805399 3.429734 -3.399151
v 0.800667 3.433062 -3.396056
v 1.022115 3.321685 -2.825549
v 1.015536 3.327368 -2.828686
v 1.015436 3.333051 -2.822062
v 1.021960 3.329058 -2.815338
v 1.020198 3.325704 -2.827097
v 1.020138 3.327467 -2.822341
v 1.015466 3.329032 -2.824002
v 1.020091 3.331055 -2.820051
v 1.022005 3.323866 -2.818308
v 1.022115 3.437081 -2.825549
v 1.021960 3.429708 -2.815338
v 1.015436 3.425714 -2.822062
v 1.015536 3.431398 -2.828686
v 1.022005 3.434900 -2.818308
v 1.020138 3.431299 -2.822342
v 1.020091 3.427711 -2.820051
v 1.015466 3.429734 -2.824002
v 1.020198 3.433062 -2.827097
v 1.024028 3.327368 -3.391165
v 1.030698 3.321685 -3.394102
v 1.030852 3.329058 -3.404314
v 1.024128 3.333051 -3.397790
v 1.028734 3.325704 -3.392613
v 1.028819 3.327466 -3.397368
v 1.030807 3.323866 -3.401344
v 1.028841 3.331055 -3.399660
v 1.024098 3.329032 -3.395849
v 1.024028 3.431398 -3.391165
v 1.024128 3.425714 -3.397790
v 1.030852 3.429708 -3.404314
v 1.030698 3.437081 -3.394102
v 1.024098 3.429734 -3.395849
v 1.028819 3.431299 -3.397368
v 1.028841 3.427711 -3.399659
v 1.030807 3.434900 -3.401344
v 1.028735 3.433062 -3.392613
vt 0.375000 0.746770
vt 0.375000 0.503230
vt 0.375000 0.503296
vt 0.375000 0.746704
vt 0.875000 0.746770
vt 0.875000 0.503230
vt 0.875000 0.503296
vt 0.875000 0.746704
vt 0.391716 1.000000
vt 0.608284 1.000000
vt 0.606914 1.000000
vt 0.393087 1.000000
vt 0.608283 0.250000
vt 0.391716 0.250000
vt 0.393086 0.250000
vt 0.606914 0.250000
vt 0.632140 0.502877
vt 0.632140 0.747124
vt 0.867860 0.747124
vt 0.867860 0.502876
vt 0.388658 0.757140
vt 0.388658 0.992860
vt 0.611342 0.992860
vt 0.611342 0.757140
vt 0.388658 0.257140
vt 0.388658 0.492860
vt 0.611342 0.492860
vt 0.611342 0.257140
vt 0.132140 0.502675
vt 0.367860 0.502675
vt 0.367860 0.747325
vt 0.132140 0.747325
vt 0.383826 0.757140
vt 0.616175 0.757140
vt 0.616175 0.992860
vt 0.383826 0.992860
vt 0.632140 0.502675
vt 0.867860 0.502675
vt 0.867860 0.747325
vt 0.632140 0.747325
vt 0.383825 0.257140
vt 0.616174 0.257140
vt 0.616175 0.492860
vt 0.383825 0.492860
vt 0.132140 0.502876
vt 0.132140 0.747123
vt 0.367860 0.747124
vt 0.367860 0.502877
vt 0.608283 0.750000
vt 0.391716 0.750000
vt 0.393087 0.750000
vt 0.606913 0.750000
vt 0.391716 0.500000
vt 0.608283 0.500000
vt 0.606913 0.500000
vt 0.393087 0.500000
vt 0.625000 0.503230
vt 0.625000 0.746770
vt 0.625000 0.746704
vt 0.625000 0.503296
vt 0.125000 0.746770
vt 0.125000 0.746193
vt 0.125000 0.748433
vt 0.125000 0.750000
vt 0.132140 0.750000
vt 0.127078 0.750000
vt 0.394252 1.000000
vt 0.382115 1.000000
vt 0.375000 0.992860
vt 0.375000 1.000000
vt 0.375000 1.000000
vt 0.605747 1.000000
vt 0.617885 1.000000
vt 0.625000 1.000000
vt 0.625000 0.992860
vt 0.625000 0.997922
vt 0.875000 0.746193
vt 0.875000 0.748433
vt 0.867860 0.750000
vt 0.875000 0.750000
vt 0.875000 0.750000
vt 0.125000 0.503230
vt 0.125000 0.500000
vt 0.125000 0.500000
vt 0.125000 0.503807
vt 0.394253 0.250000
vt 0.382115 0.250000
vt 0.375000 0.250000
vt 0.375000 0.257140
vt 0.375000 0.252078
vt 0.125000 0.501566
vt 0.132140 0.500000
vt 0.875000 0.503807
vt 0.875000 0.501566
vt 0.875000 0.500000
vt 0.867860 0.500000
vt 0.872922 0.500000
vt 0.605747 0.250000
vt 0.617885 0.250000
vt 0.625000 0.257140
vt 0.625000 0.250000
vt 0.625000 0.250000
vt 0.375000 0.750000
vt 0.376779 0.750128
vt 0.375000 0.746193
vt 0.394254 0.750000
vt 0.375000 0.757140
vt 0.367860 0.750000
vt 0.625000 0.746193
vt 0.623741 0.749608
vt 0.625000 0.750000
vt 0.632140 0.750000
vt 0.605746 0.750000
vt 0.625000 0.757140
vt 0.367860 0.500000
vt 0.376259 0.500392
vt 0.375000 0.503807
vt 0.394252 0.500000
vt 0.375000 0.492860
vt 0.375000 0.500000
vt 0.625000 0.503807
vt 0.623221 0.499872
vt 0.632140 0.500000
vt 0.625000 0.500000
vt 0.605748 0.500000
vt 0.625000 0.492860
vt 0.125000 0.746704
vt 0.125000 0.750000
vt 0.125000 0.750000
vt 0.125000 0.747783
vt 0.383860 1.000000
vt 0.375236 1.000000
vt 0.375000 1.000000
vt 0.375000 0.992860
vt 0.375000 0.997922
vt 0.125000 0.749848
vt 0.132140 0.750000
vt 0.625000 1.000000
vt 0.625000 1.000000
vt 0.616140 1.000000
vt 0.875000 0.747783
vt 0.875000 0.749848
vt 0.875000 0.750000
vt 0.867860 0.750000
vt 0.872922 0.750000
vt 0.624762 1.000000
vt 0.625000 0.992860
vt 0.125000 0.503296
vt 0.125000 0.502217
vt 0.125000 0.500152
vt 0.125000 0.500000
vt 0.132140 0.500000
vt 0.127078 0.500000
vt 0.383860 0.250000
vt 0.375237 0.250000
vt 0.375000 0.257140
vt 0.375000 0.250000
vt 0.375000 0.250000
vt 0.875000 0.500000
vt 0.875000 0.500000
vt 0.875000 0.502217
vt 0.616140 0.250000
vt 0.624762 0.250000
vt 0.625000 0.250000
vt 0.625000 0.257140
vt 0.625000 0.252078
vt 0.875000 0.500152
vt 0.867860 0.500000
vt 0.375000 0.747783
vt 0.374540 0.749962
vt 0.375000 0.750000
vt 0.367860 0.750000
vt 0.383860 0.750000
vt 0.375000 0.757140
vt 0.625000 0.750000
vt 0.624941 0.750481
vt 0.625000 0.747783
vt 0.616140 0.750000
vt 0.625000 0.757140
vt 0.632140 0.750000
vt 0.375000 0.502217
vt 0.375059 0.499519
vt 0.367860 0.500000
vt 0.375000 0.500000
vt 0.383860 0.500000
vt 0.375000 0.492860
vt 0.632140 0.500000
vt 0.625460 0.500038
vt 0.625000 0.502217
vt 0.616141 0.500000
vt 0.625000 0.492860
vt 0.625000 0.500000
vn 0.9718 -0.2260 0.0670
vn 0.9734 -0.2260 -0.0376
vn 0.9812 0.1872 0.0478
vn 0.9821 0.1872 -0.0182
vn -0.9734 0.2260 0.0376
vn -0.9718 0.2260 -0.0670
vn -0.9821 -0.1872 0.0182
vn -0.9812 -0.1872 -0.0478
vn -0.9833 -0.0087 0.1819
vn -0.9833 0.0087 0.1819
vn -0.9863 -0.0427 -0.1593
vn -0.9863 0.0427 -0.1593
vn -0.9773 0.0087 -0.2116
vn -0.9773 -0.0087 -0.2116
vn -0.9907 0.0427 0.1295
vn -0.9907 -0.0427 0.1295
vn 0.1887 -0.9692 0.1583
vn 0.1934 -0.9692 -0.1525
vn -0.1887 -0.9692 -0.1583
vn -0.1934 -0.9692 0.1525
vn 0.2385 0.2088 -0.9484
vn -0.2098 0.2088 -0.9552
vn -0.2098 -0.2088 -0.9552
vn 0.2385 -0.2088 -0.9484
vn -0.2385 0.2088 0.9484
vn 0.2099 0.2088 0.9552
vn 0.2099 -0.2088 0.9552
vn -0.2385 -0.2088 0.9484
vn -0.2396 -0.9484 -0.2076
vn 0.2457 -0.9484 -0.2003
vn 0.2396 -0.9484 0.2076
vn -0.2457 -0.9484 0.2003
vn 0.2582 -0.2202 0.9407
vn 0.2582 0.2202 0.9407
vn -0.2864 0.2202 0.9325
vn -0.2864 -0.2202 0.9325
vn 0.2457 0.9484 -0.2003
vn -0.2396 0.9484 -0.2076
vn -0.2457 0.9484 0.2003
vn 0.2396 0.9484 0.2077
vn -0.2582 -0.2202 -0.9407
vn -0.2582 0.2202 -0.9407
vn 0.2864 0.2202 -0.9325
vn 0.2864 -0.2202 -0.9325
vn -0.1934 0.9692 0.1525
vn -0.1887 0.9692 -0.1583
vn 0.1934 0.9692 -0.1525
vn 0.1887 0.9692 0.1583
vn 0.9773 0.0087 0.2115
vn 0.9773 -0.0087 0.2115
vn 0.9907 0.0427 -0.1295
vn 0.9907 -0.0427 -0.1295
vn 0.9833 -0.0087 -0.1819
vn 0.9833 0.0087 -0.1819
vn 0.9863 -0.0427 0.1594
vn 0.9863 0.0427 0.1594
vn 0.9734 0.2260 -0.0376
vn 0.9718 0.2260 0.0670
vn 0.9822 -0.1872 -0.0182
vn 0.9812 -0.1872 0.0478
vn -0.9734 -0.2260 0.0376
vn -0.7104 -0.6927 0.1246
vn -0.7861 -0.3958 0.4748
vn -0.9856 -0.0882 0.1442
vn -0.3026 -0.6923 0.6551
vn -0.7399 -0.0605 0.6700
vn -0.7399 0.0605 0.6700
vn -0.7861 0.3957 0.4748
vn -0.9856 0.0882 0.1441
vn -0.3026 0.6923 0.6552
vn -0.7104 0.6927 0.1246
vn -0.9718 -0.2260 -0.0670
vn -0.9808 -0.0882 -0.1738
vn -0.7714 -0.3957 -0.4983
vn -0.7063 -0.6927 -0.1460
vn -0.7194 -0.0605 -0.6919
vn -0.2826 -0.6923 -0.6640
vn -0.7063 0.6927 -0.1460
vn -0.7714 0.3957 -0.4983
vn -0.9808 0.0882 -0.1738
vn -0.2827 0.6923 -0.6640
vn -0.7194 0.0605 -0.6919
vn 0.9808 -0.0882 0.1739
vn 0.7714 -0.3957 0.4983
vn 0.7063 -0.6927 0.1460
vn 0.7194 -0.0605 0.6920
vn 0.2826 -0.6923 0.6640
vn 0.7063 0.6927 0.1460
vn 0.7714 0.3957 0.4983
vn 0.9808 0.0882 0.1738
vn 0.2826 0.6923 0.6640
vn 0.7194 0.0605 0.6920
vn 0.3025 -0.6923 -0.6552
vn 0.7861 -0.3958 -0.4748
vn 0.7104 -0.6927 -0.1246
vn 0.7399 -0.0605 -0.6700
vn 0.9856 -0.0882 -0.1442
vn 0.7104 0.6927 -0.1246
vn 0.7861 0.3958 -0.4748
vn 0.3026 0.6923 -0.6551
vn 0.9856 0.0882 -0.1442
vn 0.7399 0.0605 -0.6700
vn -0.9812 0.1872 -0.0478
vn -0.9893 0.1041 -0.1024
vn -0.7768 0.4836 -0.4032
vn -0.7128 0.6883 -0.1345
vn -0.7624 0.1736 -0.6234
vn -0.2369 0.7332 -0.6375
vn -0.9893 -0.1041 -0.1024
vn -0.7768 -0.4836 -0.4033
vn -0.7624 -0.1736 -0.6234
vn -0.7128 -0.6883 -0.1345
vn -0.2368 -0.7332 -0.6375
vn -0.9821 0.1872 0.0182
vn -0.7166 0.6883 0.1129
vn -0.7887 0.4836 0.3796
vn -0.9919 0.1041 0.0725
vn -0.2560 0.7331 0.6301
vn -0.7808 0.1736 0.6001
vn -0.9919 -0.1041 0.0725
vn -0.7886 -0.4837 0.3796
vn -0.7166 -0.6883 0.1129
vn -0.7808 -0.1736 0.6001
vn -0.2560 -0.7332 0.6300
vn 0.7166 0.6883 -0.1129
vn 0.7886 0.4836 -0.3796
vn 0.9919 0.1041 -0.0725
vn 0.2560 0.7332 -0.6300
vn 0.7808 0.1736 -0.6001
vn 0.9919 -0.1041 -0.0725
vn 0.7886 -0.4837 -0.3796
vn 0.7166 -0.6883 -0.1129
vn 0.7808 -0.1736 -0.6001
vn 0.2559 -0.7332 -0.6300
vn 0.7128 0.6883 0.1345
vn 0.7768 0.4836 0.4032
vn 0.2369 0.7331 0.6375
vn 0.9893 0.1041 0.1024
vn 0.7624 0.1736 0.6234
vn 0.2368 -0.7332 0.6375
vn 0.7768 -0.4836 0.4032
vn 0.7129 -0.6883 0.1345
vn 0.7624 -0.1736 0.6234
vn 0.9893 -0.1041 0.1024
usemtl None
s 1
f 1779/1853/1563 1800/1854/1564 1870/1855/1565 1851/1856/1566
f 1755/1857/1567 1770/1858/1568 1842/1859/1569 1825/1860/1570
f 1746/1861/1571 1752/1862/1572 1824/1863/1573 1816/1864/1574
f 1773/1865/1575 1762/1866/1576 1836/1867/1577 1843/1868/1578
f 1878/1869/1579 1863/1870/1580 1826/1871/1581 1845/1872/1582
f 1853/1873/1583 1817/1874/1584 1827/1875/1585 1862/1876/1586
f 1835/1877/1587 1872/1878/1588 1879/1879/1589 1844/1880/1590
f 1764/1881/1591 1797/1882/1592 1782/1883/1593 1744/1884/1594
f 1781/1885/1595 1790/1886/1596 1753/1887/1597 1745/1888/1598
f 1806/1889/1599 1771/1890/1600 1754/1891/1601 1789/1892/1602
f 1763/1893/1603 1772/1894/1604 1809/1895/1605 1798/1896/1606
f 1834/1897/1607 1818/1898/1608 1852/1899/1609 1869/1900/1610
f 1791/1901/1611 1780/1902/1612 1854/1903/1613 1861/1904/1614
f 1799/1905/1615 1808/1906/1616 1880/1907/1617 1871/1908/1618
f 1807/1909/1619 1788/1910/1620 1860/1911/1621 1881/1912/1622
f 1743/1913/1623 1747/1914/1624 1748/1915/1625 1751/1916/1626
f 1744/1884/1594 1749/1917/1627 1748/1918/1625 1747/1914/1624
f 1745/1888/1598 1750/1919/1628 1748/1920/1625 1749/1921/1627
f 1746/1861/1571 1751/1922/1626 1748/1923/1625 1750/1919/1628
f 1752/1862/1572 1756/1924/1629 1757/1925/1630 1760/1926/1631
f 1753/1887/1597 1758/1927/1632 1757/1928/1630 1756/1924/1629
f 1754/1891/1601 1759/1929/1633 1757/1930/1630 1758/1931/1632
f 1755/1857/1567 1760/1932/1631 1757/1933/1630 1759/1929/1633
f 1761/1934/1634 1765/1935/1635 1766/1936/1636 1769/1937/1637
f 1762/1866/1576 1767/1938/1638 1766/1939/1636 1765/1940/1635
f 1763/1893/1603 1768/1941/1639 1766/1942/1636 1767/1938/1638
f 1764/1881/1591 1769/1937/1637 1766/1943/1636 1768/1944/1639
f 1770/1858/1568 1774/1945/1640 1775/1946/1641 1778/1947/1642
f 1771/1890/1600 1776/1948/1643 1775/1949/1641 1774/1945/1640
f 1772/1894/1604 1777/1950/1644 1775/1951/1641 1776/1952/1643
f 1773/1865/1575 1778/1953/1642 1775/1954/1641 1777/1950/1644
f 1779/1853/1563 1783/1955/1645 1784/1956/1646 1787/1957/1647
f 1780/1902/1612 1785/1958/1648 1784/1956/1646 1783/1955/1645
f 1781/1885/1595 1786/1959/1649 1784/1956/1646 1785/1958/1648
f 1782/1883/1593 1787/1957/1647 1784/1956/1646 1786/1960/1649
f 1788/1910/1620 1792/1961/1650 1793/1962/1651 1796/1963/1652
f 1789/1892/1602 1794/1964/1653 1793/1962/1651 1792/1961/1650
f 1790/1886/1596 1795/1965/1654 1793/1962/1651 1794/1966/1653
f 1791/1901/1611 1796/1963/1652 1793/1962/1651 1795/1965/1654
f 1797/1882/1592 1801/1967/1655 1802/1968/1656 1805/1969/1657
f 1798/1896/1606 1803/1970/1658 1802/1968/1656 1801/1971/1655
f 1799/1905/1615 1804/1972/1659 1802/1968/1656 1803/1970/1658
f 1800/1854/1564 1805/1969/1657 1802/1968/1656 1804/1972/1659
f 1806/1889/1599 1810/1973/1660 1811/1974/1661 1814/1975/1662
f 1807/1909/1619 1812/1976/1663 1811/1974/1661 1810/1973/1660
f 1808/1906/1616 1813/1977/1664 1811/1974/1661 1812/1976/1663
f 1809/1895/1605 1814/1978/1662 1811/1974/1661 1813/1977/1664
f 1815/1979/1665 1819/1980/1666 1820/1981/1667 1823/1982/1668
f 1816/1864/1574 1821/1983/1669 1820/1984/1667 1819/1985/1666
f 1817/1874/1584 1822/1986/1670 1820/1987/1667 1821/1983/1669
f 1818/1898/1608 1823/1982/1668 1820/1988/1667 1822/1989/1670
f 1824/1863/1573 1828/1990/1671 1829/1991/1672 1832/1992/1673
f 1825/1860/1570 1830/1993/1674 1829/1994/1672 1828/1995/1671
f 1826/1871/1581 1831/1996/1675 1829/1997/1672 1830/1993/1674
f 1827/1875/1585 1832/1992/1673 1829/1998/1672 1831/1999/1675
f 1833/2000/1676 1837/2001/1677 1838/2002/1678 1841/2003/1679
f 1834/1897/1607 1839/2004/1680 1838/2005/1678 1837/2001/1677
f 1835/1877/1587 1840/2006/1681 1838/2007/1678 1839/2008/1680
f 1836/1867/1577 1841/2009/1679 1838/2010/1678 1840/2006/1681
f 1842/1859/1569 1846/2011/1682 1847/2012/1683 1850/2013/1684
f 1843/1868/1578 1848/2014/1685 1847/2015/1683 1846/2016/1682
f 1844/1880/1590 1849/2017/1686 1847/2018/1683 1848/2014/1685
f 1845/1872/1582 1850/2013/1684 1847/2019/1683 1849/2020/1686
f 1851/1856/1566 1855/2021/1687 1856/2022/1688 1859/2023/1689
f 1852/1899/1609 1857/2024/1690 1856/2022/1688 1855/2021/1687
f 1853/1873/1583 1858/2025/1691 1856/2022/1688 1857/2026/1690
f 1854/1903/1613 1859/2023/1689 1856/2022/1688 1858/2025/1691
f 1860/1911/1621 1864/2027/1692 1865/2028/1693 1868/2029/1694
f 1861/1904/1614 1866/2030/1695 1865/2028/1693 1864/2027/1692
f 1862/1876/1586 1867/2031/1696 1865/2028/1693 1866/2030/1695
f 1863/1870/1580 1868/2029/1694 1865/2028/1693 1867/2032/1696
f 1869/1900/1610 1873/2033/1697 1874/2034/1698 1877/2035/1699
f 1870/1855/1565 1875/2036/1700 1874/2034/1698 1873/2033/1697
f 1871/1908/1618 1876/2037/1701 1874/2034/1698 1875/2036/1700
f 1872/1878/1588 1877/2038/1699 1874/2034/1698 1876/2037/1701
f 1878/1869/1579 1882/2039/1702 1883/2040/1703 1886/2041/1704
f 1879/1879/1589 1884/2042/1705 1883/2040/1703 1882/2043/1702
f 1880/1907/1617 1885/2044/1706 1883/2040/1703 1884/2042/1705
f 1881/1912/1622 1886/2041/1704 1883/2040/1703 1885/2044/1706
f 1764/1881/1591 1744/1884/1594 1747/1914/1624 1769/1937/1637
f 1769/1937/1637 1747/1914/1624 1743/1913/1623 1761/1934/1634
f 1745/1888/1598 1753/1887/1597 1756/1924/1629 1750/1919/1628
f 1750/1919/1628 1756/1924/1629 1752/1862/1572 1746/1861/1571
f 1754/1891/1601 1771/1890/1600 1774/1945/1640 1759/1929/1633
f 1759/1929/1633 1774/1945/1640 1770/1858/1568 1755/1857/1567
f 1772/1894/1604 1763/1893/1603 1767/1938/1638 1777/1950/1644
f 1777/1950/1644 1767/1938/1638 1762/1866/1576 1773/1865/1575
f 1797/1882/1592 1764/1881/1591 1768/1944/1639 1801/1967/1655
f 1801/1971/1655 1768/1941/1639 1763/1893/1603 1798/1896/1606
f 1771/1890/1600 1806/1889/1599 1814/1975/1662 1776/1948/1643
f 1776/1952/1643 1814/1978/1662 1809/1895/1605 1772/1894/1604
f 1808/1906/1616 1799/1905/1615 1803/1970/1658 1813/1977/1664
f 1813/1977/1664 1803/1970/1658 1798/1896/1606 1809/1895/1605
f 1782/1883/1593 1797/1882/1592 1805/1969/1657 1787/1957/1647
f 1787/1957/1647 1805/1969/1657 1800/1854/1564 1779/1853/1563
f 1806/1889/1599 1789/1892/1602 1792/1961/1650 1810/1973/1660
f 1810/1973/1660 1792/1961/1650 1788/1910/1620 1807/1909/1619
f 1790/1886/1596 1781/1885/1595 1785/1958/1648 1795/1965/1654
f 1795/1965/1654 1785/1958/1648 1780/1902/1612 1791/1901/1611
f 1744/1884/1594 1782/1883/1593 1786/1960/1649 1749/1917/1627
f 1749/1921/1627 1786/1959/1649 1781/1885/1595 1745/1888/1598
f 1789/1892/1602 1754/1891/1601 1758/1931/1632 1794/1964/1653
f 1794/1966/1653 1758/1927/1632 1753/1887/1597 1790/1886/1596
f 1833/2000/1676 1815/1979/1665 1823/1982/1668 1837/2001/1677
f 1837/2001/1677 1823/1982/1668 1818/1898/1608 1834/1897/1607
f 1816/1864/1574 1824/1863/1573 1832/1992/1673 1821/1983/1669
f 1821/1983/1669 1832/1992/1673 1827/1875/1585 1817/1874/1584
f 1825/1860/1570 1842/1859/1569 1850/2013/1684 1830/1993/1674
f 1830/1993/1674 1850/2013/1684 1845/1872/1582 1826/1871/1581
f 1843/1868/1578 1836/1867/1577 1840/2006/1681 1848/2014/1685
f 1848/2014/1685 1840/2006/1681 1835/1877/1587 1844/1880/1590
f 1872/1878/1588 1835/1877/1587 1839/2008/1680 1877/2038/1699
f 1877/2035/1699 1839/2004/1680 1834/1897/1607 1869/1900/1610
f 1844/1880/1590 1879/1879/1589 1882/2043/1702 1849/2017/1686
f 1849/2020/1686 1882/2039/1702 1878/1869/1579 1845/1872/1582
f 1879/1879/1589 1872/1878/1588 1876/2037/1701 1884/2042/1705
f 1884/2042/1705 1876/2037/1701 1871/1908/1618 1880/1907/1617
f 1851/1856/1566 1870/1855/1565 1873/2033/1697 1855/2021/1687
f 1855/2021/1687 1873/2033/1697 1869/1900/1610 1852/1899/1609
f 1881/1912/1622 1860/1911/1621 1868/2029/1694 1886/2041/1704
f 1886/2041/1704 1868/2029/1694 1863/1870/1580 1878/1869/1579
f 1861/1904/1614 1854/1903/1613 1858/2025/1691 1866/2030/1695
f 1866/2030/1695 1858/2025/1691 1853/1873/1583 1862/1876/1586
f 1817/1874/1584 1853/1873/1583 1857/2026/1690 1822/1986/1670
f 1822/1989/1670 1857/2024/1690 1852/1899/1609 1818/1898/1608
f 1862/1876/1586 1827/1875/1585 1831/1999/1675 1867/2031/1696
f 1867/2032/1696 1831/1996/1675 1826/1871/1581 1863/1870/1580
f 1746/1861/1571 1816/1864/1574 1819/1985/1666 1751/1922/1626
f 1751/1916/1626 1819/1980/1666 1815/1979/1665 1743/1913/1623
f 1755/1857/1567 1825/1860/1570 1828/1995/1671 1760/1932/1631
f 1760/1926/1631 1828/1990/1671 1824/1863/1573 1752/1862/1572
f 1761/1934/1634 1833/2000/1676 1841/2003/1679 1765/1935/1635
f 1765/1940/1635 1841/2009/1679 1836/1867/1577 1762/1866/1576
f 1773/1865/1575 1843/1868/1578 1846/2016/1682 1778/1953/1642
f 1778/1947/1642 1846/2011/1682 1842/1859/1569 1770/1858/1568
f 1779/1853/1563 1851/1856/1566 1859/2023/1689 1783/1955/1645
f 1783/1955/1645 1859/2023/1689 1854/1903/1613 1780/1902/1612
f 1791/1901/1611 1861/1904/1614 1864/2027/1692 1796/1963/1652
f 1796/1963/1652 1864/2027/1692 1860/1911/1621 1788/1910/1620
f 1799/1905/1615 1871/1908/1618 1875/2036/1700 1804/1972/1659
f 1804/1972/1659 1875/2036/1700 1870/1855/1565 1800/1854/1564
f 1807/1909/1619 1881/1912/1622 1885/2044/1706 1812/1976/1663
f 1812/1976/1663 1885/2044/1706 1880/1907/1617 1808/1906/1616
f 1761/1934/1634 1743/1913/1623 1815/1979/1665 1833/2000/1676
o Cube.009_Cube.007
v 0.341049 3.306256 -2.822429
v 0.349772 3.298376 -2.811932
v 0.350385 3.306256 -2.804075
v 0.341916 3.317401 -2.811319
v 0.343783 3.300684 -2.817054
v 0.344405 3.303642 -2.808890
v 0.350206 3.300684 -2.806376
v 0.344650 3.311828 -2.805943
v 0.341662 3.309520 -2.814573
v 0.341916 3.401779 -2.811319
v 0.350385 3.412924 -2.804075
v 0.349772 3.420804 -2.811932
v 0.341049 3.412924 -2.822429
v 0.344650 3.407351 -2.805943
v 0.344405 3.415539 -2.808890
v 0.350206 3.418496 -2.806376
v 0.343783 3.418496 -2.817053
v 0.341662 3.409660 -2.814573
v 0.295837 3.306256 -3.401728
v 0.294970 3.317401 -3.412839
v 0.302213 3.306256 -3.421309
v 0.302827 3.298376 -3.413452
v 0.295224 3.309520 -3.409585
v 0.297053 3.303641 -3.415625
v 0.296838 3.311828 -3.418574
v 0.302393 3.300684 -3.419008
v 0.297705 3.300684 -3.407464
v 0.295837 3.412924 -3.401729
v 0.302827 3.420804 -3.413452
v 0.302213 3.412924 -3.421309
v 0.294970 3.401779 -3.412839
v 0.297705 3.418496 -3.407464
v 0.297053 3.415538 -3.415625
v 0.302393 3.418496 -3.419008
v 0.296838 3.407351 -3.418574
v 0.295224 3.409660 -3.409585
v 0.572319 3.306256 -2.840479
v 0.573187 3.317401 -2.829368
v 0.565943 3.306256 -2.820899
v 0.565330 3.298376 -2.828755
v 0.572933 3.309520 -2.832622
v 0.571104 3.303641 -2.826583
v 0.571319 3.311828 -2.823633
v 0.565764 3.300684 -2.823200
v 0.570452 3.300684 -2.834744
v 0.572319 3.412924 -2.840479
v 0.565330 3.420804 -2.828755
v 0.565943 3.412924 -2.820899
v 0.573187 3.401779 -2.829368
v 0.570452 3.418496 -2.834744
v 0.571104 3.415538 -2.826583
v 0.565764 3.418496 -2.823200
v 0.571319 3.407351 -2.823633
v 0.572933 3.409660 -2.832622
v 0.518384 3.298376 -3.430276
v 0.517771 3.306256 -3.438132
v 0.526241 3.317401 -3.430889
v 0.527108 3.306256 -3.419778
v 0.517951 3.300684 -3.435831
v 0.523751 3.303641 -3.433317
v 0.523506 3.311828 -3.436265
v 0.526495 3.309520 -3.427635
v 0.524373 3.300684 -3.425154
v 0.518384 3.420804 -3.430276
v 0.527108 3.412924 -3.419778
v 0.526241 3.401779 -3.430889
v 0.517771 3.412924 -3.438132
v 0.524373 3.418496 -3.425154
v 0.523751 3.415539 -3.433317
v 0.526495 3.409660 -3.427634
v 0.523506 3.407351 -3.436265
v 0.517951 3.418496 -3.435831
v 0.340590 3.312154 -2.828310
v 0.341457 3.323299 -2.817199
v 0.348700 3.327914 -2.825668
v 0.348087 3.320034 -2.833525
v 0.341203 3.315418 -2.820453
v 0.343109 3.320305 -2.825504
v 0.343324 3.325607 -2.822934
v 0.348520 3.322342 -2.827969
v 0.342711 3.317726 -2.830790
v 0.341457 3.395881 -2.817199
v 0.340590 3.407026 -2.828310
v 0.348087 3.399145 -2.833525
v 0.348700 3.391265 -2.825668
v 0.341203 3.403761 -2.820453
v 0.343109 3.398875 -2.825504
v 0.342711 3.401453 -2.830790
v 0.348520 3.396837 -2.827969
v 0.343324 3.393573 -2.822934
v 0.296296 3.312154 -3.395848
v 0.304512 3.320034 -3.391860
v 0.303899 3.327914 -3.399716
v 0.295429 3.323299 -3.406959
v 0.298777 3.317726 -3.393727
v 0.298349 3.320305 -3.399011
v 0.304078 3.322342 -3.397415
v 0.298164 3.325607 -3.401583
v 0.295683 3.315418 -3.403705
v 0.296296 3.407026 -3.395848
v 0.295429 3.395881 -3.406959
v 0.303899 3.391265 -3.399716
v 0.304512 3.399145 -3.391860
v 0.295683 3.403761 -3.403704
v 0.298349 3.398875 -3.399011
v 0.298164 3.393573 -3.401583
v 0.304078 3.396837 -3.397415
v 0.298777 3.401453 -3.393727
v 0.571860 3.312154 -2.846359
v 0.563645 3.320034 -2.850348
v 0.564258 3.327914 -2.842491
v 0.572728 3.323299 -2.835248
v 0.569380 3.317726 -2.848480
v 0.569807 3.320305 -2.843196
v 0.564078 3.322342 -2.844792
v 0.569993 3.325607 -2.840624
v 0.572474 3.315418 -2.838502
v 0.571860 3.407026 -2.846359
v 0.572728 3.395881 -2.835248
v 0.564258 3.391265 -2.842491
v 0.563645 3.399145 -2.850348
v 0.572474 3.403761 -2.838502
v 0.569807 3.398875 -2.843196
v 0.569993 3.393573 -2.840624
v 0.564078 3.396837 -2.844792
v 0.569380 3.401453 -2.848480
v 0.520070 3.320034 -3.408683
v 0.527567 3.312154 -3.413898
v 0.526700 3.323299 -3.425009
v 0.519457 3.327914 -3.416539
v 0.525446 3.317726 -3.411417
v 0.525048 3.320305 -3.416704
v 0.526954 3.315418 -3.421755
v 0.524832 3.325607 -3.419274
v 0.519636 3.322342 -3.414238
v 0.520070 3.399145 -3.408683
v 0.519457 3.391265 -3.416539
v 0.526700 3.395881 -3.425009
v 0.527567 3.407026 -3.413898
v 0.519636 3.396837 -3.414238
v 0.525048 3.398875 -3.416704
v 0.524832 3.393574 -3.419274
v 0.526954 3.403761 -3.421754
v 0.525446 3.401453 -3.411417
vt 0.375000 0.745452
vt 0.375000 0.504548
vt 0.375000 0.504595
vt 0.375000 0.745405
vt 0.875000 0.745452
vt 0.875000 0.504548
vt 0.875000 0.504595
vt 0.875000 0.745405
vt 0.399414 1.000000
vt 0.600586 1.000000
vt 0.598731 1.000000
vt 0.401268 1.000000
vt 0.600586 0.250000
vt 0.399414 0.250000
vt 0.401268 0.250000
vt 0.598731 0.250000
vt 0.633493 0.503421
vt 0.633493 0.746579
vt 0.866507 0.746578
vt 0.866507 0.503421
vt 0.399902 0.758493
vt 0.399902 0.991507
vt 0.600098 0.991507
vt 0.600098 0.758493
vt 0.399902 0.258493
vt 0.399902 0.491507
vt 0.600098 0.491507
vt 0.600098 0.258493
vt 0.133493 0.503182
vt 0.366507 0.503182
vt 0.366507 0.746818
vt 0.133493 0.746818
vt 0.391091 0.758493
vt 0.608909 0.758493
vt 0.608909 0.991507
vt 0.391091 0.991507
vt 0.633493 0.503182
vt 0.866507 0.503182
vt 0.866507 0.746818
vt 0.633493 0.746818
vt 0.391091 0.258493
vt 0.608909 0.258493
vt 0.608909 0.491507
vt 0.391091 0.491507
vt 0.133493 0.503421
vt 0.133493 0.746578
vt 0.366507 0.746579
vt 0.366507 0.503422
vt 0.600586 0.750000
vt 0.399414 0.750000
vt 0.401269 0.750000
vt 0.598731 0.750000
vt 0.399413 0.500000
vt 0.600586 0.500000
vt 0.598731 0.500000
vt 0.401269 0.500000
vt 0.625000 0.504548
vt 0.625000 0.745452
vt 0.625000 0.745405
vt 0.625000 0.504595
vt 0.125000 0.745452
vt 0.125000 0.744568
vt 0.125000 0.747874
vt 0.125000 0.750000
vt 0.133493 0.750000
vt 0.127471 0.750000
vt 0.402470 1.000000
vt 0.385753 1.000000
vt 0.375000 0.991507
vt 0.375000 1.000000
vt 0.375001 1.000000
vt 0.597529 1.000000
vt 0.614247 1.000000
vt 0.625000 1.000000
vt 0.625000 0.991507
vt 0.625000 0.997529
vt 0.875000 0.744568
vt 0.875000 0.747874
vt 0.866507 0.750000
vt 0.875000 0.750000
vt 0.875000 0.750000
vt 0.125000 0.504548
vt 0.125000 0.500000
vt 0.125000 0.500000
vt 0.125000 0.505432
vt 0.402470 0.250000
vt 0.385752 0.250000
vt 0.374999 0.250000
vt 0.375000 0.258493
vt 0.375000 0.252471
vt 0.125000 0.502126
vt 0.133493 0.500000
vt 0.875000 0.505432
vt 0.875000 0.502126
vt 0.875000 0.500000
vt 0.866507 0.500000
vt 0.872529 0.500000
vt 0.597529 0.250000
vt 0.614246 0.250000
vt 0.625000 0.258493
vt 0.625000 0.250000
vt 0.625000 0.250000
vt 0.375000 0.750000
vt 0.377688 0.750086
vt 0.375000 0.744568
vt 0.402470 0.750000
vt 0.375000 0.758493
vt 0.366507 0.750000
vt 0.625000 0.744568
vt 0.622929 0.749469
vt 0.625000 0.750000
vt 0.633493 0.750000
vt 0.597529 0.750000
vt 0.625000 0.758493
vt 0.366507 0.500000
vt 0.377070 0.500532
vt 0.375000 0.505432
vt 0.402470 0.500000
vt 0.375000 0.491507
vt 0.375000 0.500000
vt 0.625000 0.505432
vt 0.622312 0.499914
vt 0.633493 0.500000
vt 0.625000 0.500000
vt 0.597529 0.500000
vt 0.625000 0.491507
vt 0.125000 0.745405
vt 0.125000 0.750000
vt 0.125000 0.750000
vt 0.125000 0.747581
vt 0.392609 1.000000
vt 0.375856 1.000000
vt 0.375000 1.000000
vt 0.375000 0.991507
vt 0.375000 0.997529
vt 0.125000 0.749882
vt 0.133493 0.750000
vt 0.625000 1.000000
vt 0.625000 1.000000
vt 0.607391 1.000000
vt 0.875000 0.747581
vt 0.875000 0.749882
vt 0.875000 0.750000
vt 0.866507 0.750000
vt 0.872529 0.750000
vt 0.624144 1.000000
vt 0.625000 0.991507
vt 0.125000 0.504595
vt 0.125000 0.502419
vt 0.125000 0.500118
vt 0.125000 0.500000
vt 0.133493 0.500000
vt 0.127471 0.500000
vt 0.392609 0.250000
vt 0.375856 0.250000
vt 0.375000 0.258493
vt 0.375000 0.250000
vt 0.375000 0.250000
vt 0.875000 0.500000
vt 0.875000 0.500000
vt 0.875000 0.502420
vt 0.607391 0.250000
vt 0.624144 0.250000
vt 0.625000 0.250000
vt 0.625000 0.258493
vt 0.625000 0.252471
vt 0.875000 0.500118
vt 0.866507 0.500000
vt 0.375000 0.747581
vt 0.374596 0.749971
vt 0.375000 0.750000
vt 0.366507 0.750000
vt 0.392609 0.750000
vt 0.375000 0.758493
vt 0.625000 0.750000
vt 0.624786 0.750588
vt 0.625000 0.747581
vt 0.607391 0.750000
vt 0.625000 0.758493
vt 0.633493 0.750000
vt 0.375000 0.502419
vt 0.375214 0.499412
vt 0.366507 0.500000
vt 0.375000 0.500000
vt 0.392609 0.500000
vt 0.375000 0.491507
vt 0.633493 0.500000
vt 0.625404 0.500029
vt 0.625000 0.502419
vt 0.607392 0.500000
vt 0.625000 0.491507
vt 0.625000 0.500000
vn 0.9786 -0.1979 -0.0556
vn 0.9754 -0.1979 -0.0969
vn 0.9872 0.1544 -0.0412
vn 0.9816 0.1544 -0.1124
vn -0.9754 0.1979 0.0969
vn -0.9786 0.1979 0.0556
vn -0.9816 -0.1544 0.1124
vn -0.9871 -0.1544 0.0412
vn -0.9616 -0.0207 0.2736
vn -0.9616 0.0207 0.2736
vn -0.9964 -0.0357 -0.0771
vn -0.9964 0.0357 -0.0771
vn -0.9924 0.0207 -0.1211
vn -0.9924 -0.0207 -0.1211
vn -0.9724 0.0357 0.2308
vn -0.9724 -0.0357 0.2308
vn 0.2350 -0.9586 0.1607
vn 0.2072 -0.9586 -0.1952
vn -0.2350 -0.9586 -0.1607
vn -0.2072 -0.9586 0.1952
vn 0.1465 0.1785 -0.9730
vn -0.2957 0.1785 -0.9385
vn -0.2957 -0.1785 -0.9385
vn 0.1465 -0.1785 -0.9730
vn -0.1465 0.1785 0.9730
vn 0.2957 0.1785 0.9385
vn 0.2957 -0.1785 0.9385
vn -0.1465 -0.1785 0.9730
vn -0.2848 -0.9395 -0.1902
vn 0.2518 -0.9395 -0.2321
vn 0.2848 -0.9395 0.1902
vn -0.2519 -0.9395 0.2321
vn 0.3414 -0.2118 0.9157
vn 0.3415 0.2118 0.9157
vn -0.1952 0.2118 0.9576
vn -0.1952 -0.2118 0.9576
vn 0.2518 0.9395 -0.2321
vn -0.2848 0.9395 -0.1902
vn -0.2518 0.9395 0.2321
vn 0.2848 0.9395 0.1902
vn -0.3414 -0.2118 -0.9157
vn -0.3414 0.2118 -0.9157
vn 0.1952 0.2118 -0.9576
vn 0.1952 -0.2118 -0.9576
vn -0.2072 0.9586 0.1952
vn -0.2349 0.9586 -0.1607
vn 0.2072 0.9586 -0.1952
vn 0.2350 0.9586 0.1607
vn 0.9924 0.0207 0.1211
vn 0.9924 -0.0207 0.1211
vn 0.9724 0.0357 -0.2308
vn 0.9724 -0.0357 -0.2307
vn 0.9616 -0.0207 -0.2736
vn 0.9616 0.0207 -0.2736
vn 0.9964 -0.0357 0.0771
vn 0.9964 0.0357 0.0771
vn 0.9754 0.1979 -0.0969
vn 0.9786 0.1979 -0.0556
vn 0.9816 -0.1544 -0.1124
vn 0.9871 -0.1544 -0.0412
vn -0.9754 -0.1979 0.0969
vn -0.7266 -0.6713 0.1464
vn -0.7550 -0.4326 0.4928
vn -0.9728 -0.1212 0.1975
vn -0.2497 -0.6738 0.6954
vn -0.6813 -0.0894 0.7265
vn -0.6813 0.0894 0.7265
vn -0.7550 0.4326 0.4928
vn -0.9728 0.1212 0.1975
vn -0.2497 0.6739 0.6954
vn -0.7266 0.6713 0.1464
vn -0.9786 -0.1979 0.0556
vn -0.9916 -0.1212 -0.0442
vn -0.8223 -0.4326 -0.3697
vn -0.7405 -0.6713 -0.0319
vn -0.7858 -0.0894 -0.6120
vn -0.3545 -0.6739 -0.6482
vn -0.7405 0.6713 -0.0319
vn -0.8223 0.4325 -0.3697
vn -0.9916 0.1212 -0.0442
vn -0.3545 0.6739 -0.6482
vn -0.7858 0.0894 -0.6120
vn 0.9916 -0.1212 0.0442
vn 0.8223 -0.4326 0.3697
vn 0.7405 -0.6713 0.0319
vn 0.7858 -0.0894 0.6120
vn 0.3545 -0.6739 0.6483
vn 0.7405 0.6713 0.0319
vn 0.8223 0.4325 0.3697
vn 0.9916 0.1212 0.0442
vn 0.3546 0.6739 0.6482
vn 0.7858 0.0894 0.6120
vn 0.2497 -0.6739 -0.6954
vn 0.7550 -0.4326 -0.4928
vn 0.7266 -0.6713 -0.1464
vn 0.6813 -0.0894 -0.7265
vn 0.9728 -0.1212 -0.1975
vn 0.7266 0.6713 -0.1464
vn 0.7550 0.4326 -0.4928
vn 0.2497 0.6739 -0.6954
vn 0.9728 0.1212 -0.1975
vn 0.6813 0.0894 -0.7265
vn -0.9871 0.1544 0.0412
vn -0.9961 0.0880 -0.0105
vn -0.8344 0.4203 -0.3565
vn -0.7717 0.6303 -0.0844
vn -0.8096 0.1442 -0.5691
vn -0.3178 0.6817 -0.6590
vn -0.9961 -0.0880 -0.0105
vn -0.8344 -0.4203 -0.3565
vn -0.8096 -0.1442 -0.5690
vn -0.7717 -0.6303 -0.0844
vn -0.3178 -0.6817 -0.6590
vn -0.9816 0.1544 0.1124
vn -0.7493 0.6303 0.2031
vn -0.7690 0.4203 0.4816
vn -0.9824 0.0880 0.1649
vn -0.2117 0.6817 0.7003
vn -0.7115 0.1442 0.6878
vn -0.9824 -0.0880 0.1649
vn -0.7690 -0.4203 0.4816
vn -0.7493 -0.6303 0.2031
vn -0.7115 -0.1442 0.6878
vn -0.2117 -0.6817 0.7003
vn 0.7493 0.6303 -0.2031
vn 0.7690 0.4203 -0.4816
vn 0.9824 0.0880 -0.1649
vn 0.2117 0.6817 -0.7003
vn 0.7115 0.1442 -0.6878
vn 0.9824 -0.0880 -0.1649
vn 0.7690 -0.4203 -0.4816
vn 0.7493 -0.6303 -0.2031
vn 0.7115 -0.1442 -0.6878
vn 0.2117 -0.6817 -0.7003
vn 0.7717 0.6303 0.0844
vn 0.8344 0.4203 0.3565
vn 0.3178 0.6817 0.6590
vn 0.9961 0.0880 0.0105
vn 0.8096 0.1442 0.5690
vn 0.3178 -0.6817 0.6590
vn 0.8344 -0.4203 0.3565
vn 0.7717 -0.6303 0.0844
vn 0.8096 -0.1442 0.5690
vn 0.9961 -0.0880 0.0105
usemtl None
s 1
f 1923/2045/1707 1944/2046/1708 2014/2047/1709 1995/2048/1710
f 1899/2049/1711 1914/2050/1712 1986/2051/1713 1969/2052/1714
f 1890/2053/1715 1896/2054/1716 1968/2055/1717 1960/2056/1718
f 1917/2057/1719 1906/2058/1720 1980/2059/1721 1987/2060/1722
f 2022/2061/1723 2007/2062/1724 1970/2063/1725 1989/2064/1726
f 1997/2065/1727 1961/2066/1728 1971/2067/1729 2006/2068/1730
f 1979/2069/1731 2016/2070/1732 2023/2071/1733 1988/2072/1734
f 1908/2073/1735 1941/2074/1736 1926/2075/1737 1888/2076/1738
f 1925/2077/1739 1934/2078/1740 1897/2079/1741 1889/2080/1742
f 1950/2081/1743 1915/2082/1744 1898/2083/1745 1933/2084/1746
f 1907/2085/1747 1916/2086/1748 1953/2087/1749 1942/2088/1750
f 1978/2089/1751 1962/2090/1752 1996/2091/1753 2013/2092/1754
f 1935/2093/1755 1924/2094/1756 1998/2095/1757 2005/2096/1758
f 1943/2097/1759 1952/2098/1760 2024/2099/1761 2015/2100/1762
f 1951/2101/1763 1932/2102/1764 2004/2103/1765 2025/2104/1766
f 1887/2105/1767 1891/2106/1768 1892/2107/1769 1895/2108/1770
f 1888/2076/1738 1893/2109/1771 1892/2110/1769 1891/2106/1768
f 1889/2080/1742 1894/2111/1772 1892/2112/1769 1893/2113/1771
f 1890/2053/1715 1895/2114/1770 1892/2115/1769 1894/2111/1772
f 1896/2054/1716 1900/2116/1773 1901/2117/1774 1904/2118/1775
f 1897/2079/1741 1902/2119/1776 1901/2120/1774 1900/2116/1773
f 1898/2083/1745 1903/2121/1777 1901/2122/1774 1902/2123/1776
f 1899/2049/1711 1904/2124/1775 1901/2125/1774 1903/2121/1777
f 1905/2126/1778 1909/2127/1779 1910/2128/1780 1913/2129/1781
f 1906/2058/1720 1911/2130/1782 1910/2131/1780 1909/2132/1779
f 1907/2085/1747 1912/2133/1783 1910/2134/1780 1911/2130/1782
f 1908/2073/1735 1913/2129/1781 1910/2135/1780 1912/2136/1783
f 1914/2050/1712 1918/2137/1784 1919/2138/1785 1922/2139/1786
f 1915/2082/1744 1920/2140/1787 1919/2141/1785 1918/2137/1784
f 1916/2086/1748 1921/2142/1788 1919/2143/1785 1920/2144/1787
f 1917/2057/1719 1922/2145/1786 1919/2146/1785 1921/2142/1788
f 1923/2045/1707 1927/2147/1789 1928/2148/1790 1931/2149/1791
f 1924/2094/1756 1929/2150/1792 1928/2148/1790 1927/2147/1789
f 1925/2077/1739 1930/2151/1793 1928/2148/1790 1929/2150/1792
f 1926/2075/1737 1931/2149/1791 1928/2148/1790 1930/2152/1793
f 1932/2102/1764 1936/2153/1794 1937/2154/1795 1940/2155/1796
f 1933/2084/1746 1938/2156/1797 1937/2154/1795 1936/2153/1794
f 1934/2078/1740 1939/2157/1798 1937/2154/1795 1938/2158/1797
f 1935/2093/1755 1940/2155/1796 1937/2154/1795 1939/2157/1798
f 1941/2074/1736 1945/2159/1799 1946/2160/1800 1949/2161/1801
f 1942/2088/1750 1947/2162/1802 1946/2160/1800 1945/2163/1799
f 1943/2097/1759 1948/2164/1803 1946/2160/1800 1947/2162/1802
f 1944/2046/1708 1949/2161/1801 1946/2160/1800 1948/2164/1803
f 1950/2081/1743 1954/2165/1804 1955/2166/1805 1958/2167/1806
f 1951/2101/1763 1956/2168/1807 1955/2166/1805 1954/2165/1804
f 1952/2098/1760 1957/2169/1808 1955/2166/1805 1956/2168/1807
f 1953/2087/1749 1958/2170/1806 1955/2166/1805 1957/2169/1808
f 1959/2171/1809 1963/2172/1810 1964/2173/1811 1967/2174/1812
f 1960/2056/1718 1965/2175/1813 1964/2176/1811 1963/2177/1810
f 1961/2066/1728 1966/2178/1814 1964/2179/1811 1965/2175/1813
f 1962/2090/1752 1967/2174/1812 1964/2180/1811 1966/2181/1814
f 1968/2055/1717 1972/2182/1815 1973/2183/1816 1976/2184/1817
f 1969/2052/1714 1974/2185/1818 1973/2186/1816 1972/2187/1815
f 1970/2063/1725 1975/2188/1819 1973/2189/1816 1974/2185/1818
f 1971/2067/1729 1976/2184/1817 1973/2190/1816 1975/2191/1819
f 1977/2192/1820 1981/2193/1821 1982/2194/1822 1985/2195/1823
f 1978/2089/1751 1983/2196/1824 1982/2197/1822 1981/2193/1821
f 1979/2069/1731 1984/2198/1825 1982/2199/1822 1983/2200/1824
f 1980/2059/1721 1985/2201/1823 1982/2202/1822 1984/2198/1825
f 1986/2051/1713 1990/2203/1826 1991/2204/1827 1994/2205/1828
f 1987/2060/1722 1992/2206/1829 1991/2207/1827 1990/2208/1826
f 1988/2072/1734 1993/2209/1830 1991/2210/1827 1992/2206/1829
f 1989/2064/1726 1994/2205/1828 1991/2211/1827 1993/2212/1830
f 1995/2048/1710 1999/2213/1831 2000/2214/1832 2003/2215/1833
f 1996/2091/1753 2001/2216/1834 2000/2214/1832 1999/2213/1831
f 1997/2065/1727 2002/2217/1835 2000/2214/1832 2001/2218/1834
f 1998/2095/1757 2003/2215/1833 2000/2214/1832 2002/2217/1835
f 2004/2103/1765 2008/2219/1836 2009/2220/1837 2012/2221/1838
f 2005/2096/1758 2010/2222/1839 2009/2220/1837 2008/2219/1836
f 2006/2068/1730 2011/2223/1840 2009/2220/1837 2010/2222/1839
f 2007/2062/1724 2012/2221/1838 2009/2220/1837 2011/2224/1840
f 2013/2092/1754 2017/2225/1841 2018/2226/1842 2021/2227/1843
f 2014/2047/1709 2019/2228/1844 2018/2226/1842 2017/2225/1841
f 2015/2100/1762 2020/2229/1845 2018/2226/1842 2019/2228/1844
f 2016/2070/1732 2021/2230/1843 2018/2226/1842 2020/2229/1845
f 2022/2061/1723 2026/2231/1846 2027/2232/1847 2030/2233/1848
f 2023/2071/1733 2028/2234/1849 2027/2232/1847 2026/2235/1846
f 2024/2099/1761 2029/2236/1850 2027/2232/1847 2028/2234/1849
f 2025/2104/1766 2030/2233/1848 2027/2232/1847 2029/2236/1850
f 1908/2073/1735 1888/2076/1738 1891/2106/1768 1913/2129/1781
f 1913/2129/1781 1891/2106/1768 1887/2105/1767 1905/2126/1778
f 1889/2080/1742 1897/2079/1741 1900/2116/1773 1894/2111/1772
f 1894/2111/1772 1900/2116/1773 1896/2054/1716 1890/2053/1715
f 1898/2083/1745 1915/2082/1744 1918/2137/1784 1903/2121/1777
f 1903/2121/1777 1918/2137/1784 1914/2050/1712 1899/2049/1711
f 1916/2086/1748 1907/2085/1747 1911/2130/1782 1921/2142/1788
f 1921/2142/1788 1911/2130/1782 1906/2058/1720 1917/2057/1719
f 1941/2074/1736 1908/2073/1735 1912/2136/1783 1945/2159/1799
f 1945/2163/1799 1912/2133/1783 1907/2085/1747 1942/2088/1750
f 1915/2082/1744 1950/2081/1743 1958/2167/1806 1920/2140/1787
f 1920/2144/1787 1958/2170/1806 1953/2087/1749 1916/2086/1748
f 1952/2098/1760 1943/2097/1759 1947/2162/1802 1957/2169/1808
f 1957/2169/1808 1947/2162/1802 1942/2088/1750 1953/2087/1749
f 1926/2075/1737 1941/2074/1736 1949/2161/1801 1931/2149/1791
f 1931/2149/1791 1949/2161/1801 1944/2046/1708 1923/2045/1707
f 1950/2081/1743 1933/2084/1746 1936/2153/1794 1954/2165/1804
f 1954/2165/1804 1936/2153/1794 1932/2102/1764 1951/2101/1763
f 1934/2078/1740 1925/2077/1739 1929/2150/1792 1939/2157/1798
f 1939/2157/1798 1929/2150/1792 1924/2094/1756 1935/2093/1755
f 1888/2076/1738 1926/2075/1737 1930/2152/1793 1893/2109/1771
f 1893/2113/1771 1930/2151/1793 1925/2077/1739 1889/2080/1742
f 1933/2084/1746 1898/2083/1745 1902/2123/1776 1938/2156/1797
f 1938/2158/1797 1902/2119/1776 1897/2079/1741 1934/2078/1740
f 1977/2192/1820 1959/2171/1809 1967/2174/1812 1981/2193/1821
f 1981/2193/1821 1967/2174/1812 1962/2090/1752 1978/2089/1751
f 1960/2056/1718 1968/2055/1717 1976/2184/1817 1965/2175/1813
f 1965/2175/1813 1976/2184/1817 1971/2067/1729 1961/2066/1728
f 1969/2052/1714 1986/2051/1713 1994/2205/1828 1974/2185/1818
f 1974/2185/1818 1994/2205/1828 1989/2064/1726 1970/2063/1725
f 1987/2060/1722 1980/2059/1721 1984/2198/1825 1992/2206/1829
f 1992/2206/1829 1984/2198/1825 1979/2069/1731 1988/2072/1734
f 2016/2070/1732 1979/2069/1731 1983/2200/1824 2021/2230/1843
f 2021/2227/1843 1983/2196/1824 1978/2089/1751 2013/2092/1754
f 1988/2072/1734 2023/2071/1733 2026/2235/1846 1993/2209/1830
f 1993/2212/1830 2026/2231/1846 2022/2061/1723 1989/2064/1726
f 2023/2071/1733 2016/2070/1732 2020/2229/1845 2028/2234/1849
f 2028/2234/1849 2020/2229/1845 2015/2100/1762 2024/2099/1761
f 1995/2048/1710 2014/2047/1709 2017/2225/1841 1999/2213/1831
f 1999/2213/1831 2017/2225/1841 2013/2092/1754 1996/2091/1753
f 2025/2104/1766 2004/2103/1765 2012/2221/1838 2030/2233/1848
f 2030/2233/1848 2012/2221/1838 2007/2062/1724 2022/2061/1723
f 2005/2096/1758 1998/2095/1757 2002/2217/1835 2010/2222/1839
f 2010/2222/1839 2002/2217/1835 1997/2065/1727 2006/2068/1730
f 1961/2066/1728 1997/2065/1727 2001/2218/1834 1966/2178/1814
f 1966/2181/1814 2001/2216/1834 1996/2091/1753 1962/2090/1752
f 2006/2068/1730 1971/2067/1729 1975/2191/1819 2011/2223/1840
f 2011/2224/1840 1975/2188/1819 1970/2063/1725 2007/2062/1724
f 1890/2053/1715 1960/2056/1718 1963/2177/1810 1895/2114/1770
f 1895/2108/1770 1963/2172/1810 1959/2171/1809 1887/2105/1767
f 1899/2049/1711 1969/2052/1714 1972/2187/1815 1904/2124/1775
f 1904/2118/1775 1972/2182/1815 1968/2055/1717 1896/2054/1716
f 1905/2126/1778 1977/2192/1820 1985/2195/1823 1909/2127/1779
f 1909/2132/1779 1985/2201/1823 1980/2059/1721 1906/2058/1720
f 1917/2057/1719 1987/2060/1722 1990/2208/1826 1922/2145/1786
f 1922/2139/1786 1990/2203/1826 1986/2051/1713 1914/2050/1712
f 1923/2045/1707 1995/2048/1710 2003/2215/1833 1927/2147/1789
f 1927/2147/1789 2003/2215/1833 1998/2095/1757 1924/2094/1756
f 1935/2093/1755 2005/2096/1758 2008/2219/1836 1940/2155/1796
f 1940/2155/1796 2008/2219/1836 2004/2103/1765 1932/2102/1764
f 1943/2097/1759 2015/2100/1762 2019/2228/1844 1948/2164/1803
f 1948/2164/1803 2019/2228/1844 2014/2047/1709 1944/2046/1708
f 1951/2101/1763 2025/2104/1766 2029/2236/1850 1956/2168/1807
f 1956/2168/1807 2029/2236/1850 2024/2099/1761 1952/2098/1760
f 1905/2126/1778 1887/2105/1767 1959/2171/1809 1977/2192/1820
