# Blender v3.6.10 OBJ File: 'TownOne.blend'
# www.blender.org
mtllib Coffin.mtl
o Cube.003_Cube.006
v -0.383639 2.633532 3.418866
v -0.413741 2.704364 2.469732
v -0.775497 2.633508 2.577897
v -0.348059 2.700279 3.280456
v -0.594980 2.700470 3.278761
v -0.701164 2.701084 2.476987
v -0.652010 2.636667 3.403048
v -0.807244 2.628654 -2.777223
v -0.424056 2.697608 -2.680933
v -0.405515 2.624070 -3.054781
v -0.718883 2.695608 -2.689101
v -0.616945 2.692874 -2.934147
v -0.361025 2.691495 -2.934915
v -0.689036 2.628729 -3.042106
v 1.011520 2.613431 2.579366
v 0.651625 2.692395 2.470607
v 0.618381 2.622275 3.419691
v 0.938890 2.682659 2.478335
v 0.831403 2.684446 3.279933
v 0.584536 2.689802 3.281223
v 0.886781 2.619380 3.404312
v 0.650673 2.612204 -3.053913
v 0.670247 2.685314 -2.680034
v 1.051947 2.607767 -2.775696
v 0.607512 2.680613 -2.934119
v 0.863396 2.676242 -2.932930
v 0.964968 2.676690 -2.687718
v 0.934206 2.610492 -3.040771
v -0.680190 2.703859 -0.682149
v -0.677324 2.702385 -1.753901
v -1.205347 2.632943 -1.771244
v -1.204075 2.634356 -0.658460
v -0.744949 2.703511 -1.495363
v -1.202999 2.702353 -1.496187
v -1.102077 2.700667 -1.756064
v -1.307936 2.635172 -1.493629
v -1.104843 2.702093 -0.680599
v 0.922035 2.684416 -1.752587
v 0.923173 2.685846 -0.680832
v 1.445325 2.604590 -0.656284
v 1.448393 2.603128 -1.769064
v 0.989243 2.684028 -1.493939
v 1.447153 2.672579 -1.494011
v 1.347676 2.674540 -0.678584
v 1.550549 2.603057 -1.491281
v 1.346646 2.673156 -1.754052
v -1.623712 2.186394 -1.845433
v -1.607481 2.187982 -0.546140
v -1.509425 2.398953 -0.575966
v -1.521891 2.397252 -1.827935
v -1.741480 2.188236 -1.480382
v -1.730634 2.320407 -1.481170
v -1.597873 2.320013 -0.550646
v -1.635075 2.399759 -1.484031
v -1.613498 2.318348 -1.844496
v -1.165369 2.179333 -3.203464
v -1.079732 2.390069 -3.098941
v -0.579153 2.383347 -3.447070
v -0.637424 2.172856 -3.568554
v -1.157901 2.310903 -3.192350
v -1.025705 2.309182 -3.546581
v -0.949391 2.389414 -3.432221
v -0.629577 2.304097 -3.559096
v -1.034763 2.177393 -3.558240
v 0.873230 2.155885 -3.567313
v 0.819503 2.367633 -3.445921
v 1.319534 2.363113 -3.096970
v 1.400586 2.150505 -3.201356
v 0.868319 2.287269 -3.557866
v 1.264439 2.283453 -3.544700
v 1.189759 2.365381 -3.430463
v 1.396058 2.282209 -3.190252
v 1.270553 2.151494 -3.556346
v 1.838416 2.149267 -0.543309
v 1.856741 2.147291 -1.842574
v 1.759654 2.360384 -1.825240
v 1.745173 2.362388 -0.573293
v 1.973920 2.146493 -1.477330
v 1.966048 2.278874 -1.478134
v 1.849493 2.279442 -1.841652
v 1.872300 2.360353 -1.481149
v 1.831784 2.281481 -0.547829
v 1.290704 2.160408 3.090307
v 1.225062 2.374061 2.955126
v 0.746683 2.377656 3.884631
v 0.785868 2.167074 4.027340
v 1.286995 2.293052 3.069996
v 1.136376 2.295684 3.998560
v 1.079698 2.377611 3.861281
v 0.783137 2.297960 4.016420
v 1.140593 2.163274 4.015778
v -1.065627 2.186881 3.088371
v -0.562309 2.182220 4.026232
v -0.518168 2.391867 3.883592
v -0.994980 2.399003 2.953301
v -0.917011 2.186391 4.014086
v -0.909791 2.318673 3.996878
v -0.556620 2.313012 4.015319
v -0.851062 2.399303 3.859693
v -1.058906 2.319408 3.068068
v -0.567469 1.743042 4.026410
v -1.070758 1.747424 3.085204
v -1.046599 1.610730 2.980174
v -0.554108 1.606508 3.948837
v -0.922183 1.747004 4.012664
v -0.918739 1.621415 3.986529
v -1.067369 1.621834 3.046586
v -0.900041 1.610343 3.914468
v -0.565741 1.617507 4.013754
v -1.171533 1.740050 -3.198643
v -0.643247 1.733615 -3.567478
v -0.634472 1.597349 -3.484543
v -1.157748 1.603756 -3.094720
v -1.040819 1.738093 -3.555568
v -1.040334 1.612602 -3.533451
v -0.642759 1.608128 -3.555057
v -1.027344 1.601794 -3.458013
v -1.172808 1.614610 -3.166028
v 0.869181 1.716624 -3.566235
v 1.396871 1.711195 -3.196534
v 1.379857 1.575247 -3.092636
v 0.857210 1.580590 -3.483317
v 1.266734 1.712168 -3.553673
v 1.263393 1.586721 -3.531559
v 1.395274 1.585758 -3.163919
v 1.250038 1.576208 -3.456142
v 0.865853 1.591179 -3.553818
v 1.285965 1.720946 3.087140
v 0.781160 1.727890 4.027518
v 0.764861 1.591689 3.949920
v 1.258913 1.584828 2.982067
v 1.135895 1.723882 4.014356
v 1.129673 1.598401 3.988214
v 0.776632 1.602425 4.014856
v 1.110849 1.587750 3.916121
v 1.279819 1.595464 3.048514
v 1.833084 1.709886 -0.542198
v 1.789674 1.574089 -0.545630
v 1.813013 1.572125 -1.803110
v 1.852053 1.707916 -1.840046
v 1.821139 1.584519 -0.543807
v 1.956276 1.581725 -1.469885
v 1.922417 1.571360 -1.455808
v 1.842741 1.582537 -1.828944
v 1.968709 1.707093 -1.475545
v -1.628901 1.747025 -1.842906
v -1.592983 1.610391 -1.805908
v -1.571671 1.611854 -0.548391
v -1.612025 1.748592 -0.545028
v -1.622425 1.621468 -1.831791
v -1.736541 1.623214 -1.472918
v -1.702947 1.612091 -1.458786
v -1.602897 1.622988 -0.546620
v -1.746144 1.748829 -1.478597
v -0.349045 2.544357 3.200373
v -0.716687 2.543741 2.405307
v -0.380468 2.604426 2.314286
v -0.599681 2.547353 3.184633
v -0.550357 2.600897 3.081347
v -0.650802 2.601014 2.321544
v -0.318632 2.600835 3.083069
v -0.765352 2.540938 -2.560555
v -0.384491 2.537019 -2.805777
v -0.401995 2.599335 -2.482906
v -0.656967 2.541764 -2.793231
v -0.592614 2.595331 -2.707073
v -0.345240 2.593916 -2.708002
v -0.685321 2.597311 -2.490768
v 0.950993 2.525005 2.406677
v 0.582151 2.533895 3.201139
v 0.616372 2.593227 2.315104
v 0.832816 2.531259 3.185810
v 0.784878 2.585896 3.082444
v 0.553207 2.591040 3.083786
v 0.886549 2.583743 2.322807
v 0.627289 2.525651 -2.804945
v 1.007739 2.521018 -2.559099
v 0.645658 2.587564 -2.482045
v 0.899782 2.524273 -2.791952
v 0.836508 2.579274 -2.705899
v 0.928880 2.579175 -2.489442
v 0.589166 2.583418 -2.707235
v -0.631768 2.601823 -0.669894
v -1.119395 2.542526 -0.647994
v -1.123870 2.541481 -1.683035
v -0.630889 2.600737 -1.670960
v -1.031693 2.599885 -0.668112
v -1.124032 2.599595 -1.441767
v -1.216671 2.542796 -1.437475
v -1.032041 2.598813 -1.672863
v -0.692619 2.600966 -1.441158
v 0.873193 2.583839 -1.669725
v 1.364737 2.513521 -1.680991
v 1.358586 2.514686 -0.645958
v 0.872451 2.584924 -0.668658
v 1.274203 2.572902 -1.670969
v 1.365807 2.571623 -1.439722
v 1.457141 2.512756 -1.435279
v 1.272228 2.574002 -0.666220
v 0.934535 2.582688 -1.439822
v -1.482933 2.153027 -1.730175
v -1.393685 2.347021 -1.720503
v -1.378225 2.348001 -0.574441
v -1.463239 2.153968 -0.546000
v -1.473802 2.278538 -1.731490
v -1.577228 2.279386 -1.417006
v -1.494038 2.348371 -1.421899
v -1.455042 2.279436 -0.551118
v -1.586558 2.153819 -1.414636
v -1.081719 2.149941 -2.890164
v -0.591166 2.144850 -3.205494
v -0.536556 2.339442 -3.110420
v -1.003706 2.344207 -2.809729
v -0.965237 2.148979 -3.195271
v -0.955222 2.275268 -3.187964
v -0.582430 2.270694 -3.199874
v -0.885764 2.344950 -3.096584
v -1.073924 2.275651 -2.883454
v 0.825758 2.128932 -3.204330
v 1.315783 2.123005 -2.888195
v 1.242022 2.318976 -2.807885
v 0.775377 2.324702 -3.109342
v 1.199810 2.124655 -3.193492
v 1.192622 2.251138 -3.186200
v 1.310803 2.248860 -2.881495
v 1.124597 2.322364 -3.094933
v 0.819842 2.254940 -3.198722
v 1.693446 2.118503 -0.543407
v 1.612859 2.314397 -0.571984
v 1.630176 2.313049 -1.718020
v 1.715058 2.117098 -1.727548
v 1.688077 2.244123 -0.548536
v 1.811654 2.241313 -1.414223
v 1.730044 2.312149 -1.419251
v 1.708751 2.242783 -1.728876
v 1.818156 2.115567 -1.411840
v 1.188496 2.130315 2.827906
v 0.724830 2.136847 3.699334
v 0.690612 2.331029 3.581702
v 1.131495 2.327281 2.713673
v 1.049080 2.133274 3.687771
v 1.045127 2.259685 3.674335
v 0.722216 2.261707 3.692000
v 0.995767 2.331211 3.558740
v 1.185280 2.256754 2.810661
v -0.963691 2.154495 2.826137
v -0.902091 2.350128 2.712002
v -0.462662 2.343986 3.580755
v -0.501426 2.150624 3.698327
v -0.957607 2.280829 2.808901
v -0.818842 2.280627 3.672804
v -0.767697 2.351023 3.557291
v -0.495996 2.275394 3.690998
v -0.825656 2.154336 3.686230
v -0.506242 1.735768 3.690070
v -0.521711 1.605886 3.760079
v -1.003083 1.610087 2.866778
v -0.968037 1.739710 2.822875
v -0.510133 1.616439 3.697514
v -0.838118 1.620062 3.687132
v -0.858938 1.609646 3.743611
v -0.977801 1.620524 2.829923
v -0.830488 1.739294 3.679304
v -1.087903 1.733743 -2.882441
v -1.118426 1.603522 -2.940961
v -0.610393 1.597366 -3.271407
v -0.598048 1.727978 -3.195582
v -1.096188 1.614112 -2.890807
v -0.979493 1.612343 -3.193649
v -0.996072 1.601710 -3.258190
v -0.601641 1.608130 -3.202668
v -0.972702 1.732107 -3.185890
v 0.823256 1.712010 -3.194415
v 0.832788 1.581152 -3.270222
v 1.340287 1.575898 -2.938942
v 1.312602 1.706773 -2.880468
v 0.824167 1.592111 -3.201497
v 1.202003 1.587835 -3.191857
v 1.218444 1.576830 -3.256371
v 1.318211 1.586987 -2.888824
v 1.197891 1.707721 -3.184107
v 1.183527 1.715538 2.824643
v 1.215581 1.585160 2.868601
v 0.732769 1.591792 3.761110
v 0.720338 1.721988 3.691078
v 1.190600 1.596162 2.831705
v 1.049534 1.598854 3.688684
v 1.070022 1.587974 3.745196
v 0.721535 1.602602 3.698525
v 1.044598 1.718228 3.680845
v 1.686877 1.705048 -0.540817
v 1.708784 1.703291 -1.722389
v 1.746515 1.572948 -1.747142
v 1.726745 1.574799 -0.543223
v 1.811138 1.702382 -1.407496
v 1.818953 1.583341 -1.409787
v 1.715602 1.584101 -1.726522
v 1.852107 1.572195 -1.421904
v 1.695160 1.585935 -0.541782
v -1.485965 1.739184 -1.725014
v -1.465965 1.740470 -0.543407
v -1.508746 1.611150 -0.545881
v -1.526575 1.609720 -1.749831
v -1.588831 1.740580 -1.410289
v -1.599315 1.621745 -1.412595
v -1.476921 1.621573 -0.544388
v -1.632691 1.611346 -1.424767
v -1.495453 1.620177 -1.729160
v -0.609772 2.636512 3.412336
v -0.353434 2.688802 3.308853
v -0.558274 2.701591 3.279614
v -0.605405 2.690419 3.299021
v -0.355679 2.703091 3.167779
v -0.654899 2.704745 2.472597
v -0.610480 2.700884 3.173009
v -0.720190 2.688285 2.493386
v -0.675408 2.635058 3.291883
v -0.712943 2.628481 -3.002235
v -0.739993 2.683650 -2.704031
v -0.632356 2.694001 -2.898209
v -0.629115 2.682852 -2.952350
v -0.671546 2.698506 -2.684408
v -0.368752 2.694924 -2.892030
v -0.579019 2.693394 -2.934674
v -0.367136 2.679504 -2.960755
v -0.644009 2.627663 -3.049765
v 0.910319 2.617243 3.293186
v 0.957597 2.669436 2.494764
v 0.847081 2.684509 3.174206
v 0.841566 2.674163 3.300211
v 0.892726 2.687358 2.473868
v 0.592403 2.692440 3.168558
v 0.794729 2.686391 3.280726
v 0.589606 2.678207 3.309628
v 0.844535 2.620173 3.413531
v 0.889179 2.610437 -3.048505
v 0.613395 2.668488 -2.959949
v 0.825493 2.677614 -2.933520
v 0.875368 2.665949 -2.951114
v 0.615244 2.683869 -2.891222
v 0.917700 2.680650 -2.683103
v 0.878770 2.677023 -2.896967
v 0.985828 2.664260 -2.702613
v 0.958036 2.609708 -3.000862
v -1.039991 2.705550 -0.681637
v -0.737992 2.703590 -1.380992
v -1.133662 2.705593 -1.495940
v -1.192202 2.702372 -1.381366
v -0.734689 2.703317 -1.540813
v -1.036653 2.704087 -1.755029
v -1.188072 2.701962 -1.541651
v -1.126944 2.687934 -1.758569
v -1.293360 2.634538 -1.541106
v -1.227695 2.689871 -1.495844
v -1.296284 2.635041 -1.376430
v -1.128619 2.689319 -0.676988
v 1.281314 2.678045 -1.753125
v 0.979057 2.684063 -1.539406
v 1.377906 2.677376 -1.493877
v 1.432296 2.672523 -1.539498
v 0.982102 2.684265 -1.379579
v 1.282920 2.679453 -0.679729
v 1.436170 2.672843 -1.379207
v 1.371153 2.661234 -0.674935
v 1.538705 2.603190 -1.374102
v 1.471561 2.659545 -1.493627
v 1.536041 2.602749 -1.538782
v 1.371225 2.659868 -1.756517
v -1.619385 2.291155 -1.845251
v -1.725196 2.187973 -1.538604
v -1.736953 2.293058 -1.480796
v -1.714318 2.320111 -1.539586
v -1.725455 2.188217 -1.350961
v -1.603427 2.292771 -0.548051
v -1.714947 2.320281 -1.351889
v -1.581031 2.339933 -0.556016
v -1.620561 2.399445 -1.357669
v -1.712159 2.340531 -1.481769
v -1.619338 2.399297 -1.539858
v -1.596044 2.338213 -1.841410
v -1.059263 2.177734 -3.506649
v -1.162205 2.283950 -3.199100
v -1.051465 2.309436 -3.494082
v -1.030825 2.282044 -3.554031
v -1.143374 2.330558 -3.174577
v -0.975342 2.389292 -3.382784
v -1.011038 2.329277 -3.524595
v -0.892981 2.388018 -3.441164
v -0.619982 2.323560 -3.538519
v -0.965760 2.308244 -3.554615
v -0.633632 2.277349 -3.565243
v -0.975674 2.176695 -3.565014
v 1.211475 2.152123 -3.563217
v 0.871782 2.260436 -3.564007
v 1.204501 2.283862 -3.552833
v 1.268960 2.256207 -3.552141
v 0.859128 2.306943 -3.537304
v 1.133347 2.365253 -3.439499
v 1.250191 2.303873 -3.522738
v 1.215619 2.364677 -3.380984
v 1.381947 2.302187 -3.172503
v 1.290111 2.283128 -3.492159
v 1.399766 2.255167 -3.196996
v 1.294970 2.151284 -3.504715
v 1.836720 2.254121 -0.545225
v 1.957687 2.146837 -1.347936
v 1.971751 2.251391 -1.477750
v 1.950150 2.279104 -1.348878
v 1.957731 2.146595 -1.535579
v 1.854769 2.252123 -1.842398
v 1.949826 2.278944 -1.536576
v 1.832484 2.299694 -1.838594
v 1.856650 2.360244 -1.537003
v 1.948031 2.299409 -1.478762
v 1.857576 2.360368 -1.354812
v 1.815402 2.301774 -0.553226
v 1.166168 2.162882 3.892056
v 1.290193 2.265401 3.081848
v 1.162531 2.295599 3.871210
v 1.139747 2.268134 4.009203
v 1.275212 2.313703 3.045727
v 1.105347 2.377282 3.736243
v 1.125439 2.316465 3.970886
v 1.029903 2.376464 3.875150
v 0.776520 2.317229 3.992651
v 1.083528 2.295429 4.009843
v 0.785333 2.271442 4.023332
v 1.087919 2.163771 4.023324
v -1.062744 2.291836 3.079915
v -0.942385 2.186571 3.890322
v -0.913799 2.291205 4.007515
v -0.935733 2.319172 3.869485
v -0.864351 2.185704 4.021720
v -0.559422 2.286550 4.022228
v -0.856981 2.317231 4.008249
v -0.549533 2.332127 3.991562
v -0.801328 2.397038 3.873645
v -0.898345 2.339202 3.969223
v -0.876506 2.399548 3.734613
v -1.046622 2.339789 3.043818
v -0.567381 1.640576 4.021800
v -0.869552 1.746426 4.021361
v -0.921764 1.644516 4.002190
v -0.866240 1.620857 4.003958
v -0.947587 1.747122 3.887462
v -1.070551 1.644940 3.069052
v -0.944708 1.621530 3.850267
v -1.060290 1.614805 3.020154
v -0.925826 1.610445 3.774276
v -0.912556 1.614407 3.963711
v -0.848861 1.609799 3.936412
v -0.562608 1.610536 3.997419
v -1.173270 1.637629 -3.185015
v -1.065436 1.738444 -3.502542
v -1.041598 1.635645 -3.546699
v -1.066629 1.612989 -3.472251
v -0.981754 1.737421 -3.563387
v -0.643671 1.631168 -3.562837
v -0.980545 1.611920 -3.547559
v -0.640652 1.601213 -3.538256
v -0.968193 1.601108 -3.475222
v -1.036404 1.605680 -3.512048
v -1.053886 1.602180 -3.394163
v -1.168675 1.607683 -3.141457
v 0.867296 1.614192 -3.561596
v 1.207682 1.712823 -3.561589
v 1.265196 1.609728 -3.544804
v 1.203627 1.587381 -3.545765
v 1.291265 1.711967 -3.500607
v 1.396285 1.608761 -3.182905
v 1.289589 1.586518 -3.470316
v 1.390947 1.578927 -3.139356
v 1.276477 1.575999 -3.392249
v 1.259272 1.579888 -3.510162
v 1.190915 1.576851 -3.473449
v 0.863564 1.584314 -3.537021
v 1.283483 1.618493 3.070986
v 1.161500 1.723427 3.889194
v 1.133191 1.621429 4.003879
v 1.155861 1.597931 3.851994
v 1.083250 1.724487 4.022966
v 0.778776 1.625452 4.022905
v 1.077145 1.599023 4.005555
v 0.773370 1.595526 3.998517
v 1.059634 1.588357 3.937980
v 1.123372 1.591533 3.965384
v 1.136860 1.587270 3.775971
v 1.272627 1.588595 3.022071
v 1.952331 1.707455 -1.346022
v 1.828166 1.607481 -0.542738
v 1.939461 1.582098 -1.339944
v 1.963590 1.604685 -1.473136
v 1.809920 1.577730 -0.545100
v 1.905740 1.571723 -1.327522
v 1.944510 1.574956 -1.465425
v 1.907978 1.571448 -1.512639
v 1.833006 1.575745 -1.820089
v 1.941126 1.581825 -1.528085
v 1.848229 1.605507 -1.835461
v 1.952706 1.707196 -1.533758
v -1.730048 1.748572 -1.536783
v -1.627386 1.644555 -1.838316
v -1.721296 1.622972 -1.531093
v -1.743332 1.646332 -1.476182
v -1.612861 1.614458 -1.822920
v -1.688416 1.611853 -1.515593
v -1.724937 1.616182 -1.468439
v -1.686477 1.612081 -1.330472
v -1.591830 1.615948 -0.547895
v -1.719936 1.623212 -1.342950
v -1.609407 1.646103 -0.545562
v -1.729975 1.748825 -1.349047
v -0.323393 2.590616 3.108810
v -0.559673 2.547188 3.193882
v -0.559843 2.592129 3.098969
v -0.515552 2.602017 3.082219
v -0.622258 2.545716 3.079224
v -0.668807 2.589540 2.335798
v -0.565119 2.601264 2.980837
v -0.606649 2.604661 2.317158
v -0.325741 2.603602 2.975645
v -0.705495 2.586734 -2.503273
v -0.679682 2.541512 -2.757433
v -0.603893 2.586613 -2.722484
v -0.606820 2.596423 -2.674717
v -0.613291 2.540593 -2.800816
v -0.350788 2.583124 -2.730990
v -0.555753 2.595798 -2.707685
v -0.352098 2.597341 -2.668791
v -0.639334 2.600161 -2.486246
v 0.904267 2.571867 2.337089
v 0.855525 2.529113 3.080437
v 0.794136 2.576917 3.100080
v 0.799810 2.585929 2.981957
v 0.792800 2.531992 3.194994
v 0.557695 2.580718 3.109534
v 0.750105 2.587798 3.083259
v 0.560553 2.593645 2.976372
v 0.842496 2.588381 2.318349
v 0.594508 2.572503 -2.730213
v 0.856104 2.524084 -2.799609
v 0.847612 2.570304 -2.721292
v 0.799667 2.580569 -2.706572
v 0.922427 2.523512 -2.756117
v 0.948832 2.568147 -2.501914
v 0.850682 2.580047 -2.673520
v 0.882962 2.583057 -2.484995
v 0.596035 2.586688 -2.668012
v -0.686215 2.601097 -1.332037
v -0.969899 2.603308 -0.669277
v -1.114026 2.599687 -1.332168
v -1.057961 2.602815 -1.441643
v -1.054072 2.588481 -0.664649
v -1.205897 2.542746 -1.325954
v -1.147260 2.588472 -1.441087
v -1.203265 2.542261 -1.480973
v -1.055596 2.587419 -1.674629
v -1.110141 2.599318 -1.483640
v -0.969456 2.602227 -1.671971
v -0.683013 2.600904 -1.483027
v 0.924998 2.582839 -1.481706
v 1.211709 2.577722 -1.670179
v 1.351983 2.571657 -1.481618
v 1.299826 2.576328 -1.439706
v 1.297498 2.560981 -1.672696
v 1.443797 2.512521 -1.478799
v 1.388778 2.559980 -1.439004
v 1.446185 2.512951 -1.323776
v 1.294339 2.562097 -0.662720
v 1.355626 2.571942 -1.330140
v 1.210529 2.578812 -0.667486
v 0.927956 2.582964 -1.330711
v -1.571976 2.153708 -1.466665
v -1.479605 2.252187 -1.731576
v -1.562516 2.279277 -1.469352
v -1.583335 2.252903 -1.416188
v -1.457698 2.297050 -1.729476
v -1.479786 2.348092 -1.472106
v -1.560277 2.298160 -1.418117
v -1.480875 2.348073 -1.303074
v -1.439665 2.297987 -0.556355
v -1.562958 2.279287 -1.295786
v -1.460373 2.253068 -0.548336
v -1.571922 2.153841 -1.293423
v -1.078503 2.249480 -2.888902
v -0.988052 2.149188 -3.149958
v -0.960874 2.248771 -3.194280
v -0.979523 2.275256 -3.142017
v -0.908975 2.148381 -3.201977
v -0.586981 2.244519 -3.205198
v -0.897923 2.274500 -3.195625
v -0.573004 2.288976 -3.182444
v -0.831660 2.343766 -3.104936
v -0.940938 2.294084 -3.169461
v -0.910480 2.344507 -3.053413
v -1.060121 2.293914 -2.868886
v 0.823812 2.228668 -3.204040
v 1.143560 2.125321 -3.200292
v 1.197688 2.224521 -3.192507
v 1.135334 2.251657 -3.193955
v 1.222549 2.124352 -3.148143
v 1.314801 2.222591 -2.886936
v 1.216842 2.250581 -3.140213
v 1.297390 2.267428 -2.866949
v 1.149226 2.321367 -3.051721
v 1.178734 2.270270 -3.167720
v 1.070494 2.322396 -3.103374
v 0.810801 2.273429 -3.181307
v 1.803325 2.115921 -1.290650
v 1.692810 2.217642 -0.545746
v 1.797186 2.241536 -1.293026
v 1.817163 2.214699 -1.413395
v 1.673130 2.263015 -0.553798
v 1.716682 2.312150 -1.300447
v 1.795131 2.260463 -1.415361
v 1.715871 2.312190 -1.469482
v 1.693065 2.261652 -1.726888
v 1.797029 2.241533 -1.466593
v 1.713961 2.216308 -1.728953
v 1.803661 2.115783 -1.463892
v 1.188438 2.229899 2.821796
v 1.073316 2.132887 3.572263
v 1.048518 2.232850 3.684159
v 1.069989 2.259542 3.555204
v 1.000214 2.133774 3.695306
v 0.724444 2.235915 3.698215
v 0.996044 2.259432 3.685493
v 0.716154 2.279709 3.671123
v 0.949437 2.330073 3.572376
v 1.035028 2.279184 3.649701
v 1.020229 2.330798 3.441524
v 1.174470 2.276063 2.788957
v -0.849705 2.154492 3.570683
v -0.961385 2.254052 2.820031
v -0.843505 2.281040 3.553633
v -0.822851 2.253875 3.682621
v -0.946330 2.299891 2.787214
v -0.791970 2.351159 3.440035
v -0.808267 2.299894 3.648185
v -0.721428 2.348845 3.571003
v -0.489497 2.293255 3.670131
v -0.769795 2.279272 3.684041
v -0.498813 2.249659 3.697209
v -0.776804 2.153739 3.693846
v -0.781668 1.738793 3.686052
v -0.508193 1.638672 3.691233
v -0.787671 1.619521 3.693559
v -0.833563 1.642236 3.680779
v -0.513251 1.609590 3.712481
v -0.805650 1.609064 3.754002
v -0.845536 1.613284 3.700990
v -0.886083 1.609791 3.623084
v -0.987485 1.613739 2.839361
v -0.863270 1.620211 3.573427
v -0.971755 1.642705 2.824697
v -0.854438 1.739439 3.565174
v -0.995117 1.732431 -3.141219
v -1.091257 1.636374 -2.884398
v -1.002778 1.612683 -3.149717
v -0.975755 1.634613 -3.187138
v -1.104460 1.607281 -2.903206
v -1.021722 1.602067 -3.209405
v -0.985507 1.605506 -3.208775
v -0.935942 1.601025 -3.266793
v -0.604032 1.601230 -3.218427
v -0.922062 1.611706 -3.199505
v -0.600070 1.630447 -3.196427
v -0.916619 1.731504 -3.192236
v 1.141819 1.708378 -3.190545
v 0.823087 1.614458 -3.195258
v 1.144582 1.588488 -3.197808
v 1.198756 1.610183 -3.185352
v 0.826428 1.585159 -3.217252
v 1.158328 1.577497 -3.265073
v 1.207887 1.580864 -3.206973
v 1.244016 1.576612 -3.207543
v 1.326348 1.579971 -2.901209
v 1.225217 1.587652 -3.147886
v 1.313770 1.609354 -2.882422
v 1.220235 1.707542 -3.139399
v 1.068733 1.717833 3.566755
v 1.185063 1.618473 2.826470
v 1.074870 1.598436 3.575019
v 1.045489 1.621126 3.682324
v 1.200114 1.589161 2.841158
v 1.097361 1.587507 3.624713
v 1.056775 1.591912 3.702552
v 1.016718 1.588589 3.755499
v 0.724473 1.595684 3.713498
v 0.999078 1.599448 3.695027
v 0.720104 1.624873 3.692243
v 0.995768 1.718824 3.687512
v 1.688620 1.608237 -0.541071
v 1.796384 1.702727 -1.286709
v 1.812608 1.605632 -1.407866
v 1.804591 1.583676 -1.289051
v 1.796728 1.702506 -1.459315
v 1.709974 1.606407 -1.723253
v 1.804073 1.583447 -1.462014
v 1.725994 1.577065 -1.732370
v 1.836874 1.572295 -1.475948
v 1.830292 1.576307 -1.413112
v 1.837551 1.572527 -1.299040
v 1.706426 1.578895 -0.542363
v -1.489331 1.642351 -1.725882
v -1.574337 1.740380 -1.462084
v -1.592474 1.643888 -1.410663
v -1.584350 1.621516 -1.464798
v -1.574272 1.740597 -1.289477
v -1.469882 1.643722 -0.543666
v -1.585147 1.621759 -1.291836
v -1.488341 1.614788 -0.544988
v -1.618333 1.611354 -1.301879
v -1.610804 1.614968 -1.415939
v -1.617371 1.611103 -1.478786
v -1.505991 1.613376 -1.735026
v -0.565401 1.962330 4.027739
v -0.920172 1.966325 4.016282
v -1.068649 1.966751 3.091098
v -1.302011 2.393401 -2.464164
v -1.386633 2.314563 -2.518933
v -1.395295 2.182866 -2.525038
v 0.120172 2.375037 -3.448631
v 0.119370 2.295537 -3.560057
v 0.117904 2.164355 -3.569178
v 1.486376 2.367972 1.190964
v 1.560402 2.287225 1.260988
v 1.565419 2.154830 1.273951
v 0.114246 2.383998 3.887492
v 0.113253 2.305170 4.018147
v 0.111778 2.174613 4.028177
v -1.253467 2.398754 1.188713
v -1.329403 2.319692 1.258614
v -1.337414 2.187443 1.271566
v 1.540789 2.361463 -2.461829
v 1.623708 2.280742 -2.516461
v 1.629419 2.148883 -2.522554
v 0.121500 2.695620 -0.681776
v 0.122156 2.694519 -1.494550
v 0.122364 2.694162 -1.752940
v -0.550318 2.700279 -2.217772
v -0.910569 2.698176 -2.223466
v -1.007379 2.630515 -2.275117
v 0.123101 2.692071 -2.679343
v 0.123246 2.686221 -2.934659
v 0.122576 2.617772 -3.056146
v 0.787440 2.689367 0.895008
v 1.143848 2.678550 0.900652
v 1.229768 2.608546 0.962226
v 0.118952 2.699137 2.469106
v 0.118243 2.695385 3.281073
v 0.117367 2.627691 3.421475
v -0.547001 2.704359 0.893912
v -0.903571 2.701553 0.898970
v -0.991143 2.633498 0.960402
v 0.795776 2.685156 -2.216666
v 1.155899 2.674959 -2.221769
v 1.251249 2.605140 -2.273262
v -1.357376 2.517319 -0.617469
v -1.472002 2.518217 -1.488832
v -1.364318 2.515760 -1.799433
v -0.491907 2.504427 -3.251325
v -0.818900 2.510077 -3.236687
v -0.944072 2.510108 -2.937636
v 1.186341 2.486174 -2.935886
v 1.061691 2.488949 -3.235142
v 0.734678 2.490646 -3.250317
v 1.604736 2.482402 -1.796994
v 1.711938 2.482445 -1.486217
v 1.595890 2.484140 -0.615043
v 0.682347 2.500709 3.652462
v 0.983131 2.499564 3.631802
v 1.118900 2.494466 2.766178
v -0.885829 2.516989 2.764530
v -0.751402 2.519051 3.630376
v -0.450703 2.513438 3.651531
v -0.640917 1.952904 -3.569320
v -1.038283 1.957390 -3.559118
v -1.168614 1.959334 -3.204185
v 1.398889 1.930489 -3.202076
v 1.269130 1.931466 -3.557223
v 0.871782 1.935910 -3.568078
v 0.784017 1.947169 4.028846
v 1.138806 1.943193 4.017975
v 1.288774 1.940265 3.093035
v 1.836823 1.929178 -0.542331
v 1.972502 1.926390 -1.476783
v 1.855329 1.927210 -1.842125
v -1.627246 1.966336 -1.844986
v -1.745008 1.968156 -1.479837
v -1.610836 1.967913 -0.545163
v -1.342245 1.748019 1.270338
v -1.336071 1.622425 1.248571
v -1.310149 1.611302 1.213632
v 1.625279 1.709547 -2.518614
v 1.620259 1.584141 -2.495316
v 1.597901 1.573673 -2.446094
v 0.106844 1.735470 4.028523
v 0.105443 1.609976 4.017396
v 0.105374 1.599105 3.953340
v 1.560378 1.715408 1.272722
v 1.551419 1.589984 1.250944
v 1.525311 1.579445 1.215961
v 0.112968 1.725119 -3.568276
v 0.111549 1.599656 -3.556954
v 0.111372 1.588967 -3.487049
v -1.401033 1.743548 -2.521100
v -1.398870 1.618060 -2.497795
v -1.376834 1.607094 -2.448537
v -0.965625 1.946688 2.825259
v -0.828030 1.946415 3.683125
v -0.503952 1.942882 3.694190
v -1.283081 2.151497 -2.310773
v -1.274807 2.277023 -2.308054
v -1.199927 2.345336 -2.265927
v 0.117297 2.136906 -3.206143
v 0.118706 2.262710 -3.200788
v 0.119407 2.331666 -3.111861
v 1.441836 2.124412 1.142703
v 1.437706 2.250392 1.130986
v 1.373459 2.320574 1.070929
v 0.111701 2.143729 3.700219
v 0.113105 2.268250 3.693743
v 0.113964 2.336757 3.584548
v -1.214331 2.154254 1.140521
v -1.207353 2.280109 1.128813
v -1.141446 2.348829 1.068863
v 1.516176 2.120048 -2.308473
v 1.510720 2.245728 -2.305766
v 1.437325 2.315708 -2.263761
v 0.121160 2.593043 -1.670075
v 0.120966 2.592566 -1.440414
v 0.120351 2.594128 -0.669591
v -0.945692 2.540938 -2.122689
v -0.858747 2.598113 -2.082692
v -0.516041 2.600331 -2.077298
v 0.121396 2.530938 -2.807137
v 0.121965 2.588810 -2.707785
v 0.121838 2.594044 -2.481380
v 1.156143 2.519388 0.881056
v 1.079958 2.578828 0.829074
v 0.744456 2.589323 0.823341
v 0.116549 2.538906 3.202944
v 0.117291 2.596274 3.083666
v 0.117961 2.599576 2.313634
v -0.919406 2.542706 0.879351
v -0.841819 2.600419 0.827496
v -0.506157 2.603373 0.822315
v 1.187315 2.516973 -2.120937
v 1.101610 2.576088 -2.081082
v 0.759032 2.586005 -2.076251
v -1.259476 2.444911 -1.701653
v -1.355853 2.446336 -1.429711
v -1.249441 2.445928 -0.611475
v -0.885083 2.443316 -2.684797
v -0.770986 2.444362 -2.944517
v -0.460044 2.438950 -2.958529
v 0.700871 2.425907 -2.957575
v 1.011832 2.424332 -2.943053
v 1.125450 2.420728 -2.683146
v 1.486369 2.415192 -0.609228
v 1.594107 2.413194 -1.427288
v 1.498170 2.413929 -1.699388
v 1.041848 2.426863 2.559161
v 0.914174 2.432304 3.371328
v 0.636193 2.433206 3.391746
v -0.405649 2.444911 3.390890
v -0.683545 2.450254 3.370015
v -0.809976 2.447669 2.557640
v -1.084792 1.941490 -2.886180
v -0.969196 1.940172 -3.190530
v -0.594988 1.936067 -3.200447
v 0.824879 1.920115 -3.199281
v 1.199069 1.915812 -3.188749
v 1.314165 1.914537 -2.884210
v 1.185763 1.922517 2.827027
v 1.046788 1.925352 3.684666
v 0.722694 1.929100 3.695198
v 1.711914 1.909816 -1.724572
v 1.814569 1.908589 -1.409333
v 1.689976 1.911397 -0.541654
v -1.464426 1.946837 -0.544246
v -1.587625 1.946812 -1.412127
v -1.484451 1.945727 -1.727198
v -1.257137 1.610633 1.160307
v -1.228397 1.621071 1.143410
v -1.217865 1.740117 1.140350
v 1.544370 1.574413 -2.343446
v 1.517635 1.585544 -2.308606
v 1.511412 1.705038 -2.302113
v 0.105528 1.598844 3.762505
v 0.105700 1.609534 3.699252
v 0.107047 1.728906 3.691814
v 1.472385 1.579967 1.162550
v 1.443916 1.591048 1.145606
v 1.436066 1.710301 1.142531
v 0.111198 1.589258 -3.272409
v 0.111264 1.600130 -3.203212
v 0.112605 1.720015 -3.196177
v -1.323469 1.606633 -2.345802
v -1.296548 1.617161 -2.310918
v -1.287652 1.736485 -2.304412
v -1.025177 1.609149 2.921258
v -0.879645 1.608740 3.827872
v -0.537901 1.604937 3.854285
v -0.622463 1.596099 -3.377847
v -1.011972 1.600501 -3.357286
v -1.138622 1.602387 -3.016256
v 1.360576 1.574309 -3.014203
v 1.234475 1.575263 -3.355441
v 0.845001 1.579612 -3.376641
v 0.748779 1.590481 3.855342
v 1.090565 1.586604 3.829491
v 1.237558 1.583728 2.923118
v 1.758224 1.573184 -0.544672
v 1.887215 1.570523 -1.438711
v 1.779859 1.571276 -1.774737
v -1.559902 1.608798 -1.777481
v -1.667800 1.610463 -1.441631
v -1.540251 1.610242 -0.547382
v -1.340580 1.967342 1.273503
v 1.627848 1.928840 -2.522682
v 0.109307 1.954747 4.029597
v -1.283852 1.609707 1.185616
v -1.122999 2.516772 1.073897
v 0.121382 2.497057 -3.252962
v 1.563636 1.934713 1.275889
v 0.115433 1.944404 -3.569928
v 0.122737 2.693436 -2.216393
v 1.358782 2.488890 1.075936
v 1.396778 2.483945 -2.367253
v 0.120229 2.697659 0.893657
v -1.155440 2.512619 -2.369350
v -1.398669 1.962842 -2.525168
v -1.215869 1.946788 1.141087
v 1.513767 1.912181 -2.305019
v 0.109370 1.936017 3.695959
v -1.031122 2.446414 0.973475
v 0.120410 2.431957 -2.960095
v 1.438712 1.916964 1.143268
v 0.114947 1.928115 -3.201061
v 0.121503 2.593875 -2.075991
v 1.265512 2.420611 0.975361
v 1.313068 2.416981 -2.192129
v 0.119159 2.597134 0.822009
v -1.073544 2.443794 -2.194089
v -1.285348 1.943629 -2.307318
v 0.105436 1.597714 3.857865
v 1.499032 1.578442 1.187902
v 0.111271 1.587852 -3.379681
v 0.115263 2.438491 3.394313
v -1.350516 1.605608 -2.396093
v 1.571470 1.572780 -2.393693
v -0.566262 2.690850 3.305057
v -0.570124 2.703693 3.169539
v -0.626094 2.689205 3.191997
v -0.650057 2.682959 -2.915490
v -0.590919 2.696095 -2.894397
v -0.588292 2.682275 -2.957734
v 0.862398 2.672483 3.193219
v 0.806805 2.688225 3.170671
v 0.802432 2.675474 3.306182
v 0.834552 2.666289 -2.956565
v 0.837384 2.680047 -2.893224
v 0.896247 2.665586 -2.914219
v -1.123487 2.705636 -1.381345
v -1.119082 2.705305 -1.541399
v -1.213091 2.689332 -1.541547
v -1.216695 2.689836 -1.380635
v 1.363397 2.677414 -1.539360
v 1.367546 2.677649 -1.379299
v 1.460374 2.659759 -1.378436
v 1.457023 2.659333 -1.539354
v -1.720625 2.292789 -1.539174
v -1.721057 2.293008 -1.351381
v -1.696824 2.340287 -1.353102
v -1.696007 2.340172 -1.539692
v -1.055946 2.282371 -3.501874
v -1.037089 2.329362 -3.472696
v -0.951798 2.328073 -3.533236
v -0.971187 2.281272 -3.561361
v 1.209333 2.256775 -3.559570
v 1.190954 2.303999 -3.531476
v 1.276152 2.303373 -3.470796
v 1.293997 2.255970 -3.499944
v 1.955644 2.251700 -1.348361
v 1.955517 2.251488 -1.536154
v 1.931970 2.299412 -1.536712
v 1.932482 2.299511 -1.350120
v 1.165656 2.267869 3.883679
v 1.151491 2.316495 3.843104
v 1.073467 2.315509 3.984158
v 1.086836 2.268383 4.018343
v -0.939500 2.291520 3.881949
v -0.860910 2.290266 4.016743
v -0.846429 2.337079 3.982581
v -0.924180 2.339815 3.841398
v -0.868981 1.643946 4.014699
v -0.947537 1.644635 3.872097
v -0.938302 1.614511 3.822646
v -0.861009 1.613863 3.985278
v -1.067063 1.636013 -3.490047
v -0.982037 1.634967 -3.557271
v -0.977030 1.604995 -3.529091
v -1.063012 1.606072 -3.447370
v 1.205652 1.610389 -3.555475
v 1.290570 1.609526 -3.488111
v 1.285776 1.579684 -3.445441
v 1.199927 1.580538 -3.527303
v 1.159173 1.620967 3.873828
v 1.080387 1.622044 4.016300
v 1.071790 1.592147 3.986866
v 1.149345 1.591056 3.824360
v 1.947026 1.605052 -1.343355
v 1.927517 1.575328 -1.335786
v 1.929882 1.575048 -1.523172
v 1.947936 1.604788 -1.531422
v -1.727583 1.646082 -1.534442
v -1.710216 1.615944 -1.526163
v -1.708154 1.616175 -1.338772
v -1.726977 1.646330 -1.346373
v -0.522656 2.592542 3.105015
v -0.579787 2.590889 2.997241
v -0.526676 2.604071 2.977395
v -0.623646 2.586741 -2.689219
v -0.564209 2.585912 -2.727924
v -0.566439 2.598471 -2.671049
v 0.814214 2.575228 2.998385
v 0.756957 2.578166 3.106067
v 0.761445 2.589599 2.978454
v 0.807932 2.570495 -2.726797
v 0.867310 2.569990 -2.687994
v 0.810351 2.583002 -2.669918
v -1.048568 2.602920 -1.332283
v -1.137045 2.588522 -1.331153
v -1.133736 2.588030 -1.483159
v -1.044341 2.602655 -1.483514
v 1.286275 2.576472 -1.481599
v 1.375317 2.559840 -1.481098
v 1.378387 2.560262 -1.329087
v 1.290258 2.576645 -1.330362
v -1.568650 2.252810 -1.468447
v -1.545692 2.297995 -1.470049
v -1.546374 2.297928 -1.297417
v -1.568831 2.252891 -1.294881
v -0.984418 2.248903 -3.148504
v -0.903979 2.248125 -3.201419
v -0.884247 2.293109 -3.177542
v -0.965657 2.293833 -3.124206
v 1.140805 2.225152 -3.199739
v 1.221154 2.224124 -3.146692
v 1.203367 2.269465 -3.122424
v 1.122049 2.270569 -3.175895
v 1.802463 2.215015 -1.292111
v 1.781029 2.260545 -1.294684
v 1.780632 2.260625 -1.467317
v 1.802565 2.214935 -1.465678
v 1.073117 2.232558 3.566810
v 0.999385 2.233099 3.693244
v 0.986785 2.278241 3.662763
v 1.059809 2.279132 3.530141
v -0.847257 2.254134 3.565232
v -0.832847 2.300396 3.528586
v -0.760079 2.297868 3.661326
v -0.773740 2.253021 3.691787
v -0.784269 1.641720 3.687283
v -0.793263 1.612715 3.708147
v -0.871949 1.613435 3.585908
v -0.857883 1.642387 3.567061
v -0.998386 1.634953 -3.142954
v -1.009978 1.605851 -3.164009
v -0.926475 1.604843 -3.215054
v -0.919286 1.633996 -3.193190
v 1.142297 1.610834 -3.191497
v 1.148865 1.581527 -3.213350
v 1.232285 1.580660 -3.162167
v 1.221316 1.610015 -3.141130
v 1.069993 1.620727 3.568645
v 1.083373 1.591467 3.587514
v 1.004491 1.592518 3.709623
v 0.996186 1.621717 3.688745
v 1.798029 1.605971 -1.287220
v 1.798027 1.605739 -1.459760
v 1.815094 1.576413 -1.466049
v 1.816075 1.576638 -1.291805
v -1.577810 1.643666 -1.462533
v -1.578089 1.643901 -1.289994
v -1.596782 1.614981 -1.294609
v -1.595520 1.614731 -1.468851
v -0.867621 1.965731 4.023486
v -0.945422 1.966450 3.893013
v -1.370782 2.334228 -2.508593
v -1.391618 2.287539 -2.522704
v 0.119572 2.314942 -3.539799
v 0.119075 2.268842 -3.565984
v 1.546432 2.307619 1.246118
v 1.564378 2.259749 1.268476
v 0.113484 2.324067 3.995098
v 0.112952 2.278874 4.024497
v -1.314954 2.339766 1.243767
v -1.334008 2.292312 1.266095
v 1.608286 2.300758 -2.506146
v 1.628091 2.253613 -2.520223
v 0.122064 2.694674 -1.380268
v 0.122192 2.694452 -1.540004
v -0.853783 2.701483 -2.220350
v -0.934105 2.685648 -2.232242
v 0.123250 2.689818 -2.890893
v 0.123129 2.673873 -2.961426
v 1.088046 2.683546 0.897530
v 1.165386 2.665034 0.910764
v 0.118369 2.698352 3.167527
v 0.118086 2.683595 3.310461
v -0.847666 2.705293 0.895941
v -0.925424 2.688523 0.909046
v 1.099196 2.679541 -2.218745
v 1.179161 2.661906 -2.230506
v -1.458951 2.517964 -1.367114
v -1.456927 2.517632 -1.540422
v -0.767958 2.508734 -3.245406
v -0.844293 2.509801 -3.191942
v 1.086998 2.488104 -3.190355
v 1.010746 2.488750 -3.243944
v 1.696939 2.482199 -1.537831
v 1.698685 2.482488 -1.364520
v 0.936967 2.499268 3.643990
v 1.008092 2.498197 3.513485
v -0.776194 2.518243 3.512019
v -0.705277 2.517719 3.642640
v -0.979418 1.956716 -3.565823
v -1.062565 1.957732 -3.507574
v 1.293330 1.931264 -3.505639
v 1.210277 1.932116 -3.564024
v 1.086244 1.943780 4.025092
v 1.164255 1.942748 3.894747
v 1.956208 1.926747 -1.347379
v 1.956355 1.926493 -1.534963
v -1.728767 1.967895 -1.537990
v -1.728922 1.968149 -1.350406
v -1.340876 1.645535 1.261266
v -1.327019 1.615389 1.233946
v 1.623267 1.607127 -2.508878
v 1.613420 1.577326 -2.477934
v 0.105696 1.633021 4.024571
v 0.105378 1.603040 4.001826
v 1.556721 1.612980 1.263647
v 1.542235 1.583153 1.236303
v 0.111814 1.622681 -3.564109
v 0.111458 1.592763 -3.540701
v -1.401339 1.641108 -2.511362
v -1.392214 1.611093 -2.480403
v -0.851905 1.946547 3.568544
v -0.779320 1.945910 3.690084
v -1.279880 2.250822 -2.310807
v -1.260009 2.295305 -2.299870
v 0.118417 2.236574 -3.205937
v 0.118897 2.280946 -3.183624
v 1.441555 2.223763 1.138198
v 1.424945 2.269407 1.117479
v 0.112813 2.242686 3.699416
v 0.113320 2.285887 3.673563
v -1.211810 2.253573 1.136019
v -1.194145 2.298832 1.115327
v 1.515207 2.219420 -2.308512
v 1.496323 2.264339 -2.297606
v 0.121001 2.592627 -1.482288
v 0.120879 2.592766 -1.331386
v -0.881168 2.586948 -2.089886
v -0.804046 2.601392 -2.079741
v 0.121859 2.577654 -2.731689
v 0.121972 2.592419 -2.667705
v 1.100319 2.566689 0.838038
v 1.026740 2.583739 0.825892
v 0.117151 2.585747 3.110396
v 0.117413 2.599205 2.975375
v -0.862463 2.588741 0.836426
v -0.788499 2.604132 0.824401
v 1.123786 2.564422 -2.088239
v 1.046991 2.580595 -2.078220
v -1.342106 2.445891 -1.476505
v -1.343918 2.446132 -1.314595
v -0.795182 2.443922 -2.904959
v -0.721867 2.443074 -2.952875
v 0.962710 2.424147 -2.951491
v 1.035947 2.423349 -2.903455
v 1.581982 2.413260 -1.312192
v 1.580431 2.413057 -1.474105
v 0.938128 2.430891 3.259811
v 0.870859 2.431983 3.383368
v -0.640269 2.448961 3.382126
v -0.707342 2.449377 3.258459
v -0.991649 1.940448 -3.145536
v -0.913204 1.939581 -3.197036
v 1.143088 1.916479 -3.195347
v 1.221448 1.915584 -3.143718
v 1.070847 1.924945 3.570124
v 0.998067 1.925941 3.691544
v 1.800166 1.908758 -1.461214
v 1.799724 1.908945 -1.288334
v -1.572975 1.946837 -1.291104
v -1.573137 1.946656 -1.463985
v -1.239078 1.614283 1.147663
v -1.221748 1.643239 1.141166
v 1.526969 1.578513 -2.317709
v 1.512586 1.607884 -2.303645
v 0.105610 1.602645 3.714340
v 0.105955 1.631794 3.692963
v 1.454434 1.584021 1.149876
v 1.437769 1.613359 1.143351
v 0.111199 1.593199 -3.219035
v 0.111510 1.622468 -3.196992
v -1.306022 1.610341 -2.320037
v -1.291006 1.639382 -2.305948
v -0.906246 1.608862 3.696705
v -0.827297 1.608175 3.844676
v -0.952177 1.599812 -3.370634
v -1.038265 1.600874 -3.300406
v 1.260677 1.575046 -3.298518
v 1.174703 1.575917 -3.368886
v 1.038190 1.587216 3.846209
v 1.117377 1.586126 3.698368
v 1.871594 1.570869 -1.313100
v 1.872406 1.570615 -1.494183
v -1.652901 1.610221 -1.497079
v -1.652382 1.610460 -1.315995
v 0.115813 2.506503 3.655032
vt 0.557682 0.031011
vt 0.583404 0.030805
vt 0.583406 0.090627
vt 0.557683 0.090736
vt 0.609117 0.030868
vt 0.609128 0.090675
vt 0.609129 0.150460
vt 0.583407 0.150444
vt 0.557690 0.150447
vt 0.557690 0.512176
vt 0.583407 0.512031
vt 0.583406 0.534418
vt 0.557684 0.534527
vt 0.609133 0.512048
vt 0.609130 0.534421
vt 0.609130 0.556788
vt 0.583407 0.556800
vt 0.557690 0.556845
vt 0.557690 0.793793
vt 0.583409 0.793751
vt 0.583407 0.874999
vt 0.557687 0.875000
vt 0.609147 0.793801
vt 0.609132 0.874993
vt 0.609129 0.956140
vt 0.583410 0.956242
vt 0.557714 0.956211
vt 0.541811 0.002789
vt 0.541811 0.091325
vt 0.541811 0.091294
vt 0.541811 0.027002
vt 0.541811 0.179860
vt 0.541812 0.155442
vt 0.541811 0.179833
vt 0.541811 0.091206
vt 0.541811 0.002821
vt 0.838237 0.693956
vt 0.841974 0.646723
vt 0.854472 0.651335
vt 0.852059 0.703215
vt 0.845491 0.599414
vt 0.856669 0.599401
vt 0.867850 0.599408
vt 0.866977 0.655996
vt 0.865936 0.712567
vt 0.806248 0.531403
vt 0.750000 0.531309
vt 0.749999 0.519339
vt 0.815628 0.519451
vt 0.693752 0.531403
vt 0.684367 0.519450
vt 0.674867 0.507458
vt 0.749995 0.507359
vt 0.825095 0.507459
vt 0.557690 0.599553
vt 0.583407 0.599556
vt 0.583406 0.659373
vt 0.557684 0.659268
vt 0.609130 0.599538
vt 0.609132 0.659324
vt 0.609147 0.719119
vt 0.583409 0.719197
vt 0.557690 0.719022
vt 0.557690 0.293550
vt 0.583405 0.293536
vt 0.583406 0.375000
vt 0.557684 0.375000
vt 0.609116 0.293629
vt 0.609128 0.375000
vt 0.609133 0.456371
vt 0.583407 0.456464
vt 0.557690 0.456450
vt 0.698378 0.545320
vt 0.750451 0.545352
vt 0.751262 0.557515
vt 0.697107 0.557491
vt 0.802518 0.545320
vt 0.805415 0.557491
vt 0.808374 0.569672
vt 0.752075 0.569681
vt 0.695775 0.569672
vt 0.657901 0.599414
vt 0.660063 0.646723
vt 0.646790 0.651335
vt 0.645434 0.599401
vt 0.662450 0.693956
vt 0.648369 0.703216
vt 0.634246 0.712575
vt 0.633510 0.655997
vt 0.632953 0.599405
vt 0.661600 0.539193
vt 0.659600 0.553149
vt 0.646428 0.546056
vt 0.647706 0.528956
vt 0.657765 0.567205
vt 0.645331 0.563257
vt 0.632887 0.559289
vt 0.633250 0.538930
vt 0.633770 0.518650
vt 0.695842 0.599435
vt 0.752096 0.599425
vt 0.751263 0.643928
vt 0.697563 0.643952
vt 0.808350 0.599435
vt 0.804962 0.643952
vt 0.801585 0.688460
vt 0.750430 0.688428
vt 0.699273 0.688460
vt 0.845599 0.567205
vt 0.842431 0.553149
vt 0.854833 0.546056
vt 0.856758 0.563257
vt 0.839107 0.539193
vt 0.852731 0.528959
vt 0.866376 0.518676
vt 0.867234 0.538933
vt 0.867922 0.559285
vt 0.557690 0.193155
vt 0.583405 0.193200
vt 0.583406 0.215582
vt 0.557684 0.215473
vt 0.609117 0.193212
vt 0.609128 0.215577
vt 0.609129 0.237938
vt 0.583407 0.237968
vt 0.557690 0.237824
vt 0.557816 0.030758
vt 0.557798 0.090584
vt 0.583405 0.090609
vt 0.583399 0.030816
vt 0.557804 0.150414
vt 0.583403 0.150402
vt 0.609000 0.150421
vt 0.609014 0.090683
vt 0.609010 0.030942
vt 0.557785 0.512037
vt 0.557791 0.534356
vt 0.583405 0.534397
vt 0.583399 0.512093
vt 0.557802 0.556685
vt 0.583405 0.556702
vt 0.609016 0.556695
vt 0.609022 0.534420
vt 0.609034 0.512149
vt 0.557788 0.793895
vt 0.557788 0.874999
vt 0.583403 0.875000
vt 0.583396 0.793943
vt 0.557780 0.956098
vt 0.583393 0.956056
vt 0.608997 0.955975
vt 0.609019 0.875000
vt 0.609019 0.794023
vt 0.838435 0.694043
vt 0.852012 0.703123
vt 0.854464 0.651315
vt 0.842171 0.646796
vt 0.865621 0.712296
vt 0.866762 0.655885
vt 0.867679 0.599433
vt 0.856657 0.599432
vt 0.845648 0.599451
vt 0.806240 0.531215
vt 0.815415 0.519483
vt 0.750000 0.519347
vt 0.750000 0.531099
vt 0.824702 0.507727
vt 0.749998 0.507587
vt 0.675278 0.507707
vt 0.684583 0.519480
vt 0.693760 0.531215
vt 0.557804 0.599586
vt 0.557795 0.659417
vt 0.583404 0.659391
vt 0.583405 0.599598
vt 0.557791 0.719244
vt 0.583397 0.719187
vt 0.609017 0.719079
vt 0.609017 0.659320
vt 0.609014 0.599579
vt 0.557781 0.293611
vt 0.557780 0.375000
vt 0.583404 0.375001
vt 0.583397 0.293656
vt 0.557780 0.456389
vt 0.583399 0.456351
vt 0.609039 0.456241
vt 0.609031 0.375007
vt 0.609023 0.293816
vt 0.698437 0.545377
vt 0.697186 0.557489
vt 0.751263 0.557515
vt 0.750455 0.545412
vt 0.695867 0.569610
vt 0.752071 0.569619
vt 0.808273 0.569610
vt 0.805335 0.557489
vt 0.802467 0.545377
vt 0.657725 0.599451
vt 0.645449 0.599432
vt 0.646797 0.651315
vt 0.659854 0.646796
vt 0.633156 0.599431
vt 0.633731 0.655889
vt 0.634511 0.712330
vt 0.648410 0.703128
vt 0.662248 0.694043
vt 0.661428 0.539125
vt 0.647737 0.529042
vt 0.646433 0.546039
vt 0.659414 0.553034
vt 0.634004 0.518893
vt 0.633447 0.539012
vt 0.633091 0.559248
vt 0.645347 0.563166
vt 0.657592 0.567065
vt 0.695929 0.599463
vt 0.697660 0.643954
vt 0.751263 0.643928
vt 0.752096 0.599453
vt 0.699380 0.688435
vt 0.750431 0.688402
vt 0.801480 0.688435
vt 0.804865 0.643954
vt 0.808261 0.599463
vt 0.845749 0.567065
vt 0.856739 0.563167
vt 0.854829 0.546039
vt 0.842606 0.553034
vt 0.867725 0.559251
vt 0.867054 0.539013
vt 0.866191 0.518897
vt 0.852709 0.529043
vt 0.839279 0.539125
vt 0.557802 0.193315
vt 0.557791 0.215644
vt 0.583404 0.215604
vt 0.583405 0.193299
vt 0.557785 0.237963
vt 0.583395 0.237909
vt 0.609002 0.237862
vt 0.609018 0.215582
vt 0.609015 0.193310
vt 0.541819 0.793906
vt 0.541812 0.874995
vt 0.541811 0.874180
vt 0.541812 0.790621
vt 0.541811 0.956055
vt 0.541811 0.956099
vt 0.541811 0.956120
vt 0.541811 0.870900
vt 0.541811 0.754545
vt 0.541811 0.570140
vt 0.541811 0.658675
vt 0.541811 0.658694
vt 0.541812 0.594555
vt 0.541811 0.747211
vt 0.541812 0.722995
vt 0.541811 0.747179
vt 0.541811 0.658673
vt 0.541811 0.570167
vt 0.541811 0.253820
vt 0.541811 0.375000
vt 0.541811 0.371689
vt 0.541811 0.253869
vt 0.541811 0.496180
vt 0.541812 0.463022
vt 0.541811 0.496083
vt 0.541811 0.375000
vt 0.541811 0.253917
vt 0.694734 0.718619
vt 0.685149 0.730477
vt 0.749999 0.730643
vt 0.750000 0.718738
vt 0.675468 0.742391
vt 0.749995 0.742562
vt 0.824488 0.742393
vt 0.814845 0.730478
vt 0.805267 0.718619
vt 0.541811 0.182348
vt 0.541811 0.215056
vt 0.541811 0.215946
vt 0.541812 0.191291
vt 0.541811 0.247765
vt 0.541811 0.247732
vt 0.541811 0.247700
vt 0.541811 0.215053
vt 0.541811 0.182407
vt 0.541811 0.502235
vt 0.541811 0.534944
vt 0.541811 0.533819
vt 0.541811 0.502268
vt 0.541811 0.567652
vt 0.541812 0.557813
vt 0.541820 0.556862
vt 0.541813 0.533715
vt 0.541811 0.502300
vt 0.805336 0.718487
vt 0.800928 0.712834
vt 0.823986 0.712689
vt 0.830346 0.718215
vt 0.800111 0.711483
vt 0.822786 0.711462
vt 0.826800 0.711470
vt 0.828244 0.712505
vt 0.834978 0.717899
vt 0.824839 0.688562
vt 0.822931 0.708268
vt 0.800174 0.708198
vt 0.829407 0.688775
vt 0.827307 0.708455
vt 0.836131 0.714721
vt 0.829259 0.709502
vt 0.831504 0.689676
vt 0.832567 0.543950
vt 0.830638 0.538373
vt 0.837296 0.533012
vt 0.830634 0.544971
vt 0.828848 0.539466
vt 0.828439 0.538476
vt 0.829790 0.537410
vt 0.836300 0.531947
vt 0.801356 0.539742
vt 0.824538 0.539668
vt 0.826121 0.545212
vt 0.801334 0.538472
vt 0.824458 0.538492
vt 0.831659 0.531659
vt 0.825567 0.537224
vt 0.802067 0.537074
vt 0.669309 0.689676
vt 0.670851 0.709502
vt 0.663961 0.714721
vt 0.671438 0.688775
vt 0.672809 0.708455
vt 0.673207 0.711471
vt 0.671760 0.712505
vt 0.665025 0.717900
vt 0.699947 0.708198
vt 0.677187 0.708268
vt 0.676015 0.688562
vt 0.699895 0.711483
vt 0.677219 0.711462
vt 0.694664 0.718487
vt 0.669654 0.718215
vt 0.676015 0.712689
vt 0.699072 0.712834
vt 0.697936 0.537074
vt 0.674437 0.537224
vt 0.668342 0.531659
vt 0.698685 0.538472
vt 0.675560 0.538492
vt 0.671581 0.538476
vt 0.670224 0.537410
vt 0.663710 0.531948
vt 0.674764 0.545212
vt 0.675610 0.539668
vt 0.698801 0.539742
vt 0.670233 0.544971
vt 0.671293 0.539466
vt 0.662816 0.533012
vt 0.669494 0.538373
vt 0.668267 0.543950
vt 0.808350 0.599435
vt 0.809799 0.579684
vt 0.835573 0.579683
vt 0.833679 0.599458
vt 0.809954 0.576454
vt 0.835785 0.576446
vt 0.840448 0.576393
vt 0.840221 0.579642
vt 0.838321 0.599469
vt 0.833751 0.569634
vt 0.835476 0.575243
vt 0.809709 0.575258
vt 0.838430 0.569525
vt 0.840158 0.575177
vt 0.846935 0.573656
vt 0.841779 0.574881
vt 0.840153 0.569082
vt 0.847114 0.575016
vt 0.842026 0.576132
vt 0.840034 0.599446
vt 0.841813 0.579413
vt 0.846952 0.578438
vt 0.695182 0.575257
vt 0.669409 0.575243
vt 0.670390 0.569634
vt 0.695072 0.576454
vt 0.669236 0.576446
vt 0.664540 0.576393
vt 0.664695 0.575177
vt 0.665681 0.569525
vt 0.670507 0.599458
vt 0.669349 0.579683
vt 0.695128 0.579684
vt 0.665834 0.599469
vt 0.664667 0.579642
vt 0.657048 0.578438
vt 0.662907 0.579413
vt 0.663974 0.599446
vt 0.656975 0.575016
vt 0.662794 0.576132
vt 0.663817 0.569082
vt 0.662910 0.574881
vt 0.657042 0.573656
vt 0.610086 0.183117
vt 0.621644 0.182917
vt 0.621480 0.192328
vt 0.620988 0.181202
vt 0.622776 0.181202
vt 0.624564 0.181202
vt 0.624782 0.181828
vt 0.625000 0.182454
vt 0.621512 0.152957
vt 0.621759 0.177532
vt 0.610117 0.176931
vt 0.625000 0.180025
vt 0.625000 0.180584
vt 0.625000 0.181143
vt 0.622994 0.181172
vt 0.868523 0.574277
vt 0.873364 0.572754
vt 0.873305 0.596970
vt 0.872821 0.569285
vt 0.873688 0.569091
vt 0.874555 0.568898
vt 0.874778 0.569436
vt 0.875000 0.569975
vt 0.873368 0.558234
vt 0.873474 0.567410
vt 0.868544 0.568429
vt 0.875000 0.567546
vt 0.875000 0.568103
vt 0.875000 0.568660
vt 0.873911 0.568973
vt 0.621512 0.238715
vt 0.621759 0.248090
vt 0.610118 0.248038
vt 0.625000 0.248470
vt 0.625000 0.249001
vt 0.625000 0.249532
vt 0.622994 0.249766
vt 0.620988 0.250000
vt 0.866213 0.509255
vt 0.872650 0.503772
vt 0.872969 0.512852
vt 0.871687 0.502766
vt 0.872800 0.501837
vt 0.873913 0.500908
vt 0.874456 0.501219
vt 0.875000 0.501530
vt 0.832804 0.501663
vt 0.866201 0.501717
vt 0.859388 0.507294
vt 0.869978 0.500000
vt 0.871743 0.500000
vt 0.873508 0.500000
vt 0.872597 0.501383
vt 0.610082 0.256934
vt 0.621630 0.256313
vt 0.621476 0.290599
vt 0.622751 0.250000
vt 0.624514 0.250000
vt 0.624757 0.252511
vt 0.625000 0.255022
vt 0.621523 0.459399
vt 0.621550 0.493627
vt 0.609141 0.493015
vt 0.625000 0.494978
vt 0.625075 0.497475
vt 0.625150 0.499971
vt 0.621563 0.499531
vt 0.609146 0.499535
vt 0.641095 0.507735
vt 0.633633 0.501826
vt 0.667099 0.501660
vt 0.635167 0.508077
vt 0.628035 0.502110
vt 0.627586 0.499986
vt 0.630022 0.500000
vt 0.626970 0.513707
vt 0.627274 0.503897
vt 0.634329 0.509629
vt 0.624746 0.512498
vt 0.624873 0.502380
vt 0.609141 0.501877
vt 0.621525 0.501983
vt 0.621490 0.512172
vt 0.609131 0.573066
vt 0.621480 0.573075
vt 0.621477 0.599496
vt 0.609131 0.568803
vt 0.621484 0.568808
vt 0.624735 0.568870
vt 0.624721 0.573128
vt 0.624714 0.599449
vt 0.621476 0.556789
vt 0.621481 0.566872
vt 0.609131 0.566884
vt 0.624703 0.556882
vt 0.624723 0.566928
vt 0.632810 0.568525
vt 0.626814 0.567256
vt 0.626782 0.557362
vt 0.632836 0.570320
vt 0.626841 0.569167
vt 0.626815 0.599420
vt 0.626808 0.573370
vt 0.632804 0.574356
vt 0.621539 0.718844
vt 0.621652 0.745411
vt 0.609180 0.745686
vt 0.624881 0.718360
vt 0.625134 0.744829
vt 0.625634 0.749545
vt 0.621745 0.750281
vt 0.609200 0.750451
vt 0.634926 0.737592
vt 0.627672 0.743243
vt 0.627258 0.717128
vt 0.635752 0.741603
vt 0.628449 0.747509
vt 0.675092 0.742573
vt 0.667193 0.748353
vt 0.633902 0.748009
vt 0.641536 0.742146
vt 0.630068 0.750000
vt 0.627851 0.749773
vt 0.609180 0.757113
vt 0.621672 0.756352
vt 0.621558 0.790684
vt 0.625317 0.752306
vt 0.625000 0.755068
vt 0.610086 0.004340
vt 0.621645 0.003889
vt 0.621480 0.028655
vt 0.620988 0.000000
vt 0.622778 0.000000
vt 0.624568 0.000000
vt 0.624784 0.001051
vt 0.625000 0.002103
vt 0.621512 0.959162
vt 0.621759 0.993146
vt 0.610118 0.992792
vt 0.625000 0.994932
vt 0.625000 0.996636
vt 0.625000 0.998339
vt 0.622994 0.999170
vt 0.620988 1.000000
vt 0.824890 0.742556
vt 0.859000 0.742543
vt 0.866101 0.747964
vt 0.832758 0.748309
vt 0.871171 0.746900
vt 0.872433 0.747922
vt 0.873694 0.748943
vt 0.871813 0.749472
vt 0.869932 0.750000
vt 0.872806 0.719573
vt 0.872661 0.743913
vt 0.865727 0.738011
vt 0.875000 0.747897
vt 0.875000 0.748567
vt 0.875000 0.749236
vt 0.873085 0.748068
vt 0.556779 0.992934
vt 0.545361 0.993654
vt 0.545399 0.959371
vt 0.545823 1.000000
vt 0.544401 1.000000
vt 0.542979 1.000000
vt 0.542395 0.997611
vt 0.541811 0.995222
vt 0.545300 0.029124
vt 0.545052 0.004443
vt 0.556694 0.004502
vt 0.541811 0.003225
vt 0.541811 0.002145
vt 0.541811 0.001065
vt 0.543817 0.000533
vt 0.545823 0.000000
vt 0.541811 0.002032
vt 0.541811 0.001507
vt 0.541811 0.003007
vt 0.541811 0.000000
vt 0.541811 0.000000
vt 0.541811 0.000000
vt 0.541811 0.001612
vt 0.541825 0.959199
vt 0.541811 0.993192
vt 0.541811 0.992722
vt 0.541811 0.996835
vt 0.541811 0.998449
vt 0.541811 0.999224
vt 0.541811 1.000000
vt 0.557705 0.248031
vt 0.545450 0.247793
vt 0.545407 0.237485
vt 0.557714 0.250408
vt 0.545476 0.250348
vt 0.542610 0.250288
vt 0.542573 0.247577
vt 0.542512 0.237179
vt 0.545406 0.293610
vt 0.545450 0.256955
vt 0.557705 0.256908
vt 0.542512 0.293654
vt 0.542573 0.256987
vt 0.541834 0.252796
vt 0.541962 0.256141
vt 0.541918 0.290323
vt 0.541844 0.250264
vt 0.541988 0.250264
vt 0.541918 0.238002
vt 0.541962 0.247749
vt 0.541834 0.248667
vt 0.557705 0.493092
vt 0.545450 0.493045
vt 0.545406 0.456390
vt 0.557714 0.499592
vt 0.545476 0.499652
vt 0.542610 0.499712
vt 0.542573 0.493013
vt 0.542512 0.456346
vt 0.545406 0.512515
vt 0.545450 0.502207
vt 0.557705 0.501969
vt 0.542512 0.512821
vt 0.542573 0.502423
vt 0.541831 0.501360
vt 0.541961 0.502257
vt 0.541918 0.511998
vt 0.541811 0.500000
vt 0.541984 0.499758
vt 0.541917 0.459678
vt 0.541959 0.493867
vt 0.541811 0.498090
vt 0.557705 0.745643
vt 0.545436 0.745932
vt 0.545334 0.720967
vt 0.557714 0.750476
vt 0.545476 0.750420
vt 0.542610 0.750355
vt 0.542514 0.748030
vt 0.541811 0.746776
vt 0.545406 0.793902
vt 0.545450 0.757231
vt 0.557705 0.757133
vt 0.542512 0.793983
vt 0.542573 0.757299
vt 0.541835 0.757208
vt 0.541962 0.757268
vt 0.541918 0.793960
vt 0.541844 0.750281
vt 0.541988 0.750306
vt 0.541811 0.746993
vt 0.541945 0.748571
vt 0.541834 0.748011
vt 0.545334 0.597109
vt 0.545435 0.572558
vt 0.557705 0.573099
vt 0.541811 0.570373
vt 0.542514 0.570178
vt 0.542610 0.568894
vt 0.545476 0.568867
vt 0.557714 0.568827
vt 0.541831 0.570103
vt 0.541944 0.569545
vt 0.541811 0.570257
vt 0.541811 0.568798
vt 0.541985 0.568875
vt 0.541917 0.557901
vt 0.541959 0.567159
vt 0.541811 0.568225
vt 0.542512 0.557019
vt 0.542573 0.566958
vt 0.557705 0.566912
vt 0.545450 0.566941
vt 0.545406 0.556941
vt 0.545406 0.193059
vt 0.545450 0.183059
vt 0.557705 0.183088
vt 0.542512 0.192981
vt 0.542573 0.183042
vt 0.542610 0.181106
vt 0.545476 0.181133
vt 0.557714 0.181173
vt 0.541811 0.181775
vt 0.541959 0.182841
vt 0.541917 0.192100
vt 0.541811 0.181202
vt 0.541985 0.181125
vt 0.541811 0.179743
vt 0.541944 0.180455
vt 0.541831 0.179897
vt 0.541811 0.179627
vt 0.542514 0.179822
vt 0.557705 0.176901
vt 0.545435 0.177442
vt 0.545334 0.152891
vt 0.830288 0.718298
vt 0.823982 0.712792
vt 0.800894 0.712964
vt 0.834999 0.717948
vt 0.828315 0.712591
vt 0.826810 0.711513
vt 0.822731 0.711496
vt 0.800038 0.711523
vt 0.831693 0.689775
vt 0.829404 0.709594
vt 0.836257 0.714784
vt 0.829443 0.688802
vt 0.827329 0.708481
vt 0.800074 0.708180
vt 0.822846 0.708257
vt 0.824751 0.688547
vt 0.837424 0.532963
vt 0.830789 0.538304
vt 0.832734 0.543878
vt 0.836365 0.531877
vt 0.829910 0.537312
vt 0.828511 0.538436
vt 0.828909 0.539464
vt 0.830686 0.544971
vt 0.802116 0.536896
vt 0.825654 0.537085
vt 0.831674 0.531530
vt 0.801348 0.538426
vt 0.824494 0.538455
vt 0.826086 0.545256
vt 0.824533 0.539704
vt 0.801333 0.539788
vt 0.663836 0.714784
vt 0.670706 0.709594
vt 0.669117 0.689775
vt 0.665004 0.717948
vt 0.671690 0.712591
vt 0.673197 0.711513
vt 0.672787 0.708481
vt 0.671402 0.688802
vt 0.699106 0.712964
vt 0.676019 0.712792
vt 0.669713 0.718298
vt 0.699968 0.711523
vt 0.677275 0.711496
vt 0.676104 0.688547
vt 0.677273 0.708257
vt 0.700048 0.708180
vt 0.668328 0.531530
vt 0.674351 0.537085
vt 0.697887 0.536896
vt 0.663647 0.531877
vt 0.670106 0.537312
vt 0.671513 0.538436
vt 0.675526 0.538455
vt 0.698674 0.538426
vt 0.668100 0.543878
vt 0.669348 0.538304
vt 0.662692 0.532963
vt 0.670186 0.544971
vt 0.671237 0.539464
vt 0.698831 0.539788
vt 0.675623 0.539704
vt 0.674806 0.545256
vt 0.833603 0.599490
vt 0.835495 0.579707
vt 0.809711 0.579708
vt 0.838343 0.599505
vt 0.840233 0.579660
vt 0.840452 0.576374
vt 0.835698 0.576435
vt 0.809858 0.576443
vt 0.847077 0.578441
vt 0.841931 0.579416
vt 0.840177 0.599484
vt 0.847227 0.574975
vt 0.842135 0.576093
vt 0.840284 0.568955
vt 0.841893 0.574787
vt 0.847060 0.573553
vt 0.838436 0.569439
vt 0.840157 0.575109
vt 0.809605 0.575203
vt 0.835381 0.575187
vt 0.833659 0.569569
vt 0.670473 0.569569
vt 0.669495 0.575187
vt 0.695278 0.575203
vt 0.665660 0.569439
vt 0.664681 0.575109
vt 0.664527 0.576374
vt 0.669319 0.576435
vt 0.695165 0.576443
vt 0.656894 0.573553
vt 0.662771 0.574787
vt 0.663662 0.568955
vt 0.656843 0.574975
vt 0.662665 0.576093
vt 0.663814 0.599484
vt 0.662770 0.579416
vt 0.656904 0.578441
vt 0.665805 0.599505
vt 0.664648 0.579660
vt 0.695216 0.579708
vt 0.669425 0.579707
vt 0.670581 0.599490
vt 0.621412 0.192453
vt 0.621653 0.183054
vt 0.609989 0.183211
vt 0.625000 0.182679
vt 0.625000 0.182027
vt 0.625000 0.181376
vt 0.622874 0.181289
vt 0.620748 0.181202
vt 0.868291 0.568414
vt 0.873163 0.567425
vt 0.873173 0.558187
vt 0.872427 0.569373
vt 0.873441 0.569146
vt 0.874456 0.568920
vt 0.874728 0.568121
vt 0.875000 0.567321
vt 0.873181 0.596997
vt 0.873320 0.572808
vt 0.868350 0.574345
vt 0.875000 0.570057
vt 0.875000 0.569457
vt 0.875000 0.568856
vt 0.873713 0.569114
vt 0.609952 0.176898
vt 0.621524 0.177510
vt 0.621375 0.152921
vt 0.622630 0.181202
vt 0.624512 0.181202
vt 0.624756 0.180572
vt 0.625000 0.179943
vt 0.609939 0.247994
vt 0.621499 0.248132
vt 0.621374 0.238653
vt 0.620727 0.250000
vt 0.622572 0.250000
vt 0.624417 0.250000
vt 0.624709 0.249141
vt 0.625000 0.248281
vt 0.621421 0.290931
vt 0.621655 0.256925
vt 0.609983 0.257179
vt 0.625000 0.255532
vt 0.625000 0.253599
vt 0.625000 0.251667
vt 0.622864 0.250833
vt 0.858881 0.507670
vt 0.865785 0.502232
vt 0.832406 0.501942
vt 0.871024 0.503319
vt 0.872356 0.502207
vt 0.873689 0.501094
vt 0.871579 0.500547
vt 0.869468 0.500000
vt 0.872867 0.513046
vt 0.872700 0.503940
vt 0.865975 0.509553
vt 0.875000 0.501719
vt 0.875000 0.501117
vt 0.875000 0.500516
vt 0.873012 0.501917
vt 0.609054 0.492924
vt 0.621563 0.493562
vt 0.621464 0.459220
vt 0.609062 0.499565
vt 0.621624 0.499665
vt 0.625599 0.500403
vt 0.625299 0.497435
vt 0.625000 0.494468
vt 0.621435 0.512301
vt 0.621536 0.502170
vt 0.609052 0.501988
vt 0.624831 0.512683
vt 0.625082 0.502680
vt 0.634663 0.509970
vt 0.627624 0.504273
vt 0.627197 0.513962
vt 0.635625 0.508435
vt 0.628535 0.502518
vt 0.667542 0.501892
vt 0.634208 0.502156
vt 0.641631 0.508045
vt 0.630532 0.500000
vt 0.628065 0.500201
vt 0.621381 0.599532
vt 0.621384 0.573109
vt 0.609012 0.573101
vt 0.624743 0.599479
vt 0.624754 0.573170
vt 0.624773 0.568861
vt 0.621388 0.568789
vt 0.609012 0.568787
vt 0.633021 0.574421
vt 0.626993 0.573431
vt 0.626993 0.599446
vt 0.633070 0.570346
vt 0.627038 0.569183
vt 0.626961 0.557307
vt 0.627006 0.567202
vt 0.633035 0.568485
vt 0.624733 0.556791
vt 0.624759 0.566845
vt 0.609013 0.566801
vt 0.621385 0.566782
vt 0.621381 0.556689
vt 0.609013 0.745681
vt 0.621455 0.745452
vt 0.621413 0.718803
vt 0.609011 0.750549
vt 0.621488 0.750479
vt 0.625252 0.749939
vt 0.625050 0.744842
vt 0.624887 0.718268
vt 0.621431 0.790969
vt 0.621465 0.756668
vt 0.609014 0.757336
vt 0.625000 0.755599
vt 0.625126 0.752769
vt 0.642012 0.741917
vt 0.634268 0.747906
vt 0.667566 0.748222
vt 0.636157 0.741325
vt 0.628665 0.747405
vt 0.627925 0.749970
vt 0.630599 0.750000
vt 0.627464 0.716919
vt 0.627865 0.743054
vt 0.635251 0.737295
vt 0.621410 0.028786
vt 0.621644 0.004161
vt 0.609969 0.004443
vt 0.625000 0.002254
vt 0.625000 0.001539
vt 0.625000 0.000823
vt 0.622851 0.000412
vt 0.620703 0.000000
vt 0.865236 0.737623
vt 0.871965 0.743495
vt 0.872465 0.719297
vt 0.870450 0.746317
vt 0.871941 0.747524
vt 0.873432 0.748731
vt 0.874216 0.748239
vt 0.875000 0.747746
vt 0.832318 0.748227
vt 0.865493 0.748034
vt 0.858431 0.742338
vt 0.869401 0.750000
vt 0.871277 0.750000
vt 0.873152 0.750000
vt 0.871801 0.748158
vt 0.609929 0.992728
vt 0.621497 0.993374
vt 0.621371 0.959027
vt 0.620703 1.000000
vt 0.622571 1.000000
vt 0.624440 1.000000
vt 0.624720 0.997201
vt 0.625000 0.994401
vt 0.545388 0.959486
vt 0.545131 0.993673
vt 0.556779 0.992821
vt 0.541811 0.995998
vt 0.541811 0.997847
vt 0.541811 0.999697
vt 0.543890 0.999849
vt 0.545969 1.000000
vt 0.541811 0.992855
vt 0.541811 0.993755
vt 0.541811 0.959509
vt 0.541811 1.000000
vt 0.541811 1.000000
vt 0.541811 1.000000
vt 0.541811 0.997999
vt 0.541811 0.001769
vt 0.541811 0.000884
vt 0.541811 0.001410
vt 0.541811 0.000716
vt 0.541811 0.000358
vt 0.541811 0.000000
vt 0.541811 0.000000
vt 0.541811 0.000000
vt 0.556869 0.004268
vt 0.545456 0.003569
vt 0.545479 0.028174
vt 0.545969 0.000000
vt 0.544504 0.000000
vt 0.543039 0.000000
vt 0.542425 0.000358
vt 0.545421 0.238994
vt 0.545516 0.248418
vt 0.557783 0.248116
vt 0.541811 0.249226
vt 0.542544 0.249318
vt 0.542643 0.250461
vt 0.545552 0.250475
vt 0.557782 0.250458
vt 0.541811 0.248850
vt 0.541948 0.249270
vt 0.541811 0.248463
vt 0.541811 0.250000
vt 0.541992 0.250362
vt 0.541811 0.253766
vt 0.541948 0.251940
vt 0.541811 0.251959
vt 0.541811 0.253615
vt 0.542544 0.252752
vt 0.557781 0.256970
vt 0.545514 0.256102
vt 0.545417 0.290236
vt 0.545417 0.459765
vt 0.545514 0.493898
vt 0.557781 0.493031
vt 0.541811 0.496385
vt 0.542544 0.497248
vt 0.542643 0.499539
vt 0.545552 0.499526
vt 0.557782 0.499542
vt 0.541831 0.497230
vt 0.541950 0.498063
vt 0.541811 0.496234
vt 0.541811 0.500000
vt 0.541992 0.499639
vt 0.541922 0.511428
vt 0.541966 0.501859
vt 0.541811 0.501150
vt 0.542547 0.511985
vt 0.542607 0.501842
vt 0.557783 0.501884
vt 0.545531 0.501816
vt 0.545497 0.511946
vt 0.545502 0.719315
vt 0.545536 0.745872
vt 0.557787 0.745808
vt 0.542549 0.719217
vt 0.542608 0.745808
vt 0.542645 0.750539
vt 0.545557 0.750571
vt 0.557785 0.750563
vt 0.541811 0.748590
vt 0.541966 0.746081
vt 0.541923 0.721204
vt 0.541811 0.750000
vt 0.541992 0.750411
vt 0.541811 0.754274
vt 0.541948 0.752206
vt 0.541811 0.752272
vt 0.541811 0.754002
vt 0.542546 0.752986
vt 0.557786 0.757232
vt 0.545520 0.756340
vt 0.545424 0.790499
vt 0.557818 0.573080
vt 0.545558 0.573041
vt 0.545512 0.599551
vt 0.557826 0.568780
vt 0.545585 0.568761
vt 0.542656 0.568754
vt 0.542617 0.573023
vt 0.542553 0.599507
vt 0.545510 0.556650
vt 0.545557 0.566792
vt 0.557817 0.566807
vt 0.542552 0.556657
vt 0.542617 0.566790
vt 0.541833 0.566850
vt 0.541970 0.566815
vt 0.541924 0.556750
vt 0.541811 0.568798
vt 0.541995 0.568777
vt 0.541923 0.597032
vt 0.541968 0.572455
vt 0.541811 0.569483
vt 0.557817 0.183193
vt 0.545542 0.182982
vt 0.545434 0.192451
vt 0.557826 0.181220
vt 0.545585 0.181239
vt 0.542656 0.181246
vt 0.542554 0.182083
vt 0.541811 0.182518
vt 0.545436 0.152930
vt 0.545543 0.177580
vt 0.557818 0.176920
vt 0.541811 0.180268
vt 0.542555 0.180075
vt 0.541811 0.180517
vt 0.541950 0.180626
vt 0.541811 0.180050
vt 0.541811 0.181202
vt 0.541995 0.181223
vt 0.541811 0.182462
vt 0.541952 0.181836
vt 0.541832 0.182032
vt 0.583414 0.992954
vt 0.583406 1.000000
vt 0.583406 0.000000
vt 0.583402 0.004302
vt 0.873242 0.535505
vt 0.875000 0.534538
vt 0.625000 0.215462
vt 0.621508 0.215527
vt 0.749990 0.501604
vt 0.750000 0.500000
vt 0.625000 0.375000
vt 0.621509 0.375000
vt 0.626972 0.658263
vt 0.624755 0.658885
vt 0.621487 0.659156
vt 0.749998 0.742724
vt 0.749995 0.748465
vt 0.750000 0.750000
vt 0.625000 0.875000
vt 0.621516 0.874984
vt 0.873110 0.658267
vt 0.875000 0.658936
vt 0.625000 0.091064
vt 0.621509 0.090835
vt 0.626826 0.535518
vt 0.624703 0.534695
vt 0.621476 0.534489
vt 0.752464 0.579683
vt 0.752513 0.576455
vt 0.752445 0.575260
vt 0.829911 0.557410
vt 0.834540 0.557222
vt 0.836407 0.556476
vt 0.750080 0.539763
vt 0.750010 0.538461
vt 0.750001 0.537019
vt 0.673257 0.644024
vt 0.668602 0.644148
vt 0.666562 0.644597
vt 0.750061 0.708178
vt 0.750003 0.711494
vt 0.750000 0.712886
vt 0.750000 0.718586
vt 0.829264 0.644024
vt 0.833898 0.644148
vt 0.835847 0.644597
vt 0.672600 0.557410
vt 0.667947 0.557222
vt 0.665991 0.556476
vt 0.857637 0.576378
vt 0.858004 0.572589
vt 0.857629 0.571076
vt 0.845321 0.519644
vt 0.851037 0.519655
vt 0.851571 0.521284
vt 0.648635 0.521387
vt 0.649535 0.520094
vt 0.654813 0.519754
vt 0.644944 0.571099
vt 0.644932 0.572675
vt 0.644945 0.576399
vt 0.684915 0.730511
vt 0.655671 0.730124
vt 0.650479 0.729667
vt 0.649505 0.726080
vt 0.850701 0.726188
vt 0.850099 0.730106
vt 0.844468 0.730229
vt 0.815082 0.730509
vt 0.583652 0.256890
vt 0.584397 0.250399
vt 0.583656 0.248120
vt 0.583410 0.501867
vt 0.583412 0.499562
vt 0.583410 0.493101
vt 0.583415 0.757092
vt 0.583419 0.750493
vt 0.583415 0.745764
vt 0.583409 0.573069
vt 0.583410 0.568808
vt 0.583409 0.566897
vt 0.583652 0.183103
vt 0.584397 0.181192
vt 0.583656 0.176931
vt 0.545302 0.091026
vt 0.541811 0.091426
vt 0.541811 0.091375
vt 0.545389 0.534776
vt 0.542488 0.534996
vt 0.541900 0.535025
vt 0.545381 0.875817
vt 0.542430 0.878263
vt 0.541884 0.875806
vt 0.545304 0.658983
vt 0.541811 0.658574
vt 0.541811 0.658625
vt 0.545389 0.375000
vt 0.542488 0.375000
vt 0.541900 0.375000
vt 0.545389 0.215224
vt 0.542488 0.215004
vt 0.541900 0.214975
vt 0.583379 0.004316
vt 0.583336 0.000000
vt 0.583336 1.000000
vt 0.583366 0.992798
vt 0.621412 0.215541
vt 0.625000 0.215480
vt 0.875000 0.534520
vt 0.873088 0.535572
vt 0.621429 0.375015
vt 0.625000 0.375000
vt 0.750000 0.500000
vt 0.749995 0.501808
vt 0.621388 0.659140
vt 0.624786 0.658836
vt 0.627165 0.658161
vt 0.621414 0.875000
vt 0.625000 0.875000
vt 0.750000 0.750000
vt 0.749988 0.748331
vt 0.621409 0.090859
vt 0.625000 0.091098
vt 0.875000 0.658902
vt 0.872919 0.658160
vt 0.621389 0.534488
vt 0.624738 0.534719
vt 0.627003 0.535595
vt 0.752442 0.575204
vt 0.752512 0.576443
vt 0.752463 0.579705
vt 0.836563 0.556370
vt 0.834569 0.557176
vt 0.829843 0.557398
vt 0.750001 0.536827
vt 0.750011 0.538410
vt 0.750084 0.539810
vt 0.666373 0.644674
vt 0.668564 0.644183
vt 0.673338 0.644034
vt 0.750000 0.713027
vt 0.750003 0.711537
vt 0.750061 0.708160
vt 0.836025 0.644674
vt 0.833931 0.644183
vt 0.829182 0.644034
vt 0.665823 0.556370
vt 0.667912 0.557176
vt 0.672666 0.557398
vt 0.857581 0.571009
vt 0.857937 0.572588
vt 0.857600 0.576414
vt 0.851476 0.521425
vt 0.850825 0.519811
vt 0.845055 0.519741
vt 0.655079 0.519842
vt 0.649735 0.520235
vt 0.648740 0.521530
vt 0.644987 0.576433
vt 0.644990 0.572669
vt 0.644987 0.571028
vt 0.649632 0.725938
vt 0.650709 0.729517
vt 0.655967 0.730026
vt 0.844159 0.730130
vt 0.849837 0.729929
vt 0.850554 0.726032
vt 0.583621 0.248066
vt 0.584348 0.250417
vt 0.583625 0.257004
vt 0.583387 0.493003
vt 0.583379 0.499552
vt 0.583387 0.501928
vt 0.583379 0.745760
vt 0.583369 0.750556
vt 0.583379 0.757270
vt 0.583404 0.566813
vt 0.583404 0.568789
vt 0.583404 0.573099
vt 0.583645 0.176901
vt 0.584381 0.181210
vt 0.583649 0.183188
vt 0.541811 0.090898
vt 0.541811 0.090492
vt 0.545408 0.090546
vt 0.541905 0.534322
vt 0.542524 0.534313
vt 0.545487 0.534285
vt 0.541811 0.870887
vt 0.541811 0.875000
vt 0.545394 0.874998
vt 0.541905 0.659080
vt 0.542526 0.659354
vt 0.545491 0.659435
vt 0.541811 0.375000
vt 0.541811 0.375000
vt 0.545389 0.375000
vt 0.541811 0.215462
vt 0.541811 0.215872
vt 0.545398 0.215738
vt 0.541811 0.003826
vt 0.541811 0.000000
vt 0.541811 1.000000
vt 0.541811 0.992830
vt 0.541814 0.251965
vt 0.541815 0.250244
vt 0.541814 0.248891
vt 0.541813 0.501137
vt 0.541811 0.500000
vt 0.541813 0.494757
vt 0.541814 0.756374
vt 0.541815 0.750254
vt 0.541814 0.746204
vt 0.541813 0.571918
vt 0.541811 0.568798
vt 0.541814 0.567095
vt 0.541813 0.182681
vt 0.541811 0.181202
vt 0.541813 0.178082
vt 0.750000 0.730651
vn -0.9887 -0.0098 0.1499
vn -0.9886 0.0105 0.1499
vn -0.9890 0.0105 0.1475
vn -0.9890 -0.0103 0.1475
vn -0.9883 0.0274 0.1499
vn -0.9887 0.0277 0.1474
vn -0.9889 0.0283 0.1459
vn -0.9892 0.0106 0.1460
vn -0.9892 -0.0102 0.1461
vn 0.9456 -0.0324 -0.3237
vn 0.9460 -0.0115 -0.3239
vn 0.9480 -0.0118 -0.3182
vn 0.9475 -0.0329 -0.3180
vn 0.9460 0.0075 -0.3242
vn 0.9480 0.0064 -0.3183
vn 0.9492 0.0059 -0.3148
vn 0.9491 -0.0120 -0.3147
vn 0.9487 -0.0335 -0.3144
vn 0.0086 -0.0277 0.9996
vn 0.0073 0.0001 1.0000
vn -0.0008 0.0006 1.0000
vn -0.0011 -0.0236 0.9997
vn 0.0079 0.0235 0.9997
vn -0.0006 0.0218 0.9998
vn -0.0090 0.0237 0.9997
vn -0.0089 0.0003 1.0000
vn -0.0108 -0.0275 0.9996
vn -0.1276 -0.9916 0.0188
vn -0.1269 -0.9917 0.0186
vn -0.0111 -0.9999 0.0013
vn -0.0116 -0.9999 0.0013
vn -0.1254 -0.9919 0.0182
vn -0.0113 -0.9999 0.0014
vn 0.1031 -0.9945 -0.0153
vn 0.1051 -0.9943 -0.0159
vn 0.1053 -0.9943 -0.0165
vn -0.6367 0.7662 0.0867
vn -0.6113 0.7872 0.0817
vn -0.6218 0.7784 0.0867
vn -0.6451 0.7585 0.0918
vn -0.5871 0.8058 0.0775
vn -0.5983 0.7970 0.0824
vn -0.6117 0.7862 0.0877
vn -0.6342 0.7677 0.0919
vn -0.6561 0.7484 0.0970
vn 0.0058 0.8565 -0.5161
vn 0.0100 0.8562 -0.5165
vn 0.0100 0.8505 -0.5259
vn 0.0055 0.8512 -0.5247
vn 0.0143 0.8564 -0.5161
vn 0.0145 0.8511 -0.5247
vn 0.0142 0.8426 -0.5383
vn 0.0099 0.8418 -0.5396
vn 0.0056 0.8427 -0.5383
vn 0.9885 -0.0324 0.1477
vn 0.9890 -0.0116 0.1477
vn 0.9888 -0.0117 0.1491
vn 0.9883 -0.0325 0.1491
vn 0.9890 0.0061 0.1476
vn 0.9888 0.0055 0.1490
vn 0.9884 0.0052 0.1515
vn 0.9884 -0.0117 0.1515
vn 0.9879 -0.0320 0.1515
vn -0.0073 -0.0282 -0.9996
vn -0.0059 -0.0026 -1.0000
vn 0.0008 -0.0023 -1.0000
vn 0.0005 -0.0255 -0.9997
vn -0.0056 0.0180 -0.9998
vn 0.0010 0.0173 -0.9999
vn 0.0076 0.0179 -0.9998
vn 0.0075 -0.0027 -1.0000
vn 0.0083 -0.0284 -0.9996
vn 0.0152 0.9999 -0.0071
vn 0.0112 0.9999 -0.0066
vn 0.0112 0.9999 -0.0023
vn 0.0153 0.9999 -0.0032
vn 0.0072 0.9999 -0.0071
vn 0.0071 1.0000 -0.0032
vn 0.0075 1.0000 -0.0025
vn 0.0112 0.9999 -0.0016
vn 0.0150 0.9999 -0.0025
vn 0.6049 0.7924 0.0784
vn 0.6287 0.7733 0.0827
vn 0.6390 0.7642 0.0878
vn 0.6159 0.7834 0.0834
vn 0.6536 0.7517 0.0878
vn 0.6619 0.7438 0.0929
vn 0.6726 0.7335 0.0981
vn 0.6511 0.7533 0.0930
vn 0.6291 0.7723 0.0887
vn 0.5124 0.8350 -0.2004
vn 0.5366 0.8184 -0.2057
vn 0.5516 0.8098 -0.2001
vn 0.5276 0.8266 -0.1958
vn 0.5607 0.8003 -0.2122
vn 0.5746 0.7921 -0.2058
vn 0.5906 0.7814 -0.2014
vn 0.5693 0.7983 -0.1967
vn 0.5466 0.8148 -0.1931
vn 0.0151 0.9999 -0.0009
vn 0.0112 0.9999 -0.0013
vn 0.0112 0.9999 -0.0011
vn 0.0159 0.9999 -0.0007
vn 0.0074 1.0000 -0.0009
vn 0.0066 1.0000 -0.0007
vn 0.0061 1.0000 0.0004
vn 0.0112 0.9999 0.0001
vn 0.0164 0.9999 0.0004
vn -0.5423 0.8127 -0.2131
vn -0.5177 0.8302 -0.2065
vn -0.5329 0.8219 -0.2010
vn -0.5563 0.8048 -0.2068
vn -0.4932 0.8463 -0.2013
vn -0.5085 0.8383 -0.1967
vn -0.5278 0.8269 -0.1940
vn -0.5509 0.8109 -0.1976
vn -0.5725 0.7945 -0.2024
vn -0.9487 -0.0122 -0.3160
vn -0.9486 0.0094 -0.3163
vn -0.9475 0.0095 -0.3198
vn -0.9475 -0.0116 -0.3196
vn -0.9483 0.0272 -0.3163
vn -0.9471 0.0277 -0.3198
vn -0.9450 0.0288 -0.3258
vn -0.9455 0.0098 -0.3255
vn -0.9456 -0.0112 -0.3252
vn 0.9885 -0.0248 -0.1491
vn 0.9889 -0.0247 -0.1463
vn 0.9892 -0.0084 -0.1464
vn 0.9888 -0.0090 -0.1491
vn 0.9892 -0.0238 -0.1447
vn 0.9894 -0.0076 -0.1448
vn 0.9893 -0.0196 -0.1449
vn 0.9890 -0.0198 -0.1465
vn 0.9886 -0.0203 -0.1492
vn -0.9437 -0.0019 0.3307
vn -0.9461 -0.0005 0.3238
vn -0.9458 0.0158 0.3245
vn -0.9434 0.0137 0.3313
vn -0.9475 0.0012 0.3198
vn -0.9471 0.0180 0.3204
vn -0.9470 0.0061 0.3211
vn -0.9456 0.0035 0.3252
vn -0.9432 0.0002 0.3322
vn -0.0070 0.0039 -1.0000
vn 0.0009 0.0040 -1.0000
vn 0.0010 0.0201 -0.9998
vn -0.0072 0.0198 -0.9998
vn 0.0087 0.0037 -1.0000
vn 0.0093 0.0196 -0.9998
vn 0.0100 0.0032 -0.9999
vn 0.0009 0.0052 -1.0000
vn -0.0083 0.0034 -1.0000
vn 0.6287 -0.7730 -0.0849
vn 0.6394 -0.7636 -0.0902
vn 0.6138 -0.7849 -0.0847
vn 0.6011 -0.7952 -0.0795
vn 0.6532 -0.7511 -0.0957
vn 0.6292 -0.7720 -0.0902
vn 0.6047 -0.7919 -0.0856
vn 0.5884 -0.8046 -0.0800
vn 0.5751 -0.8146 -0.0750
vn -0.0055 -0.8449 0.5349
vn -0.0051 -0.8378 0.5459
vn -0.0099 -0.8369 0.5472
vn -0.0099 -0.8447 0.5352
vn -0.0051 -0.8267 0.5626
vn -0.0097 -0.8256 0.5641
vn -0.0144 -0.8266 0.5626
vn -0.0146 -0.8377 0.5459
vn -0.0144 -0.8448 0.5349
vn -0.9892 -0.0016 -0.1463
vn -0.9890 -0.0025 -0.1479
vn -0.9889 0.0139 -0.1481
vn -0.9891 0.0147 -0.1465
vn -0.9886 -0.0026 -0.1507
vn -0.9885 0.0132 -0.1507
vn -0.9886 0.0019 -0.1508
vn -0.9890 0.0024 -0.1481
vn -0.9892 0.0026 -0.1465
vn 0.0057 0.0071 1.0000
vn -0.0007 0.0075 1.0000
vn -0.0006 0.0238 0.9997
vn 0.0061 0.0236 0.9997
vn -0.0072 0.0073 0.9999
vn -0.0072 0.0237 0.9997
vn -0.0076 0.0103 0.9999
vn -0.0007 0.0109 0.9999
vn 0.0062 0.0101 0.9999
vn -0.0153 -0.9999 0.0044
vn -0.0155 -0.9999 -0.0002
vn -0.0112 -0.9999 -0.0012
vn -0.0112 -0.9999 0.0040
vn -0.0152 -0.9999 -0.0010
vn -0.0112 -0.9999 -0.0020
vn -0.0073 -1.0000 -0.0010
vn -0.0070 -1.0000 -0.0002
vn -0.0071 -1.0000 0.0044
vn -0.5932 -0.8015 -0.0759
vn -0.6062 -0.7912 -0.0810
vn -0.6312 -0.7709 -0.0857
vn -0.6187 -0.7815 -0.0805
vn -0.6222 -0.7781 -0.0866
vn -0.6462 -0.7577 -0.0912
vn -0.6698 -0.7362 -0.0968
vn -0.6563 -0.7490 -0.0912
vn -0.6457 -0.7587 -0.0859
vn -0.5014 -0.8419 0.1998
vn -0.5175 -0.8330 0.1957
vn -0.5428 -0.8156 0.2002
vn -0.5265 -0.8251 0.2051
vn -0.5386 -0.8199 0.1939
vn -0.5629 -0.8026 0.1975
vn -0.5857 -0.7848 0.2026
vn -0.5672 -0.7973 0.2063
vn -0.5517 -0.8067 0.2120
vn -0.0153 -0.9999 0.0016
vn -0.0161 -0.9999 0.0013
vn -0.0112 -0.9999 0.0018
vn -0.0112 -0.9999 0.0020
vn -0.0166 -0.9999 0.0002
vn -0.0112 -0.9999 0.0005
vn -0.0058 -1.0000 0.0002
vn -0.0064 -1.0000 0.0014
vn -0.0072 -1.0000 0.0016
vn 0.5330 -0.8189 0.2129
vn 0.5488 -0.8098 0.2072
vn 0.5240 -0.8276 0.2011
vn 0.5075 -0.8367 0.2059
vn 0.5676 -0.7977 0.2036
vn 0.5444 -0.8150 0.1984
vn 0.5198 -0.8318 0.1948
vn 0.4983 -0.8444 0.1966
vn 0.4820 -0.8529 0.2006
vn 0.9467 -0.0201 0.3214
vn 0.9453 -0.0218 0.3254
vn 0.9453 -0.0054 0.3260
vn 0.9467 -0.0033 0.3220
vn 0.9429 -0.0231 0.3322
vn 0.9430 -0.0075 0.3328
vn 0.9424 -0.0210 0.3338
vn 0.9449 -0.0178 0.3268
vn 0.9464 -0.0152 0.3227
vn -0.0103 -0.9988 0.0479
vn -0.0113 -0.9988 0.0478
vn -0.0112 -0.9999 0.0014
vn -0.0123 -0.9988 0.0479
vn -0.0106 -0.9989 -0.0458
vn -0.0112 -0.9989 -0.0455
vn -0.0117 -0.9989 -0.0458
vn 0.1031 -0.9945 0.0184
vn 0.1046 -0.9943 0.0188
vn -0.0114 -0.9999 0.0013
vn 0.1053 -0.9943 0.0190
vn -0.0109 -0.9999 0.0013
vn -0.1276 -0.9917 -0.0166
vn -0.1274 -0.9917 -0.0161
vn -0.1254 -0.9920 -0.0155
vn -0.0118 -0.9991 -0.0406
vn -0.0112 -0.9991 -0.0406
vn -0.0112 -0.9999 0.0013
vn -0.0105 -0.9991 -0.0406
vn -0.0116 -0.9990 0.0436
vn -0.0113 -0.9990 0.0435
vn -0.0109 -0.9990 0.0436
vn -0.0160 -0.8888 -0.4580
vn -0.0161 -0.8843 -0.4667
vn -0.0095 -0.8837 -0.4680
vn -0.0096 -0.8887 -0.4584
vn -0.0158 -0.8760 -0.4821
vn -0.0094 -0.8752 -0.4837
vn -0.0031 -0.8761 -0.4821
vn -0.0030 -0.8844 -0.4667
vn -0.0032 -0.8890 -0.4580
vn -0.1008 -0.9945 -0.0284
vn -0.0989 -0.9947 -0.0282
vn -0.0114 -0.9999 0.0014
vn -0.0966 -0.9949 -0.0278
vn -0.0119 -0.9999 0.0013
vn 0.0718 -0.9969 0.0309
vn 0.0756 -0.9966 0.0312
vn 0.0780 -0.9965 0.0315
vn 0.0742 -0.9969 -0.0276
vn 0.0766 -0.9967 -0.0281
vn -0.0105 -0.9999 0.0013
vn 0.0785 -0.9965 -0.0282
vn -0.0111 -0.9999 0.0014
vn -0.1005 -0.9944 0.0314
vn -0.0981 -0.9947 0.0310
vn -0.0942 -0.9951 0.0307
vn 0.0037 0.8905 0.4549
vn 0.0052 0.9099 0.4149
vn -0.0324 0.9087 0.4161
vn -0.0433 0.8964 0.4411
vn 0.0071 0.9789 0.2041
vn -0.0211 0.9779 0.2082
vn -0.2613 0.9488 0.1773
vn -0.3607 0.8917 0.2734
vn -0.3758 0.8807 0.2884
vn -0.0352 0.9994 0.0052
vn -0.0291 0.9995 0.0125
vn 0.0068 0.9999 0.0123
vn -0.3001 0.9531 0.0392
vn -0.3096 0.9497 0.0465
vn -0.6374 0.7635 0.1043
vn -0.5931 0.8001 0.0895
vn -0.5730 0.8161 0.0755
vn -0.4429 0.8769 -0.1868
vn -0.4234 0.8823 -0.2057
vn -0.4549 0.8623 -0.2224
vn -0.2317 0.9674 -0.1019
vn -0.2221 0.9681 -0.1163
vn -0.1565 0.9563 -0.2470
vn -0.2338 0.9036 -0.3589
vn -0.2492 0.8927 -0.3755
vn 0.0083 0.9990 -0.0429
vn -0.0166 0.9990 -0.0415
vn -0.0253 0.9995 -0.0185
vn 0.0090 0.9670 -0.2545
vn -0.0086 0.9667 -0.2559
vn -0.0281 0.8642 -0.5024
vn -0.0181 0.8822 -0.4705
vn 0.0073 0.8835 -0.4685
vn 0.5911 0.8030 0.0765
vn 0.6108 0.7866 0.0905
vn 0.6542 0.7489 0.1054
vn 0.3213 0.9461 0.0397
vn 0.3308 0.9425 0.0470
vn 0.2823 0.9427 0.1777
vn 0.3802 0.8834 0.2740
vn 0.3950 0.8720 0.2890
vn 0.0157 0.9998 0.0123
vn 0.0515 0.9986 0.0126
vn 0.0576 0.9983 0.0053
vn 0.0146 0.9788 0.2041
vn 0.0427 0.9771 0.2082
vn 0.0156 0.8904 0.4549
vn 0.0627 0.8952 0.4412
vn 0.0521 0.9078 0.4162
vn 0.0146 0.9097 0.4149
vn 0.0133 0.8834 -0.4685
vn 0.0387 0.8816 -0.4704
vn 0.0483 0.8633 -0.5023
vn 0.0132 0.9670 -0.2545
vn 0.0307 0.9662 -0.2558
vn 0.1783 0.9525 -0.2467
vn 0.2546 0.8981 -0.3585
vn 0.2698 0.8868 -0.3751
vn 0.0478 0.9987 -0.0185
vn 0.0391 0.9984 -0.0415
vn 0.0142 0.9990 -0.0429
vn 0.2535 0.9620 -0.1015
vn 0.2440 0.9628 -0.1160
vn 0.4745 0.8519 -0.2217
vn 0.4434 0.8726 -0.2050
vn 0.4628 0.8667 -0.1861
vn 0.0077 1.0000 -0.0010
vn -0.0220 0.9998 0.0023
vn -0.0253 0.9997 0.0032
vn 0.0076 1.0000 -0.0020
vn -0.0243 0.9997 -0.0068
vn -0.2801 0.9592 -0.0392
vn -0.2601 0.9652 0.0288
vn -0.2679 0.9628 0.0341
vn -0.0239 0.9996 -0.0150
vn -0.0224 0.9996 -0.0143
vn 0.0077 1.0000 -0.0026
vn -0.2465 0.9635 -0.1049
vn -0.2552 0.9616 -0.1007
vn -0.5591 0.8049 -0.1990
vn -0.4984 0.8470 -0.1849
vn -0.4829 0.8531 -0.1974
vn -0.5730 0.8172 -0.0625
vn -0.5146 0.8552 -0.0617
vn -0.5247 0.8486 0.0674
vn -0.5124 0.8568 0.0574
vn -0.5743 0.8159 0.0669
vn 0.0148 0.9999 -0.0026
vn 0.0449 0.9989 -0.0142
vn 0.0464 0.9988 -0.0150
vn 0.0149 0.9999 -0.0020
vn 0.0468 0.9989 -0.0067
vn 0.3016 0.9526 -0.0387
vn 0.2769 0.9557 -0.1002
vn 0.2682 0.9577 -0.1045
vn 0.0477 0.9989 0.0033
vn 0.0445 0.9990 0.0023
vn 0.0147 0.9999 -0.0010
vn 0.2894 0.9566 0.0346
vn 0.2816 0.9591 0.0292
vn 0.5924 0.8028 0.0679
vn 0.5314 0.8451 0.0583
vn 0.5435 0.8366 0.0682
vn 0.5913 0.8041 -0.0616
vn 0.5338 0.8434 -0.0609
vn 0.5023 0.8421 -0.1965
vn 0.5176 0.8356 -0.1841
vn 0.5774 0.7921 -0.1980
vn -0.9561 0.0274 -0.2917
vn -0.9488 0.1262 -0.2896
vn -0.9409 0.1257 -0.3144
vn -0.9968 0.0291 -0.0745
vn -0.9886 0.1314 -0.0735
vn -0.8900 0.4509 -0.0674
vn -0.8548 0.4477 -0.2625
vn -0.8453 0.4522 -0.2847
vn -0.9814 0.1262 0.1448
vn -0.9826 0.1307 0.1322
vn -0.9906 0.0290 0.1338
vn -0.8850 0.4470 0.1304
vn -0.8810 0.4581 0.1181
vn -0.5998 0.7964 0.0778
vn -0.6763 0.7311 0.0900
vn -0.6870 0.7196 0.1006
vn -0.5999 0.7983 -0.0525
vn -0.6814 0.7298 -0.0557
vn -0.6483 0.7283 -0.2222
vn -0.6615 0.7208 -0.2071
vn -0.5870 0.7872 -0.1891
vn -0.9361 0.1363 -0.3241
vn -0.9115 0.1520 -0.3822
vn -0.9240 0.0312 -0.3810
vn -0.8253 0.4854 -0.2886
vn -0.7906 0.5119 -0.3360
vn -0.4881 0.5381 -0.6871
vn -0.5711 0.1748 -0.8021
vn -0.5812 0.0322 -0.8131
vn -0.4879 0.8455 -0.2170
vn -0.5674 0.7866 -0.2435
vn -0.6075 0.7643 -0.2163
vn -0.2680 0.8827 -0.3859
vn -0.3235 0.8282 -0.4576
vn 0.0045 0.7840 -0.6207
vn -0.0335 0.7962 -0.6041
vn -0.0286 0.8522 -0.5224
vn -0.0005 0.4979 -0.8673
vn -0.0560 0.5181 -0.8535
vn -0.0634 0.0213 -0.9978
vn -0.0669 0.1476 -0.9868
vn -0.0050 0.1309 -0.9914
vn 0.0095 0.1307 -0.9914
vn 0.0718 0.1460 -0.9867
vn 0.0655 0.0199 -0.9977
vn 0.0131 0.4977 -0.8672
vn 0.0690 0.5167 -0.8534
vn 0.5012 0.5270 -0.6863
vn 0.5762 0.1619 -0.8011
vn 0.5831 0.0191 -0.8122
vn 0.0486 0.8514 -0.5223
vn 0.0523 0.7953 -0.6040
vn 0.0141 0.7839 -0.6207
vn 0.2884 0.8765 -0.3855
vn 0.3428 0.8207 -0.4570
vn 0.6249 0.7504 -0.2153
vn 0.5853 0.7737 -0.2425
vn 0.5071 0.8343 -0.2162
vn 0.8365 0.4667 -0.2872
vn 0.8024 0.4940 -0.3347
vn 0.9251 0.0104 -0.3795
vn 0.9153 0.1315 -0.3807
vn 0.9395 0.1152 -0.3226
vn 0.9908 0.0068 0.1355
vn 0.9850 0.1086 0.1338
vn 0.9837 0.1041 0.1464
vn 0.9973 0.0067 -0.0729
vn 0.9914 0.1092 -0.0718
vn 0.9000 0.4308 -0.0660
vn 0.8909 0.4382 0.1195
vn 0.8946 0.4270 0.1318
vn 0.9440 0.1045 -0.3129
vn 0.9519 0.1048 -0.2880
vn 0.9570 0.0059 -0.2901
vn 0.8557 0.4331 -0.2833
vn 0.8650 0.4284 -0.2611
vn 0.6049 0.7738 -0.1882
vn 0.6779 0.7058 -0.2060
vn 0.6648 0.7135 -0.2211
vn 0.6178 0.7847 -0.0515
vn 0.6977 0.7143 -0.0546
vn 0.7028 0.7040 0.1017
vn 0.6924 0.7157 0.0911
vn 0.6174 0.7827 0.0788
vn 0.9838 0.0976 0.1507
vn 0.9783 0.1040 0.1790
vn 0.9839 0.0063 0.1784
vn 0.9075 0.3968 0.1379
vn 0.8985 0.4077 0.1630
vn 0.6076 0.5394 0.5830
vn 0.6725 0.1807 0.7177
vn 0.6838 0.0238 0.7293
vn 0.6673 0.7357 0.1163
vn 0.7331 0.6677 0.1297
vn 0.7400 0.6634 0.1105
vn 0.4023 0.8631 0.3052
vn 0.4627 0.8087 0.3633
vn 0.0153 0.8799 0.4748
vn 0.0154 0.8301 0.5574
vn 0.0673 0.8401 0.5382
vn 0.0616 0.8862 0.4592
vn 0.0152 0.5471 0.8369
vn 0.0926 0.5743 0.8134
vn 0.0812 0.0286 0.9963
vn 0.0958 0.1824 0.9785
vn 0.0110 0.1519 0.9883
vn -0.9838 0.0284 0.1768
vn -0.9761 0.1260 0.1774
vn -0.9816 0.1197 0.1490
vn -0.6843 0.0392 0.7281
vn -0.6695 0.1957 0.7166
vn -0.5963 0.5529 0.5820
vn -0.8893 0.4278 0.1615
vn -0.8986 0.4171 0.1364
vn -0.0092 0.1521 0.9883
vn -0.0933 0.1845 0.9784
vn -0.0822 0.0304 0.9962
vn -0.0043 0.5473 0.8369
vn -0.0811 0.5762 0.8133
vn 0.0037 0.8801 0.4748
vn -0.0424 0.8874 0.4591
vn -0.0493 0.8414 0.5381
vn 0.0023 0.8302 0.5574
vn -0.3833 0.8720 0.3045
vn -0.4450 0.8189 0.3625
vn -0.7251 0.6799 0.1093
vn -0.7181 0.6840 0.1285
vn -0.6507 0.7505 0.1152
vn -0.0964 -0.0394 0.9946
vn -0.1273 -0.2601 0.9572
vn -0.0162 -0.2004 0.9796
vn -0.6919 -0.0351 0.7212
vn -0.6766 -0.2565 0.6903
vn -0.5844 -0.6801 0.4426
vn -0.1144 -0.7318 0.6718
vn -0.0204 -0.6919 0.7217
vn -0.9780 -0.1467 0.1482
vn -0.9737 -0.1474 0.1739
vn -0.9844 -0.0102 0.1758
vn -0.7973 -0.5915 0.1201
vn -0.7975 -0.5879 0.1354
vn -0.1247 -0.9920 0.0196
vn -0.3738 -0.9256 0.0604
vn -0.3745 -0.9255 0.0560
vn -0.0980 -0.9946 0.0354
vn -0.2868 -0.9484 0.1355
vn -0.0157 -0.9715 0.2364
vn -0.0515 -0.9746 0.2179
vn -0.0216 -0.9986 0.0488
vn -0.9265 -0.0130 -0.3761
vn -0.9160 -0.1575 -0.3689
vn -0.9352 -0.1499 -0.3209
vn -0.5910 -0.0322 -0.8060
vn -0.5815 -0.2324 -0.7797
vn -0.5004 -0.6730 -0.5447
vn -0.7380 -0.6135 -0.2810
vn -0.7520 -0.6082 -0.2542
vn -0.0113 -0.1922 -0.9813
vn -0.0967 -0.2347 -0.9673
vn -0.0758 -0.0364 -0.9965
vn -0.0161 -0.6900 -0.7237
vn -0.0886 -0.7176 -0.6908
vn -0.0178 -0.9990 -0.0418
vn -0.0402 -0.9757 -0.2156
vn -0.0140 -0.9740 -0.2262
vn -0.0687 -0.9969 -0.0392
vn -0.2308 -0.9570 -0.1755
vn -0.3247 -0.9399 -0.1058
vn -0.3176 -0.9417 -0.1116
vn -0.0919 -0.9954 -0.0282
vn 0.0766 -0.0381 -0.9963
vn 0.0930 -0.2368 -0.9671
vn 0.0086 -0.1924 -0.9813
vn 0.5915 -0.0455 -0.8050
vn 0.5774 -0.2454 -0.7787
vn 0.4860 -0.6841 -0.5439
vn 0.0736 -0.7194 -0.6907
vn 0.0017 -0.6902 -0.7236
vn 0.9321 -0.1709 -0.3194
vn 0.9129 -0.1780 -0.3674
vn 0.9266 -0.0338 -0.3746
vn 0.7385 -0.6249 -0.2530
vn 0.7245 -0.6300 -0.2798
vn 0.0696 -0.9972 -0.0280
vn 0.2965 -0.9486 -0.1111
vn 0.3037 -0.9469 -0.1053
vn 0.0464 -0.9982 -0.0391
vn 0.2095 -0.9620 -0.1752
vn -0.0076 -0.9740 -0.2262
vn 0.0187 -0.9763 -0.2155
vn -0.0046 -0.9991 -0.0418
vn 0.9836 -0.0323 0.1774
vn 0.9698 -0.1692 0.1755
vn 0.9742 -0.1687 0.1498
vn 0.6897 -0.0506 0.7223
vn 0.6695 -0.2716 0.6914
vn 0.5682 -0.6931 0.4436
vn 0.7839 -0.6057 0.1367
vn 0.7837 -0.6092 0.1214
vn 0.0101 -0.2007 0.9796
vn 0.1199 -0.2628 0.9574
vn 0.0938 -0.0415 0.9947
vn 0.0037 -0.6921 0.7218
vn 0.0968 -0.7342 0.6720
vn -0.0010 -0.9988 0.0489
vn 0.0292 -0.9755 0.2180
vn -0.0066 -0.9716 0.2364
vn 0.0756 -0.9965 0.0356
vn 0.2652 -0.9546 0.1360
vn 0.3535 -0.9337 0.0566
vn 0.3528 -0.9337 0.0609
vn 0.1023 -0.9946 0.0198
vn 0.9741 -0.1727 0.1460
vn 0.9761 -0.1706 0.1349
vn 0.9902 -0.0321 0.1361
vn 0.7789 -0.6159 0.1183
vn 0.7822 -0.6131 0.1103
vn 0.7887 -0.6127 -0.0496
vn 0.9812 -0.1792 -0.0714
vn 0.9968 -0.0342 -0.0716
vn 0.1015 -0.9947 0.0172
vn 0.3492 -0.9356 0.0518
vn 0.3492 -0.9354 0.0550
vn 0.1003 -0.9950 -0.0011
vn 0.3498 -0.9367 -0.0130
vn 0.3064 -0.9463 -0.1033
vn 0.3115 -0.9458 -0.0922
vn 0.0821 -0.9963 -0.0255
vn 0.7362 -0.6309 -0.2449
vn 0.7418 -0.6335 -0.2198
vn 0.9569 -0.0345 -0.2882
vn 0.9421 -0.1826 -0.2814
vn 0.9341 -0.1775 -0.3097
vn -0.9374 -0.1565 -0.3113
vn -0.9455 -0.1614 -0.2829
vn -0.9570 -0.0130 -0.2898
vn -0.7498 -0.6142 -0.2461
vn -0.7555 -0.6167 -0.2210
vn -0.8022 -0.5949 -0.0509
vn -0.9849 -0.1571 -0.0730
vn -0.9972 -0.0118 -0.0732
vn -0.1044 -0.9942 -0.0257
vn -0.3325 -0.9385 -0.0928
vn -0.3274 -0.9392 -0.1038
vn -0.1226 -0.9925 -0.0012
vn -0.3708 -0.9286 -0.0136
vn -0.3702 -0.9274 0.0544
vn -0.3702 -0.9275 0.0512
vn -0.1239 -0.9922 0.0171
vn -0.7928 -0.5982 0.1170
vn -0.7960 -0.5954 0.1090
vn -0.9909 -0.0098 0.1345
vn -0.9799 -0.1487 0.1332
vn -0.9780 -0.1508 0.1444
vn 0.0460 -0.8952 -0.4433
vn 0.0341 -0.9093 -0.4148
vn -0.0049 -0.9106 -0.4132
vn 0.3745 -0.8812 -0.2885
vn 0.3571 -0.8937 -0.2716
vn 0.2548 -0.9510 -0.1754
vn 0.0225 -0.9783 -0.2059
vn -0.0069 -0.9795 -0.2015
vn 0.5596 -0.8255 -0.0730
vn 0.5814 -0.8089 -0.0876
vn 0.6308 -0.7690 -0.1034
vn 0.2923 -0.9556 -0.0374
vn 0.3022 -0.9522 -0.0451
vn -0.0065 -0.9999 -0.0124
vn 0.0308 -0.9994 -0.0126
vn 0.0370 -0.9993 -0.0047
vn 0.4425 -0.8681 0.2249
vn 0.4088 -0.8892 0.2057
vn 0.4288 -0.8845 0.1839
vn 0.2431 -0.8898 0.3862
vn 0.2262 -0.9025 0.3664
vn 0.1481 -0.9565 0.2514
vn 0.2134 -0.9701 0.1155
vn 0.2235 -0.9697 0.0984
vn -0.0072 -0.8776 0.4793
vn 0.0183 -0.8761 0.4818
vn 0.0293 -0.8538 0.5198
vn -0.0090 -0.9655 0.2602
vn 0.0084 -0.9652 0.2613
vn 0.0259 -0.9995 0.0161
vn 0.0165 -0.9989 0.0431
vn -0.0084 -0.9989 0.0454
vn -0.6477 -0.7547 -0.1045
vn -0.5992 -0.7957 -0.0886
vn -0.5779 -0.8127 -0.0740
vn -0.3937 -0.8726 -0.2891
vn -0.3766 -0.8855 -0.2722
vn -0.2758 -0.9450 -0.1758
vn -0.3234 -0.9452 -0.0456
vn -0.3136 -0.9488 -0.0379
vn -0.0149 -0.9105 -0.4132
vn -0.0539 -0.9083 -0.4149
vn -0.0654 -0.8939 -0.4434
vn -0.0148 -0.9794 -0.2015
vn -0.0441 -0.9776 -0.2060
vn -0.0595 -0.9982 -0.0048
vn -0.0532 -0.9985 -0.0126
vn -0.0159 -0.9998 -0.0124
vn -0.0493 -0.8529 0.5197
vn -0.0387 -0.8754 0.4818
vn -0.0133 -0.8775 0.4793
vn -0.2636 -0.8841 0.3858
vn -0.2470 -0.8972 0.3661
vn -0.1700 -0.9529 0.2511
vn -0.0305 -0.9648 0.2613
vn -0.0131 -0.9655 0.2602
vn -0.4489 -0.8746 0.1832
vn -0.4290 -0.8797 0.2050
vn -0.4622 -0.8580 0.2241
vn -0.2453 -0.9645 0.0980
vn -0.2354 -0.9651 0.1152
vn -0.0142 -0.9989 0.0453
vn -0.0390 -0.9983 0.0430
vn -0.0484 -0.9987 0.0161
vn 0.0265 -0.9996 -0.0027
vn 0.0232 -0.9997 -0.0017
vn -0.0076 -1.0000 0.0016
vn 0.2587 -0.9654 -0.0321
vn 0.2505 -0.9678 -0.0266
vn 0.2701 -0.9621 0.0388
vn 0.0256 -0.9997 0.0061
vn -0.0074 -1.0000 0.0009
vn 0.5616 -0.8249 -0.0639
vn 0.4957 -0.8668 -0.0541
vn 0.5086 -0.8586 -0.0644
vn 0.5621 -0.8247 0.0629
vn 0.4997 -0.8640 0.0618
vn 0.4698 -0.8610 0.1948
vn 0.4855 -0.8552 0.1817
vn 0.5505 -0.8111 0.1975
vn 0.2389 -0.9657 0.1014
vn 0.2476 -0.9639 0.0974
vn -0.0075 -1.0000 -0.0005
vn 0.0238 -0.9996 0.0120
vn 0.0252 -0.9996 0.0123
vn -0.0477 -0.9988 0.0123
vn -0.0463 -0.9989 0.0120
vn -0.0150 -0.9999 -0.0005
vn -0.2607 -0.9601 0.1010
vn -0.2694 -0.9581 0.0970
vn -0.2917 -0.9557 0.0383
vn -0.0481 -0.9988 0.0061
vn -0.0151 -0.9999 0.0009
vn -0.5689 -0.7986 0.1966
vn -0.5049 -0.8440 0.1809
vn -0.4893 -0.8503 0.1940
vn -0.5806 -0.8118 0.0620
vn -0.5191 -0.8525 0.0609
vn -0.5276 -0.8470 -0.0653
vn -0.5150 -0.8554 -0.0550
vn -0.5799 -0.8121 -0.0648
vn -0.2802 -0.9594 -0.0326
vn -0.2721 -0.9619 -0.0271
vn -0.0149 -0.9999 0.0016
vn -0.0457 -0.9990 -0.0018
vn -0.0490 -0.9988 -0.0027
vn 0.9397 -0.1176 0.3212
vn 0.9488 -0.1173 0.2932
vn 0.9554 -0.0144 0.2949
vn 0.8473 -0.4442 0.2910
vn 0.8579 -0.4396 0.2661
vn 0.8924 -0.4459 0.0695
vn 0.9893 -0.1248 0.0752
vn 0.9969 -0.0176 0.0762
vn 0.5830 -0.7903 0.1888
vn 0.6650 -0.7169 0.2093
vn 0.6509 -0.7246 0.2265
vn 0.5938 -0.8028 0.0532
vn 0.6834 -0.7278 0.0574
vn 0.6879 -0.7190 -0.0995
vn 0.6764 -0.7313 -0.0881
vn 0.5919 -0.8025 -0.0750
vn 0.8871 -0.4430 -0.1295
vn 0.8829 -0.4551 -0.1160
vn 0.9911 -0.0198 -0.1317
vn 0.9834 -0.1265 -0.1301
vn 0.9821 -0.1217 -0.1437
vn 0.9179 -0.0232 0.3962
vn 0.9048 -0.1505 0.3985
vn 0.9336 -0.1334 0.3324
vn 0.5740 -0.0114 0.8188
vn 0.5649 -0.1580 0.8099
vn 0.4815 -0.5231 0.7033
vn 0.7850 -0.5107 0.3507
vn 0.8245 -0.4825 0.2957
vn 0.0056 -0.1039 0.9946
vn 0.0694 -0.1202 0.9903
vn 0.0658 0.0065 0.9978
vn 0.0012 -0.4642 0.8857
vn 0.0588 -0.4864 0.8718
vn 0.0308 -0.8383 0.5444
vn 0.0364 -0.7721 0.6344
vn -0.0038 -0.7574 0.6530
vn 0.2632 -0.8777 0.4004
vn 0.3211 -0.8159 0.4808
vn 0.6067 -0.7637 0.2204
vn 0.5632 -0.7867 0.2528
vn 0.4775 -0.8503 0.2214
vn -0.0673 0.0080 0.9977
vn -0.0737 -0.1186 0.9902
vn -0.0095 -0.1037 0.9946
vn -0.5754 0.0015 0.8179
vn -0.5696 -0.1453 0.8090
vn -0.4943 -0.5121 0.7025
vn -0.0711 -0.4849 0.8716
vn -0.0131 -0.4640 0.8857
vn -0.9369 -0.1124 0.3309
vn -0.9086 -0.1301 0.3970
vn -0.9188 -0.0026 0.3947
vn -0.8356 -0.4638 0.2943
vn -0.7969 -0.4929 0.3494
vn -0.4968 -0.8393 0.2206
vn -0.5812 -0.7738 0.2518
vn -0.6241 -0.7499 0.2194
vn -0.2835 -0.8716 0.4000
vn -0.3401 -0.8085 0.4803
vn -0.0142 -0.7573 0.6530
vn -0.0548 -0.7711 0.6344
vn -0.0505 -0.8373 0.5443
vn -0.9843 -0.0997 -0.1454
vn -0.9858 -0.1043 -0.1317
vn -0.9911 0.0025 -0.1334
vn -0.8966 -0.4230 -0.1309
vn -0.8927 -0.4351 -0.1175
vn -0.9023 -0.4258 0.0681
vn -0.9920 -0.1025 0.0736
vn -0.9972 0.0048 0.0746
vn -0.6096 -0.7890 -0.0760
vn -0.6925 -0.7159 -0.0892
vn -0.7037 -0.7033 -0.1007
vn -0.6118 -0.7893 0.0522
vn -0.6997 -0.7122 0.0562
vn -0.6674 -0.7098 0.2254
vn -0.6813 -0.7018 0.2082
vn -0.6009 -0.7770 0.1878
vn -0.8576 -0.4251 0.2896
vn -0.8680 -0.4202 0.2647
vn -0.9560 0.0071 0.2934
vn -0.9517 -0.0960 0.2916
vn -0.9426 -0.0964 0.3196
vn -0.9837 0.0010 -0.1797
vn -0.9784 -0.1005 -0.1805
vn -0.9842 -0.0938 -0.1500
vn -0.6864 -0.0032 -0.7272
vn -0.6764 -0.1651 -0.7178
vn -0.6126 -0.5284 -0.5878
vn -0.9006 -0.4022 -0.1646
vn -0.9101 -0.3909 -0.1374
vn -0.0117 -0.1294 -0.9915
vn -0.1029 -0.1609 -0.9816
vn -0.0865 -0.0021 -0.9963
vn -0.0160 -0.5269 -0.8498
vn -0.1000 -0.5566 -0.8248
vn -0.0655 -0.8829 -0.4650
vn -0.0730 -0.8301 -0.5528
vn -0.0161 -0.8185 -0.5742
vn -0.4043 -0.8613 -0.3076
vn -0.4699 -0.8007 -0.3714
vn -0.7438 -0.6592 -0.1102
vn -0.7369 -0.6632 -0.1310
vn -0.6650 -0.7378 -0.1163
vn 0.9821 -0.1159 -0.1484
vn 0.9762 -0.1224 -0.1789
vn 0.9838 -0.0211 -0.1781
vn 0.9013 -0.4112 -0.1360
vn 0.8916 -0.4223 -0.1631
vn 0.6015 -0.5420 -0.5868
vn 0.6737 -0.1803 -0.7167
vn 0.6873 -0.0186 -0.7261
vn 0.6484 -0.7525 -0.1152
vn 0.7220 -0.6796 -0.1298
vn 0.7290 -0.6757 -0.1090
vn 0.3854 -0.8702 -0.3070
vn 0.4524 -0.8111 -0.3707
vn -0.0014 -0.8187 -0.5742
vn 0.0553 -0.8315 -0.5527
vn 0.0464 -0.8841 -0.4649
vn 0.0056 -0.5271 -0.8498
vn 0.0888 -0.5587 -0.8246
vn 0.0881 -0.0041 -0.9961
vn 0.1009 -0.1632 -0.9814
vn 0.0105 -0.1297 -0.9915
vn 0.0068 -0.1437 -0.9896
vn 0.0687 -0.1508 -0.9862
vn 0.0755 0.0016 -0.9971
vn -0.0007 -0.6508 -0.7592
vn 0.0466 -0.6619 -0.7482
vn 0.4638 -0.7600 -0.4553
vn 0.6716 -0.1979 -0.7140
vn 0.6827 -0.0139 -0.7305
vn -0.0063 -0.9990 -0.0447
vn 0.0099 -0.9691 -0.2464
vn -0.0084 -0.9676 -0.2525
vn 0.0213 -0.9994 -0.0276
vn 0.1415 -0.9806 -0.1359
vn 0.3581 -0.9321 -0.0547
vn 0.3513 -0.9337 -0.0694
vn 0.0927 -0.9955 -0.0198
vn 0.7842 -0.6090 -0.1187
vn 0.7839 -0.6038 -0.1449
vn 0.9837 -0.0235 -0.1784
vn 0.9713 -0.1590 -0.1767
vn 0.9751 -0.1659 -0.1472
vn 0.9300 -0.1654 0.3282
vn 0.9059 -0.1640 0.3904
vn 0.9188 -0.0220 0.3940
vn 0.7364 -0.6234 0.2629
vn 0.7076 -0.6341 0.3119
vn 0.3839 -0.7470 0.5428
vn 0.5598 -0.1861 0.8075
vn 0.5722 -0.0100 0.8201
vn 0.0550 -0.9980 0.0325
vn 0.2699 -0.9540 0.1305
vn 0.3036 -0.9461 0.1128
vn 0.0111 -0.9994 0.0322
vn 0.1040 -0.9814 0.1613
vn -0.0094 -0.9704 0.2415
vn 0.0041 -0.9716 0.2366
vn -0.0080 -0.9990 0.0430
vn -0.0033 -0.6562 0.7546
vn 0.0352 -0.6664 0.7448
vn 0.0611 0.0050 0.9981
vn 0.0551 -0.1478 0.9875
vn 0.0038 -0.1408 0.9900
vn -0.0086 -0.1407 0.9900
vn -0.0601 -0.1465 0.9874
vn -0.0626 0.0064 0.9980
vn -0.0127 -0.6561 0.7546
vn -0.0514 -0.6654 0.7447
vn -0.4015 -0.7382 0.5422
vn -0.5652 -0.1734 0.8065
vn -0.5736 0.0029 0.8191
vn -0.0145 -0.9990 0.0430
vn -0.0263 -0.9713 0.2366
vn -0.0128 -0.9703 0.2415
vn -0.0336 -0.9989 0.0322
vn -0.1262 -0.9788 0.1611
vn -0.3249 -0.9391 0.1122
vn -0.2914 -0.9477 0.1300
vn -0.0774 -0.9965 0.0324
vn -0.7506 -0.6067 0.2617
vn -0.7221 -0.6180 0.3107
vn -0.9197 -0.0014 0.3925
vn -0.9100 -0.1436 0.3890
vn -0.9340 -0.1444 0.3267
vn -0.9783 -0.1440 -0.1488
vn -0.9744 -0.1371 -0.1783
vn -0.9837 -0.0014 -0.1800
vn -0.7975 -0.5912 -0.1200
vn -0.7970 -0.5860 -0.1462
vn -0.4800 -0.7494 -0.4561
vn -0.6747 -0.1828 -0.7151
vn -0.6817 0.0014 -0.7317
vn -0.1150 -0.9932 -0.0200
vn -0.3720 -0.9256 -0.0700
vn -0.3789 -0.9238 -0.0554
vn -0.0437 -0.9987 -0.0277
vn -0.1633 -0.9771 -0.1362
vn -0.0129 -0.9675 -0.2525
vn -0.0312 -0.9687 -0.2464
vn -0.0161 -0.9989 -0.0447
vn -0.0127 -0.6507 -0.7593
vn -0.0602 -0.6607 -0.7483
vn -0.0738 0.0033 -0.9973
vn -0.0704 -0.1492 -0.9863
vn -0.0084 -0.1435 -0.9896
vn -0.9911 -0.0006 -0.1332
vn -0.9808 -0.1443 -0.1311
vn -0.9786 -0.1468 -0.1442
vn -0.9972 0.0008 0.0745
vn -0.9858 -0.1512 0.0724
vn -0.7736 -0.6311 0.0577
vn -0.7956 -0.5967 -0.1042
vn -0.7936 -0.5975 -0.1154
vn -0.9375 -0.1465 0.3157
vn -0.9454 -0.1484 0.2903
vn -0.9561 0.0019 0.2929
vn -0.7519 -0.6092 0.2520
vn -0.7552 -0.6131 0.2320
vn -0.1022 -0.9943 0.0294
vn -0.3313 -0.9381 0.1006
vn -0.3297 -0.9378 0.1089
vn -0.1041 -0.9945 0.0098
vn -0.3345 -0.9420 0.0274
vn -0.3717 -0.9269 -0.0521
vn -0.3702 -0.9278 -0.0459
vn -0.1225 -0.9924 -0.0131
vn 0.9555 -0.0196 0.2945
vn 0.9413 -0.1696 0.2918
vn 0.9334 -0.1676 0.3173
vn 0.9969 -0.0216 0.0761
vn 0.9821 -0.1733 0.0740
vn 0.7591 -0.6483 0.0589
vn 0.7408 -0.6299 0.2332
vn 0.7376 -0.6259 0.2533
vn 0.9753 -0.1687 -0.1426
vn 0.9775 -0.1663 -0.1295
vn 0.9910 -0.0229 -0.1316
vn 0.7801 -0.6151 -0.1141
vn 0.7822 -0.6145 -0.1029
vn 0.1002 -0.9949 -0.0129
vn 0.3493 -0.9359 -0.0453
vn 0.3509 -0.9350 -0.0515
vn 0.0817 -0.9966 0.0099
vn 0.3132 -0.9493 0.0279
vn 0.3084 -0.9449 0.1094
vn 0.3100 -0.9453 0.1011
vn 0.0798 -0.9964 0.0296
vn -0.0800 -0.0002 0.9968
vn -0.6849 0.0063 0.7286
vn -0.9843 0.0106 0.1764
vn -0.6292 0.7458 -0.2187
vn -0.8371 0.4666 -0.2858
vn -0.9393 0.1289 -0.3179
vn 0.0093 0.7823 -0.6228
vn 0.0062 0.4927 -0.8702
vn 0.0022 0.1262 -0.9920
vn 0.7223 0.6834 0.1058
vn 0.9023 0.4096 0.1345
vn 0.9840 0.0996 0.1480
vn 0.0095 0.8793 0.4762
vn 0.0088 0.8278 0.5610
vn 0.0053 0.5368 0.8437
vn 0.0008 0.1410 0.9900
vn -0.7069 0.6995 0.1046
vn -0.8931 0.4298 0.1330
vn -0.9817 0.1217 0.1464
vn 0.6462 0.7315 -0.2177
vn 0.8478 0.4476 -0.2844
vn 0.9425 0.1077 -0.3164
vn 0.0112 0.9999 -0.0015
vn -0.0259 0.9995 -0.0162
vn -0.2388 0.9656 -0.1028
vn -0.4619 0.8660 -0.1914
vn 0.0113 0.9989 -0.0451
vn 0.0111 0.9670 -0.2544
vn 0.0103 0.8847 -0.4661
vn 0.0537 0.9985 0.0042
vn 0.3050 0.9516 0.0371
vn 0.5655 0.8216 0.0720
vn 0.0112 0.9999 0.0131
vn 0.0108 0.9791 0.2030
vn 0.0099 0.9108 0.4127
vn 0.0096 0.8902 0.4554
vn -0.0312 0.9995 0.0041
vn -0.2836 0.9582 0.0366
vn -0.5470 0.8341 0.0711
vn 0.0484 0.9987 -0.0161
vn 0.2606 0.9600 -0.1024
vn 0.4816 0.8554 -0.1906
vn -0.5859 0.8072 0.0723
vn -0.5847 0.8092 -0.0570
vn -0.5720 0.7972 -0.1931
vn -0.0293 0.8606 -0.5085
vn -0.2562 0.8901 -0.3769
vn -0.4677 0.8563 -0.2190
vn 0.4872 0.8456 -0.2182
vn 0.2768 0.8841 -0.3765
vn 0.0494 0.8597 -0.5084
vn 0.5901 0.7841 -0.1922
vn 0.6029 0.7959 -0.0560
vn 0.6037 0.7938 0.0733
vn 0.0157 0.8867 0.4621
vn 0.0633 0.8928 0.4461
vn 0.3955 0.8701 0.2941
vn 0.6576 0.7451 0.1112
vn -0.6409 0.7597 0.1102
vn -0.3763 0.8788 0.2934
vn -0.0440 0.8940 0.4460
vn 0.0035 0.8868 0.4621
vn -0.0646 -0.0031 -0.9979
vn -0.5838 0.0035 -0.8119
vn -0.9255 0.0096 -0.3787
vn 0.9261 -0.0112 -0.3772
vn 0.5851 -0.0097 -0.8109
vn 0.0661 -0.0046 -0.9978
vn 0.0783 -0.0020 0.9969
vn 0.6837 -0.0091 0.7297
vn 0.9840 -0.0115 0.1780
vn 0.9907 -0.0115 0.1358
vn 0.9973 -0.0121 -0.0725
vn 0.9570 -0.0122 -0.2897
vn -0.9566 0.0093 -0.2913
vn -0.9972 0.0103 -0.0742
vn -0.9909 0.0108 0.1342
vn -0.9777 -0.1509 0.1458
vn -0.7932 -0.5974 0.1180
vn -0.3720 -0.9266 0.0551
vn 0.9334 -0.1742 -0.3136
vn 0.7373 -0.6281 -0.2487
vn 0.3053 -0.9465 -0.1045
vn -0.0028 -0.1794 0.9838
vn -0.0082 -0.6736 0.7390
vn -0.0111 -0.9698 0.2435
vn 0.9739 -0.1728 0.1474
vn 0.7794 -0.6151 0.1193
vn 0.3510 -0.9347 0.0557
vn -0.0012 -0.1773 -0.9842
vn -0.0070 -0.6773 -0.7357
vn -0.0107 -0.9729 -0.2311
vn -0.9366 -0.1532 -0.3152
vn -0.7508 -0.6114 -0.2499
vn -0.3263 -0.9394 -0.1050
vn 0.9840 -0.0087 -0.1779
vn 0.6846 0.0047 -0.7289
vn 0.0797 0.0176 -0.9967
vn 0.9376 -0.1231 0.3252
vn 0.8381 -0.4606 0.2923
vn 0.6303 -0.7437 0.2228
vn -0.0019 -0.0998 0.9950
vn -0.0059 -0.4592 0.8883
vn -0.0090 -0.7554 0.6552
vn -0.9845 -0.0953 -0.1471
vn -0.9047 -0.4044 -0.1338
vn -0.7247 -0.6809 -0.1051
vn -0.0005 -0.1184 -0.9930
vn -0.0051 -0.5158 -0.8567
vn -0.0087 -0.8159 -0.5782
vn 0.9824 -0.1174 -0.1455
vn 0.8956 -0.4246 -0.1324
vn 0.7094 -0.6971 -0.1040
vn -0.9407 -0.1020 0.3237
vn -0.8487 -0.4417 0.2909
vn -0.6473 -0.7293 0.2218
vn -0.0112 -0.9999 -0.0016
vn -0.0112 -0.9999 0.0003
vn -0.0112 -0.9999 0.0019
vn 0.4482 -0.8738 0.1886
vn 0.2309 -0.9679 0.0992
vn 0.0269 -0.9995 0.0134
vn -0.0103 -0.8789 0.4769
vn -0.0111 -0.9655 0.2602
vn -0.0113 -0.9988 0.0479
vn -0.5509 -0.8317 -0.0693
vn -0.2966 -0.9543 -0.0352
vn -0.0552 -0.9985 -0.0036
vn -0.0099 -0.9117 -0.4108
vn -0.0108 -0.9797 -0.2003
vn -0.0112 -0.9998 -0.0133
vn 0.5322 -0.8439 -0.0684
vn 0.2752 -0.9608 -0.0347
vn 0.0328 -0.9995 -0.0036
vn -0.4680 -0.8635 0.1878
vn -0.2528 -0.9625 0.0988
vn -0.0494 -0.9987 0.0134
vn 0.5653 -0.8022 0.1922
vn 0.5758 -0.8156 0.0574
vn 0.5751 -0.8151 -0.0693
vn 0.4556 -0.8620 0.2222
vn 0.2502 -0.8867 0.3888
vn 0.0309 -0.8490 0.5275
vn -0.0509 -0.8481 0.5274
vn -0.2707 -0.8808 0.3884
vn -0.4752 -0.8515 0.2215
vn -0.5932 -0.8020 -0.0703
vn -0.5940 -0.8024 0.0565
vn -0.5835 -0.7893 0.1912
vn -0.6528 -0.7494 -0.1107
vn -0.3952 -0.8700 -0.2948
vn -0.0665 -0.8909 -0.4493
vn 0.0472 -0.8922 -0.4492
vn 0.3760 -0.8787 -0.2942
vn 0.6360 -0.7639 -0.1096
vn 0.9192 -0.0071 0.3937
vn 0.5741 0.0084 0.8188
vn 0.0635 0.0221 0.9977
vn -0.0646 0.0235 0.9976
vn -0.5751 0.0213 0.8178
vn -0.9198 0.0136 0.3922
vn -0.9837 0.0134 -0.1795
vn -0.6832 0.0201 -0.7300
vn -0.0776 0.0193 -0.9968
vn -0.9560 0.0190 0.2929
vn -0.9971 0.0177 0.0743
vn -0.9909 0.0153 -0.1335
vn 0.9912 -0.0070 -0.1319
vn 0.9971 -0.0047 0.0760
vn 0.9557 -0.0025 0.2944
vn 0.3528 -0.9342 -0.0525
vn 0.7803 -0.6147 -0.1156
vn 0.9749 -0.1694 -0.1442
vn -0.3278 -0.9384 0.1097
vn -0.7514 -0.6085 0.2553
vn -0.9362 -0.1463 0.3197
vn -0.0107 -0.9678 -0.2514
vn -0.0067 -0.6507 -0.7593
vn -0.0008 -0.1431 -0.9897
vn -0.3736 -0.9260 -0.0531
vn -0.7937 -0.5970 -0.1169
vn -0.9783 -0.1475 -0.1458
vn -0.0111 -0.9704 0.2411
vn -0.0080 -0.6555 0.7551
vn -0.0024 -0.1398 0.9902
vn 0.3064 -0.9455 0.1103
vn 0.7371 -0.6252 0.2565
vn 0.9321 -0.1673 0.3212
vn -0.0145 -0.9999 0.0011
vn -0.0242 -0.9997 0.0033
vn -0.0117 -0.9999 0.0024
vn -0.0115 -0.9999 0.0007
vn -0.0183 -0.9998 -0.0013
vn -0.0143 -0.9999 0.0013
vn -0.0082 -1.0000 0.0013
vn -0.0041 -1.0000 -0.0013
vn -0.0110 -0.9999 0.0007
vn -0.0107 -0.9999 0.0024
vn 0.0018 -1.0000 0.0033
vn -0.0080 -1.0000 0.0011
vn -0.0107 -0.9999 0.0017
vn -0.0061 -1.0000 0.0029
vn -0.0106 -0.9999 0.0014
vn -0.0119 -0.9999 0.0014
vn -0.0164 -0.9999 0.0029
vn -0.0118 -0.9999 0.0016
vn 0.0096 0.8861 0.4633
usemtl None
s 1
f 102/1/1 719/2/2 921/3/3 792/4/4
f 719/2/2 92/5/5 734/6/6 921/3/3
f 921/3/3 734/6/6 48/7/7 791/8/8
f 792/4/4 921/3/3 791/8/8 149/9/9
f 120/10/10 780/11/11 922/12/12 795/13/13
f 780/11/11 68/14/14 737/15/15 922/12/12
f 922/12/12 737/15/15 75/16/16 788/17/17
f 795/13/13 922/12/12 788/17/17 140/18/18
f 129/19/19 783/20/20 923/21/21 798/22/22
f 783/20/20 86/23/23 731/24/24 923/21/21
f 923/21/21 731/24/24 93/25/25 717/26/26
f 798/22/22 923/21/21 717/26/26 101/27/27
f 103/28/28 794/29/29 924/30/30 903/31/31
f 794/29/29 148/32/32 920/33/33 924/30/30
f 924/30/30 920/33/33 302/34/34 885/35/35
f 903/31/31 924/30/30 885/35/35 257/36/36
f 3/37/37 755/38/38 925/39/39 774/40/40
f 755/38/38 32/41/41 759/42/42 925/39/39
f 925/39/39 759/42/42 49/43/43 732/44/44
f 774/40/40 925/39/39 732/44/44 95/45/45
f 10/46/46 746/47/47 926/48/48 762/49/49
f 746/47/47 22/50/50 767/51/51 926/48/48
f 926/48/48 767/51/51 66/52/52 723/53/53
f 762/49/49 926/48/48 723/53/53 58/54/54
f 137/55/55 786/56/56 927/57/57 801/58/58
f 786/56/56 74/59/59 728/60/60 927/57/57
f 927/57/57 728/60/60 83/61/61 785/62/62
f 801/58/58 927/57/57 785/62/62 128/63/63
f 111/64/64 777/65/65 928/66/66 804/67/67
f 777/65/65 59/68/68 725/69/69 928/66/66
f 928/66/66 725/69/69 65/70/70 782/71/71
f 804/67/67 928/66/66 782/71/71 119/72/72
f 23/73/73 744/74/74 929/75/75 756/76/76
f 744/74/74 9/77/77 741/78/78 929/75/75
f 929/75/75 741/78/78 30/79/79 740/80/80
f 756/76/76 929/75/75 740/80/80 38/81/81
f 40/82/82 749/83/83 930/84/84 770/85/85
f 749/83/83 15/86/86 773/87/87 930/84/84
f 930/84/84 773/87/87 84/88/88 726/89/89
f 770/85/85 930/84/84 726/89/89 77/90/90
f 24/91/91 758/92/92 931/93/93 765/94/94
f 758/92/92 41/95/95 768/96/96 931/93/93
f 931/93/93 768/96/96 76/97/97 735/98/98
f 765/94/94 931/93/93 735/98/98 67/99/99
f 39/100/100 738/101/101 932/102/102 747/103/103
f 738/101/101 29/104/104 753/105/105 932/102/102
f 932/102/102 753/105/105 2/106/106 750/107/107
f 747/103/103 932/102/102 750/107/107 16/108/108
f 31/109/109 743/110/110 933/111/111 761/112/112
f 743/110/110 8/113/113 764/114/114 933/111/111
f 933/111/111 764/114/114 57/115/115 720/116/116
f 761/112/112 933/111/111 720/116/116 50/117/117
f 146/118/118 789/119/119 934/120/120 807/121/121
f 789/119/119 47/122/122 722/123/123 934/120/120
f 934/120/120 722/123/123 56/124/124 779/125/125
f 807/121/121 934/120/120 779/125/125 110/126/126
f 258/127/127 887/128/128 935/129/129 810/130/130
f 887/128/128 301/131/131 882/132/132 935/129/129
f 935/129/129 882/132/132 204/133/133 825/134/134
f 810/130/130 935/129/129 825/134/134 246/135/135
f 276/136/136 890/137/137 936/138/138 875/139/139
f 890/137/137 292/140/140 879/141/141 936/138/138
f 936/138/138 879/141/141 231/142/142 828/143/143
f 875/139/139 936/138/138 828/143/143 220/144/144
f 285/145/145 893/146/146 937/147/147 878/148/148
f 893/146/146 255/149/149 812/150/150 937/147/147
f 937/147/147 812/150/150 249/151/151 822/152/152
f 878/148/148 937/147/147 822/152/152 238/153/153
f 156/154/154 869/155/155 938/156/156 846/157/157
f 869/155/155 247/158/158 827/159/159 938/156/156
f 938/156/156 827/159/159 203/160/160 854/161/161
f 846/157/157 938/156/156 854/161/161 184/162/162
f 163/163/163 857/164/164 939/165/165 837/166/166
f 857/164/164 212/167/167 818/168/168 939/165/165
f 939/165/165 818/168/168 222/169/169 858/170/170
f 837/166/166 939/165/165 858/170/170 176/171/171
f 291/172/172 896/173/173 940/174/174 881/175/175
f 896/173/173 282/176/176 876/177/177 940/174/174
f 940/174/174 876/177/177 237/178/178 819/179/179
f 881/175/175 940/174/174 819/179/179 228/180/180
f 267/181/181 899/182/182 941/183/183 872/184/184
f 899/182/182 273/185/185 873/186/186 941/183/183
f 941/183/183 873/186/186 219/187/187 816/188/188
f 872/184/184 941/183/183 816/188/188 211/189/189
f 178/190/190 851/191/191 942/192/192 839/193/193
f 851/191/191 192/194/194 831/195/195 942/192/192
f 942/192/192 831/195/195 186/196/196 836/197/197
f 839/193/193 942/192/192 836/197/197 164/198/198
f 194/199/199 861/200/200 943/201/201 840/202/202
f 861/200/200 229/203/203 821/204/204 943/201/201
f 943/201/201 821/204/204 240/205/205 864/206/206
f 840/202/202 943/201/201 864/206/206 169/207/207
f 177/208/208 860/209/209 944/210/210 849/211/211
f 860/209/209 221/212/212 830/213/213 944/210/210
f 944/210/210 830/213/213 230/214/214 863/215/215
f 849/211/211 944/210/210 863/215/215 193/216/216
f 195/217/217 842/218/218 945/219/219 833/220/220
f 842/218/218 171/221/221 845/222/222 945/219/219
f 945/219/219 845/222/222 157/223/223 848/224/224
f 833/220/220 945/219/219 848/224/224 183/225/225
f 185/226/226 852/227/227 946/228/228 834/229/229
f 852/227/227 202/230/230 815/231/231 946/228/228
f 946/228/228 815/231/231 213/232/232 855/233/233
f 834/229/229 946/228/228 855/233/233 162/234/234
f 300/235/235 902/236/236 947/237/237 884/238/238
f 902/236/236 264/239/239 870/240/240 947/237/237
f 947/237/237 870/240/240 210/241/241 813/242/242
f 884/238/238 947/237/237 813/242/242 201/243/243
f 130/244/244 800/245/245 948/246/246 912/247/246
f 800/245/245 104/248/247 905/249/33 948/246/246
f 948/246/246 905/249/33 256/250/248 891/251/249
f 912/247/246 948/246/246 891/251/249 284/252/250
f 138/253/251 803/254/252 949/255/253 915/256/246
f 803/254/252 131/257/254 914/258/255 949/255/253
f 949/255/253 914/258/255 283/259/256 894/260/257
f 915/256/246 949/255/253 894/260/257 294/261/258
f 112/262/259 806/263/260 950/264/261 906/265/261
f 806/263/260 122/266/262 911/267/261 950/264/261
f 950/264/261 911/267/261 274/268/263 897/269/264
f 906/265/261 950/264/261 897/269/264 266/270/265
f 170/271/266 866/272/267 951/273/268 843/274/269
f 866/272/267 239/275/270 824/276/271 951/273/268
f 951/273/268 824/276/271 248/277/272 867/278/273
f 843/274/269 951/273/268 867/278/273 155/279/274
f 147/280/275 809/281/276 952/282/31 918/283/277
f 809/281/276 113/284/278 908/285/279 952/282/31
f 952/282/31 908/285/279 265/286/280 900/287/281
f 918/283/277 952/282/31 900/287/281 303/288/282
f 121/289/283 797/290/284 953/291/255 909/292/285
f 797/290/284 139/293/286 917/294/287 953/291/255
f 953/291/255 917/294/287 293/295/288 888/296/289
f 909/292/285 953/291/255 888/296/289 275/297/290
f 1/298/291 310/299/292 954/300/293 309/301/294
f 310/299/292 4/302/295 311/303/296 954/300/293
f 954/300/293 311/303/296 5/304/297 312/305/298
f 309/301/294 954/300/293 312/305/298 7/306/299
f 2/106/106 314/307/300 955/308/301 313/309/302
f 314/307/300 6/310/303 315/311/304 955/308/301
f 955/308/301 315/311/304 5/304/297 311/303/296
f 313/309/302 955/308/301 311/303/296 4/302/295
f 3/37/37 317/312/305 956/313/306 316/314/307
f 317/312/305 7/306/299 312/305/298 956/313/306
f 956/313/306 312/305/298 5/304/297 315/311/304
f 316/314/307 956/313/306 315/311/304 6/310/303
f 8/113/113 319/315/308 957/316/309 318/317/310
f 319/315/308 11/318/311 320/319/312 957/316/309
f 957/316/309 320/319/312 12/320/313 321/321/314
f 318/317/310 957/316/309 321/321/314 14/322/315
f 9/77/77 323/323/316 958/324/317 322/325/318
f 323/323/316 13/326/319 324/327/320 958/324/317
f 958/324/317 324/327/320 12/320/313 320/319/312
f 322/325/318 958/324/317 320/319/312 11/318/311
f 10/46/46 326/328/321 959/329/322 325/330/323
f 326/328/321 14/322/315 321/321/314 959/329/322
f 959/329/322 321/321/314 12/320/313 324/327/320
f 325/330/323 959/329/322 324/327/320 13/326/319
f 15/86/86 328/331/324 960/332/325 327/333/326
f 328/331/324 18/334/327 329/335/328 960/332/325
f 960/332/325 329/335/328 19/336/329 330/337/330
f 327/333/326 960/332/325 330/337/330 21/338/331
f 16/108/108 332/339/332 961/340/333 331/341/334
f 332/339/332 20/342/335 333/343/336 961/340/333
f 961/340/333 333/343/336 19/336/329 329/335/328
f 331/341/334 961/340/333 329/335/328 18/334/327
f 17/344/337 335/345/338 962/346/339 334/347/340
f 335/345/338 21/338/331 330/337/330 962/346/339
f 962/346/339 330/337/330 19/336/329 333/343/336
f 334/347/340 962/346/339 333/343/336 20/342/335
f 22/50/50 337/348/341 963/349/342 336/350/343
f 337/348/341 25/351/344 338/352/345 963/349/342
f 963/349/342 338/352/345 26/353/346 339/354/347
f 336/350/343 963/349/342 339/354/347 28/355/348
f 23/73/73 341/356/349 964/357/350 340/358/351
f 341/356/349 27/359/352 342/360/353 964/357/350
f 964/357/350 342/360/353 26/353/346 338/352/345
f 340/358/351 964/357/350 338/352/345 25/351/344
f 24/91/91 344/361/354 965/362/355 343/363/356
f 344/361/354 28/355/348 339/354/347 965/362/355
f 965/362/355 339/354/347 26/353/346 342/360/353
f 343/363/356 965/362/355 342/360/353 27/359/352
f 29/364/104 346/365/357 966/366/358 345/367/359
f 346/365/357 33/368/360 347/369/361 966/366/358
f 966/366/358 347/369/361 34/370/362 348/371/363
f 345/367/359 966/366/358 348/371/363 37/372/364
f 30/79/79 350/373/365 967/374/366 349/375/367
f 350/373/365 35/376/368 351/377/369 967/374/366
f 967/374/366 351/377/369 34/370/362 347/369/361
f 349/375/367 967/374/366 347/369/361 33/368/360
f 31/109/109 353/378/370 968/379/371 352/380/372
f 353/378/370 36/381/373 354/382/374 968/379/371
f 968/379/371 354/382/374 34/370/362 351/377/369
f 352/380/372 968/379/371 351/377/369 35/376/368
f 32/41/41 356/383/375 969/384/376 355/385/377
f 356/383/375 37/372/364 348/371/363 969/384/376
f 969/384/376 348/371/363 34/370/362 354/382/374
f 355/385/377 969/384/376 354/382/374 36/381/373
f 38/81/81 358/386/378 970/387/379 357/388/380
f 358/386/378 42/389/381 359/390/382 970/387/379
f 970/387/379 359/390/382 43/391/383 360/392/384
f 357/388/380 970/387/379 360/392/384 46/393/385
f 39/100/100 362/394/386 971/395/387 361/396/388
f 362/394/386 44/397/389 363/398/390 971/395/387
f 971/395/387 363/398/390 43/391/383 359/390/382
f 361/396/388 971/395/387 359/390/382 42/389/381
f 40/82/82 365/399/391 972/400/392 364/401/393
f 365/399/391 45/402/394 366/403/395 972/400/392
f 972/400/392 366/403/395 43/391/383 363/398/390
f 364/401/393 972/400/392 363/398/390 44/397/389
f 41/95/95 368/404/396 973/405/397 367/406/398
f 368/404/396 46/393/385 360/392/384 973/405/397
f 973/405/397 360/392/384 43/391/383 366/403/395
f 367/406/398 973/405/397 366/403/395 45/402/394
f 47/122/122 370/407/399 974/408/400 369/409/401
f 370/407/399 51/410/402 371/411/403 974/408/400
f 974/408/400 371/411/403 52/412/404 372/413/405
f 369/409/401 974/408/400 372/413/405 55/414/406
f 48/7/7 374/415/407 975/416/408 373/417/409
f 374/415/407 53/418/410 375/419/411 975/416/408
f 975/416/408 375/419/411 52/420/404 371/421/403
f 373/417/409 975/416/408 371/421/403 51/410/402
f 49/43/43 377/422/412 976/423/413 376/424/414
f 377/422/412 54/425/415 378/426/416 976/423/413
f 976/423/413 378/426/416 52/427/404 375/428/411
f 376/424/414 976/423/413 375/428/411 53/429/410
f 50/117/117 380/430/417 977/431/418 379/432/419
f 380/430/417 55/433/406 372/434/405 977/431/418
f 977/431/418 372/434/405 52/435/404 378/436/416
f 379/432/419 977/431/418 378/436/416 54/425/415
f 56/124/124 382/437/420 978/438/421 381/439/422
f 382/437/420 60/440/423 383/441/424 978/438/421
f 978/438/421 383/441/424 61/442/425 384/443/426
f 381/439/422 978/438/421 384/443/426 64/444/427
f 57/115/115 386/445/428 979/446/429 385/447/430
f 386/445/428 62/448/431 387/449/432 979/446/429
f 979/446/429 387/449/432 61/450/425 383/451/424
f 385/447/430 979/446/429 383/451/424 60/452/423
f 58/54/54 389/453/433 980/454/434 388/455/435
f 389/453/433 63/456/436 390/457/437 980/454/434
f 980/454/434 390/457/437 61/458/425 387/459/432
f 388/455/435 980/454/434 387/459/432 62/448/431
f 59/68/68 392/460/438 981/461/439 391/462/440
f 392/460/438 64/444/427 384/463/426 981/461/439
f 981/461/439 384/463/426 61/464/425 390/465/437
f 391/462/440 981/461/439 390/465/437 63/466/436
f 65/70/70 394/467/441 982/468/442 393/469/443
f 394/467/441 69/470/444 395/471/445 982/468/442
f 982/468/442 395/471/445 70/472/446 396/473/447
f 393/469/443 982/468/442 396/473/447 73/474/448
f 66/52/52 398/475/449 983/476/450 397/477/451
f 398/475/449 71/478/452 399/479/453 983/476/450
f 983/476/450 399/479/453 70/472/446 395/480/445
f 397/477/451 983/476/450 395/480/445 69/481/444
f 67/99/99 401/482/454 984/483/455 400/484/456
f 401/482/454 72/485/457 402/486/458 984/483/455
f 984/483/455 402/486/458 70/472/446 399/479/453
f 400/484/456 984/483/455 399/479/453 71/478/452
f 68/14/14 404/487/459 985/488/460 403/489/461
f 404/487/459 73/474/448 396/473/447 985/488/460
f 985/488/460 396/473/447 70/472/446 402/486/458
f 403/489/461 985/488/460 402/486/458 72/485/457
f 74/59/59 406/490/462 986/491/463 405/492/464
f 406/490/462 78/493/465 407/494/466 986/491/463
f 986/491/463 407/494/466 79/495/467 408/496/468
f 405/492/464 986/491/463 408/496/468 82/497/469
f 75/16/16 410/498/470 987/499/471 409/500/472
f 410/498/470 80/501/473 411/502/474 987/499/471
f 987/499/471 411/502/474 79/495/467 407/494/466
f 409/500/472 987/499/471 407/494/466 78/493/465
f 76/97/97 413/503/475 988/504/476 412/505/477
f 413/503/475 81/506/478 414/507/479 988/504/476
f 988/504/476 414/507/479 79/495/467 411/502/474
f 412/505/477 988/504/476 411/502/474 80/501/473
f 77/90/90 416/508/480 989/509/481 415/510/482
f 416/508/480 82/497/469 408/496/468 989/509/481
f 989/509/481 408/496/468 79/495/467 414/507/479
f 415/510/482 989/509/481 414/507/479 81/506/478
f 83/61/61 418/511/483 990/512/484 417/513/485
f 418/511/483 87/514/486 419/515/487 990/512/484
f 990/512/484 419/515/487 88/516/488 420/517/489
f 417/513/485 990/512/484 420/517/489 91/518/490
f 84/88/88 422/519/491 991/520/492 421/521/493
f 422/519/491 89/522/494 423/523/495 991/520/492
f 991/520/492 423/523/495 88/516/488 419/515/487
f 421/521/493 991/520/492 419/515/487 87/514/486
f 85/524/496 425/525/497 992/526/498 424/527/499
f 425/525/497 90/528/500 426/529/501 992/526/498
f 992/526/498 426/529/501 88/516/488 423/523/495
f 424/527/499 992/526/498 423/523/495 89/522/494
f 86/23/23 428/530/502 993/531/503 427/532/504
f 428/530/502 91/518/490 420/517/489 993/531/503
f 993/531/503 420/517/489 88/516/488 426/533/501
f 427/532/504 993/531/503 426/533/501 90/534/500
f 92/5/5 430/535/505 994/536/506 429/537/507
f 430/535/505 96/538/508 431/539/509 994/536/506
f 994/536/506 431/539/509 97/540/510 432/541/511
f 429/537/507 994/536/506 432/541/511 100/542/512
f 93/25/25 434/543/513 995/544/514 433/545/515
f 434/543/513 98/546/516 435/547/517 995/544/514
f 995/544/514 435/547/517 97/548/510 431/549/509
f 433/545/515 995/544/514 431/549/509 96/550/508
f 94/551/518 437/552/519 996/553/520 436/554/521
f 437/552/519 99/555/522 438/556/523 996/553/520
f 996/553/520 438/556/523 97/557/510 435/558/517
f 436/554/521 996/553/520 435/558/517 98/559/516
f 95/45/45 440/560/524 997/561/525 439/562/526
f 440/560/524 100/563/512 432/564/511 997/561/525
f 997/561/525 432/564/511 97/565/510 438/566/523
f 439/562/526 997/561/525 438/566/523 99/555/522
f 101/27/27 442/567/527 998/568/528 441/569/529
f 442/567/527 105/570/530 443/571/531 998/568/528
f 998/568/528 443/571/531 106/572/532 444/573/533
f 441/569/529 998/568/528 444/573/533 109/574/534
f 102/1/1 446/575/535 999/576/536 445/577/537
f 446/575/535 107/578/538 447/579/539 999/576/536
f 999/576/536 447/579/539 106/580/532 443/581/531
f 445/577/537 999/576/536 443/581/531 105/582/530
f 103/28/28 449/583/540 1000/584/541 448/585/542
f 449/583/540 108/586/543 450/587/544 1000/584/541
f 1000/584/541 450/587/544 106/588/532 447/589/539
f 448/585/542 1000/584/541 447/589/539 107/578/538
f 104/248/247 452/590/545 1001/591/546 451/592/547
f 452/590/545 109/574/534 444/593/533 1001/591/546
f 1001/591/546 444/593/533 106/594/532 450/595/544
f 451/592/547 1001/591/546 450/595/544 108/596/543
f 110/126/126 454/597/548 1002/598/549 453/599/550
f 454/597/548 114/600/551 455/601/552 1002/598/549
f 1002/598/549 455/601/552 115/602/553 456/603/554
f 453/599/550 1002/598/549 456/603/554 118/604/555
f 111/64/64 458/605/556 1003/606/557 457/607/558
f 458/605/556 116/608/559 459/609/560 1003/606/557
f 1003/606/557 459/609/560 115/602/553 455/601/552
f 457/607/558 1003/606/557 455/601/552 114/600/551
f 112/262/259 461/610/561 1004/611/562 460/612/563
f 461/610/561 117/613/564 462/614/565 1004/611/562
f 1004/611/562 462/614/565 115/602/553 459/609/560
f 460/612/563 1004/611/562 459/609/560 116/608/559
f 113/284/278 464/615/566 1005/616/567 463/617/568
f 464/615/566 118/604/555 456/603/554 1005/616/567
f 1005/616/567 456/603/554 115/602/553 462/614/565
f 463/617/568 1005/616/567 462/614/565 117/613/564
f 119/72/72 466/618/569 1006/619/570 465/620/571
f 466/618/569 123/621/572 467/622/573 1006/619/570
f 1006/619/570 467/622/573 124/623/574 468/624/575
f 465/620/571 1006/619/570 468/624/575 127/625/576
f 120/10/10 470/626/577 1007/627/578 469/628/579
f 470/626/577 125/629/580 471/630/581 1007/627/578
f 1007/627/578 471/630/581 124/623/574 467/622/573
f 469/628/579 1007/627/578 467/622/573 123/621/572
f 121/289/283 473/631/582 1008/632/583 472/633/584
f 473/631/582 126/634/585 474/635/586 1008/632/583
f 1008/632/583 474/635/586 124/623/574 471/630/581
f 472/633/584 1008/632/583 471/630/581 125/629/580
f 122/266/262 476/636/587 1009/637/588 475/638/589
f 476/636/587 127/625/576 468/624/575 1009/637/588
f 1009/637/588 468/624/575 124/623/574 474/635/586
f 475/638/589 1009/637/588 474/635/586 126/634/585
f 128/63/63 478/639/590 1010/640/591 477/641/592
f 478/639/590 132/642/593 479/643/594 1010/640/591
f 1010/640/591 479/643/594 133/644/595 480/645/596
f 477/641/592 1010/640/591 480/645/596 136/646/597
f 129/19/19 482/647/598 1011/648/599 481/649/600
f 482/647/598 134/650/601 483/651/602 1011/648/599
f 1011/648/599 483/651/602 133/644/595 479/643/594
f 481/649/600 1011/648/599 479/643/594 132/642/593
f 130/244/244 485/652/603 1012/653/604 484/654/605
f 485/652/603 135/655/606 486/656/607 1012/653/604
f 1012/653/604 486/656/607 133/644/595 483/651/602
f 484/654/605 1012/653/604 483/651/602 134/650/601
f 131/257/254 488/657/608 1013/658/609 487/659/610
f 488/657/608 136/646/597 480/645/596 1013/658/609
f 1013/658/609 480/645/596 133/644/595 486/656/607
f 487/659/610 1013/658/609 486/656/607 135/655/606
f 137/55/55 490/660/611 1014/661/612 489/662/613
f 490/660/611 141/663/614 491/664/615 1014/661/612
f 1014/661/612 491/664/615 142/665/616 492/666/617
f 489/662/613 1014/661/612 492/666/617 145/667/618
f 138/253/251 494/668/619 1015/669/620 493/670/621
f 494/668/619 143/671/622 495/672/623 1015/669/620
f 1015/669/620 495/672/623 142/665/616 491/664/615
f 493/670/621 1015/669/620 491/664/615 141/663/614
f 139/293/286 497/673/624 1016/674/625 496/675/626
f 497/673/624 144/676/627 498/677/628 1016/674/625
f 1016/674/625 498/677/628 142/665/616 495/672/623
f 496/675/626 1016/674/625 495/672/623 143/671/622
f 140/18/18 500/678/629 1017/679/630 499/680/631
f 500/678/629 145/667/618 492/666/617 1017/679/630
f 1017/679/630 492/666/617 142/665/616 498/677/628
f 499/680/631 1017/679/630 498/677/628 144/676/627
f 146/118/118 502/681/632 1018/682/633 501/683/634
f 502/681/632 150/684/635 503/685/636 1018/682/633
f 1018/682/633 503/685/636 151/686/637 504/687/638
f 501/683/634 1018/682/633 504/687/638 154/688/639
f 147/280/275 506/689/640 1019/690/641 505/691/642
f 506/689/640 152/692/643 507/693/644 1019/690/641
f 1019/690/641 507/693/644 151/686/637 503/685/636
f 505/691/642 1019/690/641 503/685/636 150/684/635
f 148/32/32 509/694/645 1020/695/646 508/696/647
f 509/694/645 153/697/648 510/698/649 1020/695/646
f 1020/695/646 510/698/649 151/686/637 507/693/644
f 508/696/647 1020/695/646 507/693/644 152/692/643
f 149/9/9 512/699/650 1021/700/651 511/701/652
f 512/699/650 154/688/639 504/687/638 1021/700/651
f 1021/700/651 504/687/638 151/686/637 510/698/649
f 511/701/652 1021/700/651 510/698/649 153/697/648
f 155/279/274 514/702/653 1022/703/654 513/704/655
f 514/702/653 158/705/656 515/706/657 1022/703/654
f 1022/703/654 515/706/657 159/707/658 516/708/659
f 513/704/655 1022/703/654 516/708/659 161/709/660
f 156/154/154 518/710/661 1023/711/662 517/712/663
f 518/710/661 160/713/664 519/714/665 1023/711/662
f 1023/711/662 519/714/665 159/707/658 515/706/657
f 517/712/663 1023/711/662 515/706/657 158/705/656
f 157/223/223 521/715/666 1024/716/667 520/717/668
f 521/715/666 161/709/660 516/708/659 1024/716/667
f 1024/716/667 516/708/659 159/707/658 519/714/665
f 520/717/668 1024/716/667 519/714/665 160/713/664
f 162/234/234 523/718/669 1025/719/670 522/720/671
f 523/718/669 165/721/672 524/722/673 1025/719/670
f 1025/719/670 524/722/673 166/723/674 525/724/675
f 522/720/671 1025/719/670 525/724/675 168/725/676
f 163/163/163 527/726/677 1026/727/678 526/728/679
f 527/726/677 167/729/680 528/730/681 1026/727/678
f 1026/727/678 528/730/681 166/723/674 524/722/673
f 526/728/679 1026/727/678 524/722/673 165/721/672
f 164/198/198 530/731/682 1027/732/683 529/733/684
f 530/731/682 168/725/676 525/724/675 1027/732/683
f 1027/732/683 525/724/675 166/723/674 528/730/681
f 529/733/684 1027/732/683 528/730/681 167/729/680
f 169/207/207 532/734/685 1028/735/686 531/736/687
f 532/734/685 172/737/688 533/738/689 1028/735/686
f 1028/735/686 533/738/689 173/739/690 534/740/691
f 531/736/687 1028/735/686 534/740/691 175/741/692
f 170/271/266 536/742/693 1029/743/694 535/744/695
f 536/742/693 174/745/696 537/746/697 1029/743/694
f 1029/743/694 537/746/697 173/739/690 533/738/689
f 535/744/695 1029/743/694 533/738/689 172/737/688
f 171/221/221 539/747/698 1030/748/699 538/749/700
f 539/747/698 175/741/692 534/740/691 1030/748/699
f 1030/748/699 534/740/691 173/739/690 537/746/697
f 538/749/700 1030/748/699 537/746/697 174/745/696
f 176/171/171 541/750/701 1031/751/702 540/752/703
f 541/750/701 179/753/704 542/754/705 1031/751/702
f 1031/751/702 542/754/705 180/755/706 543/756/707
f 540/752/703 1031/751/702 543/756/707 182/757/708
f 177/208/208 545/758/709 1032/759/710 544/760/711
f 545/758/709 181/761/712 546/762/713 1032/759/710
f 1032/759/710 546/762/713 180/755/706 542/754/705
f 544/760/711 1032/759/710 542/754/705 179/753/704
f 178/190/190 548/763/714 1033/764/715 547/765/716
f 548/763/714 182/757/708 543/756/707 1033/764/715
f 1033/764/715 543/756/707 180/755/706 546/762/713
f 547/765/716 1033/764/715 546/762/713 181/761/712
f 183/225/225 550/766/717 1034/767/718 549/768/719
f 550/766/717 187/769/720 551/770/721 1034/767/718
f 1034/767/718 551/770/721 188/771/722 552/772/723
f 549/768/719 1034/767/718 552/772/723 191/773/724
f 184/162/162 554/774/725 1035/775/726 553/776/727
f 554/774/725 189/777/728 555/778/729 1035/775/726
f 1035/775/726 555/778/729 188/771/722 551/770/721
f 553/776/727 1035/775/726 551/770/721 187/769/720
f 185/226/226 557/779/730 1036/780/731 556/781/732
f 557/779/730 190/782/733 558/783/734 1036/780/731
f 1036/780/731 558/783/734 188/771/722 555/778/729
f 556/781/732 1036/780/731 555/778/729 189/777/728
f 186/196/196 560/784/735 1037/785/736 559/786/737
f 560/784/735 191/773/724 552/772/723 1037/785/736
f 1037/785/736 552/772/723 188/771/722 558/783/734
f 559/786/737 1037/785/736 558/783/734 190/782/733
f 192/194/194 562/787/738 1038/788/739 561/789/740
f 562/787/738 196/790/741 563/791/742 1038/788/739
f 1038/788/739 563/791/742 197/792/743 564/793/744
f 561/789/740 1038/788/739 564/793/744 200/794/745
f 193/216/216 566/795/746 1039/796/747 565/797/748
f 566/795/746 198/798/749 567/799/750 1039/796/747
f 1039/796/747 567/799/750 197/792/743 563/791/742
f 565/797/748 1039/796/747 563/791/742 196/790/741
f 194/199/199 569/800/751 1040/801/752 568/802/753
f 569/800/751 199/803/754 570/804/755 1040/801/752
f 1040/801/752 570/804/755 197/792/743 567/799/750
f 568/802/753 1040/801/752 567/799/750 198/798/749
f 195/217/217 572/805/756 1041/806/757 571/807/758
f 572/805/756 200/794/745 564/793/744 1041/806/757
f 1041/806/757 564/793/744 197/792/743 570/804/755
f 571/807/758 1041/806/757 570/804/755 199/803/754
f 201/243/243 574/808/759 1042/809/760 573/810/761
f 574/808/759 205/811/762 575/812/763 1042/809/760
f 1042/809/760 575/812/763 206/813/764 576/814/765
f 573/810/761 1042/809/760 576/814/765 209/815/766
f 202/230/230 578/816/767 1043/817/768 577/818/769
f 578/816/767 207/819/770 579/820/771 1043/817/768
f 1043/817/768 579/820/771 206/821/764 575/822/763
f 577/818/769 1043/817/768 575/822/763 205/823/762
f 203/160/160 581/824/772 1044/825/773 580/826/774
f 581/824/772 208/827/775 582/828/776 1044/825/773
f 1044/825/773 582/828/776 206/829/764 579/830/771
f 580/826/774 1044/825/773 579/830/771 207/819/770
f 204/133/133 584/831/777 1045/832/778 583/833/779
f 584/831/777 209/815/766 576/834/765 1045/832/778
f 1045/832/778 576/834/765 206/835/764 582/836/776
f 583/833/779 1045/832/778 582/836/776 208/837/775
f 210/241/241 586/838/780 1046/839/781 585/840/782
f 586/838/780 214/841/783 587/842/784 1046/839/781
f 1046/839/781 587/842/784 215/843/785 588/844/786
f 585/840/782 1046/839/781 588/844/786 218/845/787
f 211/189/189 590/846/788 1047/847/789 589/848/790
f 590/846/788 216/849/791 591/850/792 1047/847/789
f 1047/847/789 591/850/792 215/851/785 587/852/784
f 589/848/790 1047/847/789 587/852/784 214/841/783
f 212/167/167 593/853/793 1048/854/794 592/855/795
f 593/853/793 217/856/796 594/857/797 1048/854/794
f 1048/854/794 594/857/797 215/858/785 591/859/792
f 592/855/795 1048/854/794 591/859/792 216/860/791
f 213/232/232 596/861/798 1049/862/799 595/863/800
f 596/861/798 218/864/787 588/865/786 1049/862/799
f 1049/862/799 588/865/786 215/866/785 594/867/797
f 595/863/800 1049/862/799 594/867/797 217/856/796
f 219/187/187 598/868/801 1050/869/802 597/870/803
f 598/868/801 223/871/804 599/872/805 1050/869/802
f 1050/869/802 599/872/805 224/873/806 600/874/807
f 597/870/803 1050/869/802 600/874/807 227/875/808
f 220/144/144 602/876/809 1051/877/810 601/878/811
f 602/876/809 225/879/812 603/880/813 1051/877/810
f 1051/877/810 603/880/813 224/873/806 599/872/805
f 601/878/811 1051/877/810 599/872/805 223/871/804
f 221/212/212 605/881/814 1052/882/815 604/883/816
f 605/881/814 226/884/817 606/885/818 1052/882/815
f 1052/882/815 606/885/818 224/873/806 603/880/813
f 604/883/816 1052/882/815 603/880/813 225/879/812
f 222/169/169 608/886/819 1053/887/820 607/888/821
f 608/886/819 227/889/808 600/890/807 1053/887/820
f 1053/887/820 600/890/807 224/873/806 606/885/818
f 607/888/821 1053/887/820 606/885/818 226/884/817
f 228/180/180 610/891/822 1054/892/823 609/893/824
f 610/891/822 232/894/825 611/895/826 1054/892/823
f 1054/892/823 611/895/826 233/896/827 612/897/828
f 609/893/824 1054/892/823 612/897/828 236/898/829
f 229/203/203 614/899/830 1055/900/831 613/901/832
f 614/899/830 234/902/833 615/903/834 1055/900/831
f 1055/900/831 615/903/834 233/896/827 611/895/826
f 613/901/832 1055/900/831 611/895/826 232/894/825
f 230/214/214 617/904/835 1056/905/836 616/906/837
f 617/904/835 235/907/838 618/908/839 1056/905/836
f 1056/905/836 618/908/839 233/896/827 615/903/834
f 616/906/837 1056/905/836 615/903/834 234/902/833
f 231/142/142 620/909/840 1057/910/841 619/911/842
f 620/909/840 236/898/829 612/897/828 1057/910/841
f 1057/910/841 612/897/828 233/896/827 618/908/839
f 619/911/842 1057/910/841 618/908/839 235/907/838
f 237/178/178 622/912/843 1058/913/844 621/914/845
f 622/912/843 241/915/846 623/916/847 1058/913/844
f 1058/913/844 623/916/847 242/917/848 624/918/849
f 621/914/845 1058/913/844 624/918/849 245/919/850
f 238/153/153 626/920/851 1059/921/852 625/922/853
f 626/920/851 243/923/854 627/924/855 1059/921/852
f 1059/921/852 627/924/855 242/917/848 623/916/847
f 625/922/853 1059/921/852 623/916/847 241/915/846
f 239/275/270 629/925/856 1060/926/857 628/927/858
f 629/925/856 244/928/859 630/929/860 1060/926/857
f 1060/926/857 630/929/860 242/917/848 627/930/855
f 628/927/858 1060/926/857 627/930/855 243/931/854
f 240/205/205 632/932/861 1061/933/862 631/934/863
f 632/932/861 245/919/850 624/918/849 1061/933/862
f 1061/933/862 624/918/849 242/917/848 630/929/860
f 631/934/863 1061/933/862 630/929/860 244/928/859
f 246/135/135 634/935/864 1062/936/865 633/937/866
f 634/935/864 250/938/867 635/939/868 1062/936/865
f 1062/936/865 635/939/868 251/940/869 636/941/870
f 633/937/866 1062/936/865 636/941/870 254/942/871
f 247/158/158 638/943/872 1063/944/873 637/945/874
f 638/943/872 252/946/875 639/947/876 1063/944/873
f 1063/944/873 639/947/876 251/948/869 635/949/868
f 637/945/874 1063/944/873 635/949/868 250/950/867
f 248/277/272 641/951/877 1064/952/878 640/953/879
f 641/951/877 253/954/880 642/955/881 1064/952/878
f 1064/952/878 642/955/881 251/956/869 639/957/876
f 640/953/879 1064/952/878 639/957/876 252/946/875
f 249/151/151 644/958/882 1065/959/883 643/960/884
f 644/958/882 254/961/871 636/962/870 1065/959/883
f 1065/959/883 636/962/870 251/963/869 642/964/881
f 643/960/884 1065/959/883 642/964/881 253/965/880
f 255/149/149 646/966/885 1066/967/886 645/968/887
f 646/966/885 259/969/888 647/970/889 1066/967/886
f 1066/967/886 647/970/889 260/971/890 648/972/891
f 645/968/887 1066/967/886 648/972/891 263/973/892
f 256/250/248 650/974/893 1067/975/894 649/976/895
f 650/974/893 261/977/896 651/978/897 1067/975/894
f 1067/975/894 651/978/897 260/979/890 647/980/889
f 649/976/895 1067/975/894 647/980/889 259/969/888
f 257/36/36 653/981/898 1068/982/899 652/983/900
f 653/981/898 262/984/901 654/985/902 1068/982/899
f 1068/982/899 654/985/902 260/986/890 651/987/897
f 652/983/900 1068/982/899 651/987/897 261/988/896
f 258/127/127 656/989/903 1069/990/904 655/991/905
f 656/989/903 263/992/892 648/993/891 1069/990/904
f 1069/990/904 648/993/891 260/994/890 654/995/902
f 655/991/905 1069/990/904 654/995/902 262/984/901
f 264/239/239 658/996/906 1070/997/907 657/998/908
f 658/996/906 268/999/909 659/1000/910 1070/997/907
f 1070/997/907 659/1000/910 269/1001/911 660/1002/912
f 657/998/908 1070/997/907 660/1002/912 272/1003/913
f 265/286/280 662/1004/914 1071/1005/915 661/1006/916
f 662/1004/914 270/1007/917 663/1008/918 1071/1005/915
f 1071/1005/915 663/1008/918 269/1001/911 659/1000/910
f 661/1006/916 1071/1005/915 659/1000/910 268/999/909
f 266/270/265 665/1009/919 1072/1010/920 664/1011/921
f 665/1009/919 271/1012/922 666/1013/923 1072/1010/920
f 1072/1010/920 666/1013/923 269/1001/911 663/1008/918
f 664/1011/921 1072/1010/920 663/1008/918 270/1007/917
f 267/181/181 668/1014/924 1073/1015/925 667/1016/926
f 668/1014/924 272/1003/913 660/1002/912 1073/1015/925
f 1073/1015/925 660/1002/912 269/1001/911 666/1013/923
f 667/1016/926 1073/1015/925 666/1013/923 271/1012/922
f 273/185/185 670/1017/927 1074/1018/928 669/1019/929
f 670/1017/927 277/1020/930 671/1021/931 1074/1018/928
f 1074/1018/928 671/1021/931 278/1022/932 672/1023/933
f 669/1019/929 1074/1018/928 672/1023/933 281/1024/934
f 274/268/263 674/1025/935 1075/1026/936 673/1027/937
f 674/1025/935 279/1028/938 675/1029/939 1075/1026/936
f 1075/1026/936 675/1029/939 278/1022/932 671/1021/931
f 673/1027/937 1075/1026/936 671/1021/931 277/1020/930
f 275/297/290 677/1030/940 1076/1031/941 676/1032/942
f 677/1030/940 280/1033/943 678/1034/944 1076/1031/941
f 1076/1031/941 678/1034/944 278/1022/932 675/1029/939
f 676/1032/942 1076/1031/941 675/1029/939 279/1028/938
f 276/136/136 680/1035/945 1077/1036/946 679/1037/947
f 680/1035/945 281/1024/934 672/1023/933 1077/1036/946
f 1077/1036/946 672/1023/933 278/1022/932 678/1034/944
f 679/1037/947 1077/1036/946 678/1034/944 280/1033/943
f 282/176/176 682/1038/948 1078/1039/949 681/1040/950
f 682/1038/948 286/1041/951 683/1042/952 1078/1039/949
f 1078/1039/949 683/1042/952 287/1043/953 684/1044/954
f 681/1040/950 1078/1039/949 684/1044/954 290/1045/955
f 283/259/256 686/1046/956 1079/1047/957 685/1048/958
f 686/1046/956 288/1049/959 687/1050/960 1079/1047/957
f 1079/1047/957 687/1050/960 287/1043/953 683/1042/952
f 685/1048/958 1079/1047/957 683/1042/952 286/1041/951
f 284/252/250 689/1051/961 1080/1052/962 688/1053/963
f 689/1051/961 289/1054/964 690/1055/965 1080/1052/962
f 1080/1052/962 690/1055/965 287/1043/953 687/1050/960
f 688/1053/963 1080/1052/962 687/1050/960 288/1049/959
f 285/145/145 692/1056/966 1081/1057/967 691/1058/968
f 692/1056/966 290/1045/955 684/1044/954 1081/1057/967
f 1081/1057/967 684/1044/954 287/1043/953 690/1055/965
f 691/1058/968 1081/1057/967 690/1055/965 289/1054/964
f 291/172/172 694/1059/969 1082/1060/970 693/1061/971
f 694/1059/969 295/1062/972 695/1063/973 1082/1060/970
f 1082/1060/970 695/1063/973 296/1064/974 696/1065/975
f 693/1061/971 1082/1060/970 696/1065/975 299/1066/976
f 292/140/140 698/1067/977 1083/1068/978 697/1069/979
f 698/1067/977 297/1070/980 699/1071/981 1083/1068/978
f 1083/1068/978 699/1071/981 296/1064/974 695/1063/973
f 697/1069/979 1083/1068/978 695/1063/973 295/1062/972
f 293/295/288 701/1072/982 1084/1073/983 700/1074/984
f 701/1072/982 298/1075/985 702/1076/986 1084/1073/983
f 1084/1073/983 702/1076/986 296/1064/974 699/1071/981
f 700/1074/984 1084/1073/983 699/1071/981 297/1070/980
f 294/261/258 704/1077/987 1085/1078/988 703/1079/989
f 704/1077/987 299/1066/976 696/1065/975 1085/1078/988
f 1085/1078/988 696/1065/975 296/1064/974 702/1076/986
f 703/1079/989 1085/1078/988 702/1076/986 298/1075/985
f 300/235/235 706/1080/990 1086/1081/991 705/1082/992
f 706/1080/990 304/1083/993 707/1084/994 1086/1081/991
f 1086/1081/991 707/1084/994 305/1085/995 708/1086/996
f 705/1082/992 1086/1081/991 708/1086/996 308/1087/997
f 301/131/131 710/1088/998 1087/1089/999 709/1090/1000
f 710/1088/998 306/1091/1001 711/1092/1002 1087/1089/999
f 1087/1089/999 711/1092/1002 305/1085/995 707/1084/994
f 709/1090/1000 1087/1089/999 707/1084/994 304/1083/993
f 302/34/34 713/1093/1003 1088/1094/1004 712/1095/1005
f 713/1093/1003 307/1096/1006 714/1097/1007 1088/1094/1004
f 1088/1094/1004 714/1097/1007 305/1085/995 711/1092/1002
f 712/1095/1005 1088/1094/1004 711/1092/1002 306/1091/1001
f 303/288/282 716/1098/1008 1089/1099/1009 715/1100/1010
f 716/1098/1008 308/1087/997 708/1086/996 1089/1099/1009
f 1089/1099/1009 708/1086/996 305/1085/995 714/1097/1007
f 715/1100/1010 1089/1099/1009 714/1097/1007 307/1096/1006
f 101/27/27 717/26/26 1090/1101/1011 442/567/527
f 717/26/26 93/25/25 433/545/515 1090/1101/1011
f 1090/1101/1011 433/545/515 96/550/508 718/1102/1012
f 442/567/527 1090/1101/1011 718/1102/1012 105/570/530
f 105/582/530 718/1103/1012 1091/1104/1013 445/577/537
f 718/1103/1012 96/538/508 430/535/505 1091/1104/1013
f 1091/1104/1013 430/535/505 92/5/5 719/2/2
f 445/577/537 1091/1104/1013 719/2/2 102/1/1
f 50/117/117 720/116/116 1092/1105/1014 380/430/417
f 720/116/116 57/115/115 385/447/430 1092/1105/1014
f 1092/1105/1014 385/447/430 60/452/423 721/1106/1015
f 380/430/417 1092/1105/1014 721/1106/1015 55/433/406
f 55/414/406 721/1107/1015 1093/1108/1016 369/409/401
f 721/1107/1015 60/440/423 382/437/420 1093/1108/1016
f 1093/1108/1016 382/437/420 56/124/124 722/123/123
f 369/409/401 1093/1108/1016 722/123/123 47/122/122
f 58/54/54 723/53/53 1094/1109/1017 389/453/433
f 723/53/53 66/52/52 397/477/451 1094/1109/1017
f 1094/1109/1017 397/477/451 69/481/444 724/1110/1018
f 389/453/433 1094/1109/1017 724/1110/1018 63/456/436
f 63/466/436 724/1111/1018 1095/1112/1019 391/462/440
f 724/1111/1018 69/470/444 394/467/441 1095/1112/1019
f 1095/1112/1019 394/467/441 65/70/70 725/69/69
f 391/462/440 1095/1112/1019 725/69/69 59/68/68
f 77/90/90 726/89/89 1096/1113/1020 416/508/480
f 726/89/89 84/88/88 421/521/493 1096/1113/1020
f 1096/1113/1020 421/521/493 87/514/486 727/1114/1021
f 416/508/480 1096/1113/1020 727/1114/1021 82/497/469
f 82/497/469 727/1114/1021 1097/1115/1022 405/492/464
f 727/1114/1021 87/514/486 418/511/483 1097/1115/1022
f 1097/1115/1022 418/511/483 83/61/61 728/60/60
f 405/492/464 1097/1115/1022 728/60/60 74/59/59
f 85/524/496 729/1116/1023 1098/1117/1024 425/525/497
f 729/1116/1023 94/551/518 436/554/521 1098/1117/1024
f 1098/1117/1024 436/554/521 98/559/516 730/1118/1025
f 425/525/497 1098/1117/1024 730/1118/1025 90/528/500
f 90/534/500 730/1119/1025 1099/1120/1026 427/532/504
f 730/1119/1025 98/546/516 434/543/513 1099/1120/1026
f 1099/1120/1026 434/543/513 93/25/25 731/24/24
f 427/532/504 1099/1120/1026 731/24/24 86/23/23
f 95/45/45 732/44/44 1100/1121/1027 440/560/524
f 732/44/44 49/43/43 376/424/414 1100/1121/1027
f 1100/1121/1027 376/424/414 53/429/410 733/1122/1028
f 440/560/524 1100/1121/1027 733/1122/1028 100/563/512
f 100/542/512 733/1123/1028 1101/1124/1029 429/537/507
f 733/1123/1028 53/418/410 374/415/407 1101/1124/1029
f 1101/1124/1029 374/415/407 48/7/7 734/6/6
f 429/537/507 1101/1124/1029 734/6/6 92/5/5
f 67/99/99 735/98/98 1102/1125/1030 401/482/454
f 735/98/98 76/97/97 412/505/477 1102/1125/1030
f 1102/1125/1030 412/505/477 80/501/473 736/1126/1031
f 401/482/454 1102/1125/1030 736/1126/1031 72/485/457
f 72/485/457 736/1126/1031 1103/1127/1032 403/489/461
f 736/1126/1031 80/501/473 410/498/470 1103/1127/1032
f 1103/1127/1032 410/498/470 75/16/16 737/15/15
f 403/489/461 1103/1127/1032 737/15/15 68/14/14
f 29/104/104 738/101/101 1104/1128/101 346/365/357
f 738/101/101 39/100/100 361/396/388 1104/1128/101
f 1104/1128/101 361/396/388 42/389/381 739/1129/1033
f 346/365/357 1104/1128/101 739/1129/1033 33/368/360
f 33/368/360 739/1129/1033 1105/1130/80 349/375/367
f 739/1129/1033 42/389/381 358/386/378 1105/1130/80
f 1105/1130/80 358/386/378 38/81/81 740/80/80
f 349/375/367 1105/1130/80 740/80/80 30/79/79
f 30/79/79 741/78/78 1106/1131/1034 350/373/365
f 741/78/78 9/77/77 322/325/318 1106/1131/1034
f 1106/1131/1034 322/325/318 11/318/311 742/1132/1035
f 350/373/365 1106/1131/1034 742/1132/1035 35/376/368
f 35/376/368 742/1132/1035 1107/1133/1036 352/380/372
f 742/1132/1035 11/318/311 319/315/308 1107/1133/1036
f 1107/1133/1036 319/315/308 8/113/113 743/110/110
f 352/380/372 1107/1133/1036 743/110/110 31/109/109
f 9/77/77 744/74/74 1108/1134/1037 323/323/316
f 744/74/74 23/73/73 340/358/351 1108/1134/1037
f 1108/1134/1037 340/358/351 25/351/344 745/1135/1038
f 323/323/316 1108/1134/1037 745/1135/1038 13/326/319
f 13/326/319 745/1135/1038 1109/1136/1039 325/330/323
f 745/1135/1038 25/351/344 337/348/341 1109/1136/1039
f 1109/1136/1039 337/348/341 22/50/50 746/47/47
f 325/330/323 1109/1136/1039 746/47/47 10/46/46
f 39/100/100 747/103/103 1110/1137/1040 362/394/386
f 747/103/103 16/108/108 331/341/334 1110/1137/1040
f 1110/1137/1040 331/341/334 18/334/327 748/1138/1041
f 362/394/386 1110/1137/1040 748/1138/1041 44/397/389
f 44/397/389 748/1138/1041 1111/1139/1042 364/401/393
f 748/1138/1041 18/334/327 328/331/324 1111/1139/1042
f 1111/1139/1042 328/331/324 15/86/86 749/83/83
f 364/401/393 1111/1139/1042 749/83/83 40/82/82
f 16/108/108 750/107/107 1112/1140/1043 332/339/332
f 750/107/107 2/106/106 313/309/302 1112/1140/1043
f 1112/1140/1043 313/309/302 4/302/295 751/1141/1044
f 332/339/332 1112/1140/1043 751/1141/1044 20/342/335
f 20/342/335 751/1141/1044 1113/1142/1045 334/347/340
f 751/1141/1044 4/302/295 310/299/292 1113/1142/1045
f 1113/1142/1045 310/299/292 1/298/291 752/1143/1046
f 334/347/340 1113/1142/1045 752/1143/1046 17/344/337
f 2/106/106 753/105/105 1114/1144/1047 314/307/300
f 753/105/105 29/364/104 345/367/359 1114/1144/1047
f 1114/1144/1047 345/367/359 37/372/364 754/1145/1048
f 314/307/300 1114/1144/1047 754/1145/1048 6/310/303
f 6/310/303 754/1145/1048 1115/1146/1049 316/314/307
f 754/1145/1048 37/372/364 356/383/375 1115/1146/1049
f 1115/1146/1049 356/383/375 32/41/41 755/38/38
f 316/314/307 1115/1146/1049 755/38/38 3/37/37
f 23/73/73 756/76/76 1116/1147/1050 341/356/349
f 756/76/76 38/81/81 357/388/380 1116/1147/1050
f 1116/1147/1050 357/388/380 46/393/385 757/1148/1051
f 341/356/349 1116/1147/1050 757/1148/1051 27/359/352
f 27/359/352 757/1148/1051 1117/1149/1052 343/363/356
f 757/1148/1051 46/393/385 368/404/396 1117/1149/1052
f 1117/1149/1052 368/404/396 41/95/95 758/92/92
f 343/363/356 1117/1149/1052 758/92/92 24/91/91
f 49/43/43 759/42/42 1118/1150/1053 377/422/412
f 759/42/42 32/41/41 355/385/377 1118/1150/1053
f 1118/1150/1053 355/385/377 36/381/373 760/1151/1054
f 377/422/412 1118/1150/1053 760/1151/1054 54/425/415
f 54/425/415 760/1151/1054 1119/1152/1055 379/432/419
f 760/1151/1054 36/381/373 353/378/370 1119/1152/1055
f 1119/1152/1055 353/378/370 31/109/109 761/112/112
f 379/432/419 1119/1152/1055 761/112/112 50/117/117
f 10/46/46 762/49/49 1120/1153/1056 326/328/321
f 762/49/49 58/54/54 388/455/435 1120/1153/1056
f 1120/1153/1056 388/455/435 62/448/431 763/1154/1057
f 326/328/321 1120/1153/1056 763/1154/1057 14/322/315
f 14/322/315 763/1154/1057 1121/1155/1058 318/317/310
f 763/1154/1057 62/448/431 386/445/428 1121/1155/1058
f 1121/1155/1058 386/445/428 57/115/115 764/114/114
f 318/317/310 1121/1155/1058 764/114/114 8/113/113
f 24/91/91 765/94/94 1122/1156/1059 344/361/354
f 765/94/94 67/99/99 400/484/456 1122/1156/1059
f 1122/1156/1059 400/484/456 71/478/452 766/1157/1060
f 344/361/354 1122/1156/1059 766/1157/1060 28/355/348
f 28/355/348 766/1157/1060 1123/1158/1061 336/350/343
f 766/1157/1060 71/478/452 398/475/449 1123/1158/1061
f 1123/1158/1061 398/475/449 66/52/52 767/51/51
f 336/350/343 1123/1158/1061 767/51/51 22/50/50
f 76/97/97 768/96/96 1124/1159/1062 413/503/475
f 768/96/96 41/95/95 367/406/398 1124/1159/1062
f 1124/1159/1062 367/406/398 45/402/394 769/1160/1063
f 413/503/475 1124/1159/1062 769/1160/1063 81/506/478
f 81/506/478 769/1160/1063 1125/1161/1064 415/510/482
f 769/1160/1063 45/402/394 365/399/391 1125/1161/1064
f 1125/1161/1064 365/399/391 40/82/82 770/85/85
f 415/510/482 1125/1161/1064 770/85/85 77/90/90
f 17/344/337 771/1162/1065 1126/1163/1066 335/345/338
f 771/1162/1065 85/524/496 424/527/499 1126/1163/1066
f 1126/1163/1066 424/527/499 89/522/494 772/1164/1067
f 335/345/338 1126/1163/1066 772/1164/1067 21/338/331
f 21/338/331 772/1164/1067 1127/1165/1068 327/333/326
f 772/1164/1067 89/522/494 422/519/491 1127/1165/1068
f 1127/1165/1068 422/519/491 84/88/88 773/87/87
f 327/333/326 1127/1165/1068 773/87/87 15/86/86
f 3/37/37 774/40/40 1128/1166/1069 317/312/305
f 774/40/40 95/45/45 439/562/526 1128/1166/1069
f 1128/1166/1069 439/562/526 99/555/522 775/1167/1070
f 317/312/305 1128/1166/1069 775/1167/1070 7/306/299
f 7/306/299 775/1167/1070 1129/1168/1071 309/301/294
f 775/1167/1070 99/555/522 437/552/519 1129/1168/1071
f 1129/1168/1071 437/552/519 94/551/518 776/1169/1072
f 309/301/294 1129/1168/1071 776/1169/1072 1/298/291
f 59/68/68 777/65/65 1130/1170/1073 392/460/438
f 777/65/65 111/64/64 457/607/558 1130/1170/1073
f 1130/1170/1073 457/607/558 114/600/551 778/1171/1074
f 392/460/438 1130/1170/1073 778/1171/1074 64/444/427
f 64/444/427 778/1171/1074 1131/1172/1075 381/439/422
f 778/1171/1074 114/600/551 454/597/548 1131/1172/1075
f 1131/1172/1075 454/597/548 110/126/126 779/125/125
f 381/439/422 1131/1172/1075 779/125/125 56/124/124
f 68/14/14 780/11/11 1132/1173/1076 404/487/459
f 780/11/11 120/10/10 469/628/579 1132/1173/1076
f 1132/1173/1076 469/628/579 123/621/572 781/1174/1077
f 404/487/459 1132/1173/1076 781/1174/1077 73/474/448
f 73/474/448 781/1174/1077 1133/1175/1078 393/469/443
f 781/1174/1077 123/621/572 466/618/569 1133/1175/1078
f 1133/1175/1078 466/618/569 119/72/72 782/71/71
f 393/469/443 1133/1175/1078 782/71/71 65/70/70
f 86/23/23 783/20/20 1134/1176/1079 428/530/502
f 783/20/20 129/19/19 481/649/600 1134/1176/1079
f 1134/1176/1079 481/649/600 132/642/593 784/1177/1080
f 428/530/502 1134/1176/1079 784/1177/1080 91/518/490
f 91/518/490 784/1177/1080 1135/1178/1081 417/513/485
f 784/1177/1080 132/642/593 478/639/590 1135/1178/1081
f 1135/1178/1081 478/639/590 128/63/63 785/62/62
f 417/513/485 1135/1178/1081 785/62/62 83/61/61
f 74/59/59 786/56/56 1136/1179/1082 406/490/462
f 786/56/56 137/55/55 489/662/613 1136/1179/1082
f 1136/1179/1082 489/662/613 145/667/618 787/1180/1083
f 406/490/462 1136/1179/1082 787/1180/1083 78/493/465
f 78/493/465 787/1180/1083 1137/1181/1084 409/500/472
f 787/1180/1083 145/667/618 500/678/629 1137/1181/1084
f 1137/1181/1084 500/678/629 140/18/18 788/17/17
f 409/500/472 1137/1181/1084 788/17/17 75/16/16
f 47/122/122 789/119/119 1138/1182/1085 370/407/399
f 789/119/119 146/118/118 501/683/634 1138/1182/1085
f 1138/1182/1085 501/683/634 154/688/639 790/1183/1086
f 370/407/399 1138/1182/1085 790/1183/1086 51/410/402
f 51/410/402 790/1183/1086 1139/1184/1087 373/417/409
f 790/1183/1086 154/688/639 512/699/650 1139/1184/1087
f 1139/1184/1087 512/699/650 149/9/9 791/8/8
f 373/417/409 1139/1184/1087 791/8/8 48/7/7
f 102/1/1 792/4/4 1140/1185/1088 446/575/535
f 792/4/4 149/9/9 511/701/652 1140/1185/1088
f 1140/1185/1088 511/701/652 153/697/648 793/1186/1089
f 446/575/535 1140/1185/1088 793/1186/1089 107/578/538
f 107/578/538 793/1186/1089 1141/1187/1090 448/585/542
f 793/1186/1089 153/697/648 509/694/645 1141/1187/1090
f 1141/1187/1090 509/694/645 148/32/32 794/29/29
f 448/585/542 1141/1187/1090 794/29/29 103/28/28
f 120/10/10 795/13/13 1142/1188/1091 470/626/577
f 795/13/13 140/18/18 499/680/631 1142/1188/1091
f 1142/1188/1091 499/680/631 144/676/627 796/1189/1092
f 470/626/577 1142/1188/1091 796/1189/1092 125/629/580
f 125/629/580 796/1189/1092 1143/1190/1093 472/633/584
f 796/1189/1092 144/676/627 497/673/624 1143/1190/1093
f 1143/1190/1093 497/673/624 139/293/286 797/290/284
f 472/633/584 1143/1190/1093 797/290/284 121/289/283
f 129/19/19 798/22/22 1144/1191/1094 482/647/598
f 798/22/22 101/27/27 441/569/529 1144/1191/1094
f 1144/1191/1094 441/569/529 109/574/534 799/1192/1095
f 482/647/598 1144/1191/1094 799/1192/1095 134/650/601
f 134/650/601 799/1192/1095 1145/1193/1096 484/654/605
f 799/1192/1095 109/574/534 452/590/545 1145/1193/1096
f 1145/1193/1096 452/590/545 104/248/247 800/245/245
f 484/654/605 1145/1193/1096 800/245/245 130/244/244
f 137/55/55 801/58/58 1146/1194/1097 490/660/611
f 801/58/58 128/63/63 477/641/592 1146/1194/1097
f 1146/1194/1097 477/641/592 136/646/597 802/1195/1098
f 490/660/611 1146/1194/1097 802/1195/1098 141/663/614
f 141/663/614 802/1195/1098 1147/1196/1099 493/670/621
f 802/1195/1098 136/646/597 488/657/608 1147/1196/1099
f 1147/1196/1099 488/657/608 131/257/254 803/254/252
f 493/670/621 1147/1196/1099 803/254/252 138/253/251
f 111/64/64 804/67/67 1148/1197/1100 458/605/556
f 804/67/67 119/72/72 465/620/571 1148/1197/1100
f 1148/1197/1100 465/620/571 127/625/576 805/1198/1101
f 458/605/556 1148/1197/1100 805/1198/1101 116/608/559
f 116/608/559 805/1198/1101 1149/1199/1102 460/612/563
f 805/1198/1101 127/625/576 476/636/587 1149/1199/1102
f 1149/1199/1102 476/636/587 122/266/262 806/263/260
f 460/612/563 1149/1199/1102 806/263/260 112/262/259
f 146/118/118 807/121/121 1150/1200/1103 502/681/632
f 807/121/121 110/126/126 453/599/550 1150/1200/1103
f 1150/1200/1103 453/599/550 118/604/555 808/1201/1104
f 502/681/632 1150/1200/1103 808/1201/1104 150/684/635
f 150/684/635 808/1201/1104 1151/1202/1105 505/691/642
f 808/1201/1104 118/604/555 464/615/566 1151/1202/1105
f 1151/1202/1105 464/615/566 113/284/278 809/281/276
f 505/691/642 1151/1202/1105 809/281/276 147/280/275
f 258/127/127 810/130/130 1152/1203/1106 656/989/903
f 810/130/130 246/135/135 633/937/866 1152/1203/1106
f 1152/1203/1106 633/937/866 254/942/871 811/1204/1107
f 656/989/903 1152/1203/1106 811/1204/1107 263/992/892
f 263/973/892 811/1205/1107 1153/1206/1108 645/968/887
f 811/1205/1107 254/961/871 644/958/882 1153/1206/1108
f 1153/1206/1108 644/958/882 249/151/151 812/150/150
f 645/968/887 1153/1206/1108 812/150/150 255/149/149
f 201/243/243 813/242/242 1154/1207/1109 574/808/759
f 813/242/242 210/241/241 585/840/782 1154/1207/1109
f 1154/1207/1109 585/840/782 218/845/787 814/1208/1110
f 574/808/759 1154/1207/1109 814/1208/1110 205/811/762
f 205/823/762 814/1209/1110 1155/1210/1111 577/818/769
f 814/1209/1110 218/864/787 596/861/798 1155/1210/1111
f 1155/1210/1111 596/861/798 213/232/232 815/231/231
f 577/818/769 1155/1210/1111 815/231/231 202/230/230
f 211/189/189 816/188/188 1156/1211/1112 590/846/788
f 816/188/188 219/187/187 597/870/803 1156/1211/1112
f 1156/1211/1112 597/870/803 227/875/808 817/1212/1113
f 590/846/788 1156/1211/1112 817/1212/1113 216/849/791
f 216/860/791 817/1213/1113 1157/1214/1114 592/855/795
f 817/1213/1113 227/889/808 608/886/819 1157/1214/1114
f 1157/1214/1114 608/886/819 222/169/169 818/168/168
f 592/855/795 1157/1214/1114 818/168/168 212/167/167
f 228/180/180 819/179/179 1158/1215/1115 610/891/822
f 819/179/179 237/178/178 621/914/845 1158/1215/1115
f 1158/1215/1115 621/914/845 245/919/850 820/1216/1116
f 610/891/822 1158/1215/1115 820/1216/1116 232/894/825
f 232/894/825 820/1216/1116 1159/1217/1117 613/901/832
f 820/1216/1116 245/919/850 632/932/861 1159/1217/1117
f 1159/1217/1117 632/932/861 240/205/205 821/204/204
f 613/901/832 1159/1217/1117 821/204/204 229/203/203
f 238/153/153 822/152/152 1160/1218/1118 626/920/851
f 822/152/152 249/151/151 643/960/884 1160/1218/1118
f 1160/1218/1118 643/960/884 253/965/880 823/1219/1119
f 626/920/851 1160/1218/1118 823/1219/1119 243/923/854
f 243/931/854 823/1220/1119 1161/1221/1120 628/927/858
f 823/1220/1119 253/954/880 641/951/877 1161/1221/1120
f 1161/1221/1120 641/951/877 248/277/272 824/276/271
f 628/927/858 1161/1221/1120 824/276/271 239/275/270
f 246/135/135 825/134/134 1162/1222/1121 634/935/864
f 825/134/134 204/133/133 583/833/779 1162/1222/1121
f 1162/1222/1121 583/833/779 208/837/775 826/1223/1122
f 634/935/864 1162/1222/1121 826/1223/1122 250/938/867
f 250/950/867 826/1224/1122 1163/1225/1123 637/945/874
f 826/1224/1122 208/827/775 581/824/772 1163/1225/1123
f 1163/1225/1123 581/824/772 203/160/160 827/159/159
f 637/945/874 1163/1225/1123 827/159/159 247/158/158
f 220/144/144 828/143/143 1164/1226/1124 602/876/809
f 828/143/143 231/142/142 619/911/842 1164/1226/1124
f 1164/1226/1124 619/911/842 235/907/838 829/1227/1125
f 602/876/809 1164/1226/1124 829/1227/1125 225/879/812
f 225/879/812 829/1227/1125 1165/1228/1126 604/883/816
f 829/1227/1125 235/907/838 617/904/835 1165/1228/1126
f 1165/1228/1126 617/904/835 230/214/214 830/213/213
f 604/883/816 1165/1228/1126 830/213/213 221/212/212
f 186/196/196 831/195/195 1166/1229/1127 560/784/735
f 831/195/195 192/194/194 561/789/740 1166/1229/1127
f 1166/1229/1127 561/789/740 200/794/745 832/1230/1128
f 560/784/735 1166/1229/1127 832/1230/1128 191/773/724
f 191/773/724 832/1230/1128 1167/1231/1129 549/768/719
f 832/1230/1128 200/794/745 572/805/756 1167/1231/1129
f 1167/1231/1129 572/805/756 195/217/217 833/220/220
f 549/768/719 1167/1231/1129 833/220/220 183/225/225
f 185/226/226 834/229/229 1168/1232/1130 557/779/730
f 834/229/229 162/234/234 522/720/671 1168/1232/1130
f 1168/1232/1130 522/720/671 168/725/676 835/1233/1131
f 557/779/730 1168/1232/1130 835/1233/1131 190/782/733
f 190/782/733 835/1233/1131 1169/1234/1132 559/786/737
f 835/1233/1131 168/725/676 530/731/682 1169/1234/1132
f 1169/1234/1132 530/731/682 164/198/198 836/197/197
f 559/786/737 1169/1234/1132 836/197/197 186/196/196
f 163/163/163 837/166/166 1170/1235/1133 527/726/677
f 837/166/166 176/171/171 540/752/703 1170/1235/1133
f 1170/1235/1133 540/752/703 182/757/708 838/1236/1134
f 527/726/677 1170/1235/1133 838/1236/1134 167/729/680
f 167/729/680 838/1236/1134 1171/1237/1135 529/733/684
f 838/1236/1134 182/757/708 548/763/714 1171/1237/1135
f 1171/1237/1135 548/763/714 178/190/190 839/193/193
f 529/733/684 1171/1237/1135 839/193/193 164/198/198
f 194/199/199 840/202/202 1172/1238/1136 569/800/751
f 840/202/202 169/207/207 531/736/687 1172/1238/1136
f 1172/1238/1136 531/736/687 175/741/692 841/1239/1137
f 569/800/751 1172/1238/1136 841/1239/1137 199/803/754
f 199/803/754 841/1239/1137 1173/1240/1138 571/807/758
f 841/1239/1137 175/741/692 539/747/698 1173/1240/1138
f 1173/1240/1138 539/747/698 171/221/221 842/218/218
f 571/807/758 1173/1240/1138 842/218/218 195/217/217
f 170/271/266 843/274/269 1174/1241/1139 536/742/693
f 843/274/269 155/279/274 513/704/655 1174/1241/1139
f 1174/1241/1139 513/704/655 161/709/660 844/1242/1140
f 536/742/693 1174/1241/1139 844/1242/1140 174/745/696
f 174/745/696 844/1242/1140 1175/1243/1141 538/749/700
f 844/1242/1140 161/709/660 521/715/666 1175/1243/1141
f 1175/1243/1141 521/715/666 157/223/223 845/222/222
f 538/749/700 1175/1243/1141 845/222/222 171/221/221
f 156/154/154 846/157/157 1176/1244/1142 518/710/661
f 846/157/157 184/162/162 553/776/727 1176/1244/1142
f 1176/1244/1142 553/776/727 187/769/720 847/1245/1143
f 518/710/661 1176/1244/1142 847/1245/1143 160/713/664
f 160/713/664 847/1245/1143 1177/1246/1144 520/717/668
f 847/1245/1143 187/769/720 550/766/717 1177/1246/1144
f 1177/1246/1144 550/766/717 183/225/225 848/224/224
f 520/717/668 1177/1246/1144 848/224/224 157/223/223
f 177/208/208 849/211/211 1178/1247/1145 545/758/709
f 849/211/211 193/216/216 565/797/748 1178/1247/1145
f 1178/1247/1145 565/797/748 196/790/741 850/1248/1146
f 545/758/709 1178/1247/1145 850/1248/1146 181/761/712
f 181/761/712 850/1248/1146 1179/1249/1147 547/765/716
f 850/1248/1146 196/790/741 562/787/738 1179/1249/1147
f 1179/1249/1147 562/787/738 192/194/194 851/191/191
f 547/765/716 1179/1249/1147 851/191/191 178/190/190
f 202/230/230 852/227/227 1180/1250/1148 578/816/767
f 852/227/227 185/226/226 556/781/732 1180/1250/1148
f 1180/1250/1148 556/781/732 189/777/728 853/1251/1149
f 578/816/767 1180/1250/1148 853/1251/1149 207/819/770
f 207/819/770 853/1251/1149 1181/1252/1150 580/826/774
f 853/1251/1149 189/777/728 554/774/725 1181/1252/1150
f 1181/1252/1150 554/774/725 184/162/162 854/161/161
f 580/826/774 1181/1252/1150 854/161/161 203/160/160
f 162/234/234 855/233/233 1182/1253/1151 523/718/669
f 855/233/233 213/232/232 595/863/800 1182/1253/1151
f 1182/1253/1151 595/863/800 217/856/796 856/1254/1152
f 523/718/669 1182/1253/1151 856/1254/1152 165/721/672
f 165/721/672 856/1254/1152 1183/1255/1153 526/728/679
f 856/1254/1152 217/856/796 593/853/793 1183/1255/1153
f 1183/1255/1153 593/853/793 212/167/167 857/164/164
f 526/728/679 1183/1255/1153 857/164/164 163/163/163
f 176/171/171 858/170/170 1184/1256/1154 541/750/701
f 858/170/170 222/169/169 607/888/821 1184/1256/1154
f 1184/1256/1154 607/888/821 226/884/817 859/1257/1155
f 541/750/701 1184/1256/1154 859/1257/1155 179/753/704
f 179/753/704 859/1257/1155 1185/1258/1156 544/760/711
f 859/1257/1155 226/884/817 605/881/814 1185/1258/1156
f 1185/1258/1156 605/881/814 221/212/212 860/209/209
f 544/760/711 1185/1258/1156 860/209/209 177/208/208
f 229/203/203 861/200/200 1186/1259/1157 614/899/830
f 861/200/200 194/199/199 568/802/753 1186/1259/1157
f 1186/1259/1157 568/802/753 198/798/749 862/1260/1158
f 614/899/830 1186/1259/1157 862/1260/1158 234/902/833
f 234/902/833 862/1260/1158 1187/1261/1159 616/906/837
f 862/1260/1158 198/798/749 566/795/746 1187/1261/1159
f 1187/1261/1159 566/795/746 193/216/216 863/215/215
f 616/906/837 1187/1261/1159 863/215/215 230/214/214
f 169/207/207 864/206/206 1188/1262/1160 532/734/685
f 864/206/206 240/205/205 631/934/863 1188/1262/1160
f 1188/1262/1160 631/934/863 244/928/859 865/1263/1161
f 532/734/685 1188/1262/1160 865/1263/1161 172/737/688
f 172/737/688 865/1263/1161 1189/1264/1162 535/744/695
f 865/1263/1161 244/928/859 629/925/856 1189/1264/1162
f 1189/1264/1162 629/925/856 239/275/270 866/272/267
f 535/744/695 1189/1264/1162 866/272/267 170/271/266
f 155/279/274 867/278/273 1190/1265/1163 514/702/653
f 867/278/273 248/277/272 640/953/879 1190/1265/1163
f 1190/1265/1163 640/953/879 252/946/875 868/1266/1164
f 514/702/653 1190/1265/1163 868/1266/1164 158/705/656
f 158/705/656 868/1266/1164 1191/1267/1165 517/712/663
f 868/1266/1164 252/946/875 638/943/872 1191/1267/1165
f 1191/1267/1165 638/943/872 247/158/158 869/155/155
f 517/712/663 1191/1267/1165 869/155/155 156/154/154
f 210/241/241 870/240/240 1192/1268/1166 586/838/780
f 870/240/240 264/239/239 657/998/908 1192/1268/1166
f 1192/1268/1166 657/998/908 272/1003/913 871/1269/1167
f 586/838/780 1192/1268/1166 871/1269/1167 214/841/783
f 214/841/783 871/1269/1167 1193/1270/1168 589/848/790
f 871/1269/1167 272/1003/913 668/1014/924 1193/1270/1168
f 1193/1270/1168 668/1014/924 267/181/181 872/184/184
f 589/848/790 1193/1270/1168 872/184/184 211/189/189
f 219/187/187 873/186/186 1194/1271/1169 598/868/801
f 873/186/186 273/185/185 669/1019/929 1194/1271/1169
f 1194/1271/1169 669/1019/929 281/1024/934 874/1272/1170
f 598/868/801 1194/1271/1169 874/1272/1170 223/871/804
f 223/871/804 874/1272/1170 1195/1273/1171 601/878/811
f 874/1272/1170 281/1024/934 680/1035/945 1195/1273/1171
f 1195/1273/1171 680/1035/945 276/136/136 875/139/139
f 601/878/811 1195/1273/1171 875/139/139 220/144/144
f 237/178/178 876/177/177 1196/1274/1172 622/912/843
f 876/177/177 282/176/176 681/1040/950 1196/1274/1172
f 1196/1274/1172 681/1040/950 290/1045/955 877/1275/1173
f 622/912/843 1196/1274/1172 877/1275/1173 241/915/846
f 241/915/846 877/1275/1173 1197/1276/1174 625/922/853
f 877/1275/1173 290/1045/955 692/1056/966 1197/1276/1174
f 1197/1276/1174 692/1056/966 285/145/145 878/148/148
f 625/922/853 1197/1276/1174 878/148/148 238/153/153
f 231/142/142 879/141/141 1198/1277/1175 620/909/840
f 879/141/141 292/140/140 697/1069/979 1198/1277/1175
f 1198/1277/1175 697/1069/979 295/1062/972 880/1278/1176
f 620/909/840 1198/1277/1175 880/1278/1176 236/898/829
f 236/898/829 880/1278/1176 1199/1279/1177 609/893/824
f 880/1278/1176 295/1062/972 694/1059/969 1199/1279/1177
f 1199/1279/1177 694/1059/969 291/172/172 881/175/175
f 609/893/824 1199/1279/1177 881/175/175 228/180/180
f 204/133/133 882/132/132 1200/1280/1178 584/831/777
f 882/132/132 301/131/131 709/1090/1000 1200/1280/1178
f 1200/1280/1178 709/1090/1000 304/1083/993 883/1281/1179
f 584/831/777 1200/1280/1178 883/1281/1179 209/815/766
f 209/815/766 883/1281/1179 1201/1282/1180 573/810/761
f 883/1281/1179 304/1083/993 706/1080/990 1201/1282/1180
f 1201/1282/1180 706/1080/990 300/235/235 884/238/238
f 573/810/761 1201/1282/1180 884/238/238 201/243/243
f 257/36/36 885/35/35 1202/1283/1181 653/981/898
f 885/35/35 302/34/34 712/1095/1005 1202/1283/1181
f 1202/1283/1181 712/1095/1005 306/1091/1001 886/1284/1182
f 653/981/898 1202/1283/1181 886/1284/1182 262/984/901
f 262/984/901 886/1284/1182 1203/1285/1183 655/991/905
f 886/1284/1182 306/1091/1001 710/1088/998 1203/1285/1183
f 1203/1285/1183 710/1088/998 301/131/131 887/128/128
f 655/991/905 1203/1285/1183 887/128/128 258/127/127
f 275/297/290 888/296/289 1204/1286/1184 677/1030/940
f 888/296/289 293/295/288 700/1074/984 1204/1286/1184
f 1204/1286/1184 700/1074/984 297/1070/980 889/1287/1185
f 677/1030/940 1204/1286/1184 889/1287/1185 280/1033/943
f 280/1033/943 889/1287/1185 1205/1288/1186 679/1037/947
f 889/1287/1185 297/1070/980 698/1067/977 1205/1288/1186
f 1205/1288/1186 698/1067/977 292/140/140 890/137/137
f 679/1037/947 1205/1288/1186 890/137/137 276/136/136
f 284/252/250 891/251/249 1206/1289/1187 689/1051/961
f 891/251/249 256/250/248 649/976/895 1206/1289/1187
f 1206/1289/1187 649/976/895 259/969/888 892/1290/1188
f 689/1051/961 1206/1289/1187 892/1290/1188 289/1054/964
f 289/1054/964 892/1290/1188 1207/1291/1189 691/1058/968
f 892/1290/1188 259/969/888 646/966/885 1207/1291/1189
f 1207/1291/1189 646/966/885 255/149/149 893/146/146
f 691/1058/968 1207/1291/1189 893/146/146 285/145/145
f 294/261/258 894/260/257 1208/1292/1190 704/1077/987
f 894/260/257 283/259/256 685/1048/958 1208/1292/1190
f 1208/1292/1190 685/1048/958 286/1041/951 895/1293/1191
f 704/1077/987 1208/1292/1190 895/1293/1191 299/1066/976
f 299/1066/976 895/1293/1191 1209/1294/1192 693/1061/971
f 895/1293/1191 286/1041/951 682/1038/948 1209/1294/1192
f 1209/1294/1192 682/1038/948 282/176/176 896/173/173
f 693/1061/971 1209/1294/1192 896/173/173 291/172/172
f 266/270/265 897/269/264 1210/1295/1193 665/1009/919
f 897/269/264 274/268/263 673/1027/937 1210/1295/1193
f 1210/1295/1193 673/1027/937 277/1020/930 898/1296/1194
f 665/1009/919 1210/1295/1193 898/1296/1194 271/1012/922
f 271/1012/922 898/1296/1194 1211/1297/1195 667/1016/926
f 898/1296/1194 277/1020/930 670/1017/927 1211/1297/1195
f 1211/1297/1195 670/1017/927 273/185/185 899/182/182
f 667/1016/926 1211/1297/1195 899/182/182 267/181/181
f 303/288/282 900/287/281 1212/1298/1196 716/1098/1008
f 900/287/281 265/286/280 661/1006/916 1212/1298/1196
f 1212/1298/1196 661/1006/916 268/999/909 901/1299/1197
f 716/1098/1008 1212/1298/1196 901/1299/1197 308/1087/997
f 308/1087/997 901/1299/1197 1213/1300/1198 705/1082/992
f 901/1299/1197 268/999/909 658/996/906 1213/1300/1198
f 1213/1300/1198 658/996/906 264/239/239 902/236/236
f 705/1082/992 1213/1300/1198 902/236/236 300/235/235
f 103/28/28 903/31/31 1214/1301/1199 449/583/540
f 903/31/31 257/36/36 652/983/900 1214/1301/1199
f 1214/1301/1199 652/983/900 261/988/896 904/1302/1200
f 449/583/540 1214/1301/1199 904/1302/1200 108/586/543
f 108/596/543 904/1303/1200 1215/1304/1201 451/592/547
f 904/1303/1200 261/977/896 650/974/893 1215/1304/1201
f 1215/1304/1201 650/974/893 256/250/248 905/249/33
f 451/592/547 1215/1304/1201 905/249/33 104/248/247
f 112/262/259 906/265/261 1216/1305/1202 461/610/561
f 906/265/261 266/270/265 664/1011/921 1216/1305/1202
f 1216/1305/1202 664/1011/921 270/1007/917 907/1306/1203
f 461/610/561 1216/1305/1202 907/1306/1203 117/613/564
f 117/613/564 907/1306/1203 1217/1307/1204 463/617/568
f 907/1306/1203 270/1007/917 662/1004/914 1217/1307/1204
f 1217/1307/1204 662/1004/914 265/286/280 908/285/279
f 463/617/568 1217/1307/1204 908/285/279 113/284/278
f 121/289/283 909/292/285 1218/1308/1205 473/631/582
f 909/292/285 275/297/290 676/1032/942 1218/1308/1205
f 1218/1308/1205 676/1032/942 279/1028/938 910/1309/1206
f 473/631/582 1218/1308/1205 910/1309/1206 126/634/585
f 126/634/585 910/1309/1206 1219/1310/1207 475/638/589
f 910/1309/1206 279/1028/938 674/1025/935 1219/1310/1207
f 1219/1310/1207 674/1025/935 274/268/263 911/267/261
f 475/638/589 1219/1310/1207 911/267/261 122/266/262
f 130/244/244 912/247/246 1220/1311/1208 485/652/603
f 912/247/246 284/252/250 688/1053/963 1220/1311/1208
f 1220/1311/1208 688/1053/963 288/1049/959 913/1312/1209
f 485/652/603 1220/1311/1208 913/1312/1209 135/655/606
f 135/655/606 913/1312/1209 1221/1313/1210 487/659/610
f 913/1312/1209 288/1049/959 686/1046/956 1221/1313/1210
f 1221/1313/1210 686/1046/956 283/259/256 914/258/255
f 487/659/610 1221/1313/1210 914/258/255 131/257/254
f 138/253/251 915/256/246 1222/1314/1211 494/668/619
f 915/256/246 294/261/258 703/1079/989 1222/1314/1211
f 1222/1314/1211 703/1079/989 298/1075/985 916/1315/1212
f 494/668/619 1222/1314/1211 916/1315/1212 143/671/622
f 143/671/622 916/1315/1212 1223/1316/1213 496/675/626
f 916/1315/1212 298/1075/985 701/1072/982 1223/1316/1213
f 1223/1316/1213 701/1072/982 293/295/288 917/294/287
f 496/675/626 1223/1316/1213 917/294/287 139/293/286
f 147/280/275 918/283/277 1224/1317/1214 506/689/640
f 918/283/277 303/288/282 715/1100/1010 1224/1317/1214
f 1224/1317/1214 715/1100/1010 307/1096/1006 919/1318/1215
f 506/689/640 1224/1317/1214 919/1318/1215 152/692/643
f 152/692/643 919/1318/1215 1225/1319/1216 508/696/647
f 919/1318/1215 307/1096/1006 713/1093/1003 1225/1319/1216
f 1225/1319/1216 713/1093/1003 302/34/34 920/33/33
f 508/696/647 1225/1319/1216 920/33/33 148/32/32
f 17/344/337 752/1143/1046 1226/1320/1217 771/1162/1065
f 752/1143/1046 1/298/291 776/1169/1072 1226/1320/1217
f 1226/1320/1217 776/1169/1072 94/551/518 729/1116/1023
f 771/1162/1065 1226/1320/1217 729/1116/1023 85/524/496
o Cube.006_Cube.004
v -1.053723 0.438097 3.044597
v -0.632199 0.182147 3.040884
v -0.537410 0.439465 4.019910
v -1.037419 0.193066 3.042186
v -0.894025 0.198904 3.966794
v -0.539665 0.194382 3.980544
v -0.898879 0.439790 3.984149
v -1.158377 0.429683 -3.164801
v -0.613669 0.429201 -3.558172
v -0.696926 0.173765 -3.147911
v -1.020848 0.429606 -3.531923
v -1.016894 0.188773 -3.509932
v -0.617992 0.184229 -3.515731
v -1.139431 0.184666 -3.156684
v 1.312359 0.438320 3.046540
v 0.794445 0.439590 4.021004
v 0.890890 0.182290 3.042135
v 1.155972 0.439983 3.985837
v 1.151192 0.199096 3.968474
v 0.796811 0.194508 3.981641
v 1.296105 0.193285 3.044103
v 0.965786 0.173921 -3.146545
v 0.883155 0.429342 -3.556943
v 1.427216 0.429926 -3.162678
v 0.887455 0.184370 -3.514495
v 1.286345 0.188989 -3.508040
v 1.290290 0.429823 -3.530025
v 1.408302 0.184906 -3.154592
v -1.580420 0.433120 -0.495318
v -1.590429 0.431245 -1.879867
v -0.977437 0.173772 -1.891577
v -0.979330 0.175669 -0.490202
v -1.709301 0.431781 -1.470904
v -1.687179 0.186014 -1.473314
v -1.564359 0.185483 -1.892206
v -1.060837 0.174328 -1.470559
v -1.561391 0.187381 -0.490028
v 1.857156 0.431569 -1.877035
v 1.844872 0.433442 -0.492504
v 1.243823 0.175878 -0.488376
v 1.244233 0.173981 -1.889752
v 1.975356 0.432128 -1.467877
v 1.953284 0.186357 -1.470323
v 1.825880 0.187699 -0.487246
v 1.326941 0.174553 -1.468598
v 1.831152 0.185802 -1.889416
v -0.534914 1.352927 4.018035
v -0.503514 1.610246 3.871810
v -1.012044 1.608892 2.906376
v -1.054660 1.351549 3.035680
v -0.522900 1.598618 3.975291
v -0.884422 1.598546 3.929281
v -0.855723 1.610155 3.824211
v -1.043447 1.597237 2.990558
v -0.897505 1.352844 3.977577
v -1.160249 1.343154 -3.160099
v -1.127050 1.600854 -3.024247
v -0.590960 1.600387 -3.406099
v -0.611722 1.342664 -3.559177
v -1.152067 1.588957 -3.119935
v -1.011795 1.588502 -3.483014
v -0.991528 1.600403 -3.371451
v -0.604261 1.588470 -3.517365
v -1.019945 1.342675 -3.527717
v 0.881038 1.342805 -3.557951
v 0.859976 1.600524 -3.404907
v 1.395438 1.601092 -3.022176
v 1.428909 1.343397 -3.157972
v 0.873462 1.588609 -3.516151
v 1.280939 1.588718 -3.481130
v 1.260487 1.600615 -3.369601
v 1.420615 1.589199 -3.117822
v 1.289209 1.342892 -3.525820
v 1.313139 1.351772 3.037625
v 1.270688 1.609107 2.908251
v 0.760572 1.610365 3.872849
v 0.791780 1.353052 4.019125
v 1.301954 1.597458 2.992485
v 1.141387 1.598737 3.930945
v 1.112859 1.610340 3.825828
v 0.779790 1.598741 3.976361
v 1.154437 1.353037 3.979262
v 1.844800 1.347042 -0.493147
v 1.858329 1.345174 -1.874577
v 1.794814 1.602739 -1.832570
v 1.780901 1.604560 -0.485609
v 1.975520 1.345743 -1.466722
v 1.954643 1.591518 -1.457933
v 1.838714 1.590929 -1.868167
v 1.905873 1.603291 -1.436676
v 1.825869 1.592798 -0.486139
v -1.591778 1.344850 -1.877411
v -1.580519 1.346720 -0.495960
v -1.516680 1.604250 -0.488317
v -1.528380 1.602426 -1.835299
v -1.709639 1.345396 -1.469749
v -1.688823 1.591176 -1.460926
v -1.561646 1.592480 -0.488921
v -1.640090 1.602957 -1.439589
v -1.572219 1.590608 -1.870969
v -0.933536 0.518262 2.730664
v -0.465759 0.519288 3.627079
v -0.555468 0.278439 2.740329
v -0.791516 0.519642 3.591263
v -0.790958 0.294830 3.589634
v -0.470917 0.290303 3.603717
v -0.922205 0.289358 2.741048
v -1.063533 0.513467 -2.797477
v -0.636650 0.274156 -2.797810
v -0.562371 0.513451 -3.133172
v -1.048730 0.285070 -2.805953
v -0.943306 0.289663 -3.104036
v -0.569065 0.285127 -3.110067
v -0.943803 0.513842 -3.107106
v 1.192674 0.518462 2.732411
v 0.814635 0.278568 2.741454
v 0.723424 0.519400 3.628057
v 1.181368 0.289556 2.742776
v 1.048726 0.295003 3.591145
v 0.728664 0.290415 3.604702
v 1.049240 0.519816 3.592775
v 0.904916 0.274301 -2.796543
v 1.331753 0.513692 -2.795509
v 0.831143 0.513582 -3.132027
v 1.317007 0.285292 -2.804010
v 1.212071 0.289866 -3.102266
v 1.212531 0.514045 -3.105335
v 0.837842 0.285259 -3.108911
v -1.409113 0.514575 -0.493311
v -0.870228 0.273375 -0.488523
v -0.871162 0.272437 -1.759874
v -1.423869 0.513523 -1.741409
v -1.397366 0.285097 -0.488210
v -1.510672 0.284184 -1.395844
v -0.943394 0.272462 -1.393257
v -1.404694 0.284158 -1.760213
v -1.525034 0.513699 -1.389835
v 1.690353 0.513815 -1.738851
v 1.137722 0.272625 -1.758223
v 1.134700 0.273562 -0.486876
v 1.673547 0.514865 -0.490779
v 1.671252 0.284447 -1.757686
v 1.776632 0.284491 -1.393144
v 1.209352 0.272660 -1.391489
v 1.661834 0.285384 -0.485697
v 1.790940 0.514011 -1.387111
v -0.456090 1.368437 3.579007
v -0.919573 1.367235 2.688100
v -0.960054 1.608722 2.776740
v -0.474434 1.610024 3.705401
v -0.777851 1.368436 3.539847
v -0.784359 1.598098 3.563189
v -0.927357 1.596875 2.706639
v -0.810619 1.609939 3.659092
v -0.460241 1.598133 3.603909
v -1.052232 1.360409 -2.743638
v -0.554172 1.360086 -3.075320
v -0.567817 1.600660 -3.207435
v -1.082943 1.601089 -2.854593
v -0.932398 1.360150 -3.044837
v -0.936221 1.589105 -3.066327
v -0.556993 1.589053 -3.097589
v -0.955596 1.600677 -3.173690
v -1.057182 1.589459 -2.763522
v 0.822690 1.360216 -3.074188
v 1.320204 1.360632 -2.741688
v 1.351052 1.601318 -2.852594
v 0.836507 1.600792 -3.206281
v 1.200865 1.360351 -3.043085
v 1.204680 1.589307 -3.064569
v 1.325144 1.589683 -2.761564
v 1.224230 1.600882 -3.171899
v 0.825505 1.589183 -3.096453
v 1.178621 1.367432 2.689823
v 0.713674 1.368547 3.579968
v 0.731765 1.610138 3.706393
v 1.218910 1.608927 2.778530
v 1.035499 1.368606 3.541336
v 1.041926 1.598270 3.564689
v 0.717741 1.598244 3.604877
v 1.068026 1.610115 3.660635
v 1.186330 1.597074 2.708375
v 1.652442 1.363340 -0.493021
v 1.705690 1.604554 -0.486079
v 1.721257 1.602821 -1.767417
v 1.671160 1.361814 -1.715556
v 1.662597 1.592785 -0.493021
v 1.778878 1.591643 -1.380872
v 1.824587 1.603334 -1.401257
v 1.680722 1.591121 -1.724090
v 1.768390 1.362301 -1.375793
v -1.404874 1.361525 -1.718083
v -1.454931 1.602523 -1.770026
v -1.441469 1.604258 -0.488665
v -1.388164 1.363055 -0.495518
v -1.414465 1.590830 -1.726632
v -1.513184 1.591333 -1.383576
v -1.558862 1.603016 -1.404036
v -1.398362 1.592497 -0.495535
v -1.502662 1.361993 -1.378481
v -0.929962 0.439441 3.841028
v -1.047919 0.231387 3.043617
v -0.917236 0.196062 3.833625
v -0.896814 0.234160 3.976939
v -0.975483 0.185982 3.041182
v -0.553568 0.187097 3.836095
v -0.841363 0.196260 3.974844
v -0.537989 0.232737 4.005944
v -0.840073 0.439674 4.007363
v -1.151457 0.222979 -3.161340
v -1.052880 0.429541 -3.464566
v -1.019124 0.223999 -3.522251
v -1.039397 0.186193 -3.449765
v -0.953876 0.429435 -3.549873
v -0.614910 0.222513 -3.542171
v -0.957566 0.186113 -3.514108
v -0.631904 0.177237 -3.443390
v -1.071642 0.177591 -3.151836
v 1.306596 0.231608 3.045551
v 1.187290 0.439640 3.842768
v 1.153957 0.234353 3.978624
v 1.174622 0.196258 3.835344
v 1.097128 0.439856 4.008954
v 0.795085 0.232862 4.007039
v 1.098518 0.196442 3.976438
v 0.810952 0.187225 3.837216
v 1.234173 0.186190 3.042997
v 1.340508 0.177818 -3.149855
v 0.901248 0.177381 -3.442130
v 1.227025 0.186319 -3.512314
v 1.308750 0.186413 -3.447836
v 0.884409 0.222654 -3.540939
v 1.223348 0.429640 -3.548084
v 1.288589 0.224216 -3.520356
v 1.322212 0.429765 -3.462615
v 1.420329 0.223221 -3.159228
v -1.573380 0.226119 -0.492371
v -1.695068 0.432010 -1.304658
v -1.700987 0.224764 -1.472288
v -1.674898 0.186258 -1.301122
v -1.689654 0.431658 -1.565406
v -1.580270 0.224232 -1.886255
v -1.664776 0.185887 -1.575568
v -1.476016 0.177944 -1.893330
v -1.044735 0.174191 -1.574584
v -1.595102 0.178486 -1.472448
v -1.053877 0.174563 -1.299108
v -1.476379 0.179844 -0.489771
v 1.847046 0.224554 -1.883440
v 1.955864 0.432000 -1.562411
v 1.967083 0.225108 -1.469276
v 1.931049 0.186225 -1.572614
v 1.960850 0.432354 -1.301655
v 1.837867 0.226439 -0.489569
v 1.940720 0.186597 -1.298152
v 1.740869 0.180146 -0.487128
v 1.319699 0.174786 -1.297158
v 1.861207 0.178810 -1.469608
v 1.311010 0.174413 -1.572649
v 1.742813 0.178247 -1.890686
v -0.837353 1.352883 4.003493
v -0.529931 1.559912 4.002436
v -0.822065 1.598583 3.958952
v -0.892571 1.559837 3.959169
v -0.514649 1.606108 3.933735
v -0.794333 1.610199 3.854671
v -0.872718 1.606028 3.886435
v -0.890434 1.609950 3.676956
v -1.031090 1.604736 2.955537
v -0.919189 1.598332 3.779688
v -1.050864 1.558531 3.017587
v -0.930084 1.352642 3.832049
v -1.053611 1.342762 -3.459437
v -1.157537 1.550180 -3.145023
v -1.046880 1.588584 -3.413358
v -1.016893 1.549715 -3.511073
v -1.142568 1.596553 -3.083062
v -1.025966 1.600489 -3.304066
v -1.004027 1.596099 -3.440231
v -0.922896 1.600377 -3.393866
v -0.598968 1.596073 -3.474975
v -0.942177 1.588470 -3.505380
v -0.608625 1.549691 -3.544208
v -0.951748 1.342651 -3.548239
v 1.221046 1.342856 -3.546454
v 0.877877 1.549830 -3.542987
v 1.211358 1.588672 -3.503611
v 1.286090 1.549931 -3.509182
v 0.868098 1.596211 -3.473770
v 1.191891 1.600576 -3.392129
v 1.273099 1.596313 -3.438360
v 1.294814 1.600707 -3.302160
v 1.411053 1.596793 -3.080965
v 1.315910 1.588806 -3.411418
v 1.426133 1.550423 -3.142900
v 1.322762 1.342986 -3.457485
v 1.187255 1.352841 3.833788
v 1.309334 1.558753 3.019526
v 1.176400 1.598529 3.781410
v 1.149494 1.560029 3.960846
v 1.289654 1.604954 2.957443
v 1.147811 1.610142 3.678630
v 1.129752 1.606216 3.888079
v 1.051419 1.610373 3.856188
v 0.771606 1.606229 3.934792
v 1.078981 1.598762 3.960513
v 0.786784 1.560036 4.003518
v 1.094242 1.353065 4.005079
v 1.837790 1.554052 -0.489578
v 1.960696 1.345964 -1.300612
v 1.967738 1.552763 -1.463607
v 1.940172 1.591740 -1.286489
v 1.956480 1.345611 -1.560859
v 1.850873 1.552180 -1.873567
v 1.935137 1.591373 -1.557700
v 1.821296 1.598490 -1.855178
v 1.887012 1.603154 -1.534923
v 1.935315 1.599067 -1.449496
v 1.891983 1.603516 -1.267590
v 1.808081 1.600343 -0.485329
v -1.584363 1.551857 -1.876388
v -1.690445 1.345268 -1.563855
v -1.701900 1.552418 -1.466621
v -1.669153 1.591034 -1.560660
v -1.695088 1.345620 -1.303615
v -1.573554 1.553731 -0.492380
v -1.674634 1.591400 -1.289458
v -1.543860 1.600028 -0.488083
v -1.626478 1.603185 -1.270480
v -1.669509 1.598728 -1.452457
v -1.621067 1.602824 -1.537804
v -1.554824 1.598173 -1.857952
v -0.931911 0.325661 2.740436
v -0.820972 0.519334 3.457993
v -0.793115 0.328073 3.597446
v -0.812676 0.292040 3.466105
v -0.737197 0.519514 3.614516
v -0.468791 0.326636 3.626575
v -0.742634 0.292184 3.597889
v -0.483880 0.283074 3.469198
v -0.865211 0.282277 2.740442
v -0.973672 0.513692 -3.047063
v -1.060127 0.321308 -2.808030
v -0.963734 0.287000 -3.050979
v -0.945017 0.322820 -3.113593
v -0.984825 0.277989 -2.801522
v -0.581643 0.278036 -3.045171
v -0.887074 0.287010 -3.108350
v -0.565590 0.321358 -3.133452
v -0.880003 0.513686 -3.124931
v 1.078915 0.519513 3.459553
v 1.191069 0.325861 2.742179
v 1.070648 0.292217 3.467652
v 1.050864 0.328247 3.598960
v 1.124377 0.282464 2.742076
v 0.741849 0.283189 3.470205
v 1.000390 0.292348 3.599321
v 0.726493 0.326749 3.627558
v 0.994883 0.519677 3.615939
v 0.850315 0.278171 -3.043995
v 1.253096 0.278199 -2.799684
v 1.232414 0.287207 -3.049176
v 1.155848 0.287202 -3.106671
v 1.328401 0.321533 -2.806067
v 1.242302 0.513901 -3.045243
v 1.213792 0.323023 -3.111819
v 1.148762 0.513877 -3.123264
v 0.834399 0.321490 -3.132303
v -1.512513 0.513819 -1.233519
v -1.408189 0.321810 -0.490530
v -1.500096 0.284326 -1.233067
v -1.523283 0.320932 -1.394224
v -1.319421 0.277555 -0.488000
v -0.937603 0.272605 -1.231278
v -1.426150 0.276633 -1.395078
v -0.928536 0.272438 -1.490532
v -1.323132 0.276616 -1.761540
v -1.490193 0.284159 -1.491341
v -1.419603 0.320858 -1.753150
v -1.507496 0.513630 -1.477085
v 1.773546 0.513938 -1.474389
v 1.686143 0.321150 -1.750599
v 1.756310 0.284463 -1.488674
v 1.789232 0.321242 -1.391502
v 1.589694 0.276889 -1.759147
v 1.194655 0.272635 -1.488788
v 1.692109 0.276922 -1.392517
v 1.203295 0.272803 -1.229519
v 1.583891 0.277827 -0.485616
v 1.765788 0.284632 -1.230384
v 1.672654 0.322099 -0.487999
v 1.778162 0.514129 -1.230816
v -0.456530 1.561379 3.580054
v -0.723551 1.368443 3.564799
v -0.778147 1.561370 3.540581
v -0.729582 1.598119 3.588899
v -0.807902 1.368230 3.406966
v -0.919851 1.560136 2.689301
v -0.814843 1.597895 3.429493
v -0.940439 1.604448 2.733555
v -0.843889 1.609741 3.517652
v -0.794656 1.605661 3.600754
v -0.751959 1.609981 3.688586
v -0.465506 1.605725 3.644275
v -1.051811 1.552837 -2.743252
v -0.963103 1.360189 -2.985830
v -0.932063 1.552515 -3.043193
v -0.967003 1.589165 -3.007496
v -0.868435 1.360110 -3.064637
v -0.554321 1.552446 -3.074027
v -0.872301 1.589067 -3.086368
v -0.560862 1.596535 -3.139104
v -0.889101 1.600651 -3.195438
v -0.943476 1.596567 -3.106657
v -0.988563 1.600756 -3.110732
v -1.067101 1.596950 -2.797681
v 0.822801 1.552575 -3.072896
v 1.136935 1.360298 -3.062990
v 1.200492 1.552715 -3.041440
v 1.140794 1.589257 -3.084714
v 1.231473 1.360395 -2.984027
v 1.319746 1.553060 -2.741304
v 1.235366 1.589372 -3.005687
v 1.335118 1.597176 -2.795707
v 1.257093 1.600967 -3.108887
v 1.212001 1.596770 -3.104887
v 1.157770 1.600843 -3.193756
v 0.829440 1.596666 -3.137962
v 1.178860 1.560334 2.691025
v 1.065768 1.368406 3.408505
v 1.035757 1.561541 3.542071
v 1.072630 1.598073 3.431043
v 0.981158 1.368604 3.566200
v 0.714076 1.561489 3.581015
v 0.987107 1.598281 3.590309
v 0.722939 1.605837 3.645251
v 1.009317 1.610147 3.690033
v 1.052159 1.605835 3.602271
v 1.101529 1.609924 3.519250
v 1.199367 1.604649 2.735312
v 1.755509 1.362460 -1.222936
v 1.652687 1.556088 -0.493799
v 1.766021 1.591831 -1.227168
v 1.768487 1.554984 -1.376140
v 1.679286 1.600329 -0.489540
v 1.811508 1.603550 -1.238452
v 1.796439 1.599148 -1.388783
v 1.806843 1.603204 -1.494000
v 1.696197 1.598636 -1.741467
v 1.762383 1.591509 -1.465296
v 1.671364 1.554453 -1.715143
v 1.751951 1.362167 -1.459548
v -1.486085 1.361862 -1.462208
v -1.405115 1.554164 -1.717671
v -1.496551 1.591202 -1.467972
v -1.502795 1.554677 -1.378827
v -1.429913 1.598342 -1.744035
v -1.540966 1.602889 -1.496749
v -1.530734 1.598835 -1.391516
v -1.546051 1.603235 -1.241210
v -1.415059 1.600038 -0.492082
v -1.500580 1.591524 -1.229851
v -1.388444 1.555802 -0.496297
v -1.490032 1.362155 -1.225602
v -0.806441 0.178287 1.277493
v -1.300494 0.189912 1.279194
v -1.318538 0.435561 1.276740
v -0.613061 0.885874 -3.563785
v -1.021201 0.885928 -3.534248
v -1.160874 0.886362 -3.165576
v 0.134429 0.172596 -3.145945
v 0.134732 0.183663 -3.515596
v 0.134745 0.429167 -3.560185
v 1.429628 0.886606 -3.163448
v 1.290561 0.886145 -3.532350
v 0.882470 0.886015 -3.562556
v 1.104586 0.173322 -2.521865
v 1.619614 0.185033 -2.525874
v 1.643175 0.430694 -2.522222
v 0.793901 0.896276 4.024891
v 1.156370 0.896310 3.986841
v 1.314284 0.894999 3.045368
v 0.129346 0.180970 3.041321
v 0.128571 0.193811 3.982863
v 0.128514 0.439431 4.024390
v -0.836752 0.173140 -2.523460
v -1.351775 0.184754 -2.528315
v -1.375388 0.430411 -2.524701
v 1.068030 0.178463 1.279032
v 1.562077 0.190181 1.281546
v 1.580079 0.435834 1.279122
v 0.132247 0.174398 -0.489668
v 0.133051 0.173071 -1.468993
v 0.133397 0.172503 -1.890002
v 1.847155 0.890241 -0.494068
v 1.978110 0.888935 -1.467530
v 1.860709 0.888373 -1.874644
v -1.594072 0.888049 -1.877482
v -1.712142 0.888588 -1.470562
v -1.582786 0.889918 -0.496886
v -0.536958 0.896151 4.023798
v -0.899364 0.896117 3.985152
v -1.055731 0.894776 3.043421
v -1.266287 1.606572 1.210880
v -1.304368 1.594855 1.252630
v -1.319215 1.349136 1.271685
v 1.596486 1.601910 -2.430274
v 1.630993 1.590054 -2.495746
v 1.644915 1.344281 -2.518575
v 0.128524 1.610311 3.877823
v 0.128441 1.598681 3.981017
v 0.128429 1.352994 4.023217
v 1.527716 1.606835 1.213176
v 1.565731 1.595125 1.254988
v 1.580593 1.349408 1.274067
v 0.134511 1.600449 -3.409570
v 0.134604 1.588528 -3.520721
v 0.134661 1.342728 -3.562186
v -1.329070 1.601635 -2.432677
v -1.363468 1.589773 -2.498205
v -1.377305 1.343997 -2.521058
v -1.172800 0.516355 1.120774
v -1.160895 0.286910 1.129558
v -0.713546 0.275283 1.128082
v -1.058532 0.936891 -2.768902
v -0.937972 0.936799 -3.075272
v -0.557727 0.936722 -3.104472
v 0.134388 0.513411 -3.135202
v 0.134389 0.284557 -3.109995
v 0.134132 0.272979 -2.795951
v 0.826372 0.936852 -3.103336
v 1.206569 0.937001 -3.073510
v 1.326625 0.937115 -2.766942
v 1.512035 0.513688 -2.269553
v 1.493994 0.284548 -2.284769
v 1.020879 0.272836 -2.281180
v 1.185876 0.942895 2.709278
v 1.042067 0.944010 3.565942
v 0.717972 0.943923 3.603924
v 0.128829 0.519242 3.631516
v 0.128872 0.289725 3.606032
v 0.129584 0.277255 2.740772
v -1.244679 0.513429 -2.271817
v -1.226570 0.284293 -2.287004
v -0.753459 0.272669 -2.282638
v 1.434582 0.516600 1.122916
v 1.422706 0.287153 1.131680
v 0.975362 0.275442 1.129469
v 0.133280 0.271156 -1.758395
v 0.132979 0.271189 -1.391793
v 0.132236 0.272093 -0.488099
v 1.681460 0.937820 -1.725225
v 1.779948 0.938171 -1.380615
v 1.663108 0.939106 -0.492241
v -1.398751 0.938818 -0.494756
v -1.514132 0.937862 -1.383321
v -1.415078 0.937528 -1.727769
v -0.926781 0.942696 2.707543
v -0.784379 0.943839 3.564442
v -0.460348 0.943812 3.602956
v -1.155469 1.365125 1.098120
v -1.164553 1.594676 1.107434
v -1.202655 1.606491 1.145914
v 1.496977 1.361201 -2.230840
v 1.504265 1.590387 -2.245239
v 1.537514 1.602064 -2.312822
v 0.128788 1.368479 3.584051
v 0.128746 1.598182 3.609260
v 0.128661 1.610086 3.711314
v 1.417129 1.365367 1.100233
v 1.426154 1.594920 1.109561
v 1.464191 1.606741 1.148105
v 0.134262 1.360131 -3.078300
v 0.134259 1.589102 -3.100787
v 0.134348 1.600718 -3.210860
v -1.229844 1.360944 -2.233080
v -1.237151 1.590129 -2.247490
v -1.270292 1.601800 -2.315129
v -0.488585 1.611510 3.788469
v -0.832989 1.611415 3.740967
v -0.986151 1.610180 2.840504
v -1.105054 1.602347 -2.939089
v -0.973495 1.601910 -3.272265
v -0.579203 1.601898 -3.306674
v 0.848055 1.602032 -3.305502
v 1.242291 1.602118 -3.270445
v 1.373302 1.602580 -2.937053
v 1.244902 1.610390 2.842336
v 1.090261 1.611596 3.742547
v 0.745779 1.611626 3.789483
v 1.757785 1.604154 -1.800587
v 1.865002 1.604682 -1.418908
v 1.743159 1.605932 -0.485282
v -1.478940 1.605630 -0.487929
v -1.599249 1.604356 -1.421753
v -1.491405 1.603848 -1.803256
v 0.128468 0.896207 4.028749
v 1.582281 0.892616 1.277492
v 0.130795 0.177014 1.277735
v -1.234478 1.607907 1.178155
v -1.378705 0.887196 -2.523668
v 1.646404 0.887480 -2.521183
v 0.133916 0.171872 -2.521580
v 0.134707 0.885927 -3.566427
v 0.128809 0.943847 3.607845
v 1.426058 0.940976 1.110351
v 0.130909 0.274002 1.128272
v -1.238034 0.937183 -2.250465
v 1.505275 0.937441 -2.248212
v 0.133709 0.271393 -2.280864
v 0.134325 0.936762 -3.107122
v 0.128593 1.611575 3.794497
v 1.495960 1.608164 1.180398
v 0.134430 1.601959 -3.310149
v -1.164335 0.940733 1.108223
v -1.299589 1.603093 -2.374076
v 1.566908 1.603363 -2.371722
v -0.925705 0.233328 3.837336
v -0.861635 0.190141 3.834205
v -0.839958 0.233551 3.996188
v -1.048398 0.223443 -3.457666
v -0.954491 0.223345 -3.536640
v -0.977555 0.180278 -3.445652
v 1.183078 0.233526 3.839068
v 1.097070 0.233733 3.997779
v 1.119021 0.190328 3.835832
v 1.246902 0.180487 -3.443825
v 1.223980 0.223550 -3.534850
v 1.317757 0.223665 -3.455723
v -1.687581 0.225001 -1.302847
v -1.680079 0.224639 -1.570684
v -1.572558 0.178354 -1.576316
v -1.584370 0.178726 -1.300012
v 1.946337 0.224980 -1.567705
v 1.953399 0.225343 -1.299856
v 1.850192 0.179049 -1.297191
v 1.838834 0.178674 -1.573514
v -0.831208 1.559874 3.986997
v -0.810464 1.606068 3.916847
v -0.907733 1.605816 3.737243
v -0.926293 1.559627 3.811377
v -1.051363 1.549798 -3.441993
v -1.039006 1.596183 -3.371230
v -0.934620 1.596069 -3.462796
v -0.947897 1.549685 -3.532627
v 1.217130 1.549889 -3.530849
v 1.203730 1.596270 -3.461040
v 1.307965 1.596404 -3.369302
v 1.320447 1.550021 -3.440044
v 1.183460 1.559826 3.813110
v 1.165013 1.606011 3.738947
v 1.067448 1.606245 3.918390
v 1.088086 1.560054 3.988574
v 1.953058 1.552984 -1.294545
v 1.948405 1.552623 -1.560777
v 1.916008 1.598923 -1.549363
v 1.921092 1.599290 -1.278341
v -1.682408 1.552282 -1.563759
v -1.687499 1.552642 -1.297536
v -1.655568 1.598954 -1.281279
v -1.650039 1.598588 -1.552292
v -0.820455 0.327293 3.467393
v -0.740596 0.327457 3.616763
v -0.761532 0.286121 3.467107
v -0.972191 0.322175 -3.056050
v -0.905131 0.281081 -3.047251
v -0.883453 0.322185 -3.127920
v 1.078418 0.327471 3.468953
v 1.019504 0.286288 3.468570
v 0.998314 0.327621 3.618192
v 1.173805 0.281276 -3.045543
v 1.240872 0.322384 -3.054232
v 1.152252 0.322376 -3.126248
v -1.511553 0.321059 -1.234301
v -1.417083 0.276779 -1.232072
v -1.405411 0.276612 -1.492210
v -1.504369 0.320890 -1.485739
v 1.770469 0.321198 -1.483048
v 1.671530 0.276898 -1.489683
v 1.682774 0.277067 -1.229526
v 1.777240 0.321368 -1.231600
v -0.724011 1.561381 3.565573
v -0.808144 1.561161 3.408111
v -0.826455 1.605463 3.463552
v -0.738103 1.605694 3.628335
v -0.962596 1.552565 -2.984801
v -0.868407 1.552471 -3.063019
v -0.878432 1.596536 -3.127501
v -0.975244 1.596637 -3.046096
v 1.136868 1.552659 -3.061372
v 1.230929 1.552772 -2.982999
v 1.243669 1.596846 -3.044274
v 1.146991 1.596726 -3.125837
v 1.065972 1.561338 3.409650
v 0.981580 1.561542 3.566974
v 0.995561 1.605857 3.629759
v 1.084183 1.605642 3.465121
v 1.755650 1.555160 -1.223798
v 1.783534 1.599351 -1.230931
v 1.779397 1.599018 -1.476997
v 1.752151 1.554845 -1.459376
v -1.486322 1.554540 -1.462036
v -1.513547 1.598708 -1.479702
v -1.518088 1.599041 -1.233643
v -1.490208 1.554855 -1.226464
v -1.226906 0.182428 1.278466
v -1.311924 0.228598 1.278347
v -0.953426 0.885889 -3.553817
v -1.054306 0.885998 -3.466167
v 0.134672 0.176330 -3.442101
v 0.134751 0.222261 -3.543215
v 1.323554 0.886221 -3.464214
v 1.222818 0.886093 -3.552029
v 1.541203 0.177539 -2.524225
v 1.634149 0.223725 -2.524481
v 1.096795 0.896318 4.011537
v 1.188546 0.896098 3.842482
v 0.128692 0.186182 3.837291
v 0.128546 0.232482 4.009470
v -1.273365 0.177274 -2.526537
v -1.366320 0.223443 -2.526946
v 1.488491 0.182684 1.280697
v 1.573501 0.228869 1.280717
v 0.132911 0.173303 -1.297993
v 0.133137 0.172931 -1.572998
v 1.963274 0.889157 -1.302549
v 1.959130 0.888808 -1.560552
v -1.693009 0.888464 -1.563552
v -1.697577 0.888813 -1.305556
v -0.839830 0.896136 4.009945
v -0.931304 0.895899 3.840740
v -1.289365 1.602380 1.235553
v -1.313929 1.556129 1.264424
v 1.617520 1.597633 -2.470932
v 1.639817 1.551294 -2.510780
v 0.128474 1.606171 3.939649
v 0.128422 1.559976 4.007888
v 1.550754 1.602647 1.237886
v 1.575280 1.556401 1.266797
v 0.134568 1.596132 -3.478408
v 0.134629 1.549751 -3.547436
v -1.350037 1.597354 -2.473370
v -1.372259 1.551011 -2.513254
v -1.171337 0.323570 1.127687
v -1.093317 0.279427 1.129009
v -0.968705 0.936800 -3.015238
v -0.873694 0.936758 -3.094609
v 0.134406 0.321103 -3.134531
v 0.134335 0.277123 -3.043975
v 1.142322 0.936947 -3.092952
v 1.237203 0.937008 -3.013427
v 1.507719 0.321173 -2.281506
v 1.420913 0.277053 -2.283439
v 1.072377 0.943815 3.432328
v 0.987404 0.943996 3.590555
v 0.128849 0.326374 3.630075
v 0.128984 0.282152 3.470411
v -1.240308 0.320915 -2.283763
v -1.153490 0.276811 -2.285554
v 1.433144 0.323815 1.129826
v 1.355130 0.279657 1.131021
v 0.133059 0.271163 -1.489038
v 0.132846 0.271330 -1.230281
v 1.763255 0.938064 -1.465473
v 1.766972 0.938306 -1.226583
v -1.501410 0.937998 -1.229267
v -1.497300 0.937757 -1.468151
v -0.814470 0.943637 3.430778
v -0.729757 0.943835 3.589144
v -1.155778 1.557953 1.098365
v -1.179547 1.602239 1.122620
v 1.496871 1.553737 -2.230527
v 1.517004 1.597897 -2.271204
v 0.128769 1.561422 3.585215
v 0.128712 1.605781 3.649918
v 1.417401 1.558195 1.100478
v 1.441121 1.602486 1.124773
v 0.134243 1.552490 -3.077149
v 0.134292 1.596589 -3.142418
v -1.229775 1.553480 -2.232767
v -1.249850 1.597636 -2.273476
v -0.772744 1.611461 3.771292
v -0.867186 1.611215 3.596213
v -1.007314 1.601994 -3.206956
v -0.905812 1.601885 -3.294480
v 1.174644 1.602081 -3.292770
v 1.276002 1.602209 -3.205081
v 1.124696 1.611403 3.597849
v 1.029967 1.611630 3.772772
v 1.846654 1.604550 -1.514917
v 1.851547 1.604905 -1.252452
v -1.586066 1.604582 -1.255275
v -1.580743 1.604227 -1.517732
v -1.320824 0.892343 1.275108
vt 0.405008 0.794786
vt 0.458407 0.794849
vt 0.458407 0.874999
vt 0.405000 0.875001
vt 0.511811 0.795067
vt 0.511819 0.874992
vt 0.511820 0.954865
vt 0.458412 0.955144
vt 0.405043 0.955220
vt 0.404983 0.601155
vt 0.458404 0.601074
vt 0.458405 0.659409
vt 0.404992 0.659500
vt 0.511811 0.601167
vt 0.511818 0.659375
vt 0.511811 0.717596
vt 0.458407 0.717742
vt 0.405008 0.717821
vt 0.168944 0.601306
vt 0.249999 0.601214
vt 0.250001 0.659425
vt 0.169132 0.659503
vt 0.331048 0.601274
vt 0.330875 0.659500
vt 0.330622 0.717703
vt 0.250008 0.717633
vt 0.169445 0.717697
vt 0.541802 0.148536
vt 0.541810 0.090718
vt 0.541811 0.090708
vt 0.541810 0.150876
vt 0.541811 0.032906
vt 0.541811 0.030518
vt 0.541811 0.005201
vt 0.541811 0.090711
vt 0.541811 0.176220
vt 0.404991 0.194603
vt 0.458405 0.194382
vt 0.458406 0.215628
vt 0.404998 0.215797
vt 0.511811 0.194447
vt 0.511818 0.215626
vt 0.511811 0.236801
vt 0.458411 0.236871
vt 0.405043 0.236970
vt 0.404999 0.513035
vt 0.458406 0.513129
vt 0.458405 0.534372
vt 0.404991 0.534209
vt 0.511811 0.513199
vt 0.511818 0.534374
vt 0.511811 0.555553
vt 0.458403 0.555622
vt 0.404983 0.555435
vt 0.169421 0.513481
vt 0.250001 0.513611
vt 0.250001 0.534352
vt 0.169337 0.534210
vt 0.330587 0.513470
vt 0.330672 0.534209
vt 0.330780 0.555000
vt 0.250007 0.555107
vt 0.169279 0.555002
vt 0.404991 0.294455
vt 0.458405 0.294504
vt 0.458405 0.375001
vt 0.404992 0.375004
vt 0.511811 0.294628
vt 0.511818 0.375000
vt 0.511811 0.455372
vt 0.458406 0.455500
vt 0.404999 0.455577
vt 0.405155 0.795135
vt 0.405150 0.874992
vt 0.458407 0.874999
vt 0.458413 0.795191
vt 0.405155 0.954797
vt 0.458409 0.954801
vt 0.511633 0.954907
vt 0.511659 0.875000
vt 0.511661 0.795093
vt 0.405151 0.601364
vt 0.405151 0.659506
vt 0.458408 0.659414
vt 0.458414 0.601262
vt 0.405156 0.717608
vt 0.458413 0.717560
vt 0.511661 0.717625
vt 0.511661 0.659409
vt 0.511660 0.601189
vt 0.169260 0.601481
vt 0.169397 0.659504
vt 0.250001 0.659426
vt 0.250008 0.601408
vt 0.169691 0.717470
vt 0.250000 0.717431
vt 0.330309 0.717494
vt 0.330612 0.659506
vt 0.330807 0.601478
vt 0.405202 0.194932
vt 0.405160 0.215829
vt 0.458408 0.215628
vt 0.458420 0.194707
vt 0.405158 0.236651
vt 0.458410 0.236539
vt 0.511654 0.236549
vt 0.511657 0.215586
vt 0.511658 0.194628
vt 0.405177 0.513327
vt 0.405156 0.534168
vt 0.458408 0.534372
vt 0.458412 0.513458
vt 0.405153 0.555064
vt 0.458414 0.555292
vt 0.511658 0.555372
vt 0.511657 0.534414
vt 0.511654 0.513451
vt 0.169689 0.513833
vt 0.169586 0.534163
vt 0.250001 0.534341
vt 0.250006 0.514004
vt 0.169475 0.554518
vt 0.249999 0.554687
vt 0.330517 0.554562
vt 0.330419 0.534168
vt 0.330359 0.513830
vt 0.405216 0.294632
vt 0.405166 0.375000
vt 0.458408 0.375000
vt 0.458417 0.294692
vt 0.405178 0.455365
vt 0.458412 0.455308
vt 0.511652 0.455370
vt 0.511655 0.375000
vt 0.511652 0.294630
vt 0.541811 0.954281
vt 0.541810 0.875001
vt 0.541811 0.874223
vt 0.541811 0.954366
vt 0.541802 0.795726
vt 0.541810 0.792530
vt 0.541811 0.758082
vt 0.541811 0.871092
vt 0.541811 0.954533
vt 0.541802 0.717148
vt 0.541809 0.659288
vt 0.541811 0.659295
vt 0.541810 0.719489
vt 0.541802 0.601464
vt 0.541810 0.599125
vt 0.541811 0.573780
vt 0.541811 0.659314
vt 0.541811 0.744799
vt 0.541802 0.455074
vt 0.541809 0.375000
vt 0.541811 0.375000
vt 0.541810 0.458320
vt 0.541802 0.294926
vt 0.541810 0.291680
vt 0.541811 0.256479
vt 0.541811 0.375000
vt 0.541811 0.493521
vt 0.405212 0.032380
vt 0.405159 0.090488
vt 0.458409 0.090586
vt 0.458421 0.032439
vt 0.405160 0.148598
vt 0.458415 0.148733
vt 0.511660 0.148810
vt 0.511662 0.090591
vt 0.511670 0.032375
vt 0.541811 0.246156
vt 0.541811 0.215698
vt 0.541811 0.214911
vt 0.541811 0.238164
vt 0.541811 0.185239
vt 0.541811 0.185358
vt 0.541811 0.185477
vt 0.541811 0.215700
vt 0.541811 0.245924
vt 0.541811 0.564761
vt 0.541811 0.534303
vt 0.541811 0.535089
vt 0.541811 0.564642
vt 0.541811 0.503844
vt 0.541811 0.511837
vt 0.541811 0.504076
vt 0.541811 0.534300
vt 0.541811 0.564523
vt 0.404991 0.032217
vt 0.380391 0.029793
vt 0.379857 0.005196
vt 0.402857 0.005622
vt 0.375000 0.003760
vt 0.375000 0.002458
vt 0.375000 0.001155
vt 0.377189 0.000578
vt 0.379379 0.000000
vt 0.166430 0.744359
vt 0.132377 0.745049
vt 0.132726 0.720223
vt 0.130798 0.750000
vt 0.128790 0.750000
vt 0.126782 0.750000
vt 0.125891 0.748120
vt 0.125000 0.746240
vt 0.402992 0.992068
vt 0.380346 0.992955
vt 0.380526 0.958542
vt 0.379379 1.000000
vt 0.378115 1.000000
vt 0.376851 1.000000
vt 0.375925 0.997101
vt 0.375000 0.994202
vt 0.402992 0.247157
vt 0.380346 0.247437
vt 0.380526 0.237993
vt 0.379379 0.250000
vt 0.378115 0.250000
vt 0.376851 0.250000
vt 0.375925 0.248558
vt 0.375000 0.247115
vt 0.380391 0.291095
vt 0.379857 0.256946
vt 0.402857 0.257703
vt 0.375000 0.254888
vt 0.375000 0.252930
vt 0.375000 0.250972
vt 0.377189 0.250486
vt 0.132619 0.512299
vt 0.131719 0.502934
vt 0.166058 0.503274
vt 0.125000 0.502885
vt 0.125000 0.501729
vt 0.125000 0.500574
vt 0.127444 0.500287
vt 0.129888 0.500000
vt 0.405040 0.744525
vt 0.380517 0.744601
vt 0.380418 0.717946
vt 0.405060 0.750388
vt 0.380615 0.750402
vt 0.375617 0.750209
vt 0.375024 0.744613
vt 0.374889 0.718002
vt 0.380436 0.791474
vt 0.380547 0.757135
vt 0.405040 0.757995
vt 0.375000 0.755798
vt 0.375309 0.753004
vt 0.367431 0.717878
vt 0.368226 0.744507
vt 0.333745 0.744374
vt 0.372409 0.750104
vt 0.369202 0.750000
vt 0.333963 0.503246
vt 0.368337 0.503051
vt 0.367381 0.513111
vt 0.370112 0.500000
vt 0.372702 0.500096
vt 0.375293 0.500191
vt 0.374959 0.502868
vt 0.374844 0.512826
vt 0.405015 0.492344
vt 0.380465 0.493321
vt 0.380412 0.458989
vt 0.405024 0.499644
vt 0.380496 0.499743
vt 0.375147 0.497652
vt 0.375000 0.495112
vt 0.380391 0.512861
vt 0.380444 0.502792
vt 0.405015 0.502819
vt 0.405027 0.148843
vt 0.402950 0.175561
vt 0.380194 0.175994
vt 0.380484 0.150932
vt 0.379379 0.181202
vt 0.377826 0.181202
vt 0.376274 0.181202
vt 0.375637 0.178695
vt 0.375000 0.176189
vt 0.380391 0.194382
vt 0.379857 0.184743
vt 0.402857 0.184344
vt 0.375000 0.186477
vt 0.375000 0.184546
vt 0.375000 0.182615
vt 0.377189 0.181909
vt 0.166167 0.565376
vt 0.132286 0.565412
vt 0.132612 0.555471
vt 0.130392 0.568798
vt 0.128905 0.568799
vt 0.127419 0.568799
vt 0.126210 0.566161
vt 0.125000 0.563523
vt 0.132201 0.599217
vt 0.131490 0.574358
vt 0.165812 0.574620
vt 0.125000 0.573811
vt 0.125000 0.571857
vt 0.125000 0.569903
vt 0.127696 0.569351
vt 0.404968 0.565763
vt 0.380310 0.565454
vt 0.380353 0.554992
vt 0.404959 0.568888
vt 0.380285 0.568816
vt 0.374757 0.568756
vt 0.374788 0.565205
vt 0.374850 0.554657
vt 0.380364 0.601363
vt 0.380317 0.574560
vt 0.404968 0.574442
vt 0.374939 0.601506
vt 0.374847 0.574645
vt 0.330937 0.574533
vt 0.367642 0.574612
vt 0.367772 0.601431
vt 0.330764 0.568783
vt 0.367465 0.568755
vt 0.367527 0.554742
vt 0.367478 0.565227
vt 0.330759 0.565369
vt 0.536405 0.957330
vt 0.536954 0.991450
vt 0.513955 0.991628
vt 0.541811 0.990830
vt 0.541811 0.994089
vt 0.541811 0.997347
vt 0.539622 0.998673
vt 0.537433 1.000000
vt 0.541811 0.991246
vt 0.541811 0.991828
vt 0.541796 0.957154
vt 0.541811 1.000000
vt 0.541811 1.000000
vt 0.541811 1.000000
vt 0.541811 0.995415
vt 0.541796 0.030861
vt 0.541811 0.006086
vt 0.541811 0.006197
vt 0.541811 0.005947
vt 0.541811 0.003834
vt 0.541811 0.001721
vt 0.541811 0.000860
vt 0.541811 0.000000
vt 0.511785 0.032410
vt 0.513862 0.005702
vt 0.536617 0.005423
vt 0.536312 0.030483
vt 0.537433 0.000000
vt 0.538985 0.000000
vt 0.540537 0.000000
vt 0.541174 0.002973
vt 0.536304 0.236673
vt 0.536256 0.246997
vt 0.511795 0.247102
vt 0.541046 0.236567
vt 0.540980 0.246905
vt 0.540940 0.250527
vt 0.536227 0.250484
vt 0.511785 0.250420
vt 0.541811 0.248078
vt 0.541650 0.247086
vt 0.541696 0.237363
vt 0.541811 0.250000
vt 0.541622 0.250462
vt 0.541695 0.295058
vt 0.541648 0.258246
vt 0.541789 0.258077
vt 0.541046 0.295095
vt 0.540980 0.258298
vt 0.511795 0.257858
vt 0.536256 0.258108
vt 0.536304 0.294891
vt 0.536304 0.455109
vt 0.536256 0.491893
vt 0.511795 0.492142
vt 0.541046 0.454905
vt 0.540980 0.491702
vt 0.540940 0.499473
vt 0.536227 0.499516
vt 0.511785 0.499580
vt 0.541789 0.491924
vt 0.541648 0.491755
vt 0.541695 0.454942
vt 0.541811 0.500000
vt 0.541622 0.499538
vt 0.541696 0.512637
vt 0.541650 0.502914
vt 0.541811 0.501922
vt 0.541046 0.513433
vt 0.540980 0.503095
vt 0.511795 0.502898
vt 0.536256 0.503003
vt 0.536304 0.513327
vt 0.536304 0.717292
vt 0.536256 0.744143
vt 0.511795 0.744366
vt 0.541046 0.717039
vt 0.540980 0.743954
vt 0.540940 0.750600
vt 0.536227 0.750526
vt 0.511785 0.750424
vt 0.541786 0.744007
vt 0.541647 0.743941
vt 0.541695 0.717039
vt 0.541776 0.750504
vt 0.541618 0.750571
vt 0.541695 0.795912
vt 0.541647 0.759022
vt 0.541786 0.758833
vt 0.541046 0.795929
vt 0.540980 0.759052
vt 0.511795 0.758247
vt 0.536256 0.758693
vt 0.536304 0.795542
vt 0.511795 0.574498
vt 0.536256 0.574725
vt 0.536304 0.601402
vt 0.511785 0.568940
vt 0.536227 0.568969
vt 0.540940 0.568987
vt 0.540980 0.574905
vt 0.541046 0.601589
vt 0.536304 0.555336
vt 0.536256 0.565667
vt 0.511795 0.565836
vt 0.541046 0.555155
vt 0.540980 0.565525
vt 0.541786 0.566553
vt 0.541647 0.565716
vt 0.541695 0.555947
vt 0.541776 0.568945
vt 0.541618 0.568973
vt 0.541695 0.601568
vt 0.541647 0.574884
vt 0.541786 0.574781
vt 0.511795 0.184164
vt 0.536256 0.184333
vt 0.536304 0.194664
vt 0.511785 0.181060
vt 0.536227 0.181031
vt 0.540940 0.181013
vt 0.540980 0.184475
vt 0.541046 0.194845
vt 0.511811 0.148833
vt 0.536304 0.148598
vt 0.536256 0.175275
vt 0.511795 0.175502
vt 0.541046 0.148411
vt 0.540980 0.175095
vt 0.541786 0.175219
vt 0.541647 0.175116
vt 0.541695 0.148432
vt 0.541776 0.181055
vt 0.541618 0.181027
vt 0.541695 0.194053
vt 0.541647 0.184284
vt 0.541786 0.183447
vt 0.403195 0.005711
vt 0.380548 0.005059
vt 0.380681 0.029905
vt 0.379731 0.000000
vt 0.378386 0.000000
vt 0.377042 0.000000
vt 0.376021 0.002061
vt 0.375000 0.004123
vt 0.380532 0.958019
vt 0.380008 0.992109
vt 0.403046 0.991599
vt 0.375000 0.993538
vt 0.375000 0.995758
vt 0.375000 0.997977
vt 0.377365 0.998989
vt 0.379731 1.000000
vt 0.132855 0.719933
vt 0.132192 0.744540
vt 0.166646 0.744096
vt 0.125000 0.745877
vt 0.125000 0.747293
vt 0.125000 0.748708
vt 0.128231 0.749354
vt 0.131462 0.750000
vt 0.380535 0.237672
vt 0.380009 0.247005
vt 0.403045 0.246833
vt 0.375000 0.246594
vt 0.375000 0.247957
vt 0.375000 0.249319
vt 0.377363 0.249660
vt 0.379727 0.250000
vt 0.166359 0.503564
vt 0.132185 0.503073
vt 0.132904 0.512573
vt 0.130233 0.500000
vt 0.128144 0.500000
vt 0.126054 0.500000
vt 0.125527 0.501703
vt 0.125000 0.503406
vt 0.403194 0.257810
vt 0.380547 0.256857
vt 0.380684 0.291227
vt 0.378379 0.250000
vt 0.377032 0.250000
vt 0.376016 0.252617
vt 0.375000 0.255233
vt 0.380505 0.717715
vt 0.380511 0.744288
vt 0.405166 0.744307
vt 0.374776 0.717758
vt 0.374751 0.744215
vt 0.375006 0.749569
vt 0.380538 0.750213
vt 0.405173 0.750373
vt 0.333355 0.744158
vt 0.367781 0.744181
vt 0.367118 0.717647
vt 0.368538 0.750000
vt 0.371772 0.749785
vt 0.405166 0.758272
vt 0.380539 0.757290
vt 0.380532 0.791802
vt 0.375003 0.753016
vt 0.375000 0.756462
vt 0.367200 0.513381
vt 0.368246 0.503259
vt 0.333767 0.503555
vt 0.374862 0.513030
vt 0.375088 0.503000
vt 0.375677 0.499875
vt 0.372722 0.499938
vt 0.369767 0.500000
vt 0.405219 0.503072
vt 0.380683 0.502968
vt 0.380563 0.513086
vt 0.405245 0.499646
vt 0.380789 0.499657
vt 0.380586 0.458764
vt 0.380711 0.493077
vt 0.405220 0.492145
vt 0.375000 0.494767
vt 0.375339 0.497321
vt 0.380536 0.150598
vt 0.380017 0.175476
vt 0.403059 0.175291
vt 0.375000 0.175717
vt 0.375000 0.177849
vt 0.375000 0.179981
vt 0.377383 0.180591
vt 0.379765 0.181202
vt 0.166287 0.574716
vt 0.132435 0.574261
vt 0.132609 0.599381
vt 0.130970 0.568798
vt 0.129340 0.568799
vt 0.127710 0.568799
vt 0.126355 0.571541
vt 0.125000 0.574283
vt 0.132665 0.554810
vt 0.131893 0.564545
vt 0.166290 0.564878
vt 0.125000 0.562510
vt 0.125000 0.564802
vt 0.125000 0.567094
vt 0.127985 0.567946
vt 0.403166 0.184554
vt 0.380403 0.184746
vt 0.380644 0.194771
vt 0.378111 0.181202
vt 0.376456 0.181202
vt 0.375728 0.184346
vt 0.375000 0.187490
vt 0.380494 0.554541
vt 0.380456 0.565074
vt 0.405153 0.565440
vt 0.374815 0.554140
vt 0.374747 0.564775
vt 0.374715 0.568658
vt 0.380434 0.568738
vt 0.405153 0.568834
vt 0.330484 0.564984
vt 0.367229 0.564807
vt 0.367291 0.554247
vt 0.330490 0.568704
vt 0.367216 0.568662
vt 0.367557 0.601651
vt 0.367413 0.574781
vt 0.330684 0.574698
vt 0.374911 0.601736
vt 0.374813 0.574817
vt 0.405152 0.574614
vt 0.380463 0.574731
vt 0.380504 0.601583
vt 0.513711 0.991794
vt 0.536469 0.992864
vt 0.536188 0.958449
vt 0.537182 1.000000
vt 0.538815 1.000000
vt 0.540448 1.000000
vt 0.541130 0.997281
vt 0.541811 0.994562
vt 0.536189 0.032208
vt 0.536748 0.005539
vt 0.513810 0.005680
vt 0.541031 0.032155
vt 0.541099 0.005491
vt 0.541811 0.000000
vt 0.539497 0.000000
vt 0.537182 0.000000
vt 0.541811 0.002601
vt 0.541730 0.005118
vt 0.541714 0.030099
vt 0.541811 0.000000
vt 0.541811 0.000000
vt 0.541811 0.958229
vt 0.541811 0.992672
vt 0.541811 0.991466
vt 0.541811 0.997281
vt 0.541811 1.000000
vt 0.541811 1.000000
vt 0.541811 1.000000
vt 0.511647 0.246875
vt 0.536129 0.247168
vt 0.536241 0.237470
vt 0.511643 0.250328
vt 0.536085 0.250307
vt 0.540879 0.250304
vt 0.540990 0.248049
vt 0.541811 0.246619
vt 0.536240 0.291178
vt 0.536129 0.256873
vt 0.511646 0.257843
vt 0.541811 0.255007
vt 0.540990 0.253531
vt 0.541811 0.253239
vt 0.541658 0.252923
vt 0.541811 0.255743
vt 0.541811 0.250000
vt 0.541608 0.250308
vt 0.541811 0.246271
vt 0.541655 0.248166
vt 0.541789 0.247836
vt 0.511646 0.492157
vt 0.536129 0.493127
vt 0.536240 0.458822
vt 0.511643 0.499672
vt 0.536085 0.499693
vt 0.540879 0.499697
vt 0.540990 0.496469
vt 0.541811 0.494993
vt 0.536241 0.512530
vt 0.536129 0.502832
vt 0.511647 0.503125
vt 0.541811 0.503381
vt 0.540991 0.501951
vt 0.541789 0.502164
vt 0.541655 0.501834
vt 0.541811 0.503729
vt 0.541811 0.500000
vt 0.541608 0.499692
vt 0.541811 0.494257
vt 0.541658 0.497077
vt 0.541811 0.496761
vt 0.511659 0.744372
vt 0.536139 0.745109
vt 0.536247 0.720189
vt 0.511657 0.750416
vt 0.536097 0.750386
vt 0.540885 0.750374
vt 0.540994 0.747537
vt 0.541811 0.746553
vt 0.536248 0.791559
vt 0.536139 0.757215
vt 0.511659 0.758259
vt 0.541811 0.755438
vt 0.540995 0.753871
vt 0.541811 0.754041
vt 0.541659 0.753452
vt 0.541811 0.756760
vt 0.541811 0.750000
vt 0.541610 0.750371
vt 0.541811 0.745676
vt 0.541659 0.747859
vt 0.541811 0.747399
vt 0.536246 0.598662
vt 0.536136 0.573774
vt 0.511657 0.574497
vt 0.541811 0.572365
vt 0.540993 0.571344
vt 0.540883 0.568871
vt 0.536093 0.568868
vt 0.511656 0.568873
vt 0.541811 0.571289
vt 0.541658 0.570961
vt 0.541811 0.573072
vt 0.541811 0.568798
vt 0.541610 0.568879
vt 0.541811 0.565061
vt 0.541658 0.566925
vt 0.541811 0.566661
vt 0.541811 0.565599
vt 0.540993 0.566869
vt 0.511657 0.565656
vt 0.536135 0.565978
vt 0.536244 0.556349
vt 0.536244 0.193651
vt 0.536135 0.184022
vt 0.511657 0.184344
vt 0.541811 0.184401
vt 0.540993 0.183130
vt 0.540883 0.181129
vt 0.536093 0.181133
vt 0.511656 0.181127
vt 0.541811 0.183339
vt 0.541658 0.183075
vt 0.541811 0.184939
vt 0.541811 0.181202
vt 0.541610 0.181121
vt 0.541688 0.151155
vt 0.541639 0.176104
vt 0.541811 0.178711
vt 0.540992 0.149011
vt 0.540924 0.175681
vt 0.511657 0.175503
vt 0.536118 0.175629
vt 0.536161 0.148950
vt 0.132373 0.659724
vt 0.125000 0.660025
vt 0.375000 0.089975
vt 0.380400 0.090292
vt 0.404996 0.090505
vt 0.457869 0.257737
vt 0.456270 0.250359
vt 0.457882 0.247147
vt 0.250002 0.503325
vt 0.250000 0.500000
vt 0.375000 0.375000
vt 0.380393 0.375009
vt 0.458405 0.502847
vt 0.458405 0.499614
vt 0.458405 0.492265
vt 0.367443 0.533852
vt 0.374843 0.533637
vt 0.380371 0.533852
vt 0.458409 0.758042
vt 0.458410 0.750379
vt 0.458409 0.744472
vt 0.250018 0.744323
vt 0.250000 0.750000
vt 0.375000 0.875000
vt 0.380409 0.875002
vt 0.132555 0.533799
vt 0.125000 0.533204
vt 0.375000 0.216796
vt 0.380405 0.216216
vt 0.367632 0.659688
vt 0.374915 0.659801
vt 0.380383 0.659688
vt 0.249189 0.574509
vt 0.246769 0.568798
vt 0.249207 0.565430
vt 0.458400 0.574403
vt 0.458397 0.568922
vt 0.458400 0.565892
vt 0.457869 0.184120
vt 0.456269 0.181088
vt 0.457878 0.175599
vt 0.458409 0.148925
vt 0.458419 0.991989
vt 0.458406 1.000000
vt 0.458406 0.000000
vt 0.458396 0.005588
vt 0.458401 0.032264
vt 0.541732 0.090174
vt 0.541136 0.088471
vt 0.536332 0.090112
vt 0.511815 0.090625
vt 0.541714 0.534280
vt 0.541073 0.534282
vt 0.536323 0.534324
vt 0.541732 0.875766
vt 0.541138 0.878053
vt 0.536341 0.875746
vt 0.541714 0.659278
vt 0.541073 0.659286
vt 0.536323 0.659328
vt 0.541714 0.375000
vt 0.541073 0.375000
vt 0.536323 0.375000
vt 0.541714 0.215720
vt 0.541073 0.215718
vt 0.536323 0.215676
vt 0.380546 0.090247
vt 0.375000 0.089920
vt 0.125000 0.660080
vt 0.132609 0.659734
vt 0.457888 0.246847
vt 0.456307 0.250311
vt 0.457903 0.257891
vt 0.380555 0.374999
vt 0.375000 0.375000
vt 0.250000 0.500000
vt 0.250013 0.503668
vt 0.458425 0.492101
vt 0.458433 0.499657
vt 0.458425 0.503140
vt 0.380514 0.533735
vt 0.374817 0.533475
vt 0.367221 0.533735
vt 0.458426 0.744312
vt 0.458433 0.750421
vt 0.458426 0.758342
vt 0.380530 0.874982
vt 0.375000 0.875000
vt 0.250000 0.750000
vt 0.250000 0.744138
vt 0.380545 0.216325
vt 0.375000 0.217042
vt 0.125000 0.532958
vt 0.132767 0.533657
vt 0.380512 0.659706
vt 0.374872 0.659827
vt 0.367393 0.659706
vt 0.249196 0.565050
vt 0.246795 0.568728
vt 0.249216 0.574666
vt 0.458428 0.565596
vt 0.458437 0.568873
vt 0.458428 0.574559
vt 0.457902 0.175432
vt 0.456325 0.181128
vt 0.457912 0.184404
vt 0.458446 0.005737
vt 0.458456 0.000000
vt 0.458456 1.000000
vt 0.458421 0.991692
vt 0.536181 0.090576
vt 0.541024 0.090580
vt 0.541710 0.090630
vt 0.536274 0.534445
vt 0.541811 0.534490
vt 0.541811 0.534395
vt 0.536271 0.875000
vt 0.541811 0.875000
vt 0.541811 0.871032
vt 0.536278 0.659429
vt 0.541811 0.659459
vt 0.541811 0.659376
vt 0.536272 0.375000
vt 0.541811 0.375000
vt 0.541811 0.375000
vt 0.536274 0.215555
vt 0.541811 0.215510
vt 0.541811 0.215605
vt 0.541811 0.991320
vt 0.541811 1.000000
vt 0.541811 0.000000
vt 0.541811 0.005473
vt 0.541809 0.247239
vt 0.541811 0.250000
vt 0.541809 0.257222
vt 0.541809 0.492778
vt 0.541811 0.500000
vt 0.541809 0.502761
vt 0.541808 0.744591
vt 0.541807 0.750436
vt 0.541808 0.757974
vt 0.541808 0.566729
vt 0.541807 0.568917
vt 0.541808 0.574166
vt 0.541808 0.175834
vt 0.541807 0.181083
vt 0.541808 0.183271
vt 0.458405 0.090592
vn 0.0218 -0.0366 0.9991
vn 0.0247 0.0025 0.9997
vn -0.0008 0.0017 1.0000
vn -0.0008 -0.0394 0.9992
vn 0.0265 0.0448 0.9986
vn -0.0008 0.0435 0.9991
vn -0.0281 0.0448 0.9986
vn -0.0263 0.0025 0.9997
vn -0.0234 -0.0366 0.9991
vn 0.9893 -0.0182 0.1448
vn 0.9894 0.0002 0.1450
vn 0.9889 0.0003 0.1489
vn 0.9887 -0.0171 0.1488
vn 0.9893 0.0180 0.1449
vn 0.9887 0.0178 0.1489
vn 0.9880 0.0185 0.1531
vn 0.9883 0.0008 0.1528
vn 0.9882 -0.0155 0.1524
vn -0.0049 -1.0000 0.0020
vn 0.0001 -1.0000 0.0015
vn 0.0001 -1.0000 0.0019
vn -0.0056 -1.0000 0.0024
vn 0.0051 -1.0000 0.0020
vn 0.0057 -1.0000 0.0024
vn 0.0062 -1.0000 0.0048
vn 0.0001 -1.0000 0.0044
vn -0.0060 -1.0000 0.0048
vn -0.0954 0.9954 0.0124
vn -0.0968 0.9952 0.0130
vn 0.0001 1.0000 -0.0014
vn -0.0002 1.0000 -0.0013
vn -0.0977 0.9951 0.0135
vn -0.0001 1.0000 -0.0014
vn 0.0984 0.9950 -0.0165
vn 0.0976 0.9951 -0.0158
vn 0.0960 0.9953 -0.0150
vn -0.9510 -0.0216 -0.3085
vn -0.9513 -0.0005 -0.3084
vn -0.9478 -0.0006 -0.3188
vn -0.9476 -0.0217 -0.3186
vn -0.9512 0.0204 -0.3080
vn -0.9476 0.0201 -0.3188
vn -0.9442 0.0210 -0.3286
vn -0.9448 -0.0000 -0.3277
vn -0.9450 -0.0207 -0.3263
vn 0.9456 -0.0205 -0.3247
vn 0.9453 0.0002 -0.3261
vn 0.9484 -0.0004 -0.3172
vn 0.9482 -0.0216 -0.3171
vn 0.9448 0.0212 -0.3271
vn 0.9481 0.0203 -0.3173
vn 0.9517 0.0205 -0.3065
vn 0.9518 -0.0004 -0.3068
vn 0.9515 -0.0214 -0.3070
vn -0.0054 -1.0000 -0.0074
vn 0.0001 -1.0000 -0.0068
vn 0.0001 -1.0000 -0.0002
vn -0.0053 -1.0000 -0.0013
vn 0.0056 -1.0000 -0.0074
vn 0.0055 -1.0000 -0.0013
vn 0.0051 -1.0000 -0.0000
vn 0.0001 -1.0000 0.0010
vn -0.0049 -1.0000 -0.0000
vn -0.0131 -0.0434 -0.9990
vn -0.0161 -0.0006 -0.9999
vn 0.0008 -0.0016 -1.0000
vn 0.0008 -0.0462 -0.9989
vn -0.0180 0.0417 -0.9990
vn 0.0008 0.0407 -0.9992
vn 0.0196 0.0417 -0.9989
vn 0.0178 -0.0006 -0.9998
vn 0.0147 -0.0434 -0.9989
vn -0.0244 -0.0288 -0.9993
vn 0.0008 -0.0256 -0.9997
vn 0.0008 -0.0562 -0.9984
vn -0.0276 -0.0572 -0.9980
vn 0.0261 -0.0288 -0.9992
vn 0.0292 -0.0572 -0.9979
vn 0.0306 -0.0258 -0.9992
vn 0.0008 -0.0252 -0.9997
vn -0.0290 -0.0258 -0.9992
vn -0.9897 -0.0108 -0.1431
vn -0.9890 -0.0112 -0.1475
vn -0.9888 -0.0243 -0.1473
vn -0.9894 -0.0248 -0.1431
vn -0.9884 -0.0124 -0.1514
vn -0.9881 -0.0242 -0.1517
vn -0.9884 -0.0110 -0.1517
vn -0.9890 -0.0114 -0.1472
vn -0.9897 -0.0121 -0.1430
vn 0.0054 1.0000 -0.0017
vn 0.0062 1.0000 -0.0022
vn -0.0001 1.0000 -0.0017
vn -0.0001 1.0000 -0.0012
vn 0.0066 1.0000 -0.0048
vn -0.0001 1.0000 -0.0043
vn -0.0068 1.0000 -0.0048
vn -0.0064 1.0000 -0.0022
vn -0.0056 1.0000 -0.0017
vn 0.9503 -0.0140 0.3109
vn 0.9463 -0.0153 0.3231
vn 0.9456 -0.0315 0.3239
vn 0.9498 -0.0301 0.3113
vn 0.9430 -0.0181 0.3322
vn 0.9418 -0.0339 0.3346
vn 0.9415 -0.0183 0.3365
vn 0.9456 -0.0163 0.3250
vn 0.9500 -0.0150 0.3120
vn -0.9436 -0.0183 0.3307
vn -0.9468 -0.0154 0.3215
vn -0.9461 -0.0317 0.3223
vn -0.9423 -0.0341 0.3330
vn -0.9508 -0.0142 0.3094
vn -0.9503 -0.0302 0.3097
vn -0.9505 -0.0152 0.3104
vn -0.9461 -0.0165 0.3234
vn -0.9421 -0.0185 0.3349
vn 0.0059 0.9999 0.0104
vn 0.0058 1.0000 0.0031
vn -0.0001 1.0000 0.0019
vn -0.0001 1.0000 0.0097
vn 0.0054 1.0000 0.0015
vn -0.0001 1.0000 0.0004
vn -0.0056 1.0000 0.0015
vn -0.0060 1.0000 0.0031
vn -0.0061 0.9999 0.0104
vn 0.0139 -0.0362 0.9992
vn -0.0008 -0.0330 0.9995
vn -0.0008 -0.0676 0.9977
vn 0.0171 -0.0688 0.9975
vn -0.0156 -0.0362 0.9992
vn -0.0187 -0.0688 0.9975
vn -0.0205 -0.0381 0.9991
vn -0.0008 -0.0374 0.9993
vn 0.0188 -0.0381 0.9991
vn -0.0015 0.9992 0.0410
vn -0.0001 0.9992 0.0411
vn -0.0001 1.0000 -0.0013
vn -0.0001 1.0000 -0.0011
vn 0.0012 0.9992 0.0410
vn -0.0015 0.9991 -0.0434
vn -0.0001 0.9990 -0.0438
vn 0.0014 0.9991 -0.0434
vn 0.0974 0.9951 0.0137
vn 0.0966 0.9952 0.0132
vn -0.0003 1.0000 -0.0014
vn 0.0952 0.9954 0.0126
vn -0.0000 1.0000 -0.0013
vn -0.0961 0.9953 -0.0152
vn -0.0977 0.9951 -0.0159
vn -0.0986 0.9950 -0.0167
vn 0.0007 0.9992 -0.0390
vn -0.0001 0.9992 -0.0390
vn -0.0001 1.0000 -0.0015
vn -0.0008 0.9992 -0.0390
vn 0.0007 0.9993 0.0361
vn -0.0001 0.9993 0.0363
vn -0.0010 0.9993 0.0361
vn 0.9886 -0.0122 -0.1498
vn 0.9892 -0.0110 -0.1459
vn 0.9890 -0.0241 -0.1457
vn 0.9884 -0.0240 -0.1500
vn 0.9899 -0.0106 -0.1415
vn 0.9896 -0.0247 -0.1414
vn 0.9899 -0.0119 -0.1413
vn 0.9893 -0.0113 -0.1456
vn 0.9886 -0.0108 -0.1501
vn -0.0724 0.9970 -0.0264
vn -0.0748 0.9969 -0.0265
vn -0.0005 1.0000 -0.0014
vn -0.0008 1.0000 -0.0014
vn -0.0768 0.9967 -0.0260
vn -0.0004 1.0000 -0.0013
vn 0.0761 0.9968 0.0237
vn 0.0737 0.9970 0.0241
vn 0.0702 0.9972 0.0241
vn 0.0766 0.9967 -0.0258
vn 0.0746 0.9969 -0.0263
vn 0.0003 1.0000 -0.0014
vn 0.0002 1.0000 -0.0013
vn 0.0722 0.9970 -0.0263
vn 0.0006 1.0000 -0.0014
vn -0.0704 0.9972 0.0240
vn -0.0739 0.9970 0.0240
vn -0.0763 0.9968 0.0236
vn -0.9884 -0.0157 0.1508
vn -0.9781 -0.1454 0.1487
vn -0.9772 -0.1204 0.1747
vn -0.9832 -0.0129 0.1823
vn -0.6430 -0.7594 0.0991
vn -0.6530 -0.7475 0.1221
vn -0.5599 -0.6908 0.4574
vn -0.7217 -0.1851 0.6670
vn -0.7582 -0.0199 0.6517
vn -0.0055 -0.9996 0.0282
vn -0.0523 -0.9982 0.0300
vn -0.0595 -0.9982 0.0121
vn -0.0107 -0.8651 0.5016
vn -0.1010 -0.8332 0.5437
vn -0.2026 -0.0292 0.9788
vn -0.1622 -0.2615 0.9515
vn -0.0182 -0.3136 0.9494
vn -0.9247 -0.0184 -0.3803
vn -0.9189 -0.1527 -0.3638
vn -0.9311 -0.1759 -0.3195
vn -0.6363 -0.0263 -0.7710
vn -0.6036 -0.2103 -0.7691
vn -0.4667 -0.7074 -0.5308
vn -0.5941 -0.7671 -0.2421
vn -0.5933 -0.7787 -0.2040
vn -0.0088 -0.3283 -0.9445
vn -0.1049 -0.2815 -0.9538
vn -0.1392 -0.0358 -0.9896
vn -0.0054 -0.8593 -0.5115
vn -0.0644 -0.8346 -0.5471
vn -0.0534 -0.9983 -0.0218
vn -0.0448 -0.9974 -0.0563
vn -0.0046 -0.9985 -0.0537
vn 0.9829 -0.0128 0.1839
vn 0.9770 -0.1202 0.1763
vn 0.9779 -0.1452 0.1503
vn 0.7571 -0.0197 0.6530
vn 0.7206 -0.1850 0.6682
vn 0.5593 -0.6907 0.4583
vn 0.6529 -0.7474 0.1231
vn 0.6430 -0.7593 0.1002
vn 0.0167 -0.3136 0.9494
vn 0.1607 -0.2615 0.9517
vn 0.2010 -0.0291 0.9792
vn 0.0100 -0.8651 0.5016
vn 0.1003 -0.8331 0.5439
vn 0.0597 -0.9981 0.0122
vn 0.0524 -0.9982 0.0301
vn 0.0056 -0.9996 0.0282
vn 0.0048 -0.9985 -0.0537
vn 0.0451 -0.9974 -0.0563
vn 0.0537 -0.9983 -0.0217
vn 0.0064 -0.8593 -0.5115
vn 0.0654 -0.8346 -0.5470
vn 0.4677 -0.7073 -0.5300
vn 0.5947 -0.7670 -0.2411
vn 0.5937 -0.7786 -0.2030
vn 0.1408 -0.0357 -0.9894
vn 0.1065 -0.2815 -0.9536
vn 0.0104 -0.3283 -0.9445
vn 0.6376 -0.0261 -0.7699
vn 0.6049 -0.2102 -0.7681
vn 0.9317 -0.1757 -0.3180
vn 0.9195 -0.1526 -0.3623
vn 0.9253 -0.0182 -0.3788
vn -0.9895 -0.0184 0.1431
vn -0.9935 -0.0204 0.1122
vn -0.9790 -0.1735 0.1071
vn -0.9767 -0.1615 0.1410
vn -0.9979 -0.0224 -0.0601
vn -0.9810 -0.1838 -0.0624
vn -0.6395 -0.7674 -0.0455
vn -0.6254 -0.7773 0.0690
vn -0.6268 -0.7738 0.0913
vn -0.9353 -0.1824 -0.3033
vn -0.9510 -0.1843 -0.2484
vn -0.9674 -0.0220 -0.2523
vn -0.5887 -0.7855 -0.1909
vn -0.6022 -0.7817 -0.1623
vn -0.0046 -1.0000 0.0003
vn -0.0463 -0.9989 -0.0111
vn -0.0480 -0.9988 -0.0140
vn -0.0047 -1.0000 0.0010
vn -0.0481 -0.9988 -0.0025
vn -0.0496 -0.9987 0.0083
vn -0.0469 -0.9989 0.0062
vn -0.0046 -1.0000 0.0017
vn 0.9678 -0.0218 -0.2507
vn 0.9514 -0.1841 -0.2468
vn 0.9358 -0.1822 -0.3018
vn 0.9980 -0.0222 -0.0585
vn 0.9811 -0.1836 -0.0608
vn 0.6397 -0.7673 -0.0445
vn 0.6026 -0.7816 -0.1613
vn 0.5892 -0.7854 -0.1900
vn 0.9765 -0.1613 0.1426
vn 0.9788 -0.1733 0.1087
vn 0.9933 -0.0203 0.1138
vn 0.6268 -0.7737 0.0923
vn 0.6254 -0.7772 0.0700
vn 0.0048 -1.0000 0.0017
vn 0.0471 -0.9989 0.0063
vn 0.0497 -0.9987 0.0084
vn 0.0048 -1.0000 0.0010
vn 0.0483 -0.9988 -0.0024
vn 0.0482 -0.9987 -0.0139
vn 0.0465 -0.9989 -0.0110
vn 0.0048 -1.0000 0.0004
vn -0.0285 0.3395 0.9402
vn -0.2216 0.3489 0.9106
vn -0.2266 0.0496 0.9727
vn -0.0162 0.8421 0.5391
vn -0.1308 0.8350 0.5344
vn -0.5438 0.7597 0.3565
vn -0.7211 0.3060 0.6217
vn -0.7659 0.0427 0.6415
vn -0.0113 0.9991 0.0411
vn -0.0309 0.9924 0.1194
vn -0.0039 0.9925 0.1220
vn -0.0669 0.9973 0.0296
vn -0.1749 0.9809 0.0852
vn -0.2764 0.9602 0.0409
vn -0.2610 0.9642 0.0462
vn -0.0941 0.9954 0.0154
vn -0.7387 0.6646 0.1125
vn -0.7135 0.6877 0.1343
vn -0.9883 0.0184 0.1515
vn -0.9820 0.0217 0.1875
vn -0.9640 0.1850 0.1908
vn -0.9756 0.1604 0.1500
vn -0.9275 0.1853 -0.3247
vn -0.8955 0.2132 -0.3905
vn -0.9203 0.0251 -0.3904
vn -0.6709 0.7035 -0.2347
vn -0.6357 0.7243 -0.2670
vn -0.4440 0.7718 -0.4551
vn -0.6030 0.3004 -0.7391
vn -0.6425 0.0405 -0.7652
vn -0.0665 0.9974 -0.0279
vn -0.2009 0.9761 -0.0825
vn -0.2195 0.9725 -0.0775
vn -0.0427 0.9984 -0.0370
vn -0.1250 0.9861 -0.1094
vn -0.0024 0.9928 -0.1199
vn -0.0210 0.9925 -0.1206
vn -0.0069 0.9992 -0.0397
vn -0.0105 0.8403 -0.5420
vn -0.0934 0.8319 -0.5470
vn -0.1613 0.0448 -0.9859
vn -0.1575 0.3358 -0.9287
vn -0.0183 0.3333 -0.9426
vn 0.0198 0.3333 -0.9426
vn 0.1589 0.3358 -0.9284
vn 0.1629 0.0448 -0.9856
vn 0.0112 0.8403 -0.5420
vn 0.0941 0.8319 -0.5469
vn 0.4446 0.7719 -0.4544
vn 0.6041 0.3005 -0.7381
vn 0.6438 0.0407 -0.7641
vn 0.0068 0.9992 -0.0397
vn 0.0210 0.9925 -0.1205
vn 0.0024 0.9928 -0.1199
vn 0.0426 0.9984 -0.0369
vn 0.1250 0.9861 -0.1092
vn 0.2195 0.9726 -0.0771
vn 0.2008 0.9762 -0.0822
vn 0.0664 0.9974 -0.0278
vn 0.6711 0.7036 -0.2336
vn 0.6360 0.7244 -0.2660
vn 0.9209 0.0253 -0.3889
vn 0.8961 0.2134 -0.3891
vn 0.9280 0.1855 -0.3231
vn 0.9753 0.1605 0.1516
vn 0.9637 0.1852 0.1924
vn 0.9817 0.0219 0.1892
vn 0.7384 0.6647 0.1137
vn 0.7131 0.6878 0.1355
vn 0.5431 0.7598 0.3574
vn 0.7200 0.3061 0.6228
vn 0.7649 0.0428 0.6427
vn 0.0939 0.9955 0.0155
vn 0.2607 0.9643 0.0467
vn 0.2762 0.9602 0.0414
vn 0.0666 0.9973 0.0297
vn 0.1746 0.9809 0.0854
vn 0.0036 0.9925 0.1220
vn 0.0306 0.9924 0.1195
vn 0.0110 0.9991 0.0411
vn 0.0151 0.8421 0.5391
vn 0.1297 0.8351 0.5346
vn 0.2250 0.0496 0.9731
vn 0.2200 0.3489 0.9110
vn 0.0269 0.3395 0.9402
vn 0.9932 0.0193 0.1150
vn 0.9800 0.1655 0.1107
vn 0.9772 0.1575 0.1427
vn 0.9982 0.0215 -0.0558
vn 0.9819 0.1801 -0.0584
vn 0.7359 0.6759 -0.0398
vn 0.7392 0.6683 0.0838
vn 0.7414 0.6624 0.1075
vn 0.9360 0.1820 -0.3013
vn 0.9521 0.1858 -0.2428
vn 0.9684 0.0217 -0.2484
vn 0.6811 0.6984 -0.2199
vn 0.6966 0.6950 -0.1784
vn 0.0810 0.9965 -0.0212
vn 0.2357 0.9700 -0.0601
vn 0.2273 0.9710 -0.0740
vn 0.0913 0.9958 -0.0040
vn 0.2608 0.9653 -0.0106
vn 0.2748 0.9607 0.0389
vn 0.2712 0.9620 0.0306
vn 0.0940 0.9955 0.0098
vn -0.9680 0.0215 -0.2500
vn -0.9518 0.1856 -0.2443
vn -0.9356 0.1818 -0.3028
vn -0.9981 0.0213 -0.0574
vn -0.9818 0.1800 -0.0600
vn -0.7360 0.6758 -0.0410
vn -0.6964 0.6948 -0.1795
vn -0.6809 0.6983 -0.2210
vn -0.9895 0.0179 0.1432
vn -0.9774 0.1573 0.1411
vn -0.9802 0.1653 0.1091
vn -0.9934 0.0191 0.1134
vn -0.7417 0.6623 0.1063
vn -0.7394 0.6681 0.0826
vn -0.0942 0.9955 0.0096
vn -0.2715 0.9620 0.0302
vn -0.2751 0.9607 0.0384
vn -0.0915 0.9958 -0.0042
vn -0.2610 0.9653 -0.0110
vn -0.2273 0.9710 -0.0744
vn -0.2358 0.9699 -0.0605
vn -0.0811 0.9965 -0.0214
vn 0.9828 -0.0168 -0.1837
vn 0.9795 0.0975 -0.1764
vn 0.9811 0.1248 -0.1482
vn 0.7661 -0.0364 -0.6417
vn 0.7319 0.1384 -0.6672
vn 0.5706 0.6758 -0.4666
vn 0.6629 0.7382 -0.1251
vn 0.6521 0.7516 -0.0998
vn 0.0206 0.2707 -0.9624
vn 0.1770 0.2129 -0.9609
vn 0.2183 -0.0386 -0.9751
vn 0.0122 0.8578 -0.5138
vn 0.1134 0.8212 -0.5593
vn 0.0648 0.9978 -0.0127
vn 0.0571 0.9979 -0.0320
vn 0.0061 0.9995 -0.0299
vn 0.9336 0.1479 0.3263
vn 0.9189 0.1199 0.3757
vn 0.9197 -0.0257 0.3919
vn 0.6014 0.7704 0.2118
vn 0.6020 0.7565 0.2555
vn 0.4702 0.6890 0.5515
vn 0.6047 0.1546 0.7813
vn 0.6333 -0.0448 0.7726
vn 0.0049 0.9981 0.0619
vn 0.0474 0.9968 0.0644
vn 0.0568 0.9981 0.0257
vn 0.0059 0.8475 0.5307
vn 0.0696 0.8192 0.5693
vn 0.1447 -0.0452 0.9884
vn 0.1105 0.2236 0.9684
vn 0.0095 0.2754 0.9613
vn -0.9808 0.1246 -0.1498
vn -0.9792 0.0973 -0.1780
vn -0.9825 -0.0170 -0.1853
vn -0.6520 0.7514 -0.1009
vn -0.6628 0.7381 -0.1261
vn -0.5699 0.6757 -0.4675
vn -0.7309 0.1382 -0.6684
vn -0.7650 -0.0365 -0.6430
vn -0.0062 0.9995 -0.0299
vn -0.0573 0.9978 -0.0321
vn -0.0650 0.9978 -0.0128
vn -0.0115 0.8578 -0.5139
vn -0.1126 0.8211 -0.5595
vn -0.2167 -0.0386 -0.9755
vn -0.1755 0.2128 -0.9612
vn -0.0190 0.2707 -0.9625
vn -0.0570 0.9980 0.0256
vn -0.0477 0.9968 0.0644
vn -0.0052 0.9981 0.0618
vn -0.6019 0.7702 0.2108
vn -0.6026 0.7564 0.2545
vn -0.4712 0.6889 0.5508
vn -0.0707 0.8192 0.5692
vn -0.0069 0.8475 0.5307
vn -0.9203 -0.0259 0.3904
vn -0.9196 0.1197 0.3742
vn -0.9342 0.1477 0.3247
vn -0.6346 -0.0449 0.7716
vn -0.6060 0.1544 0.7804
vn -0.0111 0.2754 0.9613
vn -0.1122 0.2236 0.9682
vn -0.1463 -0.0453 0.9882
vn 0.9801 0.1407 -0.1398
vn 0.9828 0.1529 -0.1035
vn 0.9941 -0.0093 -0.1084
vn 0.6353 0.7669 -0.0912
vn 0.6337 0.7707 -0.0668
vn 0.6460 0.7619 0.0477
vn 0.9848 0.1620 0.0629
vn 0.9982 -0.0099 0.0597
vn 0.0051 1.0000 -0.0013
vn 0.0513 0.9987 -0.0060
vn 0.0541 0.9985 -0.0085
vn 0.0052 1.0000 -0.0002
vn 0.0524 0.9986 0.0036
vn 0.0520 0.9985 0.0168
vn 0.0505 0.9986 0.0133
vn 0.0051 1.0000 0.0009
vn 0.5970 0.7779 0.1963
vn 0.6109 0.7744 0.1647
vn 0.9683 -0.0123 0.2497
vn 0.9556 0.1608 0.2470
vn 0.9387 0.1574 0.3068
vn -0.9392 0.1572 0.3052
vn -0.9560 0.1606 0.2454
vn -0.9687 -0.0125 0.2481
vn -0.5975 0.7777 0.1953
vn -0.6113 0.7743 0.1637
vn -0.6462 0.7617 0.0466
vn -0.9849 0.1618 0.0613
vn -0.9983 -0.0100 0.0581
vn -0.0053 1.0000 0.0009
vn -0.0507 0.9986 0.0133
vn -0.0523 0.9985 0.0167
vn -0.0053 1.0000 -0.0002
vn -0.0526 0.9986 0.0036
vn -0.0543 0.9985 -0.0086
vn -0.0515 0.9987 -0.0061
vn -0.0053 1.0000 -0.0014
vn -0.6353 0.7668 -0.0922
vn -0.6338 0.7705 -0.0679
vn -0.9939 -0.0095 -0.1101
vn -0.9827 0.1527 -0.1051
vn -0.9799 0.1405 -0.1414
vn 0.2387 -0.0273 -0.9707
vn 0.2311 0.2972 -0.9264
vn 0.0297 0.2879 -0.9572
vn 0.7797 -0.0221 -0.6257
vn 0.7876 0.2388 -0.5680
vn 0.4433 0.8344 -0.3275
vn 0.1276 0.8536 -0.5050
vn 0.0180 0.8336 -0.5520
vn 0.9798 0.1336 -0.1486
vn 0.9736 0.1393 -0.1809
vn 0.9824 -0.0117 -0.1864
vn 0.7498 0.6516 -0.1149
vn 0.7329 0.6655 -0.1416
vn 0.0887 0.9959 -0.0199
vn 0.2621 0.9635 -0.0542
vn 0.2822 0.9583 -0.0445
vn 0.0353 0.9990 -0.0281
vn 0.1191 0.9893 -0.0839
vn 0.0042 0.9919 -0.1266
vn 0.0299 0.9928 -0.1163
vn 0.0098 0.9992 -0.0388
vn 0.9152 -0.0220 0.4025
vn 0.9049 0.1675 0.3912
vn 0.9304 0.1548 0.3323
vn 0.6434 -0.0352 0.7647
vn 0.6495 0.2540 0.7167
vn 0.3429 0.8508 0.3982
vn 0.6291 0.7249 0.2806
vn 0.6757 0.6963 0.2420
vn 0.0187 0.2797 0.9599
vn 0.1609 0.2861 0.9446
vn 0.1651 -0.0399 0.9855
vn 0.0112 0.8337 0.5521
vn 0.0899 0.8482 0.5220
vn 0.0061 0.9994 0.0334
vn 0.0197 0.9935 0.1118
vn 0.0024 0.9930 0.1183
vn 0.0233 0.9994 0.0266
vn 0.0816 0.9924 0.0917
vn 0.2179 0.9729 0.0775
vn 0.1842 0.9793 0.0835
vn 0.0572 0.9980 0.0255
vn -0.1667 -0.0399 0.9852
vn -0.1625 0.2860 0.9443
vn -0.0203 0.2797 0.9599
vn -0.6447 -0.0353 0.7637
vn -0.6508 0.2538 0.7156
vn -0.3438 0.8507 0.3976
vn -0.0909 0.8482 0.5218
vn -0.0123 0.8337 0.5521
vn -0.9310 0.1547 0.3308
vn -0.9056 0.1673 0.3897
vn -0.9158 -0.0222 0.4010
vn -0.6762 0.6962 0.2409
vn -0.6297 0.7248 0.2796
vn -0.0575 0.9980 0.0254
vn -0.1845 0.9793 0.0832
vn -0.2182 0.9729 0.0772
vn -0.0235 0.9994 0.0266
vn -0.0820 0.9924 0.0916
vn -0.0028 0.9930 0.1183
vn -0.0200 0.9935 0.1118
vn -0.0063 0.9994 0.0334
vn -0.9821 -0.0118 -0.1880
vn -0.9733 0.1391 -0.1825
vn -0.9796 0.1334 -0.1502
vn -0.7787 -0.0223 -0.6270
vn -0.7867 0.2386 -0.5693
vn -0.4430 0.8343 -0.3282
vn -0.7328 0.6653 -0.1428
vn -0.7497 0.6515 -0.1161
vn -0.0282 0.2879 -0.9572
vn -0.2296 0.2972 -0.9268
vn -0.2371 -0.0273 -0.9711
vn -0.0173 0.8336 -0.5521
vn -0.1269 0.8536 -0.5052
vn -0.0100 0.9992 -0.0388
vn -0.0299 0.9928 -0.1163
vn -0.0042 0.9919 -0.1266
vn -0.0354 0.9990 -0.0282
vn -0.1191 0.9893 -0.0841
vn -0.2823 0.9583 -0.0450
vn -0.2622 0.9635 -0.0546
vn -0.0888 0.9958 -0.0201
vn -0.9811 0.1319 -0.1418
vn -0.9849 0.1323 -0.1120
vn -0.9936 -0.0127 -0.1121
vn -0.7513 0.6508 -0.1092
vn -0.7510 0.6548 -0.0852
vn -0.7277 0.6849 0.0359
vn -0.9885 0.1428 0.0493
vn -0.9984 -0.0136 0.0544
vn -0.0937 0.9955 -0.0113
vn -0.2787 0.9599 -0.0318
vn -0.2807 0.9589 -0.0418
vn -0.0835 0.9965 0.0044
vn -0.2550 0.9668 0.0145
vn -0.2298 0.9704 0.0740
vn -0.2382 0.9694 0.0601
vn -0.0788 0.9967 0.0190
vn -0.6883 0.6900 0.2239
vn -0.7025 0.6894 0.1766
vn -0.9689 -0.0144 0.2471
vn -0.9583 0.1509 0.2426
vn -0.9394 0.1533 0.3065
vn 0.9389 0.1535 0.3081
vn 0.9579 0.1510 0.2442
vn 0.9685 -0.0142 0.2487
vn 0.6878 0.6901 0.2250
vn 0.7021 0.6896 0.1778
vn 0.7275 0.6851 0.0371
vn 0.9884 0.1429 0.0509
vn 0.9983 -0.0134 0.0560
vn 0.0786 0.9967 0.0191
vn 0.2379 0.9694 0.0605
vn 0.2294 0.9705 0.0744
vn 0.0833 0.9965 0.0045
vn 0.2548 0.9669 0.0150
vn 0.2806 0.9589 -0.0413
vn 0.2785 0.9599 -0.0313
vn 0.0935 0.9956 -0.0112
vn 0.7514 0.6510 -0.1079
vn 0.7510 0.6549 -0.0839
vn 0.9938 -0.0125 -0.1104
vn 0.9850 0.1325 -0.1103
vn 0.9813 0.1320 -0.1402
vn -0.0554 -0.9984 0.0096
vn -0.6342 -0.7673 0.0952
vn -0.9772 -0.1548 0.1454
vn -0.9890 -0.0173 0.1471
vn -0.1533 0.0020 -0.9882
vn -0.6425 0.0032 -0.7662
vn -0.9224 0.0014 -0.3861
vn 0.0001 -0.9985 -0.0551
vn 0.0005 -0.8638 -0.5038
vn 0.0008 -0.3392 -0.9407
vn 0.9231 0.0016 -0.3846
vn 0.6438 0.0033 -0.7652
vn 0.1549 0.0020 -0.9879
vn 0.0521 -0.9985 -0.0164
vn 0.5893 -0.7838 -0.1962
vn 0.9326 -0.1823 -0.3116
vn 0.2158 0.0048 0.9764
vn 0.7643 0.0050 0.6448
vn 0.9824 0.0019 0.1868
vn 0.0001 -0.9996 0.0290
vn -0.0003 -0.8704 0.4923
vn -0.0007 -0.3255 0.9455
vn -0.0518 -0.9985 -0.0165
vn -0.5888 -0.7839 -0.1971
vn -0.9320 -0.1825 -0.3131
vn 0.0556 -0.9984 0.0097
vn 0.6342 -0.7672 0.0963
vn 0.9770 -0.1546 0.1470
vn 0.0001 -1.0000 0.0014
vn 0.0001 -1.0000 0.0013
vn 0.0001 -1.0000 0.0012
vn 0.9933 -0.0000 0.1154
vn 0.9984 -0.0001 -0.0562
vn 0.9683 -0.0002 -0.2497
vn -0.9679 -0.0004 -0.2513
vn -0.9983 -0.0003 -0.0579
vn -0.9935 -0.0002 0.1138
vn -0.9897 -0.0000 0.1433
vn -0.2174 0.0048 0.9761
vn -0.7654 0.0049 0.6436
vn -0.9827 0.0017 0.1851
vn -0.9885 0.0006 0.1512
vn -0.2772 0.9600 0.0399
vn -0.7425 0.6608 0.1097
vn -0.9770 0.1561 0.1454
vn -0.9889 0.0177 0.1472
vn 0.2242 0.9715 -0.0763
vn 0.6777 0.6992 -0.2277
vn 0.9325 0.1809 -0.3125
vn -0.0002 0.9925 0.1226
vn -0.0005 0.8411 0.5408
vn -0.0008 0.3352 0.9422
vn 0.2769 0.9600 0.0403
vn 0.7422 0.6610 0.1109
vn 0.9767 0.1562 0.1470
vn 0.0000 0.9928 -0.1200
vn 0.0004 0.8403 -0.5422
vn 0.0007 0.3314 -0.9435
vn -0.2243 0.9715 -0.0766
vn -0.6775 0.6990 -0.2289
vn -0.9320 0.1807 -0.3141
vn 0.9804 0.1341 -0.1446
vn 0.6429 0.7600 -0.0955
vn 0.0604 0.9981 -0.0100
vn 0.9162 -0.0401 0.3988
vn 0.6389 -0.0640 0.7666
vn 0.1587 -0.0721 0.9847
vn -0.0008 0.2875 0.9578
vn -0.0005 0.8527 0.5223
vn -0.0001 0.9980 0.0634
vn -0.1603 -0.0721 0.9844
vn -0.6401 -0.0642 0.7656
vn -0.9168 -0.0402 0.3973
vn -0.9355 0.1559 0.3171
vn -0.5974 0.7759 0.2027
vn -0.0559 0.9982 0.0194
vn -0.9819 -0.0266 -0.1877
vn -0.7729 -0.0501 -0.6326
vn -0.2314 -0.0606 -0.9710
vn 0.0008 0.2839 -0.9589
vn 0.0003 0.8639 -0.5037
vn -0.0001 0.9995 -0.0307
vn 0.9349 0.1561 0.3186
vn 0.5969 0.7760 0.2037
vn 0.0557 0.9983 0.0195
vn -0.9801 0.1339 -0.1462
vn -0.6429 0.7599 -0.0966
vn -0.0606 0.9981 -0.0101
vn -0.0001 1.0000 -0.0000
vn -0.0001 1.0000 -0.0005
vn -0.0001 1.0000 -0.0010
vn -0.9685 -0.0291 0.2472
vn -0.9981 -0.0273 0.0555
vn -0.9934 -0.0253 -0.1116
vn 0.9936 -0.0252 -0.1100
vn 0.9980 -0.0271 0.0571
vn 0.9681 -0.0289 0.2488
vn 0.9822 -0.0264 -0.1861
vn 0.7739 -0.0500 -0.6313
vn 0.2330 -0.0605 -0.9706
vn 0.9805 0.1331 -0.1444
vn 0.7504 0.6515 -0.1113
vn 0.2812 0.9587 -0.0427
vn -0.9349 0.1539 0.3197
vn -0.6832 0.6920 0.2332
vn -0.2251 0.9714 0.0759
vn 0.0008 0.2880 -0.9576
vn 0.0004 0.8324 -0.5542
vn 0.0000 0.9919 -0.1270
vn -0.9803 0.1329 -0.1460
vn -0.7504 0.6514 -0.1125
vn -0.2813 0.9587 -0.0432
vn -0.0008 0.2797 0.9601
vn -0.0005 0.8326 0.5538
vn -0.0002 0.9929 0.1187
vn 0.9344 0.1540 0.3212
vn 0.6827 0.6921 0.2343
vn 0.2248 0.9714 0.0763
vn -0.0006 1.0000 0.0006
vn -0.0106 0.9999 0.0003
vn -0.0027 1.0000 -0.0018
vn -0.0029 1.0000 -0.0014
vn -0.0057 1.0000 -0.0037
vn -0.0003 1.0000 -0.0025
vn 0.0001 1.0000 -0.0025
vn 0.0055 1.0000 -0.0037
vn 0.0027 1.0000 -0.0014
vn 0.0025 1.0000 -0.0018
vn 0.0104 0.9999 0.0003
vn 0.0004 1.0000 0.0006
vn 0.0010 1.0000 -0.0014
vn 0.0031 1.0000 -0.0005
vn 0.0007 1.0000 -0.0009
vn -0.0009 1.0000 -0.0009
vn -0.0032 1.0000 -0.0005
vn -0.0012 1.0000 -0.0014
vn -0.9891 0.0001 0.1472
usemtl None
s 1
f 1242/1321/1218 1706/1322/1219 1823/1323/1220 1711/1324/1221
f 1706/1322/1219 1303/1325/1222 1738/1326/1223 1823/1323/1220
f 1823/1323/1220 1738/1326/1223 1273/1327/1224 1727/1328/1225
f 1711/1324/1221 1823/1323/1220 1727/1328/1225 1229/1329/1226
f 1265/1330/1227 1721/1331/1228 1824/1332/1229 1717/1333/1230
f 1721/1331/1228 1309/1334/1231 1741/1335/1232 1824/1332/1229
f 1824/1332/1229 1741/1335/1232 1300/1336/1233 1708/1337/1234
f 1717/1333/1230 1824/1332/1229 1708/1337/1234 1241/1338/1235
f 1258/1339/1236 1718/1340/1237 1825/1341/1238 1691/1342/1239
f 1718/1340/1237 1266/1343/1240 1715/1344/1241 1825/1341/1238
f 1825/1341/1238 1715/1344/1241 1243/1345/1242 1709/1346/1243
f 1691/1342/1239 1825/1341/1238 1709/1346/1243 1228/1347/1244
f 1320/1348/1245 1730/1349/1246 1826/1350/1247 1820/1351/1248
f 1730/1349/1246 1275/1352/1249 1807/1353/1250 1826/1350/1247
f 1826/1350/1247 1807/1353/1250 1375/1354/1251 1789/1355/1252
f 1820/1351/1248 1826/1350/1247 1789/1355/1252 1420/1356/1253
f 1256/1357/1254 1724/1358/1255 1827/1359/1256 1714/1360/1257
f 1724/1358/1255 1318/1361/1258 1747/1362/1259 1827/1359/1256
f 1827/1359/1256 1747/1362/1259 1282/1363/1260 1696/1364/1261
f 1714/1360/1257 1827/1359/1256 1696/1364/1261 1234/1365/1262
f 1250/1366/1263 1700/1367/1264 1828/1368/1265 1705/1369/1266
f 1700/1367/1264 1294/1370/1267 1735/1371/1268 1828/1368/1265
f 1828/1368/1265 1735/1371/1268 1310/1372/1269 1723/1373/1270
f 1705/1369/1266 1828/1368/1265 1723/1373/1270 1264/1374/1271
f 1236/1375/1272 1697/1376/1273 1829/1377/1274 1712/1378/1275
f 1697/1376/1273 1248/1379/1276 1703/1380/1277 1829/1377/1274
f 1829/1377/1274 1703/1380/1277 1267/1381/1278 1720/1382/1279
f 1712/1378/1275 1829/1377/1274 1720/1382/1279 1257/1383/1280
f 1235/1384/1281 1694/1385/1282 1830/1386/1283 1699/1387/1284
f 1694/1385/1282 1285/1388/1285 1744/1389/1286 1830/1386/1283
f 1830/1386/1283 1744/1389/1286 1291/1390/1287 1702/1391/1288
f 1699/1387/1284 1830/1386/1283 1702/1391/1288 1249/1392/1289
f 1343/1393/1290 1766/1394/1291 1831/1395/1292 1765/1396/1293
f 1766/1394/1291 1328/1397/1294 1786/1398/1295 1831/1395/1292
f 1831/1395/1292 1786/1398/1295 1373/1399/1296 1793/1400/1297
f 1765/1396/1293 1831/1395/1292 1793/1400/1297 1401/1401/1298
f 1367/1402/1299 1772/1403/1300 1832/1404/1301 1780/1405/1302
f 1772/1403/1300 1341/1406/1303 1763/1407/1304 1832/1404/1301
f 1832/1404/1301 1763/1407/1304 1400/1408/1305 1796/1409/1306
f 1780/1405/1302 1832/1404/1301 1796/1409/1306 1409/1410/1307
f 1356/1411/1308 1750/1412/1309 1833/1413/1310 1777/1414/1311
f 1750/1412/1309 1329/1415/1312 1768/1416/1313 1833/1413/1310
f 1833/1413/1310 1768/1416/1313 1342/1417/1314 1774/1418/1315
f 1777/1414/1311 1833/1413/1310 1774/1418/1315 1366/1419/1316
f 1358/1420/1317 1769/1421/1318 1834/1422/1319 1783/1423/1320
f 1769/1421/1318 1334/1424/1321 1751/1425/1322 1834/1422/1319
f 1834/1422/1319 1751/1425/1322 1382/1426/1323 1802/1427/1324
f 1783/1423/1320 1834/1422/1319 1802/1427/1324 1418/1428/1325
f 1349/1429/1326 1760/1430/1327 1835/1431/1328 1759/1432/1329
f 1760/1430/1327 1364/1433/1330 1778/1434/1331 1835/1431/1328
f 1835/1431/1328 1778/1434/1331 1412/1435/1332 1790/1436/1333
f 1759/1432/1329 1835/1431/1328 1790/1436/1333 1392/1437/1334
f 1335/1438/1335 1771/1439/1336 1836/1440/1337 1756/1441/1338
f 1771/1439/1336 1357/1442/1339 1775/1443/1340 1836/1440/1337
f 1836/1440/1337 1775/1443/1340 1365/1444/1341 1762/1445/1342
f 1756/1441/1338 1836/1440/1337 1762/1445/1342 1348/1446/1343
f 1336/1447/1344 1754/1448/1345 1837/1449/1346 1753/1450/1347
f 1754/1448/1345 1350/1451/1348 1757/1452/1349 1837/1449/1346
f 1837/1449/1346 1757/1452/1349 1391/1453/1350 1799/1454/1351
f 1753/1450/1347 1837/1449/1346 1799/1454/1351 1383/1455/1352
f 1274/1456/1353 1736/1457/1354 1838/1458/1355 1805/1459/1356
f 1736/1457/1354 1302/1460/1357 1816/1461/1356 1838/1458/1355
f 1838/1458/1355 1816/1461/1356 1402/1462/1358 1795/1463/1359
f 1805/1459/1356 1838/1458/1355 1795/1463/1359 1376/1464/1360
f 1301/1465/1361 1739/1466/1362 1839/1467/1363 1814/1468/1250
f 1739/1466/1362 1312/1469/1364 1819/1470/1365 1839/1467/1363
f 1839/1467/1363 1819/1470/1365 1410/1471/1366 1798/1472/1367
f 1814/1468/1250 1839/1467/1363 1798/1472/1367 1403/1473/1368
f 1292/1474/1369 1742/1475/1370 1840/1476/1250 1811/1477/1371
f 1742/1475/1370 1284/1478/1372 1810/1479/1371 1840/1476/1250
f 1840/1476/1250 1810/1479/1371 1384/1480/1373 1801/1481/1374
f 1811/1477/1371 1840/1476/1250 1801/1481/1374 1394/1482/1375
f 1327/1483/1376 1748/1484/1377 1841/1485/1378 1784/1486/1379
f 1748/1484/1377 1355/1487/1380 1781/1488/1381 1841/1485/1378
f 1841/1485/1378 1781/1488/1381 1421/1489/1382 1787/1490/1383
f 1784/1486/1379 1841/1485/1378 1787/1490/1383 1374/1491/1384
f 1283/1492/1385 1745/1493/1386 1842/1494/1387 1808/1495/1388
f 1745/1493/1386 1321/1496/1389 1822/1497/1390 1842/1494/1387
f 1842/1494/1387 1822/1497/1390 1419/1498/1391 1804/1499/1392
f 1808/1495/1388 1842/1494/1387 1804/1499/1392 1385/1500/1393
f 1311/1501/1394 1733/1502/1395 1843/1503/1396 1817/1504/1397
f 1733/1502/1395 1293/1505/1398 1813/1506/1399 1843/1503/1396
f 1843/1503/1396 1813/1506/1399 1393/1507/1400 1792/1508/1401
f 1817/1504/1397 1843/1503/1396 1792/1508/1401 1411/1509/1402
f 1227/1510/1403 1428/1511/1404 1844/1512/1405 1427/1513/1406
f 1428/1511/1404 1230/1514/1407 1429/1515/1408 1844/1512/1405
f 1844/1512/1405 1429/1515/1408 1231/1516/1409 1430/1517/1410
f 1427/1513/1406 1844/1512/1405 1430/1517/1410 1233/1518/1411
f 1228/1347/1244 1432/1519/1412 1845/1520/1413 1431/1521/1414
f 1432/1519/1412 1232/1522/1415 1433/1523/1416 1845/1520/1413
f 1845/1520/1413 1433/1523/1416 1231/1524/1409 1429/1525/1408
f 1431/1521/1414 1845/1520/1413 1429/1525/1408 1230/1526/1407
f 1229/1329/1226 1435/1527/1417 1846/1528/1418 1434/1529/1419
f 1435/1527/1417 1233/1530/1411 1430/1531/1410 1846/1528/1418
f 1846/1528/1418 1430/1531/1410 1231/1532/1409 1433/1533/1416
f 1434/1529/1419 1846/1528/1418 1433/1533/1416 1232/1534/1415
f 1234/1365/1262 1437/1535/1420 1847/1536/1421 1436/1537/1422
f 1437/1535/1420 1237/1538/1423 1438/1539/1424 1847/1536/1421
f 1847/1536/1421 1438/1539/1424 1238/1540/1425 1439/1541/1426
f 1436/1537/1422 1847/1536/1421 1439/1541/1426 1240/1542/1427
f 1235/1384/1281 1441/1543/1428 1848/1544/1429 1440/1545/1430
f 1441/1543/1428 1239/1546/1431 1442/1547/1432 1848/1544/1429
f 1848/1544/1429 1442/1547/1432 1238/1548/1425 1438/1549/1424
f 1440/1545/1430 1848/1544/1429 1438/1549/1424 1237/1538/1423
f 1236/1375/1272 1444/1550/1433 1849/1551/1434 1443/1552/1435
f 1444/1550/1433 1240/1553/1427 1439/1554/1426 1849/1551/1434
f 1849/1551/1434 1439/1554/1426 1238/1555/1425 1442/1556/1432
f 1443/1552/1435 1849/1551/1434 1442/1556/1432 1239/1557/1431
f 1241/1338/1235 1446/1558/1436 1850/1559/1437 1445/1560/1438
f 1446/1558/1436 1244/1561/1439 1447/1562/1440 1850/1559/1437
f 1850/1559/1437 1447/1562/1440 1245/1563/1441 1448/1564/1442
f 1445/1560/1438 1850/1559/1437 1448/1564/1442 1247/1565/1443
f 1242/1321/1218 1450/1566/1444 1851/1567/1445 1449/1568/1446
f 1450/1566/1444 1246/1569/1447 1451/1570/1448 1851/1567/1445
f 1851/1567/1445 1451/1570/1448 1245/1563/1441 1447/1562/1440
f 1449/1568/1446 1851/1567/1445 1447/1562/1440 1244/1561/1439
f 1243/1345/1242 1453/1571/1449 1852/1572/1450 1452/1573/1451
f 1453/1571/1449 1247/1565/1443 1448/1564/1442 1852/1572/1450
f 1852/1572/1450 1448/1564/1442 1245/1563/1441 1451/1574/1448
f 1452/1573/1451 1852/1572/1450 1451/1574/1448 1246/1575/1447
f 1248/1379/1276 1455/1576/1452 1853/1577/1453 1454/1578/1454
f 1455/1576/1452 1251/1579/1455 1456/1580/1456 1853/1577/1453
f 1853/1577/1453 1456/1580/1456 1252/1581/1457 1457/1582/1458
f 1454/1578/1454 1853/1577/1453 1457/1582/1458 1254/1583/1459
f 1249/1392/1289 1459/1584/1460 1854/1585/1461 1458/1586/1462
f 1459/1584/1460 1253/1587/1463 1460/1588/1464 1854/1585/1461
f 1854/1585/1461 1460/1588/1464 1252/1581/1457 1456/1589/1456
f 1458/1586/1462 1854/1585/1461 1456/1589/1456 1251/1590/1455
f 1250/1366/1263 1462/1591/1465 1855/1592/1466 1461/1593/1467
f 1462/1591/1465 1254/1583/1459 1457/1582/1458 1855/1592/1466
f 1855/1592/1466 1457/1582/1458 1252/1581/1457 1460/1588/1464
f 1461/1593/1467 1855/1592/1466 1460/1588/1464 1253/1587/1463
f 1255/1594/1468 1464/1595/1469 1856/1596/1470 1463/1597/1471
f 1464/1595/1469 1259/1598/1472 1465/1599/1473 1856/1596/1470
f 1856/1596/1470 1465/1599/1473 1260/1600/1474 1466/1601/1475
f 1463/1597/1471 1856/1596/1470 1466/1601/1475 1263/1602/1476
f 1256/1357/1254 1468/1603/1477 1857/1604/1478 1467/1605/1479
f 1468/1603/1477 1261/1606/1480 1469/1607/1481 1857/1604/1478
f 1857/1604/1478 1469/1607/1481 1260/1608/1474 1465/1609/1473
f 1467/1605/1479 1857/1604/1478 1465/1609/1473 1259/1598/1472
f 1257/1383/1280 1471/1610/1482 1858/1611/1483 1470/1612/1484
f 1471/1610/1482 1262/1613/1485 1472/1614/1486 1858/1611/1483
f 1858/1611/1483 1472/1614/1486 1260/1615/1474 1469/1616/1481
f 1470/1612/1484 1858/1611/1483 1469/1616/1481 1261/1617/1480
f 1258/1339/1236 1474/1618/1487 1859/1619/1488 1473/1620/1489
f 1474/1618/1487 1263/1621/1476 1466/1622/1475 1859/1619/1488
f 1859/1619/1488 1466/1622/1475 1260/1623/1474 1472/1624/1486
f 1473/1620/1489 1859/1619/1488 1472/1624/1486 1262/1613/1485
f 1264/1374/1271 1476/1625/1490 1860/1626/1491 1475/1627/1492
f 1476/1625/1490 1268/1628/1493 1477/1629/1494 1860/1626/1491
f 1860/1626/1491 1477/1629/1494 1269/1630/1495 1478/1631/1496
f 1475/1627/1492 1860/1626/1491 1478/1631/1496 1272/1632/1497
f 1265/1330/1227 1480/1633/1498 1861/1634/1499 1479/1635/1500
f 1480/1633/1498 1270/1636/1501 1481/1637/1502 1861/1634/1499
f 1861/1634/1499 1481/1637/1502 1269/1630/1495 1477/1629/1494
f 1479/1635/1500 1861/1634/1499 1477/1629/1494 1268/1628/1493
f 1266/1343/1240 1483/1638/1503 1862/1639/1504 1482/1640/1505
f 1483/1638/1503 1271/1641/1506 1484/1642/1507 1862/1639/1504
f 1862/1639/1504 1484/1642/1507 1269/1630/1495 1481/1637/1502
f 1482/1640/1505 1862/1639/1504 1481/1637/1502 1270/1636/1501
f 1267/1381/1278 1486/1643/1508 1863/1644/1509 1485/1645/1510
f 1486/1643/1508 1272/1632/1497 1478/1631/1496 1863/1644/1509
f 1863/1644/1509 1478/1631/1496 1269/1630/1495 1484/1642/1507
f 1485/1645/1510 1863/1644/1509 1484/1642/1507 1271/1641/1506
f 1273/1327/1224 1488/1646/1511 1864/1647/1512 1487/1648/1513
f 1488/1646/1511 1277/1649/1514 1489/1650/1515 1864/1647/1512
f 1864/1647/1512 1489/1650/1515 1278/1651/1516 1490/1652/1517
f 1487/1648/1513 1864/1647/1512 1490/1652/1517 1281/1653/1518
f 1274/1456/1353 1492/1654/1519 1865/1655/1520 1491/1656/1521
f 1492/1654/1519 1279/1657/1522 1493/1658/1523 1865/1655/1520
f 1865/1655/1520 1493/1658/1523 1278/1659/1516 1489/1660/1515
f 1491/1656/1521 1865/1655/1520 1489/1660/1515 1277/1649/1514
f 1275/1352/1249 1495/1661/1524 1866/1662/1525 1494/1663/1526
f 1495/1661/1524 1280/1664/1527 1496/1665/1528 1866/1662/1525
f 1866/1662/1525 1496/1665/1528 1278/1666/1516 1493/1667/1523
f 1494/1663/1526 1866/1662/1525 1493/1667/1523 1279/1668/1522
f 1276/1669/1529 1498/1670/1530 1867/1671/1531 1497/1672/1532
f 1498/1670/1530 1281/1673/1518 1490/1674/1517 1867/1671/1531
f 1867/1671/1531 1490/1674/1517 1278/1675/1516 1496/1676/1528
f 1497/1672/1532 1867/1671/1531 1496/1676/1528 1280/1664/1527
f 1282/1363/1260 1500/1677/1533 1868/1678/1534 1499/1679/1535
f 1500/1677/1533 1286/1680/1536 1501/1681/1537 1868/1678/1534
f 1868/1678/1534 1501/1681/1537 1287/1682/1538 1502/1683/1539
f 1499/1679/1535 1868/1678/1534 1502/1683/1539 1290/1684/1540
f 1283/1492/1385 1504/1685/1541 1869/1686/1542 1503/1687/1543
f 1504/1685/1541 1288/1688/1544 1505/1689/1545 1869/1686/1542
f 1869/1686/1542 1505/1689/1545 1287/1682/1538 1501/1681/1537
f 1503/1687/1543 1869/1686/1542 1501/1681/1537 1286/1680/1536
f 1284/1478/1372 1507/1690/1546 1870/1691/1547 1506/1692/1548
f 1507/1690/1546 1289/1693/1549 1508/1694/1550 1870/1691/1547
f 1870/1691/1547 1508/1694/1550 1287/1682/1538 1505/1689/1545
f 1506/1692/1548 1870/1691/1547 1505/1689/1545 1288/1688/1544
f 1285/1388/1285 1510/1695/1551 1871/1696/1552 1509/1697/1553
f 1510/1695/1551 1290/1684/1540 1502/1683/1539 1871/1696/1552
f 1871/1696/1552 1502/1683/1539 1287/1682/1538 1508/1694/1550
f 1509/1697/1553 1871/1696/1552 1508/1694/1550 1289/1693/1549
f 1291/1390/1287 1512/1698/1554 1872/1699/1555 1511/1700/1556
f 1512/1698/1554 1295/1701/1557 1513/1702/1558 1872/1699/1555
f 1872/1699/1555 1513/1702/1558 1296/1703/1559 1514/1704/1560
f 1511/1700/1556 1872/1699/1555 1514/1704/1560 1299/1705/1561
f 1292/1474/1369 1516/1706/1562 1873/1707/1563 1515/1708/1564
f 1516/1706/1562 1297/1709/1565 1517/1710/1566 1873/1707/1563
f 1873/1707/1563 1517/1710/1566 1296/1703/1559 1513/1702/1558
f 1515/1708/1564 1873/1707/1563 1513/1702/1558 1295/1701/1557
f 1293/1505/1398 1519/1711/1567 1874/1712/1568 1518/1713/1569
f 1519/1711/1567 1298/1714/1570 1520/1715/1571 1874/1712/1568
f 1874/1712/1568 1520/1715/1571 1296/1703/1559 1517/1710/1566
f 1518/1713/1569 1874/1712/1568 1517/1710/1566 1297/1709/1565
f 1294/1370/1267 1522/1716/1572 1875/1717/1573 1521/1718/1574
f 1522/1716/1572 1299/1705/1561 1514/1704/1560 1875/1717/1573
f 1875/1717/1573 1514/1704/1560 1296/1703/1559 1520/1715/1571
f 1521/1718/1574 1875/1717/1573 1520/1715/1571 1298/1714/1570
f 1300/1336/1233 1524/1719/1575 1876/1720/1576 1523/1721/1577
f 1524/1719/1575 1304/1722/1578 1525/1723/1579 1876/1720/1576
f 1876/1720/1576 1525/1723/1579 1305/1724/1580 1526/1725/1581
f 1523/1721/1577 1876/1720/1576 1526/1725/1581 1308/1726/1582
f 1301/1465/1361 1528/1727/1583 1877/1728/1584 1527/1729/1585
f 1528/1727/1583 1306/1730/1586 1529/1731/1587 1877/1728/1584
f 1877/1728/1584 1529/1731/1587 1305/1724/1580 1525/1723/1579
f 1527/1729/1585 1877/1728/1584 1525/1723/1579 1304/1722/1578
f 1302/1460/1357 1531/1732/1588 1878/1733/1589 1530/1734/1590
f 1531/1732/1588 1307/1735/1591 1532/1736/1592 1878/1733/1589
f 1878/1733/1589 1532/1736/1592 1305/1724/1580 1529/1731/1587
f 1530/1734/1590 1878/1733/1589 1529/1731/1587 1306/1730/1586
f 1303/1325/1222 1534/1737/1593 1879/1738/1594 1533/1739/1595
f 1534/1737/1593 1308/1726/1582 1526/1725/1581 1879/1738/1594
f 1879/1738/1594 1526/1725/1581 1305/1724/1580 1532/1736/1592
f 1533/1739/1595 1879/1738/1594 1532/1736/1592 1307/1735/1591
f 1309/1334/1231 1536/1740/1596 1880/1741/1597 1535/1742/1598
f 1536/1740/1596 1313/1743/1599 1537/1744/1600 1880/1741/1597
f 1880/1741/1597 1537/1744/1600 1314/1745/1601 1538/1746/1602
f 1535/1742/1598 1880/1741/1597 1538/1746/1602 1317/1747/1603
f 1310/1372/1269 1540/1748/1604 1881/1749/1605 1539/1750/1606
f 1540/1748/1604 1315/1751/1607 1541/1752/1608 1881/1749/1605
f 1881/1749/1605 1541/1752/1608 1314/1745/1601 1537/1744/1600
f 1539/1750/1606 1881/1749/1605 1537/1744/1600 1313/1743/1599
f 1311/1501/1394 1543/1753/1609 1882/1754/1610 1542/1755/1611
f 1543/1753/1609 1316/1756/1612 1544/1757/1613 1882/1754/1610
f 1882/1754/1610 1544/1757/1613 1314/1745/1601 1541/1752/1608
f 1542/1755/1611 1882/1754/1610 1541/1752/1608 1315/1751/1607
f 1312/1469/1364 1546/1758/1614 1883/1759/1615 1545/1760/1616
f 1546/1758/1614 1317/1747/1603 1538/1746/1602 1883/1759/1615
f 1883/1759/1615 1538/1746/1602 1314/1745/1601 1544/1757/1613
f 1545/1760/1616 1883/1759/1615 1544/1757/1613 1316/1756/1612
f 1318/1361/1258 1548/1761/1617 1884/1762/1618 1547/1763/1619
f 1548/1761/1617 1322/1764/1620 1549/1765/1621 1884/1762/1618
f 1884/1762/1618 1549/1765/1621 1323/1766/1622 1550/1767/1623
f 1547/1763/1619 1884/1762/1618 1550/1767/1623 1326/1768/1624
f 1319/1769/1625 1552/1770/1626 1885/1771/1627 1551/1772/1628
f 1552/1770/1626 1324/1773/1629 1553/1774/1630 1885/1771/1627
f 1885/1771/1627 1553/1774/1630 1323/1766/1622 1549/1765/1621
f 1551/1772/1628 1885/1771/1627 1549/1765/1621 1322/1764/1620
f 1320/1348/1245 1555/1775/1631 1886/1776/1632 1554/1777/1633
f 1555/1775/1631 1325/1778/1634 1556/1779/1635 1886/1776/1632
f 1886/1776/1632 1556/1779/1635 1323/1766/1622 1553/1774/1630
f 1554/1777/1633 1886/1776/1632 1553/1774/1630 1324/1773/1629
f 1321/1496/1389 1558/1780/1636 1887/1781/1637 1557/1782/1638
f 1558/1780/1636 1326/1768/1624 1550/1767/1623 1887/1781/1637
f 1887/1781/1637 1550/1767/1623 1323/1766/1622 1556/1779/1635
f 1557/1782/1638 1887/1781/1637 1556/1779/1635 1325/1778/1634
f 1327/1483/1376 1560/1783/1639 1888/1784/1640 1559/1785/1641
f 1560/1783/1639 1330/1786/1642 1561/1787/1643 1888/1784/1640
f 1888/1784/1640 1561/1787/1643 1331/1788/1644 1562/1789/1645
f 1559/1785/1641 1888/1784/1640 1562/1789/1645 1333/1790/1646
f 1328/1397/1294 1564/1791/1647 1889/1792/1648 1563/1793/1649
f 1564/1791/1647 1332/1794/1650 1565/1795/1651 1889/1792/1648
f 1889/1792/1648 1565/1795/1651 1331/1796/1644 1561/1797/1643
f 1563/1793/1649 1889/1792/1648 1561/1797/1643 1330/1798/1642
f 1329/1415/1312 1567/1799/1652 1890/1800/1653 1566/1801/1654
f 1567/1799/1652 1333/1802/1646 1562/1803/1645 1890/1800/1653
f 1890/1800/1653 1562/1803/1645 1331/1804/1644 1565/1805/1651
f 1566/1801/1654 1890/1800/1653 1565/1805/1651 1332/1806/1650
f 1334/1424/1321 1569/1807/1655 1891/1808/1656 1568/1809/1657
f 1569/1807/1655 1337/1810/1658 1570/1811/1659 1891/1808/1656
f 1891/1808/1656 1570/1811/1659 1338/1812/1660 1571/1813/1661
f 1568/1809/1657 1891/1808/1656 1571/1813/1661 1340/1814/1662
f 1335/1438/1335 1573/1815/1663 1892/1816/1664 1572/1817/1665
f 1573/1815/1663 1339/1818/1666 1574/1819/1667 1892/1816/1664
f 1892/1816/1664 1574/1819/1667 1338/1820/1660 1570/1821/1659
f 1572/1817/1665 1892/1816/1664 1570/1821/1659 1337/1822/1658
f 1336/1447/1344 1576/1823/1668 1893/1824/1669 1575/1825/1670
f 1576/1823/1668 1340/1814/1662 1571/1826/1661 1893/1824/1669
f 1893/1824/1669 1571/1826/1661 1338/1827/1660 1574/1828/1667
f 1575/1825/1670 1893/1824/1669 1574/1828/1667 1339/1829/1666
f 1341/1406/1303 1578/1830/1671 1894/1831/1672 1577/1832/1673
f 1578/1830/1671 1344/1833/1674 1579/1834/1675 1894/1831/1672
f 1894/1831/1672 1579/1834/1675 1345/1835/1676 1580/1836/1677
f 1577/1832/1673 1894/1831/1672 1580/1836/1677 1347/1837/1678
f 1342/1417/1314 1582/1838/1679 1895/1839/1680 1581/1840/1681
f 1582/1838/1679 1346/1841/1682 1583/1842/1683 1895/1839/1680
f 1895/1839/1680 1583/1842/1683 1345/1835/1676 1579/1834/1675
f 1581/1840/1681 1895/1839/1680 1579/1834/1675 1344/1833/1674
f 1343/1393/1290 1585/1843/1684 1896/1844/1685 1584/1845/1686
f 1585/1843/1684 1347/1837/1678 1580/1836/1677 1896/1844/1685
f 1896/1844/1685 1580/1836/1677 1345/1835/1676 1583/1846/1683
f 1584/1845/1686 1896/1844/1685 1583/1846/1683 1346/1847/1682
f 1348/1446/1343 1587/1848/1687 1897/1849/1688 1586/1850/1689
f 1587/1848/1687 1351/1851/1690 1588/1852/1691 1897/1849/1688
f 1897/1849/1688 1588/1852/1691 1352/1853/1692 1589/1854/1693
f 1586/1850/1689 1897/1849/1688 1589/1854/1693 1354/1855/1694
f 1349/1429/1326 1591/1856/1695 1898/1857/1696 1590/1858/1697
f 1591/1856/1695 1353/1859/1698 1592/1860/1699 1898/1857/1696
f 1898/1857/1696 1592/1860/1699 1352/1853/1692 1588/1852/1691
f 1590/1858/1697 1898/1857/1696 1588/1852/1691 1351/1851/1690
f 1350/1451/1348 1594/1861/1700 1899/1862/1701 1593/1863/1702
f 1594/1861/1700 1354/1864/1694 1589/1865/1693 1899/1862/1701
f 1899/1862/1701 1589/1865/1693 1352/1853/1692 1592/1860/1699
f 1593/1863/1702 1899/1862/1701 1592/1860/1699 1353/1859/1698
f 1355/1487/1380 1596/1866/1703 1900/1867/1704 1595/1868/1705
f 1596/1866/1703 1359/1869/1706 1597/1870/1707 1900/1867/1704
f 1900/1867/1704 1597/1870/1707 1360/1871/1708 1598/1872/1709
f 1595/1868/1705 1900/1867/1704 1598/1872/1709 1363/1873/1710
f 1356/1411/1308 1600/1874/1711 1901/1875/1712 1599/1876/1713
f 1600/1874/1711 1361/1877/1714 1601/1878/1715 1901/1875/1712
f 1901/1875/1712 1601/1878/1715 1360/1879/1708 1597/1880/1707
f 1599/1876/1713 1901/1875/1712 1597/1880/1707 1359/1881/1706
f 1357/1442/1339 1603/1882/1716 1902/1883/1717 1602/1884/1718
f 1603/1882/1716 1362/1885/1719 1604/1886/1720 1902/1883/1717
f 1902/1883/1717 1604/1886/1720 1360/1887/1708 1601/1888/1715
f 1602/1884/1718 1902/1883/1717 1601/1888/1715 1361/1877/1714
f 1358/1420/1317 1606/1889/1721 1903/1890/1722 1605/1891/1723
f 1606/1889/1721 1363/1873/1710 1598/1892/1709 1903/1890/1722
f 1903/1890/1722 1598/1892/1709 1360/1893/1708 1604/1894/1720
f 1605/1891/1723 1903/1890/1722 1604/1894/1720 1362/1895/1719
f 1364/1433/1330 1608/1896/1724 1904/1897/1725 1607/1898/1726
f 1608/1896/1724 1368/1899/1727 1609/1900/1728 1904/1897/1725
f 1904/1897/1725 1609/1900/1728 1369/1901/1729 1610/1902/1730
f 1607/1898/1726 1904/1897/1725 1610/1902/1730 1372/1903/1731
f 1365/1444/1341 1612/1904/1732 1905/1905/1733 1611/1906/1734
f 1612/1904/1732 1370/1907/1735 1613/1908/1736 1905/1905/1733
f 1905/1905/1733 1613/1908/1736 1369/1901/1729 1609/1900/1728
f 1611/1906/1734 1905/1905/1733 1609/1900/1728 1368/1899/1727
f 1366/1419/1316 1615/1909/1737 1906/1910/1738 1614/1911/1739
f 1615/1909/1737 1371/1912/1740 1616/1913/1741 1906/1910/1738
f 1906/1910/1738 1616/1913/1741 1369/1901/1729 1613/1908/1736
f 1614/1911/1739 1906/1910/1738 1613/1908/1736 1370/1907/1735
f 1367/1402/1299 1618/1914/1742 1907/1915/1743 1617/1916/1744
f 1618/1914/1742 1372/1903/1731 1610/1902/1730 1907/1915/1743
f 1907/1915/1743 1610/1902/1730 1369/1901/1729 1616/1913/1741
f 1617/1916/1744 1907/1915/1743 1616/1913/1741 1371/1912/1740
f 1373/1399/1296 1620/1917/1745 1908/1918/1746 1619/1919/1747
f 1620/1917/1745 1377/1920/1748 1621/1921/1749 1908/1918/1746
f 1908/1918/1746 1621/1921/1749 1378/1922/1750 1622/1923/1751
f 1619/1919/1747 1908/1918/1746 1622/1923/1751 1381/1924/1752
f 1374/1491/1384 1624/1925/1753 1909/1926/1754 1623/1927/1755
f 1624/1925/1753 1379/1928/1756 1625/1929/1757 1909/1926/1754
f 1909/1926/1754 1625/1929/1757 1378/1930/1750 1621/1931/1749
f 1623/1927/1755 1909/1926/1754 1621/1931/1749 1377/1932/1748
f 1375/1354/1251 1627/1933/1758 1910/1934/1759 1626/1935/1760
f 1627/1933/1758 1380/1936/1761 1628/1937/1762 1910/1934/1759
f 1910/1934/1759 1628/1937/1762 1378/1930/1750 1625/1929/1757
f 1626/1935/1760 1910/1934/1759 1625/1929/1757 1379/1928/1756
f 1376/1464/1360 1630/1938/1763 1911/1939/1764 1629/1940/1765
f 1630/1938/1763 1381/1924/1752 1622/1941/1751 1911/1939/1764
f 1911/1939/1764 1622/1941/1751 1378/1942/1750 1628/1943/1762
f 1629/1940/1765 1911/1939/1764 1628/1943/1762 1380/1944/1761
f 1382/1426/1323 1632/1945/1766 1912/1946/1767 1631/1947/1768
f 1632/1945/1766 1386/1948/1769 1633/1949/1770 1912/1946/1767
f 1912/1946/1767 1633/1949/1770 1387/1950/1771 1634/1951/1772
f 1631/1947/1768 1912/1946/1767 1634/1951/1772 1390/1952/1773
f 1383/1455/1352 1636/1953/1774 1913/1954/1775 1635/1955/1776
f 1636/1953/1774 1388/1956/1777 1637/1957/1778 1913/1954/1775
f 1913/1954/1775 1637/1957/1778 1387/1950/1771 1633/1949/1770
f 1635/1955/1776 1913/1954/1775 1633/1949/1770 1386/1948/1769
f 1384/1480/1373 1639/1958/1779 1914/1959/1780 1638/1960/1781
f 1639/1958/1779 1389/1961/1782 1640/1962/1783 1914/1959/1780
f 1914/1959/1780 1640/1962/1783 1387/1950/1771 1637/1957/1778
f 1638/1960/1781 1914/1959/1780 1637/1957/1778 1388/1956/1777
f 1385/1500/1393 1642/1963/1784 1915/1964/1785 1641/1965/1786
f 1642/1963/1784 1390/1952/1773 1634/1951/1772 1915/1964/1785
f 1915/1964/1785 1634/1951/1772 1387/1950/1771 1640/1962/1783
f 1641/1965/1786 1915/1964/1785 1640/1962/1783 1389/1961/1782
f 1391/1453/1350 1644/1966/1787 1916/1967/1788 1643/1968/1789
f 1644/1966/1787 1395/1969/1790 1645/1970/1791 1916/1967/1788
f 1916/1967/1788 1645/1970/1791 1396/1971/1792 1646/1972/1793
f 1643/1968/1789 1916/1967/1788 1646/1972/1793 1399/1973/1794
f 1392/1437/1334 1648/1974/1795 1917/1975/1796 1647/1976/1797
f 1648/1974/1795 1397/1977/1798 1649/1978/1799 1917/1975/1796
f 1917/1975/1796 1649/1978/1799 1396/1971/1792 1645/1970/1791
f 1647/1976/1797 1917/1975/1796 1645/1970/1791 1395/1969/1790
f 1393/1507/1400 1651/1979/1800 1918/1980/1801 1650/1981/1802
f 1651/1979/1800 1398/1982/1803 1652/1983/1804 1918/1980/1801
f 1918/1980/1801 1652/1983/1804 1396/1971/1792 1649/1978/1799
f 1650/1981/1802 1918/1980/1801 1649/1978/1799 1397/1977/1798
f 1394/1482/1375 1654/1984/1805 1919/1985/1806 1653/1986/1807
f 1654/1984/1805 1399/1973/1794 1646/1972/1793 1919/1985/1806
f 1919/1985/1806 1646/1972/1793 1396/1971/1792 1652/1983/1804
f 1653/1986/1807 1919/1985/1806 1652/1983/1804 1398/1982/1803
f 1400/1408/1305 1656/1987/1808 1920/1988/1809 1655/1989/1810
f 1656/1987/1808 1404/1990/1811 1657/1991/1812 1920/1988/1809
f 1920/1988/1809 1657/1991/1812 1405/1992/1813 1658/1993/1814
f 1655/1989/1810 1920/1988/1809 1658/1993/1814 1408/1994/1815
f 1401/1401/1298 1660/1995/1816 1921/1996/1817 1659/1997/1818
f 1660/1995/1816 1406/1998/1819 1661/1999/1820 1921/1996/1817
f 1921/1996/1817 1661/1999/1820 1405/1992/1813 1657/1991/1812
f 1659/1997/1818 1921/1996/1817 1657/1991/1812 1404/1990/1811
f 1402/1462/1358 1663/2000/1821 1922/2001/1822 1662/2002/1823
f 1663/2000/1821 1407/2003/1824 1664/2004/1825 1922/2001/1822
f 1922/2001/1822 1664/2004/1825 1405/1992/1813 1661/1999/1820
f 1662/2002/1823 1922/2001/1822 1661/1999/1820 1406/1998/1819
f 1403/1473/1368 1666/2005/1826 1923/2006/1827 1665/2007/1828
f 1666/2005/1826 1408/1994/1815 1658/1993/1814 1923/2006/1827
f 1923/2006/1827 1658/1993/1814 1405/1992/1813 1664/2004/1825
f 1665/2007/1828 1923/2006/1827 1664/2004/1825 1407/2003/1824
f 1409/1410/1307 1668/2008/1829 1924/2009/1830 1667/2010/1831
f 1668/2008/1829 1413/2011/1832 1669/2012/1833 1924/2009/1830
f 1924/2009/1830 1669/2012/1833 1414/2013/1834 1670/2014/1835
f 1667/2010/1831 1924/2009/1830 1670/2014/1835 1417/2015/1836
f 1410/1471/1366 1672/2016/1837 1925/2017/1838 1671/2018/1839
f 1672/2016/1837 1415/2019/1840 1673/2020/1841 1925/2017/1838
f 1925/2017/1838 1673/2020/1841 1414/2013/1834 1669/2012/1833
f 1671/2018/1839 1925/2017/1838 1669/2012/1833 1413/2011/1832
f 1411/1509/1402 1675/2021/1842 1926/2022/1843 1674/2023/1844
f 1675/2021/1842 1416/2024/1845 1676/2025/1846 1926/2022/1843
f 1926/2022/1843 1676/2025/1846 1414/2013/1834 1673/2020/1841
f 1674/2023/1844 1926/2022/1843 1673/2020/1841 1415/2019/1840
f 1412/1435/1332 1678/2026/1847 1927/2027/1848 1677/2028/1849
f 1678/2026/1847 1417/2015/1836 1670/2014/1835 1927/2027/1848
f 1927/2027/1848 1670/2014/1835 1414/2013/1834 1676/2025/1846
f 1677/2028/1849 1927/2027/1848 1676/2025/1846 1416/2024/1845
f 1418/1428/1325 1680/2029/1850 1928/2030/1851 1679/2031/1852
f 1680/2029/1850 1422/2032/1853 1681/2033/1854 1928/2030/1851
f 1928/2030/1851 1681/2033/1854 1423/2034/1855 1682/2035/1856
f 1679/2031/1852 1928/2030/1851 1682/2035/1856 1426/2036/1857
f 1419/1498/1391 1684/2037/1858 1929/2038/1859 1683/2039/1860
f 1684/2037/1858 1424/2040/1861 1685/2041/1862 1929/2038/1859
f 1929/2038/1859 1685/2041/1862 1423/2034/1855 1681/2033/1854
f 1683/2039/1860 1929/2038/1859 1681/2033/1854 1422/2032/1853
f 1420/1356/1253 1687/2042/1863 1930/2043/1864 1686/2044/1865
f 1687/2042/1863 1425/2045/1866 1688/2046/1867 1930/2043/1864
f 1930/2043/1864 1688/2046/1867 1423/2034/1855 1685/2041/1862
f 1686/2044/1865 1930/2043/1864 1685/2041/1862 1424/2040/1861
f 1421/1489/1382 1690/2047/1868 1931/2048/1869 1689/2049/1870
f 1690/2047/1868 1426/2036/1857 1682/2035/1856 1931/2048/1869
f 1931/2048/1869 1682/2035/1856 1423/2034/1855 1688/2046/1867
f 1689/2049/1870 1931/2048/1869 1688/2046/1867 1425/2045/1866
f 1258/1339/1236 1691/1342/1239 1932/2050/1871 1474/1618/1487
f 1691/1342/1239 1228/1347/1244 1431/1521/1414 1932/2050/1871
f 1932/2050/1871 1431/1521/1414 1230/1526/1407 1692/2051/1872
f 1474/1618/1487 1932/2050/1871 1692/2051/1872 1263/1621/1476
f 1263/1602/1476 1692/2052/1872 1933/2053/1873 1463/1597/1471
f 1692/2052/1872 1230/1514/1407 1428/1511/1404 1933/2053/1873
f 1933/2053/1873 1428/1511/1404 1227/1510/1403 1693/2054/1874
f 1463/1597/1471 1933/2053/1873 1693/2054/1874 1255/1594/1468
f 1285/1388/1285 1694/1385/1282 1934/2055/1875 1510/1695/1551
f 1694/1385/1282 1235/1384/1281 1440/1545/1430 1934/2055/1875
f 1934/2055/1875 1440/1545/1430 1237/1538/1423 1695/2056/1876
f 1510/1695/1551 1934/2055/1875 1695/2056/1876 1290/1684/1540
f 1290/1684/1540 1695/2056/1876 1935/2057/1877 1499/1679/1535
f 1695/2056/1876 1237/1538/1423 1437/1535/1420 1935/2057/1877
f 1935/2057/1877 1437/1535/1420 1234/1365/1262 1696/1364/1261
f 1499/1679/1535 1935/2057/1877 1696/1364/1261 1282/1363/1260
f 1248/1379/1276 1697/1376/1273 1936/2058/1878 1455/1576/1452
f 1697/1376/1273 1236/1375/1272 1443/1552/1435 1936/2058/1878
f 1936/2058/1878 1443/1552/1435 1239/1557/1431 1698/2059/1879
f 1455/1576/1452 1936/2058/1878 1698/2059/1879 1251/1579/1455
f 1251/1590/1455 1698/2060/1879 1937/2061/1880 1458/1586/1462
f 1698/2060/1879 1239/1546/1431 1441/1543/1428 1937/2061/1880
f 1937/2061/1880 1441/1543/1428 1235/1384/1281 1699/1387/1284
f 1458/1586/1462 1937/2061/1880 1699/1387/1284 1249/1392/1289
f 1294/1370/1267 1700/1367/1264 1938/2062/1881 1522/1716/1572
f 1700/1367/1264 1250/1366/1263 1461/1593/1467 1938/2062/1881
f 1938/2062/1881 1461/1593/1467 1253/1587/1463 1701/2063/1882
f 1522/1716/1572 1938/2062/1881 1701/2063/1882 1299/1705/1561
f 1299/1705/1561 1701/2063/1882 1939/2064/1883 1511/1700/1556
f 1701/2063/1882 1253/1587/1463 1459/1584/1460 1939/2064/1883
f 1939/2064/1883 1459/1584/1460 1249/1392/1289 1702/1391/1288
f 1511/1700/1556 1939/2064/1883 1702/1391/1288 1291/1390/1287
f 1267/1381/1278 1703/1380/1277 1940/2065/1884 1486/1643/1508
f 1703/1380/1277 1248/1379/1276 1454/1578/1454 1940/2065/1884
f 1940/2065/1884 1454/1578/1454 1254/1583/1459 1704/2066/1885
f 1486/1643/1508 1940/2065/1884 1704/2066/1885 1272/1632/1497
f 1272/1632/1497 1704/2066/1885 1941/2067/1886 1475/1627/1492
f 1704/2066/1885 1254/1583/1459 1462/1591/1465 1941/2067/1886
f 1941/2067/1886 1462/1591/1465 1250/1366/1263 1705/1369/1266
f 1475/1627/1492 1941/2067/1886 1705/1369/1266 1264/1374/1271
f 1303/1325/1222 1706/1322/1219 1942/2068/1887 1534/1737/1593
f 1706/1322/1219 1242/1321/1218 1449/1568/1446 1942/2068/1887
f 1942/2068/1887 1449/1568/1446 1244/1561/1439 1707/2069/1888
f 1534/1737/1593 1942/2068/1887 1707/2069/1888 1308/1726/1582
f 1308/1726/1582 1707/2069/1888 1943/2070/1889 1523/1721/1577
f 1707/2069/1888 1244/1561/1439 1446/1558/1436 1943/2070/1889
f 1943/2070/1889 1446/1558/1436 1241/1338/1235 1708/1337/1234
f 1523/1721/1577 1943/2070/1889 1708/1337/1234 1300/1336/1233
f 1228/1347/1244 1709/1346/1243 1944/2071/1890 1432/1519/1412
f 1709/1346/1243 1243/1345/1242 1452/1573/1451 1944/2071/1890
f 1944/2071/1890 1452/1573/1451 1246/1575/1447 1710/2072/1891
f 1432/1519/1412 1944/2071/1890 1710/2072/1891 1232/1522/1415
f 1232/1534/1415 1710/2073/1891 1945/2074/1892 1434/1529/1419
f 1710/2073/1891 1246/1569/1447 1450/1566/1444 1945/2074/1892
f 1945/2074/1892 1450/1566/1444 1242/1321/1218 1711/1324/1221
f 1434/1529/1419 1945/2074/1892 1711/1324/1221 1229/1329/1226
f 1236/1375/1272 1712/1378/1275 1946/2075/1893 1444/1550/1433
f 1712/1378/1275 1257/1383/1280 1470/1612/1484 1946/2075/1893
f 1946/2075/1893 1470/1612/1484 1261/1617/1480 1713/2076/1894
f 1444/1550/1433 1946/2075/1893 1713/2076/1894 1240/1553/1427
f 1240/1542/1427 1713/2077/1894 1947/2078/1895 1436/1537/1422
f 1713/2077/1894 1261/1606/1480 1468/1603/1477 1947/2078/1895
f 1947/2078/1895 1468/1603/1477 1256/1357/1254 1714/1360/1257
f 1436/1537/1422 1947/2078/1895 1714/1360/1257 1234/1365/1262
f 1243/1345/1242 1715/1344/1241 1948/2079/1896 1453/1571/1449
f 1715/1344/1241 1266/1343/1240 1482/1640/1505 1948/2079/1896
f 1948/2079/1896 1482/1640/1505 1270/1636/1501 1716/2080/1897
f 1453/1571/1449 1948/2079/1896 1716/2080/1897 1247/1565/1443
f 1247/1565/1443 1716/2080/1897 1949/2081/1898 1445/1560/1438
f 1716/2080/1897 1270/1636/1501 1480/1633/1498 1949/2081/1898
f 1949/2081/1898 1480/1633/1498 1265/1330/1227 1717/1333/1230
f 1445/1560/1438 1949/2081/1898 1717/1333/1230 1241/1338/1235
f 1266/1343/1240 1718/1340/1237 1950/2082/1899 1483/1638/1503
f 1718/1340/1237 1258/1339/1236 1473/1620/1489 1950/2082/1899
f 1950/2082/1899 1473/1620/1489 1262/1613/1485 1719/2083/1900
f 1483/1638/1503 1950/2082/1899 1719/2083/1900 1271/1641/1506
f 1271/1641/1506 1719/2083/1900 1951/2084/1901 1485/1645/1510
f 1719/2083/1900 1262/1613/1485 1471/1610/1482 1951/2084/1901
f 1951/2084/1901 1471/1610/1482 1257/1383/1280 1720/1382/1279
f 1485/1645/1510 1951/2084/1901 1720/1382/1279 1267/1381/1278
f 1309/1334/1231 1721/1331/1228 1952/2085/1902 1536/1740/1596
f 1721/1331/1228 1265/1330/1227 1479/1635/1500 1952/2085/1902
f 1952/2085/1902 1479/1635/1500 1268/1628/1493 1722/2086/1903
f 1536/1740/1596 1952/2085/1902 1722/2086/1903 1313/1743/1599
f 1313/1743/1599 1722/2086/1903 1953/2087/1904 1539/1750/1606
f 1722/2086/1903 1268/1628/1493 1476/1625/1490 1953/2087/1904
f 1953/2087/1904 1476/1625/1490 1264/1374/1271 1723/1373/1270
f 1539/1750/1606 1953/2087/1904 1723/1373/1270 1310/1372/1269
f 1318/1361/1258 1724/1358/1255 1954/2088/1905 1548/1761/1617
f 1724/1358/1255 1256/1357/1254 1467/1605/1479 1954/2088/1905
f 1954/2088/1905 1467/1605/1479 1259/1598/1472 1725/2089/1906
f 1548/1761/1617 1954/2088/1905 1725/2089/1906 1322/1764/1620
f 1322/1764/1620 1725/2089/1906 1955/2090/1907 1551/1772/1628
f 1725/2089/1906 1259/1598/1472 1464/1595/1469 1955/2090/1907
f 1955/2090/1907 1464/1595/1469 1255/1594/1468 1726/2091/1908
f 1551/1772/1628 1955/2090/1907 1726/2091/1908 1319/1769/1625
f 1229/1329/1226 1727/1328/1225 1956/2092/1909 1435/1527/1417
f 1727/1328/1225 1273/1327/1224 1487/1648/1513 1956/2092/1909
f 1956/2092/1909 1487/1648/1513 1281/1653/1518 1728/2093/1910
f 1435/1527/1417 1956/2092/1909 1728/2093/1910 1233/1530/1411
f 1233/1518/1411 1728/2094/1910 1957/2095/1911 1427/1513/1406
f 1728/2094/1910 1281/1673/1518 1498/1670/1530 1957/2095/1911
f 1957/2095/1911 1498/1670/1530 1276/1669/1529 1729/2096/1912
f 1427/1513/1406 1957/2095/1911 1729/2096/1912 1227/1510/1403
f 1275/1352/1249 1730/1349/1246 1958/2097/1913 1495/1661/1524
f 1730/1349/1246 1320/1348/1245 1554/1777/1633 1958/2097/1913
f 1958/2097/1913 1554/1777/1633 1324/1773/1629 1731/2098/1914
f 1495/1661/1524 1958/2097/1913 1731/2098/1914 1280/1664/1527
f 1280/1664/1527 1731/2098/1914 1959/2099/1915 1497/1672/1532
f 1731/2098/1914 1324/1773/1629 1552/1770/1626 1959/2099/1915
f 1959/2099/1915 1552/1770/1626 1319/1769/1625 1732/2100/1916
f 1497/1672/1532 1959/2099/1915 1732/2100/1916 1276/1669/1529
f 1293/1505/1398 1733/1502/1395 1960/2101/1917 1519/1711/1567
f 1733/1502/1395 1311/1501/1394 1542/1755/1611 1960/2101/1917
f 1960/2101/1917 1542/1755/1611 1315/1751/1607 1734/2102/1918
f 1519/1711/1567 1960/2101/1917 1734/2102/1918 1298/1714/1570
f 1298/1714/1570 1734/2102/1918 1961/2103/1919 1521/1718/1574
f 1734/2102/1918 1315/1751/1607 1540/1748/1604 1961/2103/1919
f 1961/2103/1919 1540/1748/1604 1310/1372/1269 1735/1371/1268
f 1521/1718/1574 1961/2103/1919 1735/1371/1268 1294/1370/1267
f 1302/1460/1357 1736/1457/1354 1962/2104/1920 1531/1732/1588
f 1736/1457/1354 1274/1456/1353 1491/1656/1521 1962/2104/1920
f 1962/2104/1920 1491/1656/1521 1277/1649/1514 1737/2105/1921
f 1531/1732/1588 1962/2104/1920 1737/2105/1921 1307/1735/1591
f 1307/1735/1591 1737/2105/1921 1963/2106/1922 1533/1739/1595
f 1737/2105/1921 1277/1649/1514 1488/1646/1511 1963/2106/1922
f 1963/2106/1922 1488/1646/1511 1273/1327/1224 1738/1326/1223
f 1533/1739/1595 1963/2106/1922 1738/1326/1223 1303/1325/1222
f 1312/1469/1364 1739/1466/1362 1964/2107/1923 1546/1758/1614
f 1739/1466/1362 1301/1465/1361 1527/1729/1585 1964/2107/1923
f 1964/2107/1923 1527/1729/1585 1304/1722/1578 1740/2108/1924
f 1546/1758/1614 1964/2107/1923 1740/2108/1924 1317/1747/1603
f 1317/1747/1603 1740/2108/1924 1965/2109/1925 1535/1742/1598
f 1740/2108/1924 1304/1722/1578 1524/1719/1575 1965/2109/1925
f 1965/2109/1925 1524/1719/1575 1300/1336/1233 1741/1335/1232
f 1535/1742/1598 1965/2109/1925 1741/1335/1232 1309/1334/1231
f 1284/1478/1372 1742/1475/1370 1966/2110/1926 1507/1690/1546
f 1742/1475/1370 1292/1474/1369 1515/1708/1564 1966/2110/1926
f 1966/2110/1926 1515/1708/1564 1295/1701/1557 1743/2111/1927
f 1507/1690/1546 1966/2110/1926 1743/2111/1927 1289/1693/1549
f 1289/1693/1549 1743/2111/1927 1967/2112/1928 1509/1697/1553
f 1743/2111/1927 1295/1701/1557 1512/1698/1554 1967/2112/1928
f 1967/2112/1928 1512/1698/1554 1291/1390/1287 1744/1389/1286
f 1509/1697/1553 1967/2112/1928 1744/1389/1286 1285/1388/1285
f 1321/1496/1389 1745/1493/1386 1968/2113/1929 1558/1780/1636
f 1745/1493/1386 1283/1492/1385 1503/1687/1543 1968/2113/1929
f 1968/2113/1929 1503/1687/1543 1286/1680/1536 1746/2114/1930
f 1558/1780/1636 1968/2113/1929 1746/2114/1930 1326/1768/1624
f 1326/1768/1624 1746/2114/1930 1969/2115/1931 1547/1763/1619
f 1746/2114/1930 1286/1680/1536 1500/1677/1533 1969/2115/1931
f 1969/2115/1931 1500/1677/1533 1282/1363/1260 1747/1362/1259
f 1547/1763/1619 1969/2115/1931 1747/1362/1259 1318/1361/1258
f 1355/1487/1380 1748/1484/1377 1970/2116/1932 1596/1866/1703
f 1748/1484/1377 1327/1483/1376 1559/1785/1641 1970/2116/1932
f 1970/2116/1932 1559/1785/1641 1333/1790/1646 1749/2117/1933
f 1596/1866/1703 1970/2116/1932 1749/2117/1933 1359/1869/1706
f 1359/1881/1706 1749/2118/1933 1971/2119/1934 1599/1876/1713
f 1749/2118/1933 1333/1802/1646 1567/1799/1652 1971/2119/1934
f 1971/2119/1934 1567/1799/1652 1329/1415/1312 1750/1412/1309
f 1599/1876/1713 1971/2119/1934 1750/1412/1309 1356/1411/1308
f 1382/1426/1323 1751/1425/1322 1972/2120/1935 1632/1945/1766
f 1751/1425/1322 1334/1424/1321 1568/1809/1657 1972/2120/1935
f 1972/2120/1935 1568/1809/1657 1340/1814/1662 1752/2121/1936
f 1632/1945/1766 1972/2120/1935 1752/2121/1936 1386/1948/1769
f 1386/1948/1769 1752/2121/1936 1973/2122/1937 1635/1955/1776
f 1752/2121/1936 1340/1814/1662 1576/1823/1668 1973/2122/1937
f 1973/2122/1937 1576/1823/1668 1336/1447/1344 1753/1450/1347
f 1635/1955/1776 1973/2122/1937 1753/1450/1347 1383/1455/1352
f 1350/1451/1348 1754/1448/1345 1974/2123/1938 1594/1861/1700
f 1754/1448/1345 1336/1447/1344 1575/1825/1670 1974/2123/1938
f 1974/2123/1938 1575/1825/1670 1339/1829/1666 1755/2124/1939
f 1594/1861/1700 1974/2123/1938 1755/2124/1939 1354/1864/1694
f 1354/1855/1694 1755/2125/1939 1975/2126/1940 1586/1850/1689
f 1755/2125/1939 1339/1818/1666 1573/1815/1663 1975/2126/1940
f 1975/2126/1940 1573/1815/1663 1335/1438/1335 1756/1441/1338
f 1586/1850/1689 1975/2126/1940 1756/1441/1338 1348/1446/1343
f 1391/1453/1350 1757/1452/1349 1976/2127/1941 1644/1966/1787
f 1757/1452/1349 1350/1451/1348 1593/1863/1702 1976/2127/1941
f 1976/2127/1941 1593/1863/1702 1353/1859/1698 1758/2128/1942
f 1644/1966/1787 1976/2127/1941 1758/2128/1942 1395/1969/1790
f 1395/1969/1790 1758/2128/1942 1977/2129/1943 1647/1976/1797
f 1758/2128/1942 1353/1859/1698 1591/1856/1695 1977/2129/1943
f 1977/2129/1943 1591/1856/1695 1349/1429/1326 1759/1432/1329
f 1647/1976/1797 1977/2129/1943 1759/1432/1329 1392/1437/1334
f 1364/1433/1330 1760/1430/1327 1978/2130/1944 1608/1896/1724
f 1760/1430/1327 1349/1429/1326 1590/1858/1697 1978/2130/1944
f 1978/2130/1944 1590/1858/1697 1351/1851/1690 1761/2131/1945
f 1608/1896/1724 1978/2130/1944 1761/2131/1945 1368/1899/1727
f 1368/1899/1727 1761/2131/1945 1979/2132/1946 1611/1906/1734
f 1761/2131/1945 1351/1851/1690 1587/1848/1687 1979/2132/1946
f 1979/2132/1946 1587/1848/1687 1348/1446/1343 1762/1445/1342
f 1611/1906/1734 1979/2132/1946 1762/1445/1342 1365/1444/1341
f 1400/1408/1305 1763/1407/1304 1980/2133/1947 1656/1987/1808
f 1763/1407/1304 1341/1406/1303 1577/1832/1673 1980/2133/1947
f 1980/2133/1947 1577/1832/1673 1347/1837/1678 1764/2134/1948
f 1656/1987/1808 1980/2133/1947 1764/2134/1948 1404/1990/1811
f 1404/1990/1811 1764/2134/1948 1981/2135/1949 1659/1997/1818
f 1764/2134/1948 1347/1837/1678 1585/1843/1684 1981/2135/1949
f 1981/2135/1949 1585/1843/1684 1343/1393/1290 1765/1396/1293
f 1659/1997/1818 1981/2135/1949 1765/1396/1293 1401/1401/1298
f 1328/1397/1294 1766/1394/1291 1982/2136/1950 1564/1791/1647
f 1766/1394/1291 1343/1393/1290 1584/1845/1686 1982/2136/1950
f 1982/2136/1950 1584/1845/1686 1346/1847/1682 1767/2137/1951
f 1564/1791/1647 1982/2136/1950 1767/2137/1951 1332/1794/1650
f 1332/1806/1650 1767/2138/1951 1983/2139/1952 1566/1801/1654
f 1767/2138/1951 1346/1841/1682 1582/1838/1679 1983/2139/1952
f 1983/2139/1952 1582/1838/1679 1342/1417/1314 1768/1416/1313
f 1566/1801/1654 1983/2139/1952 1768/1416/1313 1329/1415/1312
f 1334/1424/1321 1769/1421/1318 1984/2140/1953 1569/1807/1655
f 1769/1421/1318 1358/1420/1317 1605/1891/1723 1984/2140/1953
f 1984/2140/1953 1605/1891/1723 1362/1895/1719 1770/2141/1954
f 1569/1807/1655 1984/2140/1953 1770/2141/1954 1337/1810/1658
f 1337/1822/1658 1770/2142/1954 1985/2143/1955 1572/1817/1665
f 1770/2142/1954 1362/1885/1719 1603/1882/1716 1985/2143/1955
f 1985/2143/1955 1603/1882/1716 1357/1442/1339 1771/1439/1336
f 1572/1817/1665 1985/2143/1955 1771/1439/1336 1335/1438/1335
f 1341/1406/1303 1772/1403/1300 1986/2144/1956 1578/1830/1671
f 1772/1403/1300 1367/1402/1299 1617/1916/1744 1986/2144/1956
f 1986/2144/1956 1617/1916/1744 1371/1912/1740 1773/2145/1957
f 1578/1830/1671 1986/2144/1956 1773/2145/1957 1344/1833/1674
f 1344/1833/1674 1773/2145/1957 1987/2146/1958 1581/1840/1681
f 1773/2145/1957 1371/1912/1740 1615/1909/1737 1987/2146/1958
f 1987/2146/1958 1615/1909/1737 1366/1419/1316 1774/1418/1315
f 1581/1840/1681 1987/2146/1958 1774/1418/1315 1342/1417/1314
f 1365/1444/1341 1775/1443/1340 1988/2147/1959 1612/1904/1732
f 1775/1443/1340 1357/1442/1339 1602/1884/1718 1988/2147/1959
f 1988/2147/1959 1602/1884/1718 1361/1877/1714 1776/2148/1960
f 1612/1904/1732 1988/2147/1959 1776/2148/1960 1370/1907/1735
f 1370/1907/1735 1776/2148/1960 1989/2149/1961 1614/1911/1739
f 1776/2148/1960 1361/1877/1714 1600/1874/1711 1989/2149/1961
f 1989/2149/1961 1600/1874/1711 1356/1411/1308 1777/1414/1311
f 1614/1911/1739 1989/2149/1961 1777/1414/1311 1366/1419/1316
f 1412/1435/1332 1778/1434/1331 1990/2150/1962 1678/2026/1847
f 1778/1434/1331 1364/1433/1330 1607/1898/1726 1990/2150/1962
f 1990/2150/1962 1607/1898/1726 1372/1903/1731 1779/2151/1963
f 1678/2026/1847 1990/2150/1962 1779/2151/1963 1417/2015/1836
f 1417/2015/1836 1779/2151/1963 1991/2152/1964 1667/2010/1831
f 1779/2151/1963 1372/1903/1731 1618/1914/1742 1991/2152/1964
f 1991/2152/1964 1618/1914/1742 1367/1402/1299 1780/1405/1302
f 1667/2010/1831 1991/2152/1964 1780/1405/1302 1409/1410/1307
f 1421/1489/1382 1781/1488/1381 1992/2153/1965 1690/2047/1868
f 1781/1488/1381 1355/1487/1380 1595/1868/1705 1992/2153/1965
f 1992/2153/1965 1595/1868/1705 1363/1873/1710 1782/2154/1966
f 1690/2047/1868 1992/2153/1965 1782/2154/1966 1426/2036/1857
f 1426/2036/1857 1782/2154/1966 1993/2155/1967 1679/2031/1852
f 1782/2154/1966 1363/1873/1710 1606/1889/1721 1993/2155/1967
f 1993/2155/1967 1606/1889/1721 1358/1420/1317 1783/1423/1320
f 1679/2031/1852 1993/2155/1967 1783/1423/1320 1418/1428/1325
f 1327/1483/1376 1784/1486/1379 1994/2156/1968 1560/1783/1639
f 1784/1486/1379 1374/1491/1384 1623/1927/1755 1994/2156/1968
f 1994/2156/1968 1623/1927/1755 1377/1932/1748 1785/2157/1969
f 1560/1783/1639 1994/2156/1968 1785/2157/1969 1330/1786/1642
f 1330/1798/1642 1785/2158/1969 1995/2159/1970 1563/1793/1649
f 1785/2158/1969 1377/1920/1748 1620/1917/1745 1995/2159/1970
f 1995/2159/1970 1620/1917/1745 1373/1399/1296 1786/1398/1295
f 1563/1793/1649 1995/2159/1970 1786/1398/1295 1328/1397/1294
f 1374/1491/1384 1787/1490/1383 1996/2160/1971 1624/1925/1753
f 1787/1490/1383 1421/1489/1382 1689/2049/1870 1996/2160/1971
f 1996/2160/1971 1689/2049/1870 1425/2045/1866 1788/2161/1972
f 1624/1925/1753 1996/2160/1971 1788/2161/1972 1379/1928/1756
f 1379/1928/1756 1788/2161/1972 1997/2162/1973 1626/1935/1760
f 1788/2161/1972 1425/2045/1866 1687/2042/1863 1997/2162/1973
f 1997/2162/1973 1687/2042/1863 1420/1356/1253 1789/1355/1252
f 1626/1935/1760 1997/2162/1973 1789/1355/1252 1375/1354/1251
f 1392/1437/1334 1790/1436/1333 1998/2163/1974 1648/1974/1795
f 1790/1436/1333 1412/1435/1332 1677/2028/1849 1998/2163/1974
f 1998/2163/1974 1677/2028/1849 1416/2024/1845 1791/2164/1975
f 1648/1974/1795 1998/2163/1974 1791/2164/1975 1397/1977/1798
f 1397/1977/1798 1791/2164/1975 1999/2165/1976 1650/1981/1802
f 1791/2164/1975 1416/2024/1845 1675/2021/1842 1999/2165/1976
f 1999/2165/1976 1675/2021/1842 1411/1509/1402 1792/1508/1401
f 1650/1981/1802 1999/2165/1976 1792/1508/1401 1393/1507/1400
f 1401/1401/1298 1793/1400/1297 2000/2166/1977 1660/1995/1816
f 1793/1400/1297 1373/1399/1296 1619/1919/1747 2000/2166/1977
f 2000/2166/1977 1619/1919/1747 1381/1924/1752 1794/2167/1978
f 1660/1995/1816 2000/2166/1977 1794/2167/1978 1406/1998/1819
f 1406/1998/1819 1794/2167/1978 2001/2168/1979 1662/2002/1823
f 1794/2167/1978 1381/1924/1752 1630/1938/1763 2001/2168/1979
f 2001/2168/1979 1630/1938/1763 1376/1464/1360 1795/1463/1359
f 1662/2002/1823 2001/2168/1979 1795/1463/1359 1402/1462/1358
f 1409/1410/1307 1796/1409/1306 2002/2169/1980 1668/2008/1829
f 1796/1409/1306 1400/1408/1305 1655/1989/1810 2002/2169/1980
f 2002/2169/1980 1655/1989/1810 1408/1994/1815 1797/2170/1981
f 1668/2008/1829 2002/2169/1980 1797/2170/1981 1413/2011/1832
f 1413/2011/1832 1797/2170/1981 2003/2171/1982 1671/2018/1839
f 1797/2170/1981 1408/1994/1815 1666/2005/1826 2003/2171/1982
f 2003/2171/1982 1666/2005/1826 1403/1473/1368 1798/1472/1367
f 1671/2018/1839 2003/2171/1982 1798/1472/1367 1410/1471/1366
f 1383/1455/1352 1799/1454/1351 2004/2172/1983 1636/1953/1774
f 1799/1454/1351 1391/1453/1350 1643/1968/1789 2004/2172/1983
f 2004/2172/1983 1643/1968/1789 1399/1973/1794 1800/2173/1984
f 1636/1953/1774 2004/2172/1983 1800/2173/1984 1388/1956/1777
f 1388/1956/1777 1800/2173/1984 2005/2174/1985 1638/1960/1781
f 1800/2173/1984 1399/1973/1794 1654/1984/1805 2005/2174/1985
f 2005/2174/1985 1654/1984/1805 1394/1482/1375 1801/1481/1374
f 1638/1960/1781 2005/2174/1985 1801/1481/1374 1384/1480/1373
f 1418/1428/1325 1802/1427/1324 2006/2175/1986 1680/2029/1850
f 1802/1427/1324 1382/1426/1323 1631/1947/1768 2006/2175/1986
f 2006/2175/1986 1631/1947/1768 1390/1952/1773 1803/2176/1987
f 1680/2029/1850 2006/2175/1986 1803/2176/1987 1422/2032/1853
f 1422/2032/1853 1803/2176/1987 2007/2177/1988 1683/2039/1860
f 1803/2176/1987 1390/1952/1773 1642/1963/1784 2007/2177/1988
f 2007/2177/1988 1642/1963/1784 1385/1500/1393 1804/1499/1392
f 1683/2039/1860 2007/2177/1988 1804/1499/1392 1419/1498/1391
f 1274/1456/1353 1805/1459/1356 2008/2178/1989 1492/1654/1519
f 1805/1459/1356 1376/1464/1360 1629/1940/1765 2008/2178/1989
f 2008/2178/1989 1629/1940/1765 1380/1944/1761 1806/2179/1990
f 1492/1654/1519 2008/2178/1989 1806/2179/1990 1279/1657/1522
f 1279/1668/1522 1806/2180/1990 2009/2181/1991 1494/1663/1526
f 1806/2180/1990 1380/1936/1761 1627/1933/1758 2009/2181/1991
f 2009/2181/1991 1627/1933/1758 1375/1354/1251 1807/1353/1250
f 1494/1663/1526 2009/2181/1991 1807/1353/1250 1275/1352/1249
f 1283/1492/1385 1808/1495/1388 2010/2182/1992 1504/1685/1541
f 1808/1495/1388 1385/1500/1393 1641/1965/1786 2010/2182/1992
f 2010/2182/1992 1641/1965/1786 1389/1961/1782 1809/2183/1993
f 1504/1685/1541 2010/2182/1992 1809/2183/1993 1288/1688/1544
f 1288/1688/1544 1809/2183/1993 2011/2184/1994 1506/1692/1548
f 1809/2183/1993 1389/1961/1782 1639/1958/1779 2011/2184/1994
f 2011/2184/1994 1639/1958/1779 1384/1480/1373 1810/1479/1371
f 1506/1692/1548 2011/2184/1994 1810/1479/1371 1284/1478/1372
f 1292/1474/1369 1811/1477/1371 2012/2185/1995 1516/1706/1562
f 1811/1477/1371 1394/1482/1375 1653/1986/1807 2012/2185/1995
f 2012/2185/1995 1653/1986/1807 1398/1982/1803 1812/2186/1996
f 1516/1706/1562 2012/2185/1995 1812/2186/1996 1297/1709/1565
f 1297/1709/1565 1812/2186/1996 2013/2187/1997 1518/1713/1569
f 1812/2186/1996 1398/1982/1803 1651/1979/1800 2013/2187/1997
f 2013/2187/1997 1651/1979/1800 1393/1507/1400 1813/1506/1399
f 1518/1713/1569 2013/2187/1997 1813/1506/1399 1293/1505/1398
f 1301/1465/1361 1814/1468/1250 2014/2188/1998 1528/1727/1583
f 1814/1468/1250 1403/1473/1368 1665/2007/1828 2014/2188/1998
f 2014/2188/1998 1665/2007/1828 1407/2003/1824 1815/2189/1999
f 1528/1727/1583 2014/2188/1998 1815/2189/1999 1306/1730/1586
f 1306/1730/1586 1815/2189/1999 2015/2190/2000 1530/1734/1590
f 1815/2189/1999 1407/2003/1824 1663/2000/1821 2015/2190/2000
f 2015/2190/2000 1663/2000/1821 1402/1462/1358 1816/1461/1356
f 1530/1734/1590 2015/2190/2000 1816/1461/1356 1302/1460/1357
f 1311/1501/1394 1817/1504/1397 2016/2191/2001 1543/1753/1609
f 1817/1504/1397 1411/1509/1402 1674/2023/1844 2016/2191/2001
f 2016/2191/2001 1674/2023/1844 1415/2019/1840 1818/2192/2002
f 1543/1753/1609 2016/2191/2001 1818/2192/2002 1316/1756/1612
f 1316/1756/1612 1818/2192/2002 2017/2193/2003 1545/1760/1616
f 1818/2192/2002 1415/2019/1840 1672/2016/1837 2017/2193/2003
f 2017/2193/2003 1672/2016/1837 1410/1471/1366 1819/1470/1365
f 1545/1760/1616 2017/2193/2003 1819/1470/1365 1312/1469/1364
f 1320/1348/1245 1820/1351/1248 2018/2194/2004 1555/1775/1631
f 1820/1351/1248 1420/1356/1253 1686/2044/1865 2018/2194/2004
f 2018/2194/2004 1686/2044/1865 1424/2040/1861 1821/2195/2005
f 1555/1775/1631 2018/2194/2004 1821/2195/2005 1325/1778/1634
f 1325/1778/1634 1821/2195/2005 2019/2196/2006 1557/1782/1638
f 1821/2195/2005 1424/2040/1861 1684/2037/1858 2019/2196/2006
f 2019/2196/2006 1684/2037/1858 1419/1498/1391 1822/1497/1390
f 1557/1782/1638 2019/2196/2006 1822/1497/1390 1321/1496/1389
f 1227/1510/1403 1729/2096/1912 2020/2197/2007 1693/2054/1874
f 1729/2096/1912 1276/1669/1529 1732/2100/1916 2020/2197/2007
f 2020/2197/2007 1732/2100/1916 1319/1769/1625 1726/2091/1908
f 1693/2054/1874 2020/2197/2007 1726/2091/1908 1255/1594/1468
