# Blender v3.6.10 OBJ File: 'TownOne.blend'
# www.blender.org
mtllib Box.mtl
o Cube.004_Cube.008
v -1.043959 0.202751 2.162482
v -1.043959 0.449643 3.461656
v -1.681458 0.449643 2.162481
v -1.043072 0.212012 3.412923
v -1.647562 0.215879 3.392578
v -1.657545 0.449987 3.412923
v -1.657545 0.212012 2.160673
v -1.038564 1.343814 3.460516
v -0.973040 1.591999 3.304926
v -1.604552 1.591999 2.017954
v -1.680899 1.343814 2.151485
v -1.009261 1.582052 3.406436
v -1.620860 1.582072 3.338162
v -1.568477 1.592004 3.231409
v -1.654362 1.582052 2.091769
v -1.653694 1.343819 3.405076
v -1.043960 0.202751 -2.542149
v -1.681458 0.449643 -2.542149
v -1.043959 0.449643 -3.841324
v -1.657545 0.212012 -2.540341
v -1.647562 0.215879 -3.772246
v -1.657545 0.449987 -3.792591
v -1.043072 0.212012 -3.792591
v -1.604552 1.591999 -2.397621
v -0.973041 1.591999 -3.684594
v -1.038564 1.343814 -3.840184
v -1.680899 1.343814 -2.531153
v -1.568477 1.592004 -3.611076
v -1.620860 1.582072 -3.717830
v -1.009261 1.582052 -3.786103
v -1.653694 1.343819 -3.784743
v -1.654362 1.582052 -2.471437
v 1.264580 0.202751 2.162481
v 1.902079 0.449643 2.162481
v 1.264580 0.449643 3.461656
v 1.878165 0.212012 2.160673
v 1.868182 0.215879 3.392578
v 1.878165 0.449987 3.412923
v 1.263692 0.212012 3.412923
v 1.825172 1.591999 2.017953
v 1.193661 1.591999 3.304926
v 1.259184 1.343814 3.460516
v 1.901519 1.343814 2.151485
v 1.789097 1.592004 3.231409
v 1.841480 1.582072 3.338162
v 1.229882 1.582052 3.406436
v 1.874314 1.343819 3.405075
v 1.874982 1.582052 2.091769
v 1.264580 0.202751 -2.542149
v 1.264580 0.449643 -3.841324
v 1.902079 0.449643 -2.542149
v 1.263692 0.212012 -3.792591
v 1.868182 0.215879 -3.772246
v 1.878165 0.449987 -3.792591
v 1.878165 0.212012 -2.540341
v 1.193661 1.591999 -3.684594
v 1.825172 1.591999 -2.397621
v 1.901519 1.343814 -2.531153
v 1.259184 1.343814 -3.840184
v 1.789097 1.592004 -3.611076
v 1.841481 1.582072 -3.717830
v 1.874982 1.582052 -2.471437
v 1.874314 1.343819 -3.784743
v 1.229882 1.582052 -3.786103
v -0.933076 0.267126 1.936509
v -1.508516 0.503292 1.927512
v -0.928661 0.503292 3.109213
v -1.490980 0.276386 1.934357
v -1.480886 0.280253 3.052906
v -1.484591 0.503647 3.060455
v -0.932020 0.276387 3.073475
v -0.915619 1.354561 3.075874
v -1.492157 1.354561 1.900932
v -1.559067 1.592000 1.962036
v -0.945602 1.592000 3.212231
v -1.466229 1.354615 3.023036
v -1.482566 1.582097 3.056329
v -1.510951 1.582059 1.920443
v -1.524271 1.592006 3.141321
v -0.925193 1.582059 3.114176
v -0.933076 0.267126 -2.316176
v -0.928661 0.503292 -3.488881
v -1.508516 0.503292 -2.307179
v -0.932020 0.276386 -3.453142
v -1.480886 0.280253 -3.432573
v -1.484591 0.503647 -3.440123
v -1.490980 0.276387 -2.314025
v -1.559067 1.592000 -2.341703
v -1.492157 1.354561 -2.280600
v -0.915619 1.354561 -3.455542
v -0.945602 1.592000 -3.591899
v -1.510951 1.582059 -2.300111
v -1.482566 1.582097 -3.435997
v -1.466229 1.354615 -3.402703
v -0.925193 1.582059 -3.493844
v -1.524271 1.592006 -3.520989
v 1.153696 0.267126 1.936509
v 1.149281 0.503292 3.109213
v 1.729136 0.503292 1.927512
v 1.152640 0.276386 3.073475
v 1.701507 0.280253 3.052906
v 1.705211 0.503647 3.060455
v 1.711600 0.276386 1.934357
v 1.779687 1.592000 1.962036
v 1.712777 1.354561 1.900932
v 1.136239 1.354561 3.075875
v 1.166222 1.592000 3.212231
v 1.731571 1.582059 1.920443
v 1.703187 1.582097 3.056329
v 1.686850 1.354615 3.023035
v 1.145813 1.582059 3.114176
v 1.744892 1.592006 3.141321
v 1.153696 0.267126 -2.316176
v 1.729136 0.503292 -2.307180
v 1.149281 0.503292 -3.488881
v 1.711600 0.276386 -2.314025
v 1.701507 0.280253 -3.432573
v 1.705211 0.503647 -3.440123
v 1.152640 0.276387 -3.453142
v 1.166222 1.592000 -3.591899
v 1.136239 1.354561 -3.455542
v 1.712777 1.354561 -2.280600
v 1.779687 1.592000 -2.341703
v 1.145813 1.582059 -3.493843
v 1.703187 1.582097 -3.435997
v 1.686849 1.354615 -3.402704
v 1.731572 1.582059 -2.300111
v 1.744892 1.592006 -3.520989
v -1.564057 0.206020 2.161351
v -1.043405 0.206020 3.222401
v -1.560792 0.213630 3.404410
v -1.653368 0.213630 3.215747
v -1.043405 0.248219 3.444455
v -1.564057 0.449858 3.444456
v -1.653368 0.249483 3.404410
v -1.673018 0.449858 3.222401
v -1.673018 0.248219 2.161351
v -1.558015 1.343818 3.440766
v -1.026364 1.545489 3.440935
v -1.520587 1.582065 3.382513
v -1.641037 1.545503 3.379282
v -0.990660 1.588431 3.357500
v -1.469214 1.592002 3.278688
v -1.594996 1.588445 3.285452
v -1.591677 1.592002 3.029119
v -1.630349 1.588431 2.053861
v -1.642623 1.582065 3.133812
v -1.671291 1.545489 2.126622
v -1.671207 1.343818 3.210088
v -1.043405 0.206020 -3.602069
v -1.564057 0.206020 -2.541019
v -1.653368 0.213630 -3.595414
v -1.560792 0.213630 -3.784077
v -1.673018 0.248219 -2.541019
v -1.673018 0.449858 -3.602069
v -1.653368 0.249483 -3.784078
v -1.564057 0.449858 -3.824123
v -1.043405 0.248219 -3.824123
v -1.630349 1.588431 -2.433529
v -1.591677 1.592002 -3.408787
v -1.594996 1.588445 -3.665120
v -1.642623 1.582065 -3.513479
v -1.469214 1.592002 -3.658356
v -0.990660 1.588431 -3.737167
v -1.520587 1.582065 -3.762181
v -1.026364 1.545489 -3.820603
v -1.558015 1.343818 -3.820433
v -1.641037 1.545503 -3.758949
v -1.671207 1.343818 -3.589755
v -1.671291 1.545489 -2.506290
v 1.264025 0.206020 3.222401
v 1.784677 0.206020 2.161351
v 1.873988 0.213630 3.215747
v 1.781412 0.213630 3.404410
v 1.893638 0.248219 2.161351
v 1.893638 0.449858 3.222401
v 1.873988 0.249483 3.404410
v 1.784677 0.449858 3.444455
v 1.264025 0.248219 3.444456
v 1.850969 1.588431 2.053861
v 1.812297 1.592002 3.029119
v 1.815616 1.588445 3.285452
v 1.863243 1.582065 3.133812
v 1.689834 1.592002 3.278689
v 1.211280 1.588431 3.357499
v 1.741207 1.582065 3.382513
v 1.246984 1.545489 3.440935
v 1.778635 1.343818 3.440765
v 1.861658 1.545503 3.379282
v 1.891827 1.343818 3.210087
v 1.891911 1.545489 2.126622
v 1.784677 0.206020 -2.541019
v 1.264025 0.206020 -3.602069
v 1.781412 0.213630 -3.784078
v 1.873988 0.213630 -3.595414
v 1.264025 0.248219 -3.824123
v 1.784677 0.449858 -3.824123
v 1.873988 0.249483 -3.784078
v 1.893638 0.449858 -3.602069
v 1.893638 0.248219 -2.541019
v 1.211280 1.588431 -3.737167
v 1.689834 1.592002 -3.658356
v 1.815616 1.588445 -3.665119
v 1.741207 1.582065 -3.762181
v 1.812297 1.592002 -3.408786
v 1.850969 1.588431 -2.433529
v 1.863243 1.582065 -3.513479
v 1.891911 1.545489 -2.506290
v 1.891827 1.343818 -3.589755
v 1.861658 1.545503 -3.758949
v 1.778635 1.343818 -3.820433
v 1.246984 1.545489 -3.820603
v -0.932462 0.270395 2.897414
v -1.404588 0.270395 1.935258
v -1.486756 0.278004 2.890344
v -1.401118 0.278004 3.064867
v -1.505472 0.311252 1.933710
v -1.500068 0.503514 2.884624
v -1.485785 0.312518 3.062889
v -1.398311 0.503514 3.091997
v -0.931702 0.311252 3.103010
v -0.917659 1.546844 3.083288
v -1.379956 1.354595 3.056783
v -1.469218 1.546897 3.029126
v -1.394437 1.582083 3.092901
v -1.482789 1.354595 2.847217
v -1.495795 1.546844 1.905090
v -1.500512 1.582083 2.876729
v -1.533978 1.588433 1.939830
v -1.546517 1.592004 2.946036
v -1.502302 1.588454 3.096549
v -1.428446 1.592004 3.186656
v -0.934706 1.588433 3.161101
v -1.404588 0.270395 -2.314926
v -0.932462 0.270395 -3.277082
v -1.401118 0.278004 -3.444535
v -1.486756 0.278004 -3.270012
v -0.931702 0.311252 -3.482678
v -1.398311 0.503514 -3.471665
v -1.485785 0.312518 -3.442556
v -1.500068 0.503514 -3.264292
v -1.505472 0.311252 -2.313377
v -1.546517 1.592004 -3.325704
v -1.533978 1.588433 -2.319498
v -1.500512 1.582083 -3.256396
v -1.502302 1.588454 -3.476217
v -1.495795 1.546844 -2.284758
v -1.482789 1.354595 -3.226884
v -1.469218 1.546897 -3.408794
v -1.379956 1.354595 -3.436451
v -0.917659 1.546844 -3.462956
v -1.394437 1.582083 -3.472569
v -0.934706 1.588433 -3.540769
v -1.428446 1.592004 -3.566324
v 1.625208 0.270395 1.935258
v 1.153083 0.270395 2.897414
v 1.621738 0.278004 3.064867
v 1.707376 0.278004 2.890344
v 1.152323 0.311252 3.103010
v 1.618932 0.503514 3.091997
v 1.706405 0.312518 3.062888
v 1.720689 0.503514 2.884624
v 1.726092 0.311252 1.933710
v 1.767137 1.592004 2.946036
v 1.754598 1.588433 1.939830
v 1.721132 1.582083 2.876728
v 1.722922 1.588454 3.096549
v 1.716415 1.546844 1.905090
v 1.703409 1.354595 2.847217
v 1.689838 1.546897 3.029126
v 1.600576 1.354595 3.056783
v 1.138279 1.546844 3.083288
v 1.615057 1.582083 3.092901
v 1.155326 1.588433 3.161101
v 1.649066 1.592004 3.186656
v 1.153083 0.270395 -3.277082
v 1.625208 0.270395 -2.314926
v 1.707376 0.278004 -3.270012
v 1.621738 0.278004 -3.444535
v 1.726092 0.311252 -2.313377
v 1.720689 0.503514 -3.264292
v 1.706405 0.312518 -3.442556
v 1.618932 0.503514 -3.471665
v 1.152323 0.311252 -3.482678
v 1.649066 1.592004 -3.566323
v 1.155326 1.588433 -3.540769
v 1.615057 1.582083 -3.472569
v 1.722922 1.588454 -3.476217
v 1.138279 1.546844 -3.462956
v 1.600576 1.354595 -3.436451
v 1.689838 1.546897 -3.408794
v 1.703409 1.354595 -3.226884
v 1.716415 1.546844 -2.284758
v 1.721132 1.582083 -3.256396
v 1.754598 1.588433 -2.319498
v 1.767137 1.592004 -3.325704
v -1.044181 0.201695 -0.189834
v -1.658933 0.211475 -0.189834
v -1.684184 0.449557 -0.189834
v -1.043507 0.896685 3.467069
v -1.658452 0.896729 3.414771
v -1.684114 0.896685 2.161559
v -1.608734 1.591998 -0.189834
v -1.658138 1.582047 -0.189834
v -1.684044 1.343813 -0.189834
v -1.043507 0.896685 -3.846736
v -1.658452 0.896729 -3.794439
v -1.684114 0.896685 -2.541227
v 0.110310 0.201695 -2.542601
v 0.110310 0.211475 -3.795420
v 0.110310 0.449557 -3.846879
v 0.110310 1.591998 -3.693118
v 0.110310 1.582047 -3.793798
v 0.110310 1.343813 -3.846594
v 1.904734 0.896685 -2.541227
v 1.879072 0.896729 -3.794439
v 1.264127 0.896685 -3.846737
v 1.264802 0.201695 -0.189834
v 1.879553 0.211475 -0.189834
v 1.904804 0.449557 -0.189834
v 1.829354 1.591998 -0.189834
v 1.878758 1.582047 -0.189834
v 1.904665 1.343813 -0.189834
v 1.264127 0.896685 3.467069
v 1.879072 0.896729 3.414771
v 1.904734 0.896685 2.161559
v 0.110310 0.201695 2.162934
v 0.110310 0.211475 3.415752
v 0.110310 0.449557 3.467211
v 0.110310 1.591998 3.313450
v 0.110310 1.582047 3.414130
v 0.110310 1.343813 3.466927
v -1.511245 0.503203 -0.189834
v -1.492383 0.275849 -0.189834
v -0.933317 0.266070 -0.189834
v -1.500228 0.928884 1.912457
v -1.474721 0.928962 3.040341
v -0.921274 0.928884 3.092322
v -1.495221 1.354548 -0.189834
v -1.514397 1.582049 -0.189834
v -1.563167 1.591998 -0.189834
v -1.500228 0.928884 -2.292124
v -1.474721 0.928962 -3.420009
v -0.921274 0.928884 -3.471989
v 0.110310 0.503203 -3.494442
v 0.110310 0.275849 -3.456003
v 0.110310 0.266070 -2.316667
v 0.110310 1.354548 -3.461786
v 0.110310 1.582049 -3.500865
v 0.110310 1.591998 -3.600255
v 1.141894 0.928884 -3.471989
v 1.695341 0.928962 -3.420009
v 1.720848 0.928884 -2.292124
v 1.731865 0.503203 -0.189834
v 1.713003 0.275849 -0.189834
v 1.153937 0.266070 -0.189834
v 1.715841 1.354548 -0.189834
v 1.735017 1.582049 -0.189834
v 1.783787 1.591998 -0.189834
v 1.720848 0.928884 1.912457
v 1.695341 0.928962 3.040341
v 1.141894 0.928884 3.092322
v 0.110310 0.503203 3.114774
v 0.110310 0.275849 3.076335
v 0.110310 0.266070 1.937000
v 0.110310 1.354548 3.082118
v 0.110310 1.582049 3.121198
v 0.110310 1.591998 3.220587
v -0.958135 1.593162 3.258326
v -1.545570 1.593163 3.184727
v -1.581685 1.593162 1.987576
v -1.581685 1.593162 -2.367244
v -1.545571 1.593163 -3.564395
v -0.958135 1.593162 -3.637993
v 1.802305 1.593162 1.987576
v 1.766191 1.593163 3.184727
v 1.178755 1.593162 3.258325
v 1.178755 1.593162 -3.637993
v 1.766191 1.593163 -3.564395
v 1.802305 1.593162 -2.367244
v 0.110310 0.896674 3.473157
v 0.110310 1.593161 -3.646598
v 1.806527 1.593161 -0.189834
v -1.585907 1.593161 -0.189834
v -1.687102 0.896674 -0.189834
v 0.110310 0.928865 3.098390
v 1.723826 0.928865 -0.189834
v 0.110310 0.928865 -3.478058
v -1.503205 0.928865 -0.189834
v 0.110310 1.593161 3.266930
v 1.907722 0.896674 -0.189834
v 0.110310 0.264934 -0.189834
v 0.110310 0.896674 -3.852825
v -1.562190 0.208620 3.218596
v -1.562190 0.248942 3.430773
v -1.666304 0.248942 3.218596
v -1.542872 1.545498 3.419226
v -1.494647 1.588440 3.332060
v -1.617866 1.588440 3.080949
v -1.660638 1.545498 3.179228
v -1.562190 0.208620 -3.598264
v -1.666304 0.248942 -3.598264
v -1.562190 0.248942 -3.810441
v -1.617866 1.588440 -3.460617
v -1.494647 1.588440 -3.711728
v -1.542872 1.545498 -3.798893
v -1.660638 1.545498 -3.558896
v 1.782810 0.208620 3.218596
v 1.886924 0.248942 3.218596
v 1.782810 0.248942 3.430773
v 1.838486 1.588440 3.080949
v 1.715267 1.588440 3.332060
v 1.763493 1.545498 3.419226
v 1.881258 1.545498 3.179228
v 1.782810 0.208620 -3.598264
v 1.782810 0.248942 -3.810441
v 1.886924 0.248942 -3.598264
v 1.715267 1.588440 -3.711728
v 1.838486 1.588440 -3.460616
v 1.881258 1.545498 -3.558896
v 1.763493 1.545498 -3.798893
v -1.402651 0.272994 2.893467
v -1.498737 0.311976 2.891330
v -1.401602 0.311976 3.089285
v -1.382799 1.546877 3.063480
v -1.486075 1.546877 2.853011
v -1.522429 1.588446 2.909265
v -1.410403 1.588446 3.137565
v -1.402651 0.272994 -3.273135
v -1.401602 0.311976 -3.468953
v -1.498737 0.311976 -3.270998
v -1.522429 1.588446 -3.288933
v -1.486075 1.546877 -3.232678
v -1.382799 1.546877 -3.443148
v -1.410403 1.588446 -3.517233
v 1.623271 0.272994 2.893467
v 1.622222 0.311976 3.089285
v 1.719358 0.311976 2.891330
v 1.743049 1.588446 2.909265
v 1.706696 1.546877 2.853011
v 1.603419 1.546877 3.063480
v 1.631023 1.588446 3.137566
v 1.623271 0.272994 -3.273135
v 1.719358 0.311976 -3.270998
v 1.622222 0.311976 -3.468952
v 1.631023 1.588446 -3.517233
v 1.603419 1.546877 -3.443148
v 1.706695 1.546877 -3.232678
v 1.743049 1.588446 -3.288933
v -1.564757 0.205191 -0.189834
v -1.675158 0.247947 -0.189834
v -1.564002 0.896712 3.448356
v -1.674932 0.896712 3.222289
v -1.634381 1.588428 -0.189834
v -1.674726 1.545485 -0.189834
v -1.564002 0.896712 -3.828023
v -1.674932 0.896712 -3.601957
v 0.110310 0.205191 -3.603496
v 0.110310 0.247947 -3.828485
v 0.110310 1.588428 -3.745384
v 0.110310 1.545485 -3.827605
v 1.895552 0.896712 -3.601957
v 1.784622 0.896712 -3.828023
v 1.785378 0.205191 -0.189834
v 1.895778 0.247947 -0.189834
v 1.855001 1.588428 -0.189834
v 1.895347 1.545485 -0.189834
v 1.784622 0.896712 3.448355
v 1.895552 0.896712 3.222289
v 0.110310 0.205191 3.223829
v 0.110310 0.247947 3.448817
v 0.110310 1.588428 3.365716
v 0.110310 1.545485 3.447937
v -1.507621 0.310980 -0.189834
v -1.405310 0.269566 -0.189834
v -1.491084 0.928933 2.863867
v -1.388126 0.928933 3.073686
v -1.498994 1.546831 -0.189834
v -1.537772 1.588428 -0.189834
v -1.491083 0.928933 -3.243535
v -1.388126 0.928933 -3.453354
v 0.110310 0.310980 -3.487056
v 0.110310 0.269566 -3.278555
v 0.110310 1.546831 -3.469475
v 0.110310 1.588428 -3.548503
v 1.608746 0.928933 -3.453354
v 1.711704 0.928933 -3.243534
v 1.728241 0.310980 -0.189834
v 1.625930 0.269566 -0.189834
v 1.719614 1.546831 -0.189834
v 1.758393 1.588428 -0.189834
v 1.711704 0.928933 2.863867
v 1.608746 0.928933 3.073687
v 0.110310 0.310980 3.107388
v 0.110310 0.269566 2.898887
v 0.110310 1.546831 3.089807
v 0.110310 1.588428 3.168835
v -1.447526 1.593163 3.231916
v -1.568726 1.593163 2.984919
v -1.568726 1.593163 -3.364587
v -1.447526 1.593163 -3.611584
v 1.789346 1.593163 2.984919
v 1.668146 1.593163 3.231916
v 1.668146 1.593163 -3.611584
v 1.789346 1.593163 -3.364587
v 0.110310 0.200559 -0.189834
vt 0.419540 0.794517
vt 0.500001 0.794559
vt 0.500001 0.874998
vt 0.419528 0.875000
vt 0.580471 0.794853
vt 0.580481 0.874987
vt 0.580483 0.955041
vt 0.500008 0.955428
vt 0.419584 0.955483
vt 0.624988 0.454086
vt 0.624997 0.375000
vt 0.625000 0.375000
vt 0.624999 0.457301
vt 0.624988 0.295914
vt 0.624999 0.292699
vt 0.625000 0.258336
vt 0.625000 0.375000
vt 0.625000 0.491664
vt 0.624988 0.704086
vt 0.624997 0.625000
vt 0.625000 0.625000
vt 0.624999 0.707301
vt 0.624988 0.545914
vt 0.624999 0.542699
vt 0.625000 0.508336
vt 0.625000 0.625000
vt 0.625000 0.741664
vt 0.624988 0.204086
vt 0.624999 0.125013
vt 0.625000 0.125002
vt 0.624999 0.207301
vt 0.625000 0.046020
vt 0.625000 0.042712
vt 0.625000 0.008336
vt 0.625000 0.125000
vt 0.625000 0.241664
vt 0.419517 0.044584
vt 0.499994 0.044568
vt 0.500000 0.125001
vt 0.419526 0.125008
vt 0.580437 0.044853
vt 0.580476 0.125000
vt 0.580471 0.205147
vt 0.500007 0.205441
vt 0.419584 0.205483
vt 0.419660 0.794803
vt 0.419657 0.874988
vt 0.500001 0.874998
vt 0.500007 0.794821
vt 0.419661 0.955098
vt 0.500002 0.955166
vt 0.580305 0.955298
vt 0.580340 0.875000
vt 0.580341 0.794702
vt 0.419685 0.544828
vt 0.419659 0.624997
vt 0.500002 0.625000
vt 0.500010 0.544824
vt 0.419660 0.705148
vt 0.500007 0.705173
vt 0.580341 0.705298
vt 0.580344 0.625000
vt 0.580341 0.544702
vt 0.419733 0.294828
vt 0.419669 0.375000
vt 0.500003 0.375000
vt 0.500016 0.294824
vt 0.419685 0.455172
vt 0.500010 0.455176
vt 0.580341 0.455298
vt 0.580344 0.375000
vt 0.580341 0.294702
vt 0.419733 0.044828
vt 0.419666 0.124991
vt 0.500003 0.124999
vt 0.500017 0.044825
vt 0.419661 0.205098
vt 0.500007 0.205166
vt 0.580341 0.205298
vt 0.580346 0.125001
vt 0.580353 0.044708
vt 0.625000 0.954086
vt 0.624999 0.875000
vt 0.625000 0.874227
vt 0.625000 0.954216
vt 0.624988 0.795914
vt 0.624999 0.792699
vt 0.625000 0.758336
vt 0.625000 0.871108
vt 0.625000 0.954488
vt 0.419517 0.544540
vt 0.499999 0.544562
vt 0.500000 0.625000
vt 0.419520 0.625003
vt 0.580471 0.544853
vt 0.580480 0.625000
vt 0.580471 0.705147
vt 0.500001 0.705441
vt 0.419540 0.705483
vt 0.169884 0.544809
vt 0.169817 0.624991
vt 0.250002 0.624999
vt 0.250012 0.544808
vt 0.169809 0.705116
vt 0.250000 0.705180
vt 0.330190 0.705166
vt 0.330195 0.624997
vt 0.330215 0.544809
vt 0.419517 0.294584
vt 0.499999 0.294568
vt 0.500000 0.375001
vt 0.419517 0.375011
vt 0.580471 0.294853
vt 0.580480 0.375000
vt 0.580471 0.455147
vt 0.499999 0.455444
vt 0.419517 0.455505
vt 0.169584 0.705483
vt 0.166458 0.742297
vt 0.132531 0.743106
vt 0.132878 0.708717
vt 0.130701 0.750000
vt 0.129055 0.750000
vt 0.127410 0.750000
vt 0.126205 0.747150
vt 0.125000 0.744299
vt 0.416458 0.992298
vt 0.382531 0.993106
vt 0.382878 0.958717
vt 0.380701 1.000000
vt 0.379055 1.000000
vt 0.377410 1.000000
vt 0.376205 0.997150
vt 0.375000 0.994299
vt 0.382703 0.041458
vt 0.381894 0.007531
vt 0.416283 0.007878
vt 0.375000 0.005701
vt 0.375000 0.004055
vt 0.375000 0.002410
vt 0.377851 0.001205
vt 0.380701 0.000000
vt 0.617278 0.957222
vt 0.618106 0.991139
vt 0.583718 0.991726
vt 0.625000 0.990268
vt 0.625000 0.993229
vt 0.625000 0.996191
vt 0.622150 0.998096
vt 0.619299 1.000000
vt 0.625000 0.991075
vt 0.625000 0.991615
vt 0.624980 0.956894
vt 0.625000 1.000000
vt 0.625000 1.000000
vt 0.625000 1.000000
vt 0.625000 0.995134
vt 0.624980 0.043384
vt 0.625000 0.009392
vt 0.625000 0.009203
vt 0.625000 0.009732
vt 0.625000 0.006771
vt 0.625000 0.003809
vt 0.625000 0.001905
vt 0.625000 0.000000
vt 0.583597 0.007997
vt 0.617668 0.007854
vt 0.617157 0.042500
vt 0.619299 0.000000
vt 0.621320 0.000000
vt 0.623341 0.000000
vt 0.624171 0.004866
vt 0.169517 0.544584
vt 0.132703 0.541458
vt 0.131894 0.507531
vt 0.166283 0.507878
vt 0.125000 0.505701
vt 0.125000 0.504055
vt 0.125000 0.502410
vt 0.127851 0.501205
vt 0.130701 0.500000
vt 0.416458 0.242297
vt 0.382531 0.243106
vt 0.382878 0.208717
vt 0.380701 0.250000
vt 0.379055 0.250000
vt 0.377410 0.250000
vt 0.376205 0.247149
vt 0.375000 0.244299
vt 0.382703 0.291458
vt 0.381894 0.257531
vt 0.416283 0.257878
vt 0.375000 0.255701
vt 0.375000 0.254055
vt 0.375000 0.252410
vt 0.377851 0.251205
vt 0.624967 0.241075
vt 0.624786 0.240899
vt 0.624848 0.203885
vt 0.624954 0.250000
vt 0.624749 0.250000
vt 0.623866 0.250000
vt 0.623917 0.240938
vt 0.624004 0.203929
vt 0.624848 0.296115
vt 0.624786 0.259101
vt 0.624967 0.258925
vt 0.624004 0.296071
vt 0.623917 0.259062
vt 0.580450 0.257997
vt 0.617084 0.258571
vt 0.617146 0.295509
vt 0.580437 0.250000
vt 0.617046 0.250000
vt 0.617146 0.204491
vt 0.617084 0.241429
vt 0.580450 0.242004
vt 0.330505 0.705483
vt 0.367362 0.705483
vt 0.368309 0.742297
vt 0.333776 0.742297
vt 0.375089 0.705483
vt 0.375299 0.742297
vt 0.375803 0.750000
vt 0.372551 0.750000
vt 0.369299 0.750000
vt 0.419581 0.742298
vt 0.382897 0.742297
vt 0.382767 0.705483
vt 0.419606 0.750000
vt 0.383001 0.750000
vt 0.382761 0.791283
vt 0.382906 0.756894
vt 0.419581 0.757703
vt 0.375000 0.755701
vt 0.375402 0.752851
vt 0.624967 0.741075
vt 0.624786 0.740899
vt 0.624848 0.703885
vt 0.624954 0.750000
vt 0.624749 0.750000
vt 0.623866 0.750000
vt 0.623917 0.740938
vt 0.624004 0.703929
vt 0.624848 0.796115
vt 0.624786 0.759101
vt 0.624967 0.758925
vt 0.624004 0.796071
vt 0.623917 0.759062
vt 0.580450 0.757997
vt 0.617084 0.758571
vt 0.617146 0.795509
vt 0.580437 0.750000
vt 0.617046 0.750000
vt 0.617146 0.704491
vt 0.617084 0.741429
vt 0.580450 0.742004
vt 0.330483 0.544540
vt 0.333717 0.507761
vt 0.368106 0.507906
vt 0.367297 0.544581
vt 0.369299 0.500000
vt 0.372149 0.500402
vt 0.375000 0.500803
vt 0.375000 0.508001
vt 0.375000 0.544606
vt 0.419517 0.492362
vt 0.382703 0.493309
vt 0.382703 0.458776
vt 0.419517 0.500089
vt 0.382703 0.500299
vt 0.375000 0.497551
vt 0.375000 0.494299
vt 0.382703 0.544581
vt 0.382703 0.507897
vt 0.419517 0.507767
vt 0.624967 0.491075
vt 0.624786 0.490899
vt 0.624848 0.453885
vt 0.624954 0.500000
vt 0.624749 0.500000
vt 0.623866 0.500000
vt 0.623917 0.490938
vt 0.624004 0.453929
vt 0.624848 0.546115
vt 0.624786 0.509101
vt 0.624967 0.508925
vt 0.624004 0.546071
vt 0.623917 0.509062
vt 0.580450 0.507997
vt 0.617084 0.508571
vt 0.617146 0.545509
vt 0.580437 0.500000
vt 0.617046 0.500000
vt 0.617146 0.454491
vt 0.617084 0.491429
vt 0.580450 0.492004
vt 0.132958 0.708201
vt 0.132159 0.742132
vt 0.166603 0.741847
vt 0.125000 0.743698
vt 0.125000 0.745507
vt 0.125000 0.747316
vt 0.128151 0.748658
vt 0.131302 0.750000
vt 0.416639 0.007974
vt 0.382710 0.007165
vt 0.383015 0.041610
vt 0.381015 0.000000
vt 0.379298 0.000000
vt 0.377581 0.000000
vt 0.376291 0.003151
vt 0.375000 0.006302
vt 0.382826 0.958194
vt 0.382027 0.992126
vt 0.416451 0.991830
vt 0.375000 0.993698
vt 0.375000 0.995508
vt 0.375000 0.997316
vt 0.378008 0.998658
vt 0.381015 1.000000
vt 0.583469 0.992136
vt 0.617541 0.993244
vt 0.617056 0.958910
vt 0.619088 1.000000
vt 0.621178 1.000000
vt 0.623269 1.000000
vt 0.624134 0.997745
vt 0.625000 0.995489
vt 0.617182 0.041105
vt 0.617999 0.006809
vt 0.583595 0.007879
vt 0.625000 0.004511
vt 0.625000 0.002355
vt 0.625000 0.000199
vt 0.622044 0.000099
vt 0.619088 0.000000
vt 0.625000 0.004168
vt 0.625000 0.003212
vt 0.625000 0.006423
vt 0.625000 0.000000
vt 0.625000 0.000000
vt 0.625000 0.000000
vt 0.625000 0.002255
vt 0.625000 0.958432
vt 0.625000 0.992786
vt 0.625000 0.991417
vt 0.625000 0.997645
vt 0.625000 0.999801
vt 0.625000 0.999901
vt 0.625000 1.000000
vt 0.166799 0.507958
vt 0.132868 0.507159
vt 0.133154 0.541603
vt 0.131302 0.500000
vt 0.129493 0.500000
vt 0.127684 0.500000
vt 0.126342 0.503151
vt 0.125000 0.506302
vt 0.416639 0.257974
vt 0.382710 0.257165
vt 0.383015 0.291610
vt 0.381015 0.250000
vt 0.379298 0.250000
vt 0.377581 0.250000
vt 0.376291 0.253151
vt 0.375000 0.256302
vt 0.382826 0.208194
vt 0.382027 0.242126
vt 0.416451 0.241830
vt 0.375000 0.243698
vt 0.375000 0.245507
vt 0.375000 0.247316
vt 0.378008 0.248658
vt 0.625000 0.243577
vt 0.624806 0.246749
vt 0.625000 0.245832
vt 0.625000 0.245489
vt 0.623959 0.246536
vt 0.623819 0.250000
vt 0.624744 0.250000
vt 0.625000 0.250000
vt 0.580334 0.242135
vt 0.616990 0.243204
vt 0.617131 0.208900
vt 0.580330 0.250000
vt 0.616935 0.250000
vt 0.617131 0.291100
vt 0.616990 0.256796
vt 0.580334 0.257865
vt 0.625000 0.254511
vt 0.623959 0.253464
vt 0.625000 0.254168
vt 0.624806 0.253251
vt 0.625000 0.256423
vt 0.333395 0.741977
vt 0.367828 0.741813
vt 0.367033 0.705116
vt 0.368698 0.750000
vt 0.371832 0.749553
vt 0.374966 0.749105
vt 0.374942 0.741703
vt 0.374946 0.705084
vt 0.419670 0.757903
vt 0.382824 0.756939
vt 0.382824 0.791545
vt 0.419675 0.749901
vt 0.382822 0.749668
vt 0.374983 0.752703
vt 0.375000 0.756302
vt 0.382817 0.705109
vt 0.382819 0.741817
vt 0.419670 0.741954
vt 0.625000 0.743577
vt 0.624806 0.746749
vt 0.625000 0.745832
vt 0.625000 0.745489
vt 0.623959 0.746536
vt 0.623819 0.750000
vt 0.624744 0.750000
vt 0.625000 0.750000
vt 0.580334 0.742135
vt 0.616990 0.743204
vt 0.617131 0.708900
vt 0.580330 0.750000
vt 0.616935 0.750000
vt 0.617131 0.791100
vt 0.616990 0.756796
vt 0.580334 0.757865
vt 0.625000 0.754511
vt 0.623959 0.753464
vt 0.625000 0.754168
vt 0.624806 0.753251
vt 0.625000 0.756423
vt 0.367105 0.544812
vt 0.368054 0.507961
vt 0.333460 0.507958
vt 0.375045 0.544816
vt 0.375274 0.507964
vt 0.375860 0.500000
vt 0.372279 0.500000
vt 0.368698 0.500000
vt 0.419741 0.507974
vt 0.383035 0.507967
vt 0.382889 0.544820
vt 0.419775 0.500000
vt 0.383154 0.500000
vt 0.382889 0.458390
vt 0.383050 0.492835
vt 0.419741 0.492026
vt 0.375000 0.493698
vt 0.375430 0.496849
vt 0.625000 0.493577
vt 0.624806 0.496749
vt 0.625000 0.495832
vt 0.625000 0.495489
vt 0.623959 0.496536
vt 0.623819 0.500000
vt 0.624744 0.500000
vt 0.625000 0.500000
vt 0.580334 0.492135
vt 0.616990 0.493204
vt 0.617131 0.458900
vt 0.580330 0.500000
vt 0.616935 0.500000
vt 0.617131 0.541100
vt 0.616990 0.506796
vt 0.580334 0.507865
vt 0.625000 0.504511
vt 0.623959 0.503464
vt 0.625000 0.504168
vt 0.624806 0.503251
vt 0.625000 0.506423
vt 0.169526 0.625008
vt 0.132720 0.625018
vt 0.125000 0.625000
vt 0.375000 0.125000
vt 0.382720 0.125018
vt 0.500018 0.992233
vt 0.500000 1.000000
vt 0.500000 0.000000
vt 0.499988 0.007757
vt 0.624897 0.124273
vt 0.624120 0.121988
vt 0.617182 0.124245
vt 0.499187 0.257757
vt 0.496764 0.250004
vt 0.499205 0.242261
vt 0.250000 0.544528
vt 0.250000 0.507726
vt 0.250000 0.500000
vt 0.375000 0.375000
vt 0.382703 0.375024
vt 0.624873 0.375000
vt 0.624038 0.375000
vt 0.617170 0.375000
vt 0.499996 0.507747
vt 0.499994 0.500011
vt 0.499996 0.492269
vt 0.330486 0.625003
vt 0.367305 0.625008
vt 0.375011 0.625011
vt 0.382711 0.625008
vt 0.624873 0.625000
vt 0.624038 0.625000
vt 0.617170 0.625000
vt 0.500004 0.757739
vt 0.500005 0.750000
vt 0.500004 0.742261
vt 0.250011 0.705483
vt 0.250024 0.742297
vt 0.250000 0.750000
vt 0.375000 0.875000
vt 0.382726 0.875000
vt 0.624897 0.875755
vt 0.624123 0.878012
vt 0.617194 0.875727
vt 0.382843 0.124980
vt 0.375000 0.125000
vt 0.125000 0.625000
vt 0.132977 0.624980
vt 0.500045 0.007973
vt 0.500052 0.000000
vt 0.500052 1.000000
vt 0.500013 0.992009
vt 0.617175 0.125001
vt 0.625000 0.125000
vt 0.625000 0.125000
vt 0.499214 0.242009
vt 0.496809 0.249995
vt 0.499233 0.257971
vt 0.382849 0.375000
vt 0.375000 0.375000
vt 0.250000 0.500000
vt 0.250026 0.507957
vt 0.617172 0.375000
vt 0.625000 0.375000
vt 0.625000 0.375000
vt 0.500028 0.492029
vt 0.500039 0.500000
vt 0.500028 0.507971
vt 0.382826 0.624991
vt 0.374961 0.624988
vt 0.367045 0.624991
vt 0.617172 0.625000
vt 0.625000 0.625000
vt 0.625000 0.625000
vt 0.500019 0.742020
vt 0.500027 0.749988
vt 0.500019 0.757962
vt 0.382824 0.874974
vt 0.375000 0.875000
vt 0.250000 0.750000
vt 0.250000 0.742017
vt 0.617162 0.875000
vt 0.625000 0.875000
vt 0.625000 0.871021
vt 0.625000 0.991188
vt 0.625000 1.000000
vt 0.625000 0.000000
vt 0.625000 0.008093
vt 0.624996 0.241935
vt 0.624994 0.250000
vt 0.624996 0.258065
vt 0.624996 0.741935
vt 0.624994 0.750000
vt 0.624996 0.758065
vt 0.624996 0.491935
vt 0.624994 0.500000
vt 0.624996 0.508065
vt 0.250001 0.625001
vn 0.0184 -0.0470 0.9987
vn 0.0205 0.0019 0.9998
vn 0.0000 0.0008 1.0000
vn 0.0000 -0.0504 0.9987
vn 0.0223 0.0576 0.9981
vn 0.0000 0.0549 0.9985
vn -0.0223 0.0576 0.9981
vn -0.0205 0.0019 0.9998
vn -0.0184 -0.0470 0.9987
vn 0.0013 0.9989 -0.0461
vn 0.0000 0.9989 -0.0465
vn 0.0000 1.0000 -0.0000
vn -0.0001 1.0000 -0.0002
vn -0.0013 0.9989 -0.0461
vn 0.0001 1.0000 -0.0002
vn 0.0015 0.9989 0.0470
vn -0.0000 0.9989 0.0470
vn -0.0015 0.9989 0.0470
vn 0.0934 0.9956 0.0005
vn 0.0942 0.9956 -0.0000
vn -0.0001 1.0000 -0.0000
vn 0.0000 1.0000 -0.0002
vn 0.0934 0.9956 -0.0005
vn 0.0000 1.0000 0.0002
vn -0.0959 0.9954 0.0008
vn -0.0955 0.9954 -0.0000
vn -0.0959 0.9954 -0.0008
vn -0.0934 0.9956 -0.0005
vn -0.0942 0.9956 0.0000
vn 0.0001 1.0000 0.0000
vn -0.0934 0.9956 0.0005
vn 0.0959 0.9954 -0.0008
vn 0.0955 0.9954 0.0000
vn 0.0959 0.9954 0.0008
vn -0.9997 -0.0231 0.0044
vn -1.0000 0.0009 0.0050
vn -1.0000 0.0004 0.0000
vn -0.9997 -0.0248 -0.0000
vn -0.9996 0.0284 0.0054
vn -0.9996 0.0270 -0.0000
vn -0.9996 0.0284 -0.0054
vn -1.0000 0.0009 -0.0050
vn -0.9997 -0.0231 -0.0044
vn -0.0204 -0.0058 -0.9998
vn -0.0000 -0.0019 -1.0000
vn 0.0000 -0.0388 -0.9992
vn -0.0225 -0.0399 -0.9990
vn 0.0204 -0.0058 -0.9998
vn 0.0225 -0.0399 -0.9990
vn 0.0235 -0.0004 -0.9997
vn 0.0000 0.0004 -1.0000
vn -0.0235 -0.0004 -0.9997
vn -1.0000 -0.0028 0.0049
vn -1.0000 -0.0009 -0.0000
vn -0.9998 -0.0190 -0.0000
vn -0.9998 -0.0196 0.0054
vn -1.0000 -0.0028 -0.0049
vn -0.9998 -0.0196 -0.0054
vn -1.0000 -0.0002 -0.0056
vn -1.0000 0.0002 -0.0000
vn -1.0000 -0.0002 0.0056
vn 0.0204 -0.0058 0.9998
vn 0.0000 -0.0019 1.0000
vn -0.0000 -0.0388 0.9992
vn 0.0225 -0.0399 0.9990
vn -0.0204 -0.0058 0.9998
vn -0.0225 -0.0399 0.9990
vn -0.0235 -0.0004 0.9997
vn -0.0000 0.0004 1.0000
vn 0.0235 -0.0004 0.9997
vn 1.0000 -0.0028 -0.0049
vn 1.0000 -0.0009 -0.0000
vn 0.9998 -0.0190 0.0000
vn 0.9998 -0.0196 -0.0054
vn 1.0000 -0.0028 0.0049
vn 0.9998 -0.0196 0.0054
vn 1.0000 -0.0002 0.0056
vn 1.0000 0.0002 0.0000
vn 1.0000 -0.0002 -0.0056
vn -0.0013 0.9989 0.0461
vn -0.0000 0.9989 0.0465
vn 0.0001 1.0000 0.0002
vn 0.0013 0.9989 0.0461
vn -0.0001 1.0000 0.0002
vn -0.0015 0.9989 -0.0470
vn -0.0000 0.9989 -0.0470
vn 0.0015 0.9989 -0.0470
vn 0.9997 -0.0231 -0.0044
vn 1.0000 0.0009 -0.0050
vn 1.0000 0.0004 -0.0000
vn 0.9997 -0.0248 -0.0000
vn 0.9996 0.0284 -0.0054
vn 0.9996 0.0270 -0.0000
vn 0.9996 0.0284 0.0054
vn 1.0000 0.0009 0.0050
vn 0.9997 -0.0231 0.0044
vn 0.0038 1.0000 0.0019
vn 0.0041 1.0000 0.0000
vn -0.0000 1.0000 0.0020
vn 0.0038 1.0000 -0.0019
vn 0.0000 1.0000 -0.0020
vn -0.0038 1.0000 -0.0019
vn -0.0041 1.0000 0.0000
vn -0.0038 1.0000 0.0019
vn -0.0184 -0.0470 -0.9987
vn -0.0205 0.0019 -0.9998
vn 0.0000 0.0008 -1.0000
vn -0.0000 -0.0504 -0.9987
vn -0.0223 0.0576 -0.9981
vn -0.0000 0.0549 -0.9985
vn 0.0223 0.0576 -0.9981
vn 0.0205 0.0019 -0.9998
vn 0.0184 -0.0470 -0.9987
vn -0.0035 -1.0000 0.0017
vn -0.0029 -0.9999 0.0168
vn -0.0280 -0.9995 0.0138
vn -0.0343 -0.9994 0.0014
vn -0.0070 -0.9003 0.4352
vn -0.0726 -0.8716 0.4848
vn -0.5404 -0.7486 0.3841
vn -0.6039 -0.7968 0.0233
vn -0.5806 -0.8142 0.0025
vn -0.1745 -0.0380 0.9839
vn -0.1394 -0.3224 0.9363
vn -0.0143 -0.3823 0.9239
vn -0.7843 -0.0288 0.6197
vn -0.7431 -0.2532 0.6194
vn -0.9764 -0.2158 0.0036
vn -0.9834 -0.1779 0.0356
vn -0.9989 -0.0189 0.0437
vn -0.0227 0.4204 0.9071
vn -0.1926 0.4495 0.8723
vn -0.1998 0.0698 0.9774
vn -0.0104 0.8915 0.4529
vn -0.0868 0.8968 0.4339
vn -0.4678 0.8497 0.2433
vn -0.7177 0.4201 0.5554
vn -0.7892 0.0694 0.6103
vn -0.0100 0.9990 0.0437
vn -0.0200 0.9958 0.0899
vn -0.0026 0.9952 0.0976
vn -0.0573 0.9981 0.0241
vn -0.1102 0.9927 0.0490
vn -0.1955 0.9807 0.0011
vn -0.1789 0.9838 0.0084
vn -0.0872 0.9962 0.0038
vn -0.6396 0.7687 0.0034
vn -0.6116 0.7907 0.0263
vn -0.9980 0.0357 0.0515
vn -0.9537 0.2948 0.0593
vn -0.9692 0.2460 0.0064
vn -0.0035 -1.0000 -0.0017
vn -0.0343 -0.9994 -0.0014
vn -0.0280 -0.9995 -0.0138
vn -0.0029 -0.9999 -0.0168
vn -0.5806 -0.8142 -0.0025
vn -0.6039 -0.7968 -0.0233
vn -0.5404 -0.7486 -0.3841
vn -0.0726 -0.8716 -0.4848
vn -0.0070 -0.9003 -0.4352
vn -0.9989 -0.0189 -0.0437
vn -0.9834 -0.1779 -0.0356
vn -0.9764 -0.2158 -0.0036
vn -0.7843 -0.0288 -0.6197
vn -0.7431 -0.2532 -0.6194
vn -0.0143 -0.3823 -0.9239
vn -0.1394 -0.3224 -0.9363
vn -0.1745 -0.0380 -0.9839
vn -0.0872 0.9962 -0.0038
vn -0.1789 0.9838 -0.0084
vn -0.1955 0.9807 -0.0011
vn -0.0573 0.9981 -0.0241
vn -0.1102 0.9927 -0.0490
vn -0.4678 0.8497 -0.2433
vn -0.6116 0.7907 -0.0263
vn -0.6396 0.7687 -0.0034
vn -0.0026 0.9952 -0.0976
vn -0.0200 0.9958 -0.0899
vn -0.0100 0.9990 -0.0437
vn -0.0104 0.8915 -0.4529
vn -0.0868 0.8968 -0.4339
vn -0.1998 0.0698 -0.9774
vn -0.1926 0.4495 -0.8723
vn -0.0227 0.4204 -0.9071
vn -0.7892 0.0694 -0.6103
vn -0.7177 0.4201 -0.5554
vn -0.9692 0.2460 -0.0064
vn -0.9537 0.2948 -0.0593
vn -0.9980 0.0357 -0.0515
vn 0.0035 -1.0000 0.0017
vn 0.0343 -0.9994 0.0014
vn 0.0280 -0.9995 0.0138
vn 0.0029 -0.9999 0.0168
vn 0.5806 -0.8142 0.0025
vn 0.6039 -0.7968 0.0233
vn 0.5404 -0.7486 0.3841
vn 0.0726 -0.8716 0.4848
vn 0.0070 -0.9003 0.4352
vn 0.9989 -0.0189 0.0437
vn 0.9834 -0.1779 0.0356
vn 0.9764 -0.2158 0.0036
vn 0.7843 -0.0288 0.6197
vn 0.7431 -0.2532 0.6194
vn 0.0143 -0.3823 0.9239
vn 0.1394 -0.3224 0.9363
vn 0.1745 -0.0380 0.9839
vn 0.0872 0.9962 0.0038
vn 0.1789 0.9838 0.0084
vn 0.1955 0.9807 0.0011
vn 0.0573 0.9981 0.0241
vn 0.1102 0.9927 0.0490
vn 0.4678 0.8497 0.2433
vn 0.6116 0.7907 0.0263
vn 0.6396 0.7687 0.0034
vn 0.0026 0.9952 0.0976
vn 0.0200 0.9958 0.0899
vn 0.0100 0.9990 0.0437
vn 0.0104 0.8915 0.4529
vn 0.0868 0.8968 0.4339
vn 0.1998 0.0698 0.9774
vn 0.1926 0.4495 0.8723
vn 0.0227 0.4204 0.9071
vn 0.7892 0.0694 0.6103
vn 0.7177 0.4201 0.5554
vn 0.9692 0.2460 0.0064
vn 0.9537 0.2948 0.0593
vn 0.9980 0.0357 0.0515
vn 0.0035 -1.0000 -0.0017
vn 0.0029 -0.9999 -0.0168
vn 0.0280 -0.9995 -0.0138
vn 0.0343 -0.9994 -0.0014
vn 0.0070 -0.9003 -0.4352
vn 0.0726 -0.8716 -0.4848
vn 0.5404 -0.7486 -0.3841
vn 0.6039 -0.7968 -0.0233
vn 0.5806 -0.8142 -0.0025
vn 0.1745 -0.0380 -0.9839
vn 0.1394 -0.3224 -0.9363
vn 0.0143 -0.3823 -0.9239
vn 0.7843 -0.0288 -0.6197
vn 0.7431 -0.2532 -0.6194
vn 0.9764 -0.2158 -0.0036
vn 0.9834 -0.1779 -0.0356
vn 0.9989 -0.0189 -0.0437
vn 0.0100 0.9990 -0.0437
vn 0.0200 0.9958 -0.0899
vn 0.0026 0.9952 -0.0976
vn 0.0573 0.9981 -0.0241
vn 0.1102 0.9927 -0.0490
vn 0.4678 0.8497 -0.2433
vn 0.0868 0.8968 -0.4339
vn 0.0104 0.8915 -0.4529
vn 0.1955 0.9807 -0.0011
vn 0.1789 0.9838 -0.0084
vn 0.0872 0.9962 -0.0038
vn 0.6396 0.7687 -0.0034
vn 0.6116 0.7907 -0.0263
vn 0.9980 0.0357 -0.0515
vn 0.9537 0.2948 -0.0593
vn 0.9692 0.2460 -0.0064
vn 0.7892 0.0694 -0.6103
vn 0.7177 0.4201 -0.5554
vn 0.0227 0.4204 -0.9071
vn 0.1926 0.4495 -0.8723
vn 0.1998 0.0698 -0.9774
vn 0.0371 0.9993 -0.0016
vn 0.0304 0.9994 -0.0150
vn 0.0032 0.9998 -0.0183
vn 0.5870 0.8095 -0.0028
vn 0.6120 0.7904 -0.0261
vn 0.5491 0.7379 -0.3925
vn 0.0812 0.8643 -0.4964
vn 0.0079 0.8964 -0.4431
vn 0.9988 -0.0094 -0.0474
vn 0.9868 0.1572 -0.0390
vn 0.9802 0.1980 -0.0040
vn 0.7901 -0.0241 -0.6125
vn 0.7527 0.2129 -0.6230
vn 0.0161 0.3507 -0.9364
vn 0.1527 0.2846 -0.9464
vn 0.1881 -0.0184 -0.9820
vn 0.2046 -0.0027 -0.9788
vn 0.1894 0.3848 -0.9033
vn 0.0222 0.3714 -0.9282
vn 0.8023 -0.0036 -0.5970
vn 0.7839 0.3583 -0.5071
vn 0.3383 0.9113 -0.2347
vn 0.0981 0.8981 -0.4287
vn 0.0126 0.8825 -0.4701
vn 0.9774 0.2114 -0.0053
vn 0.9755 0.2155 -0.0453
vn 0.9987 -0.0013 -0.0510
vn 0.6567 0.7542 -0.0043
vn 0.6418 0.7659 -0.0385
vn 0.0888 0.9960 -0.0065
vn 0.1949 0.9807 -0.0126
vn 0.2044 0.9789 -0.0015
vn 0.0394 0.9989 -0.0244
vn 0.0963 0.9938 -0.0551
vn 0.0029 0.9948 -0.1018
vn 0.0229 0.9952 -0.0949
vn 0.0106 0.9991 -0.0422
vn 0.0032 0.9998 0.0183
vn 0.0304 0.9994 0.0150
vn 0.0371 0.9993 0.0016
vn 0.0079 0.8964 0.4431
vn 0.0812 0.8643 0.4964
vn 0.5491 0.7379 0.3925
vn 0.6120 0.7904 0.0261
vn 0.5870 0.8095 0.0028
vn 0.1881 -0.0184 0.9820
vn 0.1527 0.2846 0.9464
vn 0.0161 0.3507 0.9364
vn 0.7901 -0.0241 0.6125
vn 0.7527 0.2129 0.6230
vn 0.9802 0.1980 0.0040
vn 0.9868 0.1572 0.0390
vn 0.9988 -0.0094 0.0474
vn 0.2044 0.9789 0.0015
vn 0.1949 0.9807 0.0126
vn 0.0888 0.9960 0.0065
vn 0.6567 0.7542 0.0043
vn 0.6418 0.7659 0.0385
vn 0.3383 0.9113 0.2347
vn 0.0963 0.9938 0.0551
vn 0.0394 0.9989 0.0244
vn 0.9987 -0.0013 0.0510
vn 0.9755 0.2155 0.0453
vn 0.9774 0.2114 0.0053
vn 0.8023 -0.0036 0.5970
vn 0.7839 0.3583 0.5071
vn 0.0222 0.3714 0.9282
vn 0.1894 0.3848 0.9033
vn 0.2046 -0.0027 0.9788
vn 0.0126 0.8825 0.4701
vn 0.0981 0.8981 0.4287
vn 0.0106 0.9991 0.0422
vn 0.0229 0.9952 0.0949
vn 0.0029 0.9948 0.1018
vn -0.0032 0.9998 -0.0183
vn -0.0304 0.9994 -0.0150
vn -0.0371 0.9993 -0.0016
vn -0.0079 0.8964 -0.4431
vn -0.0812 0.8643 -0.4964
vn -0.5491 0.7379 -0.3925
vn -0.6120 0.7904 -0.0261
vn -0.5870 0.8095 -0.0028
vn -0.1881 -0.0184 -0.9820
vn -0.1527 0.2846 -0.9464
vn -0.0161 0.3507 -0.9364
vn -0.7901 -0.0241 -0.6125
vn -0.7527 0.2129 -0.6230
vn -0.9802 0.1980 -0.0040
vn -0.9868 0.1572 -0.0390
vn -0.9988 -0.0094 -0.0474
vn -0.2044 0.9789 -0.0015
vn -0.1949 0.9807 -0.0126
vn -0.0888 0.9960 -0.0065
vn -0.6567 0.7542 -0.0043
vn -0.6418 0.7659 -0.0385
vn -0.3383 0.9113 -0.2347
vn -0.0963 0.9938 -0.0551
vn -0.0394 0.9989 -0.0244
vn -0.9987 -0.0013 -0.0510
vn -0.9755 0.2155 -0.0453
vn -0.9774 0.2114 -0.0053
vn -0.8023 -0.0036 -0.5970
vn -0.7839 0.3583 -0.5071
vn -0.0222 0.3714 -0.9282
vn -0.1894 0.3848 -0.9033
vn -0.2046 -0.0027 -0.9788
vn -0.0126 0.8825 -0.4701
vn -0.0981 0.8981 -0.4287
vn -0.0106 0.9991 -0.0422
vn -0.0229 0.9952 -0.0949
vn -0.0029 0.9948 -0.1018
vn -0.0371 0.9993 0.0016
vn -0.0304 0.9994 0.0150
vn -0.0032 0.9998 0.0183
vn -0.5870 0.8095 0.0028
vn -0.6120 0.7904 0.0261
vn -0.5491 0.7379 0.3925
vn -0.0812 0.8643 0.4964
vn -0.0079 0.8964 0.4431
vn -0.9988 -0.0094 0.0474
vn -0.9868 0.1572 0.0390
vn -0.9802 0.1980 0.0040
vn -0.7901 -0.0241 0.6125
vn -0.7527 0.2129 0.6230
vn -0.0161 0.3507 0.9364
vn -0.1527 0.2846 0.9464
vn -0.1881 -0.0184 0.9820
vn -0.0029 0.9948 0.1018
vn -0.0229 0.9952 0.0949
vn -0.0106 0.9991 0.0422
vn -0.0126 0.8825 0.4701
vn -0.0981 0.8981 0.4287
vn -0.3383 0.9113 0.2347
vn -0.0963 0.9938 0.0551
vn -0.0394 0.9989 0.0244
vn -0.2046 -0.0027 0.9788
vn -0.1894 0.3848 0.9033
vn -0.0222 0.3714 0.9282
vn -0.8023 -0.0036 0.5970
vn -0.7839 0.3583 0.5071
vn -0.9774 0.2114 0.0053
vn -0.9755 0.2155 0.0453
vn -0.9987 -0.0013 0.0510
vn -0.6567 0.7542 0.0043
vn -0.6418 0.7659 0.0385
vn -0.0888 0.9960 0.0065
vn -0.1949 0.9807 0.0126
vn -0.2044 0.9789 0.0015
vn -0.0037 -1.0000 0.0000
vn -0.0359 -0.9994 0.0000
vn -0.5749 -0.8182 -0.0000
vn -0.9743 -0.2253 -0.0000
vn -0.1879 0.0055 0.9822
vn -0.7903 0.0072 0.6127
vn -0.9989 0.0028 0.0473
vn -0.1979 0.9802 -0.0000
vn -0.6449 0.7643 -0.0000
vn -0.9717 0.2364 -0.0000
vn -0.1879 0.0055 -0.9822
vn -0.7903 0.0072 -0.6127
vn -0.9989 0.0028 -0.0473
vn -0.0000 -1.0000 -0.0018
vn -0.0000 -0.9998 -0.0176
vn 0.0000 -0.9053 -0.4247
vn 0.0000 -0.3959 -0.9183
vn 0.0000 0.9951 -0.0990
vn -0.0000 0.8890 -0.4580
vn -0.0000 0.4108 -0.9117
vn 0.9989 0.0028 -0.0473
vn 0.7903 0.0072 -0.6127
vn 0.1879 0.0055 -0.9822
vn 0.0037 -1.0000 0.0000
vn 0.0359 -0.9994 -0.0000
vn 0.5749 -0.8182 -0.0000
vn 0.9743 -0.2253 -0.0000
vn 0.1979 0.9802 0.0000
vn 0.6449 0.7643 -0.0000
vn 0.9717 0.2364 -0.0000
vn 0.1879 0.0055 0.9822
vn 0.7903 0.0072 0.6127
vn 0.9989 0.0028 0.0473
vn 0.0000 -1.0000 0.0018
vn 0.0000 -0.9998 0.0176
vn -0.0000 -0.9053 0.4247
vn -0.0000 -0.3959 0.9183
vn -0.0000 0.9951 0.0990
vn 0.0000 0.8890 0.4580
vn 0.0000 0.4108 0.9117
vn 0.9781 0.2079 -0.0000
vn 0.5811 0.8139 0.0000
vn 0.0389 0.9992 0.0000
vn 0.9985 -0.0225 -0.0504
vn 0.7965 -0.0426 -0.6031
vn 0.2002 -0.0448 -0.9787
vn 0.9771 0.2129 0.0000
vn 0.6550 0.7556 0.0000
vn 0.2027 0.9792 0.0000
vn 0.9985 -0.0225 0.0504
vn 0.7965 -0.0426 0.6031
vn 0.2002 -0.0448 0.9787
vn 0.0000 0.3654 0.9308
vn 0.0000 0.9019 0.4319
vn -0.0000 0.9998 0.0191
vn -0.0000 0.3731 0.9278
vn -0.0000 0.8829 0.4696
vn -0.0000 0.9949 0.1013
vn -0.2002 -0.0448 0.9787
vn -0.7965 -0.0426 0.6031
vn -0.9985 -0.0225 0.0504
vn -0.9781 0.2079 -0.0000
vn -0.5811 0.8139 -0.0000
vn -0.0389 0.9992 -0.0000
vn -0.9771 0.2129 -0.0000
vn -0.6550 0.7556 -0.0000
vn -0.2027 0.9792 -0.0000
vn -0.9985 -0.0225 -0.0504
vn -0.7965 -0.0426 -0.6031
vn -0.2002 -0.0448 -0.9787
vn -0.0000 0.3654 -0.9308
vn -0.0000 0.9019 -0.4319
vn 0.0000 0.9998 -0.0191
vn -0.0000 0.3731 -0.9278
vn 0.0000 0.8829 -0.4696
vn -0.0000 0.9949 -0.1013
vn -0.0001 1.0000 0.0026
vn -0.0127 0.9999 0.0012
vn -0.0031 1.0000 -0.0013
vn -0.0031 1.0000 0.0013
vn -0.0127 0.9999 -0.0012
vn -0.0001 1.0000 -0.0026
vn 0.0031 1.0000 -0.0013
vn 0.0127 0.9999 0.0012
vn 0.0001 1.0000 0.0026
vn 0.0001 1.0000 -0.0026
vn 0.0127 0.9999 -0.0012
vn 0.0031 1.0000 0.0013
vn 0.0000 -1.0000 -0.0000
usemtl None
s 1
f 35/1/1 324/2/2 381/3/3 329/4/4
f 324/2/2 42/5/5 332/6/6 381/3/3
f 381/3/3 332/6/6 8/7/7 300/8/8
f 329/4/4 381/3/3 300/8/8 2/9/9
f 56/10/10 312/11/11 382/12/12 378/13/13
f 312/11/11 25/14/14 374/15/15 382/12/12
f 382/12/12 374/15/15 91/16/16 350/17/17
f 378/13/13 382/12/12 350/17/17 120/18/18
f 40/19/19 321/20/20 383/21/21 375/22/22
f 321/20/20 57/23/23 380/24/24 383/21/21
f 383/21/21 380/24/24 123/25/25 359/26/26
f 375/22/22 383/21/21 359/26/26 104/27/27
f 24/28/28 303/29/29 384/30/30 372/31/24
f 303/29/29 10/32/31 371/33/22 384/30/30
f 384/30/30 371/33/22 74/34/32 341/35/33
f 372/31/24 384/30/30 341/35/33 88/36/34
f 3/37/35 302/38/36 385/39/37 299/40/38
f 302/38/36 11/41/39 305/42/40 385/39/37
f 385/39/37 305/42/40 27/43/41 308/44/42
f 299/40/38 385/39/37 308/44/42 18/45/43
f 98/46/44 363/47/45 386/48/46 362/49/47
f 363/47/45 67/50/48 338/51/49 386/48/46
f 386/48/46 338/51/49 72/52/50 366/53/51
f 362/49/47 386/48/46 366/53/51 106/54/52
f 114/55/53 354/56/54 387/57/55 353/58/56
f 354/56/54 99/59/57 360/60/58 387/57/55
f 387/57/55 360/60/58 105/61/59 357/62/60
f 353/58/56 387/57/55 357/62/60 122/63/61
f 82/64/62 345/65/63 388/66/64 344/67/65
f 345/65/63 115/68/66 351/69/67 388/66/64
f 388/66/64 351/69/67 121/70/68 348/71/69
f 344/67/65 388/66/64 348/71/69 90/72/70
f 66/73/71 333/74/72 389/75/73 336/76/74
f 333/74/72 83/77/75 342/78/76 389/75/73
f 389/75/73 342/78/76 89/79/77 339/80/78
f 336/76/74 389/75/73 339/80/78 73/81/79
f 9/82/80 330/83/81 390/84/12 369/85/82
f 330/83/81 41/86/83 377/87/84 390/84/12
f 390/84/12 377/87/84 107/88/85 368/89/86
f 369/85/82 390/84/12 368/89/86 75/90/87
f 51/91/88 315/92/89 391/93/90 320/94/91
f 315/92/89 58/95/92 323/96/93 391/93/90
f 391/93/90 323/96/93 43/97/94 326/98/95
f 320/94/91 391/93/90 326/98/95 34/99/96
f 81/100/97 335/101/98 392/102/12 347/103/99
f 335/101/98 65/104/100 365/105/101 392/102/12
f 392/102/12 365/105/101 97/106/102 356/107/103
f 347/103/99 392/102/12 356/107/103 113/108/104
f 19/109/105 306/110/106 393/111/107 311/112/108
f 306/110/106 26/113/109 314/114/110 393/111/107
f 393/111/107 314/114/110 59/115/111 317/116/112
f 311/112/108 393/111/107 317/116/112 50/117/113
f 1/118/114 130/119/115 394/120/116 129/121/117
f 130/119/115 4/122/118 131/123/119 394/120/116
f 394/120/116 131/123/119 5/124/120 132/125/121
f 129/121/117 394/120/116 132/125/121 7/126/122
f 2/9/9 134/127/123 395/128/124 133/129/125
f 134/127/123 6/130/126 135/131/127 395/128/124
f 395/128/124 135/131/127 5/132/120 131/133/119
f 133/129/125 395/128/124 131/133/119 4/134/118
f 3/37/35 137/135/128 396/136/129 136/137/130
f 137/135/128 7/138/122 132/139/121 396/136/129
f 396/136/129 132/139/121 5/140/120 135/141/127
f 136/137/130 396/136/129 135/141/127 6/142/126
f 8/7/7 139/143/131 397/144/132 138/145/133
f 139/143/131 12/146/134 140/147/135 397/144/132
f 397/144/132 140/147/135 13/148/136 141/149/137
f 138/145/133 397/144/132 141/149/137 16/150/138
f 9/82/80 143/151/139 398/152/140 142/153/141
f 143/151/139 14/154/142 144/155/143 398/152/140
f 398/152/140 144/155/143 13/156/136 140/157/135
f 142/153/141 398/152/140 140/157/135 12/146/134
f 10/32/31 146/158/144 399/159/145 145/160/146
f 146/158/144 15/161/147 147/162/148 399/159/145
f 399/159/145 147/162/148 13/163/136 144/164/143
f 145/160/146 399/159/145 144/164/143 14/165/142
f 11/41/39 149/166/149 400/167/150 148/168/151
f 149/166/149 16/169/138 141/170/137 400/167/150
f 400/167/150 141/170/137 13/171/136 147/172/148
f 148/168/151 400/167/150 147/172/148 15/161/147
f 17/173/152 151/174/153 401/175/154 150/176/155
f 151/174/153 20/177/156 152/178/157 401/175/154
f 401/175/154 152/178/157 21/179/158 153/180/159
f 150/176/155 401/175/154 153/180/159 23/181/160
f 18/45/43 155/182/161 402/183/162 154/184/163
f 155/182/161 22/185/164 156/186/165 402/183/162
f 402/183/162 156/186/165 21/187/158 152/188/157
f 154/184/163 402/183/162 152/188/157 20/189/156
f 19/109/105 158/190/166 403/191/167 157/192/168
f 158/190/166 23/193/160 153/194/159 403/191/167
f 403/191/167 153/194/159 21/195/158 156/196/165
f 157/192/168 403/191/167 156/196/165 22/185/164
f 24/28/28 160/197/169 404/198/170 159/199/171
f 160/197/169 28/200/172 161/201/173 404/198/170
f 404/198/170 161/201/173 29/202/174 162/203/175
f 159/199/171 404/198/170 162/203/175 32/204/176
f 25/14/14 164/205/177 405/206/178 163/207/179
f 164/205/177 30/208/180 165/209/181 405/206/178
f 405/206/178 165/209/181 29/202/174 161/201/173
f 163/207/179 405/206/178 161/201/173 28/200/172
f 26/113/109 167/210/182 406/211/183 166/212/184
f 167/210/182 31/213/185 168/214/186 406/211/183
f 406/211/183 168/214/186 29/202/174 165/209/181
f 166/212/184 406/211/183 165/209/181 30/208/180
f 27/43/41 170/215/187 407/216/188 169/217/189
f 170/215/187 32/204/176 162/203/175 407/216/188
f 407/216/188 162/203/175 29/202/174 168/214/186
f 169/217/189 407/216/188 168/214/186 31/213/185
f 33/218/190 172/219/191 408/220/192 171/221/193
f 172/219/191 36/222/194 173/223/195 408/220/192
f 408/220/192 173/223/195 37/224/196 174/225/197
f 171/221/193 408/220/192 174/225/197 39/226/198
f 34/99/96 176/227/199 409/228/200 175/229/201
f 176/227/199 38/230/202 177/231/203 409/228/200
f 409/228/200 177/231/203 37/224/196 173/223/195
f 175/229/201 409/228/200 173/223/195 36/222/194
f 35/1/1 179/232/204 410/233/205 178/234/206
f 179/232/204 39/235/198 174/236/197 410/233/205
f 410/233/205 174/236/197 37/224/196 177/231/203
f 178/234/206 410/233/205 177/231/203 38/230/202
f 40/19/19 181/237/207 411/238/208 180/239/209
f 181/237/207 44/240/210 182/241/211 411/238/208
f 411/238/208 182/241/211 45/242/212 183/243/213
f 180/239/209 411/238/208 183/243/213 48/244/214
f 41/86/83 185/245/215 412/246/216 184/247/217
f 185/245/215 46/248/218 186/249/219 412/246/216
f 412/246/216 186/249/219 45/242/212 182/241/211
f 184/247/217 412/246/216 182/241/211 44/240/210
f 42/5/5 188/250/220 413/251/221 187/252/222
f 188/250/220 47/253/223 189/254/224 413/251/221
f 413/251/221 189/254/224 45/242/212 186/249/219
f 187/252/222 413/251/221 186/249/219 46/248/218
f 43/97/94 191/255/225 414/256/226 190/257/227
f 191/255/225 48/244/214 183/243/213 414/256/226
f 414/256/226 183/243/213 45/242/212 189/254/224
f 190/257/227 414/256/226 189/254/224 47/253/223
f 49/258/228 193/259/229 415/260/230 192/261/231
f 193/259/229 52/262/232 194/263/233 415/260/230
f 415/260/230 194/263/233 53/264/234 195/265/235
f 192/261/231 415/260/230 195/265/235 55/266/236
f 50/117/113 197/267/237 416/268/238 196/269/239
f 197/267/237 54/270/240 198/271/241 416/268/238
f 416/268/238 198/271/241 53/264/234 194/272/233
f 196/269/239 416/268/238 194/272/233 52/273/232
f 51/91/88 200/274/242 417/275/243 199/276/244
f 200/274/242 55/266/236 195/265/235 417/275/243
f 417/275/243 195/265/235 53/264/234 198/271/241
f 199/276/244 417/275/243 198/271/241 54/270/240
f 56/10/10 202/277/245 418/278/246 201/279/247
f 202/277/245 60/280/248 203/281/249 418/278/246
f 418/278/246 203/281/249 61/282/250 204/283/251
f 201/279/247 418/278/246 204/283/251 64/284/252
f 57/23/23 206/285/253 419/286/254 205/287/255
f 206/285/253 62/288/256 207/289/257 419/286/254
f 419/286/254 207/289/257 61/282/250 203/281/249
f 205/287/255 419/286/254 203/281/249 60/280/248
f 58/95/92 209/290/258 420/291/259 208/292/260
f 209/290/258 63/293/261 210/294/262 420/291/259
f 420/291/259 210/294/262 61/282/250 207/289/257
f 208/292/260 420/291/259 207/289/257 62/288/256
f 59/115/111 212/295/263 421/296/264 211/297/265
f 212/295/263 64/284/252 204/283/251 421/296/264
f 421/296/264 204/283/251 61/282/250 210/294/262
f 211/297/265 421/296/264 210/294/262 63/293/261
f 65/104/100 214/298/266 422/299/267 213/300/268
f 214/298/266 68/301/269 215/302/270 422/299/267
f 422/299/267 215/302/270 69/303/271 216/304/272
f 213/300/268 422/299/267 216/304/272 71/305/273
f 66/73/71 218/306/274 423/307/275 217/308/276
f 218/306/274 70/309/277 219/310/278 423/307/275
f 423/307/275 219/310/278 69/311/271 215/312/270
f 217/308/276 423/307/275 215/312/270 68/313/269
f 67/50/48 221/314/279 424/315/280 220/316/281
f 221/314/279 71/317/273 216/318/272 424/315/280
f 424/315/280 216/318/272 69/319/271 219/320/278
f 220/316/281 424/315/280 219/320/278 70/321/277
f 72/52/50 223/322/282 425/323/283 222/324/284
f 223/322/282 76/325/285 224/326/286 425/323/283
f 425/323/283 224/326/286 77/327/287 225/328/288
f 222/324/284 425/323/283 225/328/288 80/329/289
f 73/81/79 227/330/290 426/331/291 226/332/292
f 227/330/290 78/333/293 228/334/294 426/331/291
f 426/331/291 228/334/294 77/335/287 224/336/286
f 226/332/292 426/331/291 224/336/286 76/337/285
f 74/34/32 230/338/295 427/339/296 229/340/297
f 230/338/295 79/341/298 231/342/299 427/339/296
f 427/339/296 231/342/299 77/343/287 228/344/294
f 229/340/297 427/339/296 228/344/294 78/333/293
f 75/90/87 233/345/300 428/346/301 232/347/302
f 233/345/300 80/329/289 225/348/288 428/346/301
f 428/346/301 225/348/288 77/349/287 231/350/299
f 232/347/302 428/346/301 231/350/299 79/351/298
f 81/100/97 235/352/303 429/353/304 234/354/305
f 235/352/303 84/355/306 236/356/307 429/353/304
f 429/353/304 236/356/307 85/357/308 237/358/309
f 234/354/305 429/353/304 237/358/309 87/359/310
f 82/64/62 239/360/311 430/361/312 238/362/313
f 239/360/311 86/363/314 240/364/315 430/361/312
f 430/361/312 240/364/315 85/365/308 236/366/307
f 238/362/313 430/361/312 236/366/307 84/367/306
f 83/77/75 242/368/316 431/369/317 241/370/318
f 242/368/316 87/371/310 237/372/309 431/369/317
f 431/369/317 237/372/309 85/373/308 240/374/315
f 241/370/318 431/369/317 240/374/315 86/363/314
f 88/36/34 244/375/319 432/376/320 243/377/321
f 244/375/319 92/378/322 245/379/323 432/376/320
f 432/376/320 245/379/323 93/380/324 246/381/325
f 243/377/321 432/376/320 246/381/325 96/382/326
f 89/79/77 248/383/327 433/384/328 247/385/329
f 248/383/327 94/386/330 249/387/331 433/384/328
f 433/384/328 249/387/331 93/380/324 245/379/323
f 247/385/329 433/384/328 245/379/323 92/378/322
f 90/72/70 251/388/332 434/389/333 250/390/334
f 251/388/332 95/391/335 252/392/336 434/389/333
f 434/389/333 252/392/336 93/380/324 249/387/331
f 250/390/334 434/389/333 249/387/331 94/386/330
f 91/16/16 254/393/337 435/394/338 253/395/339
f 254/393/337 96/382/326 246/381/325 435/394/338
f 435/394/338 246/381/325 93/380/324 252/392/336
f 253/395/339 435/394/338 252/392/336 95/391/335
f 97/106/102 256/396/340 436/397/341 255/398/342
f 256/396/340 100/399/343 257/400/344 436/397/341
f 436/397/341 257/400/344 101/401/345 258/402/346
f 255/398/342 436/397/341 258/402/346 103/403/347
f 98/46/44 260/404/348 437/405/349 259/406/350
f 260/404/348 102/407/351 261/408/352 437/405/349
f 437/405/349 261/408/352 101/401/345 257/409/344
f 259/406/350 437/405/349 257/409/344 100/410/343
f 99/59/57 263/411/353 438/412/354 262/413/355
f 263/411/353 103/403/347 258/402/346 438/412/354
f 438/412/354 258/402/346 101/401/345 261/408/352
f 262/413/355 438/412/354 261/408/352 102/407/351
f 104/27/27 265/414/356 439/415/357 264/416/358
f 265/414/356 108/417/359 266/418/360 439/415/357
f 439/415/357 266/418/360 109/419/361 267/420/362
f 264/416/358 439/415/357 267/420/362 112/421/363
f 105/61/59 269/422/364 440/423/365 268/424/366
f 269/422/364 110/425/367 270/426/368 440/423/365
f 440/423/365 270/426/368 109/419/361 266/418/360
f 268/424/366 440/423/365 266/418/360 108/417/359
f 106/54/52 272/427/369 441/428/370 271/429/371
f 272/427/369 111/430/372 273/431/373 441/428/370
f 441/428/370 273/431/373 109/419/361 270/426/368
f 271/429/371 441/428/370 270/426/368 110/425/367
f 107/88/85 275/432/374 442/433/375 274/434/376
f 275/432/374 112/421/363 267/420/362 442/433/375
f 442/433/375 267/420/362 109/419/361 273/431/373
f 274/434/376 442/433/375 273/431/373 111/430/372
f 113/108/104 277/435/377 443/436/378 276/437/379
f 277/435/377 116/438/380 278/439/381 443/436/378
f 443/436/378 278/439/381 117/440/382 279/441/383
f 276/437/379 443/436/378 279/441/383 119/442/384
f 114/55/53 281/443/385 444/444/386 280/445/387
f 281/443/385 118/446/388 282/447/389 444/444/386
f 444/444/386 282/447/389 117/440/382 278/439/381
f 280/445/387 444/444/386 278/439/381 116/438/380
f 115/68/66 284/448/390 445/449/391 283/450/392
f 284/448/390 119/451/384 279/452/383 445/449/391
f 445/449/391 279/452/383 117/440/382 282/447/389
f 283/450/392 445/449/391 282/447/389 118/446/388
f 120/18/18 286/453/393 446/454/394 285/455/395
f 286/453/393 124/456/396 287/457/397 446/454/394
f 446/454/394 287/457/397 125/458/398 288/459/399
f 285/455/395 446/454/394 288/459/399 128/460/400
f 121/70/68 290/461/401 447/462/402 289/463/403
f 290/461/401 126/464/404 291/465/405 447/462/402
f 447/462/402 291/465/405 125/458/398 287/457/397
f 289/463/403 447/462/402 287/457/397 124/456/396
f 122/63/61 293/466/406 448/467/407 292/468/408
f 293/466/406 127/469/409 294/470/410 448/467/407
f 448/467/407 294/470/410 125/458/398 291/465/405
f 292/468/408 448/467/407 291/465/405 126/464/404
f 123/25/25 296/471/411 449/472/412 295/473/413
f 296/471/411 128/460/400 288/459/399 449/472/412
f 449/472/412 288/459/399 125/458/398 294/470/410
f 295/473/413 449/472/412 294/470/410 127/469/409
f 17/173/152 297/474/414 450/475/415 151/174/153
f 297/474/414 1/118/114 129/121/117 450/475/415
f 450/475/415 129/121/117 7/126/122 298/476/416
f 151/174/153 450/475/415 298/476/416 20/177/156
f 20/189/156 298/477/416 451/478/417 154/184/163
f 298/477/416 7/138/122 137/135/128 451/478/417
f 451/478/417 137/135/128 3/37/35 299/40/38
f 154/184/163 451/478/417 299/40/38 18/45/43
f 2/9/9 300/8/8 452/479/418 134/127/123
f 300/8/8 8/7/7 138/145/133 452/479/418
f 452/479/418 138/145/133 16/150/138 301/480/419
f 134/127/123 452/479/418 301/480/419 6/130/126
f 6/142/126 301/481/419 453/482/420 136/137/130
f 301/481/419 16/169/138 149/166/149 453/482/420
f 453/482/420 149/166/149 11/41/39 302/38/36
f 136/137/130 453/482/420 302/38/36 3/37/35
f 10/32/31 303/29/29 454/483/421 146/158/144
f 303/29/29 24/28/28 159/199/171 454/483/421
f 454/483/421 159/199/171 32/204/176 304/484/422
f 146/158/144 454/483/421 304/484/422 15/161/147
f 15/161/147 304/484/422 455/485/423 148/168/151
f 304/484/422 32/204/176 170/215/187 455/485/423
f 455/485/423 170/215/187 27/43/41 305/42/40
f 148/168/151 455/485/423 305/42/40 11/41/39
f 26/113/109 306/110/106 456/486/424 167/210/182
f 306/110/106 19/109/105 157/192/168 456/486/424
f 456/486/424 157/192/168 22/185/164 307/487/425
f 167/210/182 456/486/424 307/487/425 31/213/185
f 31/213/185 307/487/425 457/488/426 169/217/189
f 307/487/425 22/185/164 155/182/161 457/488/426
f 457/488/426 155/182/161 18/45/43 308/44/42
f 169/217/189 457/488/426 308/44/42 27/43/41
f 49/258/228 309/489/427 458/490/428 193/259/229
f 309/489/427 17/173/152 150/176/155 458/490/428
f 458/490/428 150/176/155 23/181/160 310/491/429
f 193/259/229 458/490/428 310/491/429 52/262/232
f 52/273/232 310/492/429 459/493/430 196/269/239
f 310/492/429 23/193/160 158/190/166 459/493/430
f 459/493/430 158/190/166 19/109/105 311/112/108
f 196/269/239 459/493/430 311/112/108 50/117/113
f 25/14/14 312/11/11 460/494/431 164/205/177
f 312/11/11 56/10/10 201/279/247 460/494/431
f 460/494/431 201/279/247 64/284/252 313/495/432
f 164/205/177 460/494/431 313/495/432 30/208/180
f 30/208/180 313/495/432 461/496/433 166/212/184
f 313/495/432 64/284/252 212/295/263 461/496/433
f 461/496/433 212/295/263 59/115/111 314/114/110
f 166/212/184 461/496/433 314/114/110 26/113/109
f 58/95/92 315/92/89 462/497/434 209/290/258
f 315/92/89 51/91/88 199/276/244 462/497/434
f 462/497/434 199/276/244 54/270/240 316/498/435
f 209/290/258 462/497/434 316/498/435 63/293/261
f 63/293/261 316/498/435 463/499/436 211/297/265
f 316/498/435 54/270/240 197/267/237 463/499/436
f 463/499/436 197/267/237 50/117/113 317/116/112
f 211/297/265 463/499/436 317/116/112 59/115/111
f 33/218/190 318/500/437 464/501/438 172/219/191
f 318/500/437 49/258/228 192/261/231 464/501/438
f 464/501/438 192/261/231 55/266/236 319/502/439
f 172/219/191 464/501/438 319/502/439 36/222/194
f 36/222/194 319/502/439 465/503/440 175/229/201
f 319/502/439 55/266/236 200/274/242 465/503/440
f 465/503/440 200/274/242 51/91/88 320/94/91
f 175/229/201 465/503/440 320/94/91 34/99/96
f 57/23/23 321/20/20 466/504/441 206/285/253
f 321/20/20 40/19/19 180/239/209 466/504/441
f 466/504/441 180/239/209 48/244/214 322/505/442
f 206/285/253 466/504/441 322/505/442 62/288/256
f 62/288/256 322/505/442 467/506/443 208/292/260
f 322/505/442 48/244/214 191/255/225 467/506/443
f 467/506/443 191/255/225 43/97/94 323/96/93
f 208/292/260 467/506/443 323/96/93 58/95/92
f 42/5/5 324/2/2 468/507/444 188/250/220
f 324/2/2 35/1/1 178/234/206 468/507/444
f 468/507/444 178/234/206 38/230/202 325/508/445
f 188/250/220 468/507/444 325/508/445 47/253/223
f 47/253/223 325/508/445 469/509/446 190/257/227
f 325/508/445 38/230/202 176/227/199 469/509/446
f 469/509/446 176/227/199 34/99/96 326/98/95
f 190/257/227 469/509/446 326/98/95 43/97/94
f 1/118/114 327/510/447 470/511/448 130/119/115
f 327/510/447 33/218/190 171/221/193 470/511/448
f 470/511/448 171/221/193 39/226/198 328/512/449
f 130/119/115 470/511/448 328/512/449 4/122/118
f 4/134/118 328/513/449 471/514/450 133/129/125
f 328/513/449 39/235/198 179/232/204 471/514/450
f 471/514/450 179/232/204 35/1/1 329/4/4
f 133/129/125 471/514/450 329/4/4 2/9/9
f 41/86/83 330/83/81 472/515/451 185/245/215
f 330/83/81 9/82/80 142/153/141 472/515/451
f 472/515/451 142/153/141 12/146/134 331/516/452
f 185/245/215 472/515/451 331/516/452 46/248/218
f 46/248/218 331/516/452 473/517/453 187/252/222
f 331/516/452 12/146/134 139/143/131 473/517/453
f 473/517/453 139/143/131 8/7/7 332/6/6
f 187/252/222 473/517/453 332/6/6 42/5/5
f 83/77/75 333/74/72 474/518/454 242/368/316
f 333/74/72 66/73/71 217/308/276 474/518/454
f 474/518/454 217/308/276 68/313/269 334/519/455
f 242/368/316 474/518/454 334/519/455 87/371/310
f 87/359/310 334/520/455 475/521/456 234/354/305
f 334/520/455 68/301/269 214/298/266 475/521/456
f 475/521/456 214/298/266 65/104/100 335/101/98
f 234/354/305 475/521/456 335/101/98 81/100/97
f 66/73/71 336/76/74 476/522/457 218/306/274
f 336/76/74 73/81/79 226/332/292 476/522/457
f 476/522/457 226/332/292 76/337/285 337/523/458
f 218/306/274 476/522/457 337/523/458 70/309/277
f 70/321/277 337/524/458 477/525/459 220/316/281
f 337/524/458 76/325/285 223/322/282 477/525/459
f 477/525/459 223/322/282 72/52/50 338/51/49
f 220/316/281 477/525/459 338/51/49 67/50/48
f 73/81/79 339/80/78 478/526/460 227/330/290
f 339/80/78 89/79/77 247/385/329 478/526/460
f 478/526/460 247/385/329 92/378/322 340/527/461
f 227/330/290 478/526/460 340/527/461 78/333/293
f 78/333/293 340/527/461 479/528/462 229/340/297
f 340/527/461 92/378/322 244/375/319 479/528/462
f 479/528/462 244/375/319 88/36/34 341/35/33
f 229/340/297 479/528/462 341/35/33 74/34/32
f 89/79/77 342/78/76 480/529/463 248/383/327
f 342/78/76 83/77/75 241/370/318 480/529/463
f 480/529/463 241/370/318 86/363/314 343/530/464
f 248/383/327 480/529/463 343/530/464 94/386/330
f 94/386/330 343/530/464 481/531/465 250/390/334
f 343/530/464 86/363/314 239/360/311 481/531/465
f 481/531/465 239/360/311 82/64/62 344/67/65
f 250/390/334 481/531/465 344/67/65 90/72/70
f 115/68/66 345/65/63 482/532/466 284/448/390
f 345/65/63 82/64/62 238/362/313 482/532/466
f 482/532/466 238/362/313 84/367/306 346/533/467
f 284/448/390 482/532/466 346/533/467 119/451/384
f 119/442/384 346/534/467 483/535/468 276/437/379
f 346/534/467 84/355/306 235/352/303 483/535/468
f 483/535/468 235/352/303 81/100/97 347/103/99
f 276/437/379 483/535/468 347/103/99 113/108/104
f 90/72/70 348/71/69 484/536/469 251/388/332
f 348/71/69 121/70/68 289/463/403 484/536/469
f 484/536/469 289/463/403 124/456/396 349/537/470
f 251/388/332 484/536/469 349/537/470 95/391/335
f 95/391/335 349/537/470 485/538/471 253/395/339
f 349/537/470 124/456/396 286/453/393 485/538/471
f 485/538/471 286/453/393 120/18/18 350/17/17
f 253/395/339 485/538/471 350/17/17 91/16/16
f 121/70/68 351/69/67 486/539/472 290/461/401
f 351/69/67 115/68/66 283/450/392 486/539/472
f 486/539/472 283/450/392 118/446/388 352/540/473
f 290/461/401 486/539/472 352/540/473 126/464/404
f 126/464/404 352/540/473 487/541/474 292/468/408
f 352/540/473 118/446/388 281/443/385 487/541/474
f 487/541/474 281/443/385 114/55/53 353/58/56
f 292/468/408 487/541/474 353/58/56 122/63/61
f 99/59/57 354/56/54 488/542/475 263/411/353
f 354/56/54 114/55/53 280/445/387 488/542/475
f 488/542/475 280/445/387 116/438/380 355/543/476
f 263/411/353 488/542/475 355/543/476 103/403/347
f 103/403/347 355/543/476 489/544/477 255/398/342
f 355/543/476 116/438/380 277/435/377 489/544/477
f 489/544/477 277/435/377 113/108/104 356/107/103
f 255/398/342 489/544/477 356/107/103 97/106/102
f 122/63/61 357/62/60 490/545/478 293/466/406
f 357/62/60 105/61/59 268/424/366 490/545/478
f 490/545/478 268/424/366 108/417/359 358/546/479
f 293/466/406 490/545/478 358/546/479 127/469/409
f 127/469/409 358/546/479 491/547/480 295/473/413
f 358/546/479 108/417/359 265/414/356 491/547/480
f 491/547/480 265/414/356 104/27/27 359/26/26
f 295/473/413 491/547/480 359/26/26 123/25/25
f 105/61/59 360/60/58 492/548/481 269/422/364
f 360/60/58 99/59/57 262/413/355 492/548/481
f 492/548/481 262/413/355 102/407/351 361/549/482
f 269/422/364 492/548/481 361/549/482 110/425/367
f 110/425/367 361/549/482 493/550/483 271/429/371
f 361/549/482 102/407/351 260/404/348 493/550/483
f 493/550/483 260/404/348 98/46/44 362/49/47
f 271/429/371 493/550/483 362/49/47 106/54/52
f 67/50/48 363/47/45 494/551/484 221/314/279
f 363/47/45 98/46/44 259/406/350 494/551/484
f 494/551/484 259/406/350 100/410/343 364/552/485
f 221/314/279 494/551/484 364/552/485 71/317/273
f 71/305/273 364/553/485 495/554/486 213/300/268
f 364/553/485 100/399/343 256/396/340 495/554/486
f 495/554/486 256/396/340 97/106/102 365/105/101
f 213/300/268 495/554/486 365/105/101 65/104/100
f 106/54/52 366/53/51 496/555/487 272/427/369
f 366/53/51 72/52/50 222/324/284 496/555/487
f 496/555/487 222/324/284 80/329/289 367/556/488
f 272/427/369 496/555/487 367/556/488 111/430/372
f 111/430/372 367/556/488 497/557/489 274/434/376
f 367/556/488 80/329/289 233/345/300 497/557/489
f 497/557/489 233/345/300 75/90/87 368/89/86
f 274/434/376 497/557/489 368/89/86 107/88/85
f 9/82/80 369/85/82 498/558/490 143/151/139
f 369/85/82 75/90/87 232/347/302 498/558/490
f 498/558/490 232/347/302 79/351/298 370/559/491
f 143/151/139 498/558/490 370/559/491 14/154/142
f 14/165/142 370/560/491 499/561/492 145/160/146
f 370/560/491 79/341/298 230/338/295 499/561/492
f 499/561/492 230/338/295 74/34/32 371/33/22
f 145/160/146 499/561/492 371/33/22 10/32/31
f 24/28/28 372/31/24 500/562/493 160/197/169
f 372/31/24 88/36/34 243/377/321 500/562/493
f 500/562/493 243/377/321 96/382/326 373/563/494
f 160/197/169 500/562/493 373/563/494 28/200/172
f 28/200/172 373/563/494 501/564/495 163/207/179
f 373/563/494 96/382/326 254/393/337 501/564/495
f 501/564/495 254/393/337 91/16/16 374/15/15
f 163/207/179 501/564/495 374/15/15 25/14/14
f 40/19/19 375/22/22 502/565/496 181/237/207
f 375/22/22 104/27/27 264/416/358 502/565/496
f 502/565/496 264/416/358 112/421/363 376/566/497
f 181/237/207 502/565/496 376/566/497 44/240/210
f 44/240/210 376/566/497 503/567/498 184/247/217
f 376/566/497 112/421/363 275/432/374 503/567/498
f 503/567/498 275/432/374 107/88/85 377/87/84
f 184/247/217 503/567/498 377/87/84 41/86/83
f 56/10/10 378/13/13 504/568/499 202/277/245
f 378/13/13 120/18/18 285/455/395 504/568/499
f 504/568/499 285/455/395 128/460/400 379/569/500
f 202/277/245 504/568/499 379/569/500 60/280/248
f 60/280/248 379/569/500 505/570/501 205/287/255
f 379/569/500 128/460/400 296/471/411 505/570/501
f 505/570/501 296/471/411 123/25/25 380/24/24
f 205/287/255 505/570/501 380/24/24 57/23/23
f 17/173/152 309/489/427 506/571/502 297/474/414
f 309/489/427 49/258/228 318/500/437 506/571/502
f 506/571/502 318/500/437 33/218/190 327/510/447
f 297/474/414 506/571/502 327/510/447 1/118/114
o Cube.005_Cube.009
v -1.441866 2.669997 1.486501
v -1.441875 2.669997 -1.866168
v 1.664419 2.668892 1.486664
v 1.664406 2.668901 -1.866104
v -1.148078 2.894141 -2.421384
v 1.371765 2.893008 -2.421323
v 0.109344 3.092709 -2.422336
v -0.570190 3.037584 -2.421651
v 0.788330 3.036644 -2.422052
v 1.370422 2.892721 2.041978
v -1.148040 2.894141 2.041717
v 0.107980 3.092398 2.042853
v 0.782822 3.035569 2.041517
v -0.570124 3.037573 2.042100
v -1.486368 1.848756 2.039538
v -1.536597 1.600617 2.111132
v -1.497168 1.610728 2.047248
v -1.512521 1.603653 2.071999
v -1.536633 1.600617 -2.490799
v -1.486397 1.848756 -2.419206
v -1.512556 1.603653 -2.451667
v -1.497202 1.610728 -2.426916
v 1.761887 1.599529 2.111132
v 1.711008 1.847690 2.039565
v 1.737804 1.602581 2.071999
v 1.722434 1.609666 2.047249
v 1.710892 1.847692 -2.419202
v 1.761741 1.599529 -2.490800
v 1.722288 1.609667 -2.426915
v 1.737657 1.602581 -2.451667
v 0.107735 1.912773 -3.531981
v 0.107182 1.600075 -3.641278
v 0.107200 1.610199 -3.545349
v 0.107187 1.603119 -3.582547
v 0.107552 1.912669 3.152351
v 0.107564 1.600074 3.261610
v 0.107563 1.610199 3.165682
v 0.107564 1.603118 3.202880
v -1.215595 1.873392 3.151989
v -1.242749 1.600520 3.261610
v -1.234238 1.610642 3.165684
v -1.237746 1.603562 3.202880
v 0.852283 1.599829 -3.641278
v 0.839243 1.901414 -3.531812
v 0.852148 1.602873 -3.582546
v 0.851833 1.609954 -3.545346
v -0.639281 1.600321 3.261610
v -0.624755 1.901921 3.152097
v -0.639132 1.603365 3.202878
v -0.638784 1.610445 3.165676
v 0.838319 1.901055 3.151962
v 0.853587 1.599828 3.261610
v 0.853061 1.609953 3.165672
v 0.853429 1.602872 3.202876
v 1.478425 1.599622 -3.641278
v 1.448851 1.872472 -3.531657
v 1.473394 1.602668 -3.582548
v 1.469821 1.609750 -3.545353
v 1.479302 1.599622 3.261611
v 1.449054 1.872376 3.152057
v 1.474264 1.602668 3.202881
v 1.470675 1.609750 3.165687
v -0.625090 1.901924 -3.531740
v -0.639688 1.600321 -3.641278
v -0.639189 1.610445 -3.545343
v -0.639538 1.603365 -3.582545
v -1.242983 1.600520 -3.641278
v -1.215788 1.873392 -3.531656
v -1.237979 1.603562 -3.582548
v -1.234470 1.610642 -3.545352
v -1.588272 1.600983 2.502814
v -1.579070 1.854522 3.471320
v -1.686120 1.846398 2.182850
v -1.579265 1.604828 3.411491
v -1.656837 1.604853 2.182643
v -1.655298 1.607342 3.408349
v -1.656668 1.848902 3.452541
v -1.579256 1.612671 3.452762
v -1.655296 1.613293 3.439663
v -1.677091 1.612705 2.182643
v -1.676904 1.847525 3.411304
v -1.670661 1.613298 3.408349
v -1.579713 2.789315 3.471381
v -1.595029 3.039219 2.182945
v -1.686390 2.749389 2.182837
v -1.587434 3.028969 3.453034
v -1.657578 2.760733 3.452601
v -1.661733 2.993750 3.439891
v -1.668433 2.999277 2.182697
v -1.593484 3.035569 3.411779
v -1.665767 2.997842 3.408612
v -1.677293 2.754287 3.411263
v -1.680803 2.985466 2.182641
v -1.674604 2.988458 3.408378
v -1.686287 1.846380 -2.562644
v -1.579160 1.854496 -3.851379
v -1.588331 1.600937 -2.882572
v -1.677361 1.847510 -3.791665
v -1.677435 1.612605 -2.562388
v -1.670823 1.613240 -3.788326
v -1.579328 1.612539 -3.833362
v -1.657008 1.848886 -3.833141
v -1.655448 1.613234 -3.819660
v -1.657096 1.604720 -2.562388
v -1.579338 1.604651 -3.791852
v -1.655450 1.607280 -3.788326
v -1.595029 3.039218 -2.562612
v -1.579734 2.789306 -3.851099
v -1.686414 2.749388 -2.562533
v -1.593485 3.035566 -3.791446
v -1.668434 2.999276 -2.562365
v -1.665768 2.997840 -3.788279
v -1.657660 2.760727 -3.832499
v -1.587436 3.028962 -3.832701
v -1.661734 2.993745 -3.819557
v -1.680803 2.985466 -2.562308
v -1.677407 2.754284 -3.791098
v -1.674604 2.988455 -3.788046
v 1.907094 1.845191 2.182977
v 1.803774 1.853397 3.471711
v 1.812298 1.599808 2.502904
v 1.898144 1.846339 3.411997
v 1.898177 1.611394 2.182721
v 1.891452 1.612065 3.408658
v 1.804557 1.611423 3.453695
v 1.877792 1.847737 3.453473
v 1.876076 1.612070 3.439992
v 1.877800 1.603510 2.182721
v 1.804585 1.603535 3.412185
v 1.876074 1.606115 3.408658
v 1.816597 3.038097 2.182946
v 1.801960 2.788268 3.471433
v 1.907792 2.748209 2.182866
v 1.815049 3.034469 3.411785
v 1.889974 2.998107 2.182698
v 1.887299 2.996696 3.408616
v 1.879043 2.759637 3.452833
v 1.809024 3.027904 3.453039
v 1.883262 2.992635 3.439894
v 1.902336 2.984289 2.182641
v 1.898787 2.753142 3.411430
v 1.896136 2.987308 3.408379
v 1.803653 1.853376 -3.851379
v 1.907094 1.845189 -2.562644
v 1.812193 1.599808 -2.882572
v 1.877792 1.847722 -3.833141
v 1.804411 1.611423 -3.833362
v 1.876076 1.612070 -3.819659
v 1.898177 1.611394 -2.562388
v 1.898144 1.846332 -3.791665
v 1.891452 1.612065 -3.788326
v 1.804438 1.603535 -3.791852
v 1.877800 1.603510 -2.562388
v 1.876074 1.606115 -3.788326
v 1.801938 2.788172 -3.851099
v 1.816600 3.038093 -2.562612
v 1.907792 2.748203 -2.562533
v 1.809040 3.027830 -3.832701
v 1.879045 2.759569 -3.832499
v 1.883272 2.992582 -3.819558
v 1.889976 2.998103 -2.562365
v 1.815065 3.034439 -3.791447
v 1.887309 2.996671 -3.788279
v 1.898788 2.753109 -3.791097
v 1.902336 2.984284 -2.562308
v 1.896140 2.987281 -3.788046
v 0.107182 1.600145 -3.727362
v 0.107831 1.921361 -3.854147
v 0.107189 1.603660 -3.792623
v 0.107206 1.611836 -3.835651
v 0.107564 1.600144 3.347694
v 0.107619 1.921254 3.474480
v 0.107565 1.603660 3.412956
v 0.107566 1.611836 3.455983
v -1.244865 2.913055 -3.854110
v -1.247016 3.194979 -2.562744
v -1.245430 3.181119 -3.835479
v -1.246738 3.190675 -3.792507
v 1.468158 3.193965 -2.562744
v 1.468997 2.912050 -3.854109
v 1.468429 3.189749 -3.792507
v 1.467232 3.180147 -3.835479
v 0.110384 3.452739 -2.562763
v 0.110260 3.126913 -3.854147
v 0.110884 3.448540 -3.792623
v 0.110881 3.438519 -3.835651
v -0.630716 3.379745 -2.562763
v -0.632303 3.065892 -3.854147
v -0.630738 3.375407 -3.792623
v -0.630790 3.365318 -3.835651
v 0.852476 3.065389 -3.854147
v 0.850361 3.378792 -2.562763
v 0.852478 3.364812 -3.835651
v 0.852402 3.374892 -3.792624
v 1.466648 2.911586 3.474442
v 1.466191 3.193543 2.183077
v 1.464238 3.179554 3.455813
v 1.465448 3.189126 3.412841
v -1.247016 3.194980 2.183076
v -1.244823 2.913066 3.474442
v -1.246737 3.190678 3.412840
v -1.245428 3.181128 3.455811
v 0.107826 3.126379 3.474480
v 0.108417 3.452315 2.183096
v 0.107887 3.437875 3.455984
v 0.107906 3.447898 3.412956
v 0.842495 3.377096 2.183096
v 0.842699 3.063221 3.474480
v 0.840489 3.372320 3.412957
v 0.840497 3.362216 3.455984
v -0.632231 3.065905 3.474480
v -0.630716 3.379745 2.183096
v -0.630786 3.365327 3.455984
v -0.630737 3.375411 3.412956
v -1.248979 1.600601 3.347663
v -1.249094 1.878988 3.474431
v -1.250332 1.604151 3.412781
v -1.250296 1.612317 3.455755
v 0.852334 1.908856 -3.854147
v 0.852304 1.599899 -3.727362
v 0.852300 1.611591 -3.835651
v 0.852302 1.603414 -3.792623
v -0.637810 1.909354 3.474480
v -0.639301 1.600391 3.347694
v -0.639244 1.612083 3.455983
v -0.639284 1.603906 3.412956
v 0.853606 1.599898 3.347694
v 0.851300 1.908423 3.474480
v 0.853579 1.603413 3.412956
v 0.853515 1.611590 3.455983
v 1.482325 1.878054 -3.854149
v 1.484653 1.599690 -3.727360
v 1.485865 1.611383 -3.835654
v 1.485975 1.603204 -3.792616
v 1.482522 1.877963 3.474481
v 1.485530 1.599690 3.347692
v 1.486716 1.611383 3.455986
v 1.486844 1.603204 3.412948
v -0.639708 1.600391 -3.727362
v -0.638146 1.909351 -3.854147
v -0.639689 1.603906 -3.792623
v -0.639648 1.612083 -3.835651
v -1.249287 1.878980 -3.854149
v -1.249212 1.600592 -3.727360
v -1.250528 1.612286 -3.835654
v -1.250565 1.604107 -3.792616
v -1.457239 2.739505 -0.189834
v 1.679042 2.738405 -0.189734
v -0.881991 2.971389 -2.420781
v 1.102919 2.970278 -2.420977
v -0.235316 3.079018 -2.422162
v 0.453351 3.078479 -2.422462
v 1.098980 2.969500 2.040943
v -0.881931 2.971388 2.041128
v -0.235444 3.078952 2.042795
v -1.135435 3.085215 -0.189834
v -0.559904 3.250198 -0.189766
v 0.775615 3.248578 -0.190332
v 1.356555 3.083881 -0.189648
v 1.566783 2.803278 -2.328320
v 1.566637 2.803228 1.949064
v -1.343144 2.804392 -2.328433
v -1.343125 2.804392 1.948766
v 0.108853 3.313456 -0.189728
v 0.449389 3.077685 2.042333
v -1.492342 1.643938 -2.420366
v -1.517275 1.845165 -0.189834
v -1.492308 1.643938 2.040698
v -1.526406 1.610738 -0.189834
v -1.503890 1.606727 -2.437660
v -1.503855 1.606727 2.057992
v -1.543974 1.603663 -0.189834
v -1.523032 1.601671 -2.468668
v -1.522997 1.601671 2.089000
v -1.571624 1.600628 -0.189834
v -1.231219 1.646943 -3.535228
v -1.390808 1.859018 -3.393496
v -1.405946 1.610698 -3.405591
v -1.236056 1.606639 -3.561509
v -1.415390 1.603621 -3.441202
v -1.240198 1.601578 -3.608069
v -1.429936 1.600582 -3.497470
v 1.717488 1.642878 2.040703
v 1.739002 1.844088 -0.189830
v 1.717346 1.642879 -2.420365
v 1.748170 1.609658 -0.189834
v 1.729131 1.605661 2.057993
v 1.728984 1.605661 -2.437660
v 1.765738 1.602571 -0.189834
v 1.748284 1.600592 2.089000
v 1.748137 1.600592 -2.468668
v 1.793388 1.599518 -0.189834
v 1.467017 1.646036 3.155572
v 1.622246 1.857981 3.013902
v 1.639455 1.609694 3.025925
v 1.472306 1.605745 3.181843
v 1.648955 1.602610 3.061535
v 1.476504 1.600682 3.228402
v 1.663526 1.599561 3.117803
v 0.850105 1.649844 -3.535239
v 0.478624 1.909859 -3.531981
v 0.107273 1.651479 -3.535264
v 0.484760 1.610075 -3.545350
v 0.852011 1.605950 -3.561505
v 0.107193 1.606196 -3.561506
v 0.484909 1.602994 -3.582547
v 0.852237 1.600888 -3.608069
v 0.107184 1.601133 -3.608069
v 0.484972 1.599950 -3.641278
v -0.636861 1.650337 3.155563
v -0.265029 1.910096 3.152324
v 0.107561 1.651466 3.155602
v -0.272606 1.610325 3.165682
v -0.638980 1.606442 3.181835
v 0.107563 1.606196 3.181839
v -0.272790 1.603244 3.202880
v -0.639230 1.601380 3.228400
v 0.107564 1.601133 3.228401
v -0.272868 1.600200 3.261610
v 1.466253 1.646048 -3.535228
v 1.176257 1.888031 -3.531476
v 1.194920 1.609841 -3.545338
v 1.471442 1.605746 -3.561509
v 1.195783 1.602759 -3.582543
v 1.475630 1.600682 -3.608069
v 1.196591 1.599715 -3.641278
v -0.265220 1.910118 -3.531929
v -0.637256 1.650338 -3.535227
v -0.272910 1.610325 -3.545348
v -0.639386 1.606442 -3.561503
v -0.273096 1.603244 -3.582546
v -0.639636 1.601380 -3.608068
v -0.273176 1.600200 -3.641278
v -1.390715 1.859018 3.013828
v -1.230992 1.646943 3.155560
v -1.405834 1.610698 3.025923
v -1.235823 1.606639 3.181841
v -1.415278 1.603621 3.061534
v -1.239964 1.601578 3.228402
v -1.429824 1.600582 3.117802
v -0.951904 1.888772 3.151769
v -0.970050 1.610555 3.165669
v -0.970894 1.603474 3.202875
v -0.971694 1.600430 3.261610
v 0.477901 1.909594 3.152216
v 0.851039 1.649799 3.155541
v 0.485568 1.610075 3.165679
v 0.853269 1.605950 3.181833
v 0.485754 1.602994 3.202878
v 0.853532 1.600887 3.228400
v 0.485833 1.599950 3.261610
v 1.175843 1.887771 3.151731
v 1.196117 1.609840 3.165668
v 1.197020 1.602759 3.202875
v 1.197844 1.599715 3.261609
v 1.621946 1.857998 -3.393485
v 1.639002 1.609694 -3.405590
v 1.648499 1.602610 -3.441202
v 1.663067 1.599561 -3.497470
v -0.952207 1.888772 -3.531434
v -0.970416 1.610555 -3.545336
v -0.971262 1.603474 -3.582543
v -0.972062 1.600430 -3.641277
v -1.472485 2.297956 1.947469
v -1.472502 2.297956 -2.327136
v -1.181704 2.384399 3.014803
v -1.181819 2.384399 -3.394471
v 1.695882 2.296878 -2.327115
v 1.695940 2.296873 1.947554
v 1.409431 2.383145 3.014993
v 1.410373 2.383409 -3.394465
v 0.108718 2.503412 -3.395370
v 0.814470 2.469796 -3.394942
v -0.597609 2.470389 -3.394727
v 0.107588 2.503128 3.015813
v -0.597408 2.470378 3.015131
v 0.809825 2.468810 3.014749
v -1.639210 1.602544 2.217222
v -1.580331 1.602525 3.296263
v -1.636681 1.605783 3.410081
v -1.656148 1.605789 3.236563
v -1.579241 1.608238 3.434819
v -1.636677 1.612958 3.447835
v -1.654710 1.609695 3.427280
v -1.579267 1.646776 3.464700
v -1.636996 1.850083 3.464567
v -1.656124 1.646274 3.447808
v -1.668092 1.848222 3.434583
v -1.674648 1.646107 3.410058
v -1.664586 1.613524 3.427280
v -1.682805 1.846874 3.237424
v -1.682938 1.645792 2.182748
v -1.674672 1.612971 3.236562
v -1.668285 1.608268 2.182604
v -1.664587 1.609699 3.407151
v -1.638254 2.766731 3.464642
v -1.583077 2.996040 3.464865
v -1.645440 3.000935 3.448126
v -1.659454 2.962137 3.447948
v -1.591064 3.032563 3.435139
v -1.651198 3.006233 3.410400
v -1.663680 2.996356 3.427568
v -1.594649 3.037821 3.237708
v -1.653196 3.009075 2.182819
v -1.667424 2.998751 3.236723
v -1.675416 2.992460 2.182630
v -1.678454 2.986696 3.236561
v -1.671343 2.993146 3.407295
v -1.684371 2.950797 2.182732
v -1.683116 2.751422 3.237386
v -1.676387 2.955490 3.410023
v -1.668662 2.757467 3.434590
v -1.669195 2.990643 3.427396
v -1.683211 1.645735 -2.562529
v -1.683147 1.846853 -3.617478
v -1.674988 1.646065 -3.790284
v -1.674998 1.612869 -3.616453
v -1.668539 1.848209 -3.815163
v -1.656398 1.646232 -3.828169
v -1.664710 1.613482 -3.807202
v -1.637189 1.850060 -3.844938
v -1.579356 1.646702 -3.845071
v -1.636791 1.612852 -3.828197
v -1.579307 1.608065 -3.815398
v -1.636794 1.605651 -3.790307
v -1.654819 1.609647 -3.807202
v -1.580417 1.602395 -3.676312
v -1.639356 1.602441 -2.596998
v -1.656412 1.605663 -3.616453
v -1.668620 1.608138 -2.562334
v -1.664711 1.609650 -3.787040
v -1.653197 3.009075 -2.562486
v -1.594650 3.037820 -3.617374
v -1.651200 3.006230 -3.790066
v -1.667425 2.998750 -3.616390
v -1.591066 3.032558 -3.814806
v -1.645441 3.000928 -3.827793
v -1.663681 2.996353 -3.807234
v -1.583080 2.996031 -3.844538
v -1.638299 2.766723 -3.844458
v -1.659465 2.962131 -3.827644
v -1.668774 2.757463 -3.814486
v -1.676401 2.955487 -3.789711
v -1.669195 2.990639 -3.807063
v -1.683189 2.751420 -3.617143
v -1.684374 2.950797 -2.562403
v -1.678453 2.986695 -3.616228
v -1.675416 2.992459 -2.562297
v -1.671344 2.993144 -3.786963
v 1.903933 1.644535 2.182861
v 1.903933 1.845674 3.237810
v 1.895638 1.644888 3.410616
v 1.895641 1.611687 3.236785
v 1.889323 1.847048 3.435495
v 1.877048 1.645068 3.448502
v 1.885339 1.612311 3.427534
v 1.858452 1.848927 3.465271
v 1.804498 1.645589 3.465404
v 1.857994 1.611699 3.448529
v 1.804546 1.606948 3.435731
v 1.857996 1.604499 3.410640
v 1.875444 1.608483 3.427534
v 1.805532 1.601277 3.296645
v 1.860365 1.601258 2.217330
v 1.877046 1.604492 3.236785
v 1.889358 1.606921 2.182667
v 1.885337 1.608479 3.407373
v 1.874743 3.007916 2.182820
v 1.816214 3.036709 3.237710
v 1.872732 3.005099 3.410405
v 1.888961 2.997591 3.236725
v 1.812637 3.031479 3.435145
v 1.866973 2.999841 3.448132
v 1.885208 2.995225 3.427572
v 1.804767 2.994991 3.464874
v 1.859788 2.765661 3.464792
v 1.880977 2.961039 3.447980
v 1.890156 2.756346 3.434819
v 1.897913 2.954345 3.410044
v 1.890726 2.989511 3.427398
v 1.904568 2.750256 3.237475
v 1.905885 2.949619 2.182736
v 1.899987 2.985530 3.236560
v 1.896953 2.991286 2.182630
v 1.892876 2.991994 3.407298
v 1.804356 1.645586 -3.845071
v 1.858437 1.848908 -3.844938
v 1.877048 1.645066 -3.828169
v 1.857976 1.611699 -3.828197
v 1.889323 1.847037 -3.815163
v 1.895638 1.644887 -3.790284
v 1.885339 1.612311 -3.807202
v 1.903933 1.845670 -3.617478
v 1.903933 1.644535 -2.562529
v 1.895641 1.611687 -3.616453
v 1.889358 1.606921 -2.562334
v 1.877046 1.604492 -3.616453
v 1.885337 1.608479 -3.787040
v 1.860354 1.601258 -2.596998
v 1.805390 1.601277 -3.676312
v 1.857977 1.604499 -3.790307
v 1.804399 1.606949 -3.815398
v 1.875444 1.608483 -3.807202
v 1.859788 2.765577 -3.844459
v 1.804772 2.994896 -3.844538
v 1.866989 2.999776 -3.827794
v 1.880983 2.960972 -3.827645
v 1.812656 3.031429 -3.814807
v 1.872747 3.005071 -3.790067
v 1.885220 2.995187 -3.807235
v 1.816223 3.036694 -3.617374
v 1.874746 3.007912 -2.562486
v 1.888967 2.997579 -3.616390
v 1.896954 2.991282 -2.562297
v 1.899988 2.985516 -3.616228
v 1.892882 2.991971 -3.786963
v 1.905885 2.949614 -2.562403
v 1.904568 2.750239 -3.617143
v 1.897915 2.954312 -3.789711
v 1.890157 2.756295 -3.814486
v 1.890731 2.989470 -3.807063
v -1.617910 1.600786 -0.189844
v -1.657210 1.604474 -0.189843
v -1.678070 1.612561 -0.189843
v -1.687250 1.846222 -0.189850
v -1.578748 2.322105 3.473482
v -1.656877 2.305043 3.454118
v -1.677610 2.300958 3.411722
v -1.687098 2.297768 2.182883
v -1.595123 3.039689 -0.189834
v -1.668771 2.999450 -0.189834
v -1.681590 2.985038 -0.189834
v -1.687461 2.748678 -0.189837
v -1.578808 2.322096 -3.853318
v -1.657114 2.305037 -3.834450
v -1.677937 2.300955 -3.791873
v -1.687178 2.297765 -2.562635
v -1.250404 1.601814 -3.763448
v -1.450771 1.600681 -3.640499
v -1.453263 1.604227 -3.792509
v -1.250549 1.607661 -3.816949
v -1.453241 1.612373 -3.835372
v -1.250355 1.649615 -3.847717
v -1.452521 1.864587 -3.853805
v 1.908261 2.296579 -2.562635
v 1.899019 2.299778 -3.791873
v 1.878199 2.303876 -3.834451
v 1.802157 2.320969 -3.853318
v 1.839249 1.599617 -0.189834
v 1.878070 1.603182 -0.189834
v 1.899024 1.611289 -0.189834
v 1.908115 1.845021 -0.189834
v 1.816692 3.038565 -0.189833
v 1.890314 2.998276 -0.189834
v 1.903123 2.983857 -0.189834
v 1.908842 2.747493 -0.189834
v 1.802230 2.321030 3.473651
v 1.878199 2.303920 3.454783
v 1.899019 2.299799 3.412206
v 1.908261 2.296582 2.182967
v 1.486709 1.600911 3.383781
v 1.684221 1.599646 3.260831
v 1.686825 1.603192 3.412841
v 1.486789 1.606759 3.437281
v 1.686739 1.611337 3.455704
v 1.486129 1.648698 3.468050
v 1.683956 1.863543 3.474137
v 0.852303 1.601121 -3.763455
v 0.484983 1.600020 -3.727362
v 0.107185 1.601367 -3.763455
v 0.484991 1.603535 -3.792623
v 0.852301 1.606967 -3.816952
v 0.107197 1.607213 -3.816952
v 0.485008 1.611712 -3.835650
v 0.852303 1.652742 -3.847714
v 0.107293 1.654520 -3.847714
v 0.485673 1.918133 -3.854148
v -0.639295 1.601613 3.383787
v -0.272878 1.600270 3.347694
v 0.107564 1.601367 3.383787
v -0.272868 1.603785 3.412956
v -0.639266 1.607459 3.437284
v 0.107565 1.607213 3.437284
v -0.272844 1.611962 3.455983
v -0.639045 1.653234 3.468046
v 0.107573 1.654506 3.468046
v -0.271947 1.918371 3.474480
v -1.246962 3.193452 -3.617820
v -0.964158 3.293742 -2.562761
v -0.630724 3.378236 -3.617880
v -0.964144 3.289386 -3.792609
v -1.246223 3.186487 -3.816787
v -0.630761 3.371022 -3.816952
v -0.964031 3.279310 -3.835629
v -1.244613 3.143015 -3.847602
v -0.631003 3.322962 -3.847714
v -0.965380 2.994269 -3.854143
v 0.852111 3.377660 -3.617880
v 1.184354 3.292698 -2.562761
v 1.468555 3.192524 -3.617819
v 1.185819 3.288644 -3.792609
v 0.852445 3.370513 -3.816952
v 1.467965 3.185541 -3.816787
v 1.185784 3.278547 -3.835629
v 0.852496 3.322457 -3.847714
v 1.466756 3.142015 -3.847602
v 1.187628 2.993487 -3.854143
v 0.110798 3.394675 -3.847714
v -0.268199 3.111519 -3.854147
v -0.267182 3.420043 -3.835651
v 0.110886 3.444186 -3.816952
v -0.267150 3.430084 -3.792623
v 0.110818 3.451334 -3.617880
v -0.267199 3.434387 -2.562763
v 0.487416 3.433820 -2.562764
v 0.488873 3.429821 -3.792624
v 0.488903 3.419793 -3.835651
v 0.488256 3.111276 -3.854147
v 1.485835 1.600912 -3.763448
v 1.197393 1.599785 -3.727362
v 1.197536 1.603300 -3.792622
v 1.485927 1.606759 -3.816949
v 1.197471 1.611477 -3.835651
v 1.485369 1.648710 -3.847717
v 1.195441 1.894386 -3.854148
v 1.465715 3.191921 3.238153
v 1.178701 3.291481 2.183094
v 0.840757 3.375211 3.238213
v 1.177257 3.286804 3.412942
v 1.464973 3.184930 3.437121
v 0.840484 3.367927 3.437285
v 1.177175 3.276706 3.455962
v 1.463845 3.141454 3.467935
v 0.840795 3.319912 3.468047
v 1.180656 2.991965 3.474475
v -0.273186 1.600270 -3.727362
v -0.639702 1.601614 -3.763455
v -0.273174 1.603785 -3.792623
v -0.639671 1.607459 -3.816952
v -0.273146 1.611962 -3.835650
v -0.639440 1.653234 -3.847714
v -0.272135 1.918382 -3.854148
v -0.630723 3.378237 3.238213
v -0.964158 3.293743 2.183093
v -1.246962 3.193453 3.238152
v -0.964144 3.289389 3.412941
v -0.630758 3.371028 3.437284
v -1.246221 3.186491 3.437119
v -0.964028 3.279319 3.455962
v -0.630990 3.322975 3.468047
v -1.244605 3.143026 3.467935
v -0.965315 2.994281 3.474475
v 0.107979 3.450723 3.238213
v -0.267445 3.434335 2.183096
v -0.267521 3.430007 3.412956
v 0.107896 3.443542 3.437285
v -0.267554 3.419970 3.455983
v 0.107875 3.394045 3.468047
v -0.268458 3.111464 3.474480
v 1.674490 2.839299 -3.853676
v 1.677120 3.091072 -3.834874
v 1.680985 3.099317 -3.792201
v 1.681780 3.103417 -2.562698
v 1.674256 2.839328 3.474009
v 1.676738 3.091063 3.455210
v 1.680603 3.099265 3.412537
v 1.681532 3.103368 2.183031
v -1.460230 3.104470 -2.562698
v -1.459340 3.100370 -3.792201
v -1.455396 3.092157 -3.834874
v -1.450822 2.840405 -3.853676
v -1.450800 2.840416 3.474002
v -1.455394 3.092165 3.455207
v -1.459339 3.100374 3.412534
v -1.460230 3.104470 2.183031
v -1.450655 1.600709 3.260750
v -1.250171 1.601843 3.383690
v -1.453146 1.604354 3.412358
v -1.250316 1.607705 3.437053
v -1.453124 1.612465 3.455038
v -1.250128 1.649633 3.467901
v -1.452420 1.864605 3.473968
v -0.972496 1.600502 3.347691
v -0.972649 1.604021 3.412934
v -0.972605 1.612197 3.455954
v -0.971103 1.895119 3.474474
v 0.485844 1.600020 3.347694
v 0.853597 1.601121 3.383787
v 0.485832 1.603535 3.412956
v 0.853551 1.606967 3.437284
v 0.485807 1.611712 3.455983
v 0.853207 1.652687 3.468046
v 0.484867 1.917821 3.474480
v 1.198646 1.599784 3.347694
v 1.198769 1.603299 3.412955
v 1.198658 1.611477 3.455983
v 1.194960 1.894082 3.474480
v 0.481216 3.109714 3.474480
v 0.480291 3.417924 3.455984
v 0.480310 3.427971 3.412957
v 0.481763 3.432601 2.183096
v 1.683767 1.599647 -3.640499
v 1.686368 1.603192 -3.792508
v 1.686286 1.611337 -3.835371
v 1.683644 1.863535 -3.853805
v -0.972864 1.600501 -3.727362
v -0.973016 1.604016 -3.792623
v -0.972971 1.612193 -3.835651
v -0.971407 1.895116 -3.854148
v -1.555681 1.600310 2.175189
v -1.555718 1.600306 -2.554866
v -1.246811 2.395919 3.476530
v -1.246148 1.600192 3.304131
v -1.247025 3.195474 -0.189834
v -1.246928 2.395911 -3.856203
v -1.246382 1.600191 -3.683803
v 1.780693 1.599204 -2.554866
v 1.780836 1.599204 2.175198
v 1.474440 2.394667 3.476536
v 1.482705 1.599290 3.304135
v 1.467179 3.194250 -0.189834
v 1.475516 2.394942 -3.856204
v 1.481827 1.599291 -3.683803
v 0.107182 1.599744 -3.683803
v 0.852301 1.599499 -3.683803
v -0.635225 2.487451 -3.856208
v 0.109046 2.523973 -3.856208
v 0.852407 2.486951 -3.856208
v -0.639707 1.599991 -3.683803
v 0.107564 1.599744 3.304135
v -0.639301 1.599990 3.304135
v 0.107722 2.523652 3.476540
v -0.635021 2.487459 3.476540
v 0.846999 2.485651 3.476540
v 0.853607 1.599498 3.304135
v -0.630713 3.380228 -0.189834
v 0.846426 3.378428 -0.189834
v 0.109401 3.453007 -0.189834
v -1.451178 2.352549 3.476132
v -1.451240 2.352540 -3.855836
v 1.678677 2.351480 3.476169
v 1.674157 1.599230 3.167483
v 0.483041 2.513601 3.476541
v -1.440600 1.600258 -3.547151
v -0.273186 1.599870 -3.683803
v 1.673700 1.599230 -3.547151
v 0.486965 2.514539 -3.856208
v 1.191519 2.443766 -3.856207
v 0.484589 3.433692 -0.189834
v 1.187791 2.442855 3.476540
v -0.267321 3.434842 -0.189834
v 1.678637 2.351458 -3.855836
v -1.440487 1.600261 3.167473
v -0.972142 1.600100 3.304135
v 1.181524 3.292578 -0.189834
v 0.485844 1.599619 3.304135
v -0.968191 2.444533 3.476539
v -0.964157 3.294230 -0.189834
v -1.367557 2.337926 2.883347
v -1.336814 2.977049 -0.189834
v 1.595039 2.336820 2.883554
v 1.681692 3.103893 -0.189834
v 0.463117 2.494173 3.015437
v 1.814192 1.599187 -0.189834
v -0.272878 1.599870 3.304135
v 0.484981 1.599620 -3.683803
v -0.270203 2.514751 3.476541
v -0.868843 3.174063 -0.189825
v -0.229810 3.297833 -0.189661
v 0.446336 3.296832 -0.190098
v 1.086895 3.172446 -0.190044
v 1.558907 2.975891 -0.189601
v -1.460268 3.104970 -0.189834
v 1.197039 1.599385 -3.683803
v -0.972510 1.600100 -3.683803
v -0.968376 2.444525 -3.856208
v -0.917049 2.430714 -3.393910
v -1.506563 2.295445 -0.189834
v 1.909316 2.296113 -0.189834
v 1.728241 2.294364 -0.189812
v 1.595018 2.336865 -3.262975
v 0.466485 2.494901 -3.395384
v -0.250242 2.495149 3.015743
v 1.140052 2.429885 -3.394030
v -0.250229 2.495209 -3.395228
v -1.367612 2.337926 -3.263014
v 1.198294 1.599384 3.304135
v -0.916867 2.430712 3.014251
v 1.136840 2.429171 3.014141
v -0.270168 2.514784 -3.856208
v -1.521271 1.643498 -0.189834
v -1.534047 1.606737 -0.189834
v -1.555996 1.601682 -0.189834
v -1.401834 1.645195 -3.396034
v -1.410090 1.606696 -3.421055
v -1.421741 1.601638 -3.465651
v 1.743031 1.642421 -0.189833
v 1.755811 1.605652 -0.189834
v 1.777761 1.600582 -0.189834
v 1.635057 1.644188 3.016379
v 1.643631 1.605689 3.041388
v 1.655322 1.600623 3.085983
v 0.483920 1.651006 -3.535265
v 0.484844 1.606071 -3.561507
v 0.484950 1.601009 -3.608069
v -0.271570 1.651254 3.155599
v -0.272710 1.606321 3.181839
v -0.272841 1.601259 3.228401
v 1.192265 1.648072 -3.535188
v 1.195358 1.605837 -3.561500
v 1.196179 1.600774 -3.608068
v -0.271858 1.651257 -3.535256
v -0.273015 1.606321 -3.561505
v -0.273148 1.601259 -3.608069
v -1.401724 1.645195 3.016366
v -1.409977 1.606696 3.041387
v -1.421628 1.601637 3.085983
v -0.967469 1.648789 3.155513
v -0.970478 1.606551 3.181831
v -0.971285 1.601489 3.228400
v 0.484519 1.650972 3.155581
v 0.485673 1.606071 3.181837
v 0.485806 1.601008 3.228401
v 1.193242 1.648039 3.155507
v 1.196577 1.605836 3.181830
v 1.197427 1.600774 3.228399
v 1.634625 1.644190 -3.396032
v 1.643175 1.605689 -3.421054
v 1.654864 1.600623 -3.465651
v -0.967826 1.648789 -3.535180
v -0.970844 1.606551 -3.561499
v -0.971653 1.601489 -3.608067
v -1.688219 2.297301 -0.189844
v -1.637189 1.603735 3.245656
v -1.636560 1.608841 3.431742
v -1.636890 1.646328 3.458549
v -1.666750 1.646237 3.431713
v -1.679919 1.645940 3.237026
v -1.666777 1.608851 3.236319
v -1.662098 1.610662 3.422208
v -1.641448 2.969135 3.458733
v -1.648788 3.003881 3.432091
v -1.652575 3.007983 3.237236
v -1.673791 2.992774 3.236399
v -1.681449 2.952730 3.236983
v -1.669025 2.958653 3.431758
v -1.668681 2.993402 3.422399
v -1.680279 1.645878 -3.617031
v -1.667069 1.646204 -3.812032
v -1.637060 1.646264 -3.838971
v -1.636651 1.608718 -3.812062
v -1.637353 1.603596 -3.625660
v -1.667082 1.608733 -3.616164
v -1.662172 1.610633 -3.802027
v -1.652576 3.007982 -3.616903
v -1.648789 3.003877 -3.811757
v -1.641455 2.969127 -3.838419
v -1.669039 2.958648 -3.811454
v -1.681458 2.952728 -3.616662
v -1.673791 2.992773 -3.616066
v -1.668681 2.993399 -3.802066
v 1.900938 1.644695 3.237363
v 1.887720 1.645033 3.432364
v 1.858272 1.645113 3.459303
v 1.857853 1.607565 3.432394
v 1.858524 1.602440 3.245993
v 1.887722 1.607555 3.236496
v 1.882799 1.609464 3.422360
v 1.874115 3.006835 3.237239
v 1.870319 3.002766 3.432096
v 1.862987 2.968063 3.458755
v 1.890551 2.957531 3.431788
v 1.902970 2.951565 3.236994
v 1.895326 2.991610 3.236400
v 1.890212 2.992262 3.422402
v 1.858254 1.645111 -3.838971
v 1.887720 1.645031 -3.812032
v 1.900938 1.644694 -3.617031
v 1.887722 1.607555 -3.616164
v 1.858507 1.602440 -3.625661
v 1.857835 1.607565 -3.812062
v 1.882799 1.609464 -3.802027
v 1.862996 2.967978 -3.838419
v 1.870337 3.002721 -3.811758
v 1.874124 3.006820 -3.616903
v 1.895329 2.991598 -3.616066
v 1.902970 2.951549 -3.616662
v 1.890554 2.957481 -3.811454
v 1.890220 2.992229 -3.802066
v -1.641698 1.602134 -0.189847
v -1.668977 1.608000 -0.189842
v -1.684046 1.645711 -0.189848
v -1.637068 2.308653 3.466547
v -1.668529 2.302996 3.435559
v -1.683699 2.299098 3.237553
v -1.653382 3.009443 -0.189834
v -1.675974 2.992345 -0.189834
v -1.685333 2.950124 -0.189834
v -1.637198 2.308645 -3.846656
v -1.668851 2.302992 -3.815884
v -1.683916 2.299094 -3.617482
v -1.453188 1.601935 -3.747757
v -1.453250 1.607766 -3.816751
v -1.453146 1.647883 -3.847392
v 1.904997 2.297912 -3.617482
v 1.889935 2.301822 -3.815884
v 1.858567 2.307497 -3.846656
v 1.862569 1.600895 -0.189834
v 1.889924 1.606701 -0.189834
v 1.904912 1.644478 -0.189834
v 1.874932 3.008281 -0.189833
v 1.897512 2.991167 -0.189834
v 1.906844 2.948940 -0.189834
v 1.858575 2.307552 3.466989
v 1.889935 2.301855 3.436217
v 1.904997 2.297923 3.237815
v 1.686733 1.600899 3.368089
v 1.686784 1.606730 3.437083
v 1.686356 1.646846 3.467724
v 0.484986 1.601243 -3.763455
v 0.484998 1.607088 -3.816952
v 0.485100 1.654007 -3.847714
v -0.272875 1.601493 3.383787
v -0.272857 1.607338 3.437284
v -0.272719 1.654256 3.468047
v -0.964159 3.292223 -3.617872
v -0.964102 3.285003 -3.816931
v -0.964131 3.238769 -3.847700
v 1.185617 3.291446 -3.617872
v 1.185817 3.284253 -3.816931
v 1.185970 3.237989 -3.847700
v -0.267325 3.376574 -3.847714
v -0.267164 3.425720 -3.816952
v -0.267149 3.432898 -3.617880
v 0.488671 3.432590 -3.617880
v 0.488893 3.425464 -3.816952
v 0.488823 3.376329 -3.847714
v 1.197533 1.601007 -3.763454
v 1.197507 1.606854 -3.816952
v 1.197185 1.650833 -3.847715
v 1.177456 3.289689 3.238205
v 1.177221 3.282410 3.437264
v 1.177570 3.236194 3.468032
v -0.273182 1.601493 -3.763455
v -0.273162 1.607339 -3.816952
v -0.273007 1.654257 -3.847714
v -0.964158 3.292225 3.238205
v -0.964100 3.285008 3.437264
v -0.964119 3.238781 3.468033
v -0.267504 3.432822 3.238213
v -0.267536 3.425645 3.437285
v -0.267682 3.376506 3.468047
v 1.674590 3.055770 -3.847051
v 1.679460 3.095631 -3.816291
v 1.681658 3.101910 -3.617673
v 1.674231 3.055786 3.467386
v 1.679075 3.095599 3.436627
v 1.681297 3.101847 3.238007
v -1.460042 3.102956 -3.617673
v -1.457780 3.096698 -3.816291
v -1.452585 3.056875 -3.847051
v -1.452580 3.056885 3.467383
v -1.457778 3.096704 3.436623
v -1.460041 3.102957 3.238005
v -1.453069 1.602018 3.367828
v -1.453134 1.607891 3.436426
v -1.453030 1.647933 3.467283
v -0.972640 1.601727 3.383775
v -0.972630 1.607575 3.437255
v -0.972397 1.651554 3.468029
v 0.485840 1.601242 3.383787
v 0.485821 1.607088 3.437284
v 0.485676 1.653968 3.468047
v 1.198779 1.601007 3.383786
v 1.198721 1.606853 3.437284
v 1.198142 1.650795 3.468047
v 0.480411 3.374495 3.468047
v 0.480296 3.423604 3.437285
v 0.480510 3.430829 3.238213
v 1.686276 1.600900 -3.747757
v 1.686329 1.606730 -3.816751
v 1.685922 1.646845 -3.847392
v -0.973007 1.601723 -3.763454
v -0.972997 1.607569 -3.816951
v -0.972754 1.651551 -3.847714
v -1.592491 1.600314 -0.189836
vt 0.417379 0.969308
vt 0.495899 0.969227
vt 0.499161 0.983434
vt 0.418623 0.983443
vt 0.574472 0.969167
vt 0.579747 0.983484
vt 0.580869 0.992753
vt 0.499908 0.992652
vt 0.418971 0.992633
vt 0.418885 0.257540
vt 0.499695 0.257588
vt 0.499123 0.266411
vt 0.418606 0.266263
vt 0.580536 0.257548
vt 0.579687 0.266500
vt 0.574334 0.280906
vt 0.495815 0.280678
vt 0.417349 0.280430
vt 0.418882 0.757651
vt 0.499691 0.757661
vt 0.499102 0.766449
vt 0.418599 0.766300
vt 0.580531 0.757582
vt 0.579654 0.766538
vt 0.574126 0.781194
vt 0.495689 0.781044
vt 0.417305 0.780873
vt 0.375000 0.750000
vt 0.375000 0.762912
vt 0.375000 0.759651
vt 0.375000 0.715788
vt 0.375000 0.780111
vt 0.375000 0.780055
vt 0.375000 0.780050
vt 0.375000 0.758858
vt 0.375000 0.712675
vt 0.410260 0.825751
vt 0.476076 0.825447
vt 0.464915 0.850230
vt 0.406318 0.850497
vt 0.541932 0.825143
vt 0.523544 0.849963
vt 0.515314 0.875493
vt 0.459924 0.875646
vt 0.404564 0.875798
vt 0.375000 0.250000
vt 0.375000 0.263203
vt 0.375000 0.260431
vt 0.375000 0.218945
vt 0.375000 0.276406
vt 0.375000 0.279339
vt 0.375000 0.279608
vt 0.375000 0.262828
vt 0.375000 0.250000
vt 0.375000 0.322005
vt 0.375000 0.348587
vt 0.375000 0.348690
vt 0.375000 0.323135
vt 0.375000 0.375472
vt 0.375000 0.375472
vt 0.375000 0.375472
vt 0.375000 0.348716
vt 0.375000 0.323239
vt 0.375000 0.472583
vt 0.375000 0.490247
vt 0.375000 0.492090
vt 0.375000 0.472633
vt 0.375000 0.527111
vt 0.375000 0.536572
vt 0.375000 0.537708
vt 0.375000 0.492387
vt 0.375000 0.472638
vt 0.404613 0.375427
vt 0.460066 0.375342
vt 0.465552 0.402136
vt 0.406539 0.402539
vt 0.515550 0.375258
vt 0.524598 0.401733
vt 0.543420 0.427243
vt 0.476976 0.427973
vt 0.410572 0.428702
vt 0.488083 0.451340
vt 0.414539 0.452282
vt 0.561677 0.450401
vt 0.574486 0.469673
vt 0.495906 0.470567
vt 0.417380 0.471480
vt 0.750000 0.504194
vt 0.750000 0.625000
vt 0.719309 0.625000
vt 0.719022 0.537169
vt 0.750000 0.745806
vt 0.719021 0.712831
vt 0.687886 0.745806
vt 0.691573 0.625000
vt 0.687886 0.504194
vt 0.487440 0.801537
vt 0.414316 0.801607
vt 0.560612 0.801463
vt 0.812114 0.504194
vt 0.808427 0.625000
vt 0.780691 0.625000
vt 0.780978 0.537169
vt 0.812114 0.745806
vt 0.780978 0.712831
vt 0.499120 0.484307
vt 0.418605 0.484898
vt 0.579685 0.483775
vt 0.580516 0.492555
vt 0.499682 0.492689
vt 0.418879 0.492911
vt 0.375000 0.970002
vt 0.375000 0.985817
vt 0.375000 0.986042
vt 0.375000 0.970054
vt 0.375000 1.000000
vt 0.375000 1.000000
vt 0.375000 1.000000
vt 0.375000 0.986056
vt 0.375000 0.970060
vt 0.375000 0.927413
vt 0.375000 0.950416
vt 0.375000 0.950422
vt 0.375000 0.927413
vt 0.375000 0.950421
vt 0.375000 0.927412
vt 0.670623 0.625000
vt 0.670219 0.537169
vt 0.670219 0.712831
vt 0.652330 0.745806
vt 0.653827 0.625000
vt 0.652330 0.504194
vt 0.375000 0.825914
vt 0.375000 0.850640
vt 0.375000 0.850640
vt 0.375000 0.825914
vt 0.375000 0.875880
vt 0.375000 0.875880
vt 0.375000 0.875880
vt 0.375000 0.850641
vt 0.375000 0.825915
vt 0.410541 0.927283
vt 0.476889 0.927039
vt 0.488027 0.950044
vt 0.414519 0.950233
vt 0.543276 0.926795
vt 0.561584 0.949856
vt 0.847670 0.504194
vt 0.846173 0.625000
vt 0.829377 0.625000
vt 0.829781 0.537169
vt 0.847670 0.745806
vt 0.829781 0.712831
vt 0.417839 0.970040
vt 0.415726 0.986106
vt 0.505662 0.986081
vt 0.503485 0.970163
vt 0.378690 1.000000
vt 0.501845 1.000000
vt 0.625000 1.000000
vt 0.625000 0.986335
vt 0.625000 0.972670
vt 0.847670 0.500000
vt 0.846528 0.625000
vt 0.861221 0.625000
vt 0.861335 0.500000
vt 0.847670 0.750000
vt 0.861335 0.750000
vt 0.875000 0.750000
vt 0.875000 0.625000
vt 0.875000 0.500000
vt 0.419386 0.712694
vt 0.419105 0.758943
vt 0.506489 0.759865
vt 0.506146 0.715877
vt 0.417768 0.780141
vt 0.503305 0.780073
vt 0.625000 0.777330
vt 0.625000 0.763665
vt 0.625000 0.750000
vt 0.631392 0.543825
vt 0.640422 0.540474
vt 0.640575 0.625000
vt 0.631431 0.625000
vt 0.640422 0.709526
vt 0.631393 0.706175
vt 0.410603 0.825749
vt 0.406613 0.850496
vt 0.469558 0.850187
vt 0.481790 0.825372
vt 0.404839 0.875798
vt 0.463190 0.875599
vt 0.528195 0.875000
vt 0.553278 0.849693
vt 0.578361 0.824386
vt 0.375000 0.627871
vt 0.375000 0.625542
vt 0.375000 0.625048
vt 0.375000 0.901975
vt 0.375000 0.901975
vt 0.375000 0.901974
vt 0.375000 0.402755
vt 0.375000 0.402755
vt 0.375000 0.429093
vt 0.375000 0.429093
vt 0.375000 0.429091
vt 0.375000 0.402754
vt 0.465472 0.901695
vt 0.406511 0.901878
vt 0.524467 0.901512
vt 0.829892 0.500000
vt 0.829409 0.625000
vt 0.812114 0.500000
vt 0.808425 0.625000
vt 0.812114 0.750000
vt 0.829892 0.750000
vt 0.781057 0.500000
vt 0.780688 0.625000
vt 0.750000 0.500000
vt 0.750000 0.625000
vt 0.750000 0.750000
vt 0.781057 0.750000
vt 0.718943 0.500000
vt 0.719312 0.625000
vt 0.687886 0.500000
vt 0.691575 0.625000
vt 0.687886 0.750000
vt 0.718943 0.750000
vt 0.670108 0.500000
vt 0.670591 0.625000
vt 0.652330 0.500000
vt 0.653472 0.625000
vt 0.652330 0.750000
vt 0.670108 0.750000
vt 0.625000 0.500000
vt 0.594585 0.625004
vt 0.635738 0.625000
vt 0.638665 0.500000
vt 0.638665 0.750000
vt 0.859599 0.540474
vt 0.859446 0.625000
vt 0.868775 0.543825
vt 0.868739 0.625000
vt 0.868775 0.706175
vt 0.859599 0.709526
vt 0.375000 0.452864
vt 0.375000 0.452871
vt 0.375000 0.452869
vt 0.375000 0.299206
vt 0.375000 0.299668
vt 0.375000 0.299762
vt 0.487790 0.300286
vt 0.414436 0.300000
vt 0.561191 0.300569
vt 0.542730 0.323868
vt 0.476558 0.323619
vt 0.410426 0.323371
vt 0.417810 0.279735
vt 0.414839 0.299914
vt 0.494383 0.300138
vt 0.503412 0.279756
vt 0.410770 0.323372
vt 0.482337 0.323551
vt 0.579811 0.322923
vt 0.602405 0.300126
vt 0.625000 0.277330
vt 0.378690 0.000000
vt 0.416034 0.120295
vt 0.506086 0.121120
vt 0.501845 0.000000
vt 0.419385 0.212730
vt 0.506906 0.215904
vt 0.625000 0.250000
vt 0.625000 0.125000
vt 0.625000 0.000000
vt 0.419154 0.544117
vt 0.500121 0.544118
vt 0.500037 0.625000
vt 0.419124 0.625000
vt 0.581129 0.544121
vt 0.581002 0.625000
vt 0.581130 0.705879
vt 0.500121 0.705882
vt 0.419154 0.705883
vt 0.419386 0.537616
vt 0.419425 0.625036
vt 0.503889 0.625022
vt 0.506146 0.534303
vt 0.417847 0.472152
vt 0.419115 0.492090
vt 0.506509 0.490745
vt 0.503505 0.471401
vt 0.625000 0.486335
vt 0.625000 0.472670
vt 0.404889 0.375426
vt 0.406836 0.402537
vt 0.470243 0.402129
vt 0.463317 0.375317
vt 0.410918 0.428698
vt 0.482815 0.428035
vt 0.581073 0.428351
vt 0.554634 0.401676
vt 0.528195 0.375000
vt 0.406807 0.901877
vt 0.470162 0.901700
vt 0.410886 0.927282
vt 0.482712 0.927136
vt 0.580802 0.928077
vt 0.554498 0.901538
vt 0.414946 0.452362
vt 0.494706 0.451433
vt 0.603037 0.450511
vt 0.406734 0.348787
vt 0.469929 0.348903
vt 0.554003 0.348962
vt 0.419110 0.259012
vt 0.506499 0.259896
vt 0.625000 0.263665
vt 0.375000 0.801561
vt 0.375000 0.801553
vt 0.375000 0.801555
vt 0.414923 0.950324
vt 0.494636 0.950205
vt 0.602901 0.950374
vt 0.414719 0.801515
vt 0.494013 0.801361
vt 0.601681 0.800858
vt 0.465263 0.348919
vt 0.406438 0.348786
vt 0.524121 0.349051
vt 0.382010 0.120175
vt 0.382817 0.212648
vt 0.377768 -0.000267
vt 0.376845 -0.000533
vt 0.376846 0.120097
vt 0.376819 0.212610
vt 0.375950 0.120951
vt 0.375917 0.215755
vt 0.375922 -0.000268
vt 0.375000 -0.000003
vt 0.375257 0.124176
vt 0.375000 0.250003
vt 0.375026 0.124995
vt 0.375000 0.250001
vt 0.375000 -0.000001
vt 0.375000 0.000000
vt 0.375000 0.125000
vt 0.382684 0.258918
vt 0.382351 0.279614
vt 0.376739 0.258892
vt 0.376601 0.279592
vt 0.375871 0.259622
vt 0.375801 0.279335
vt 0.375000 0.263214
vt 0.375000 0.276425
vt 0.375000 0.263542
vt 0.375000 0.279347
vt 0.382857 0.625037
vt 0.382819 0.712629
vt 0.382819 0.537726
vt 0.376821 0.537754
vt 0.376848 0.625035
vt 0.376821 0.712604
vt 0.375926 0.625031
vt 0.375913 0.715738
vt 0.375913 0.534596
vt 0.375000 0.499997
vt 0.375000 0.625000
vt 0.375000 0.750003
vt 0.375000 0.625040
vt 0.375000 0.715787
vt 0.375000 0.534564
vt 0.382684 0.758828
vt 0.382345 0.780046
vt 0.376739 0.758798
vt 0.376600 0.780027
vt 0.375871 0.759515
vt 0.375801 0.779707
vt 0.375000 0.763035
vt 0.375000 0.776067
vt 0.375000 0.759557
vt 0.375000 0.779723
vt 0.380284 0.402719
vt 0.381008 0.429027
vt 0.379948 0.375464
vt 0.375969 0.375470
vt 0.376043 0.402747
vt 0.376214 0.429078
vt 0.375522 0.402776
vt 0.375607 0.429226
vt 0.375485 0.375432
vt 0.375000 0.375000
vt 0.375000 0.402909
vt 0.375000 0.430817
vt 0.375000 0.402779
vt 0.375000 0.429233
vt 0.375000 0.375433
vt 0.380279 0.901959
vt 0.381002 0.927392
vt 0.379940 0.875866
vt 0.375968 0.875877
vt 0.376042 0.901971
vt 0.376213 0.927408
vt 0.375521 0.901989
vt 0.375607 0.927553
vt 0.375484 0.875805
vt 0.375000 0.875000
vt 0.375000 0.902080
vt 0.375000 0.929160
vt 0.375000 0.901991
vt 0.375000 0.927555
vt 0.375000 0.875807
vt 0.381763 0.452789
vt 0.382357 0.472572
vt 0.376416 0.452856
vt 0.376602 0.472642
vt 0.375708 0.452970
vt 0.375802 0.472939
vt 0.375000 0.453525
vt 0.375000 0.476233
vt 0.375000 0.452976
vt 0.375000 0.472933
vt 0.380267 0.348728
vt 0.380983 0.323260
vt 0.376209 0.323243
vt 0.376040 0.348719
vt 0.375520 0.348684
vt 0.375605 0.323142
vt 0.375000 0.322015
vt 0.375000 0.348507
vt 0.375000 0.348683
vt 0.375000 0.323140
vt 0.381847 0.986273
vt 0.377786 1.000427
vt 0.382357 0.970125
vt 0.376604 0.970157
vt 0.376751 0.986378
vt 0.376882 1.000853
vt 0.375878 0.986321
vt 0.375941 1.000425
vt 0.375803 0.970349
vt 0.375000 0.972782
vt 0.375000 0.986390
vt 0.375000 0.999997
vt 0.375000 0.986110
vt 0.375000 0.999999
vt 0.375000 0.970282
vt 0.381759 0.950416
vt 0.376415 0.950432
vt 0.375708 0.950518
vt 0.375000 0.950971
vt 0.375000 0.950510
vt 0.380248 0.850616
vt 0.380957 0.825886
vt 0.376205 0.825909
vt 0.376037 0.850636
vt 0.375519 0.850626
vt 0.375603 0.825932
vt 0.375000 0.826119
vt 0.375000 0.850560
vt 0.375000 0.850629
vt 0.375000 0.825935
vt 0.381727 0.801543
vt 0.376410 0.801548
vt 0.375705 0.801477
vt 0.375000 0.801093
vt 0.375000 0.801482
vt 0.382685 0.492372
vt 0.376740 0.492426
vt 0.375871 0.491702
vt 0.375000 0.488115
vt 0.375000 0.491673
vt 0.381745 0.299783
vt 0.376412 0.299763
vt 0.375706 0.299674
vt 0.375000 0.299220
vt 0.375000 0.299675
vt 0.419158 0.044122
vt 0.500121 0.044121
vt 0.500037 0.125000
vt 0.419127 0.125001
vt 0.581129 0.044122
vt 0.581002 0.125000
vt 0.581129 0.205879
vt 0.500121 0.205882
vt 0.419155 0.205883
vt 0.375042 0.995279
vt 0.375036 0.999616
vt 0.375000 1.001106
vt 0.375338 0.994090
vt 0.375322 0.998606
vt 0.375000 1.000000
vt 0.375000 1.001106
vt 0.375000 1.002212
vt 0.376055 0.993363
vt 0.376093 0.997998
vt 0.377019 0.992862
vt 0.377098 0.997643
vt 0.377200 1.000000
vt 0.376100 1.000000
vt 0.415894 0.997488
vt 0.382287 0.997504
vt 0.383008 0.992660
vt 0.379194 1.000000
vt 0.378197 1.000000
vt 0.379194 0.000000
vt 0.416119 0.001072
vt 0.382409 0.001092
vt 0.378197 0.000000
vt 0.419361 0.002131
vt 0.383218 0.002151
vt 0.377200 0.002200
vt 0.377364 0.001207
vt 0.377200 0.000000
vt 0.383162 0.040797
vt 0.383187 0.007339
vt 0.419244 0.008160
vt 0.377136 0.004194
vt 0.377168 0.003197
vt 0.376068 0.503203
vt 0.376084 0.502152
vt 0.376100 0.501100
vt 0.376088 0.002200
vt 0.376644 0.001100
vt 0.376856 0.001482
vt 0.376644 0.002200
vt 0.616896 0.992990
vt 0.618734 0.997742
vt 0.585219 0.997578
vt 0.622951 0.993314
vt 0.623730 0.997960
vt 0.624971 1.000000
vt 0.624345 1.000000
vt 0.623719 1.000000
vt 0.623984 0.993975
vt 0.624398 0.998266
vt 0.625000 0.997771
vt 0.625000 0.998886
vt 0.625000 1.000000
vt 0.624986 1.000000
vt 0.873277 0.709374
vt 0.873414 0.743203
vt 0.869190 0.742797
vt 0.875000 0.745806
vt 0.875000 0.746809
vt 0.875000 0.747813
vt 0.873885 0.748907
vt 0.872771 0.750000
vt 0.625000 0.004194
vt 0.624206 0.040802
vt 0.624326 0.007361
vt 0.625000 0.003191
vt 0.623305 0.044129
vt 0.623547 0.008185
vt 0.623894 0.002200
vt 0.624488 0.002250
vt 0.625000 0.002187
vt 0.581494 0.008161
vt 0.617584 0.008172
vt 0.617235 0.044126
vt 0.582008 0.002133
vt 0.618084 0.002152
vt 0.585959 0.001073
vt 0.619500 0.001093
vt 0.623719 0.000000
vt 0.624345 0.000000
vt 0.624971 0.000000
vt 0.624318 0.001208
vt 0.624986 0.001093
vt 0.624630 0.001489
vt 0.419230 0.241896
vt 0.383171 0.241926
vt 0.383152 0.205908
vt 0.419276 0.248236
vt 0.383183 0.248254
vt 0.377176 0.248450
vt 0.377133 0.242199
vt 0.377113 0.206107
vt 0.419229 0.249987
vt 0.383161 0.249985
vt 0.419121 0.251735
vt 0.383104 0.251713
vt 0.377124 0.251521
vt 0.377209 0.249986
vt 0.382973 0.257481
vt 0.383045 0.253461
vt 0.419002 0.253499
vt 0.376990 0.257235
vt 0.377048 0.253190
vt 0.376002 0.256332
vt 0.376077 0.252423
vt 0.375000 0.252145
vt 0.375349 0.251138
vt 0.375631 0.249999
vt 0.376228 0.250969
vt 0.375000 0.248945
vt 0.375072 0.250008
vt 0.375000 0.251073
vt 0.375000 0.247890
vt 0.375362 0.248105
vt 0.376067 0.209986
vt 0.376124 0.243740
vt 0.376255 0.249014
vt 0.376491 0.249990
vt 0.869191 0.507203
vt 0.873415 0.506797
vt 0.873277 0.540626
vt 0.872771 0.500000
vt 0.873886 0.501094
vt 0.875000 0.502187
vt 0.875000 0.503191
vt 0.875000 0.504194
vt 0.625000 0.252229
vt 0.623820 0.256163
vt 0.623880 0.252175
vt 0.625000 0.251114
vt 0.622656 0.256933
vt 0.622789 0.252836
vt 0.622938 0.251739
vt 0.623969 0.250869
vt 0.625000 0.250000
vt 0.580806 0.253432
vt 0.616768 0.253207
vt 0.616537 0.257315
vt 0.581187 0.251685
vt 0.617132 0.251568
vt 0.581546 0.249956
vt 0.617549 0.249874
vt 0.581677 0.248215
vt 0.617761 0.248147
vt 0.624006 0.247797
vt 0.623472 0.249768
vt 0.617235 0.205874
vt 0.617548 0.241862
vt 0.581452 0.241885
vt 0.623305 0.205871
vt 0.623548 0.241818
vt 0.624206 0.209198
vt 0.624328 0.242628
vt 0.625000 0.245806
vt 0.625000 0.246809
vt 0.625000 0.247813
vt 0.624501 0.247641
vt 0.624985 0.248367
vt 0.624658 0.248151
vt 0.624970 0.248921
vt 0.624488 0.248359
vt 0.419231 0.741899
vt 0.383171 0.741929
vt 0.383149 0.705908
vt 0.419277 0.748254
vt 0.383183 0.748274
vt 0.377176 0.748469
vt 0.377132 0.742201
vt 0.377109 0.706108
vt 0.419229 0.750043
vt 0.383160 0.750049
vt 0.419120 0.751842
vt 0.383104 0.751836
vt 0.377124 0.751629
vt 0.377208 0.750045
vt 0.382972 0.757361
vt 0.383044 0.753568
vt 0.419000 0.753647
vt 0.376998 0.754390
vt 0.377048 0.753018
vt 0.375999 0.753252
vt 0.376035 0.752150
vt 0.375000 0.752115
vt 0.375000 0.751058
vt 0.375000 0.750000
vt 0.376166 0.751033
vt 0.375000 0.748945
vt 0.375000 0.750001
vt 0.375000 0.751058
vt 0.375000 0.747890
vt 0.375000 0.748945
vt 0.376064 0.709989
vt 0.376080 0.743742
vt 0.376193 0.749029
vt 0.376471 0.750035
vt 0.630959 0.742797
vt 0.627070 0.742387
vt 0.627224 0.706054
vt 0.627233 0.750000
vt 0.626573 0.748907
vt 0.625912 0.747813
vt 0.625832 0.741976
vt 0.625831 0.705932
vt 0.625000 0.752233
vt 0.623740 0.756277
vt 0.623598 0.752573
vt 0.624472 0.751857
vt 0.622622 0.756985
vt 0.622709 0.752956
vt 0.622934 0.751749
vt 0.623438 0.751615
vt 0.623943 0.751481
vt 0.580803 0.753475
vt 0.616757 0.753235
vt 0.616528 0.757336
vt 0.581186 0.751716
vt 0.617128 0.751584
vt 0.581549 0.749972
vt 0.617551 0.749881
vt 0.581681 0.748220
vt 0.617769 0.748149
vt 0.624011 0.747797
vt 0.623472 0.749773
vt 0.617257 0.705874
vt 0.617568 0.741862
vt 0.581456 0.741885
vt 0.623473 0.705871
vt 0.623698 0.741822
vt 0.624708 0.705878
vt 0.624813 0.741830
vt 0.624962 0.747805
vt 0.625731 0.747813
vt 0.625356 0.748367
vt 0.624908 0.748177
vt 0.624871 0.747805
vt 0.624981 0.748921
vt 0.624496 0.748359
vt 0.418997 0.496628
vt 0.383044 0.496686
vt 0.382971 0.493047
vt 0.419117 0.498322
vt 0.383103 0.498352
vt 0.377124 0.498538
vt 0.377047 0.496952
vt 0.376989 0.493297
vt 0.419227 0.500043
vt 0.383160 0.500049
vt 0.419276 0.501773
vt 0.383183 0.501757
vt 0.377176 0.501560
vt 0.377208 0.500045
vt 0.383149 0.544092
vt 0.383171 0.508075
vt 0.419230 0.508105
vt 0.377109 0.543892
vt 0.377132 0.507803
vt 0.376101 0.543396
vt 0.376131 0.507108
vt 0.375352 0.542723
vt 0.375391 0.506139
vt 0.375631 0.500021
vt 0.376255 0.500996
vt 0.375041 0.498686
vt 0.375086 0.504418
vt 0.375044 0.540515
vt 0.375332 0.494673
vt 0.375377 0.498568
vt 0.376036 0.493876
vt 0.376084 0.497620
vt 0.376228 0.499072
vt 0.376491 0.500035
vt 0.616514 0.492704
vt 0.616744 0.496793
vt 0.580789 0.496600
vt 0.622612 0.493035
vt 0.622700 0.497062
vt 0.622927 0.498266
vt 0.617118 0.498436
vt 0.581175 0.498331
vt 0.623735 0.493735
vt 0.623593 0.497439
vt 0.625000 0.497771
vt 0.624470 0.498149
vt 0.623941 0.498528
vt 0.623434 0.498397
vt 0.627224 0.543946
vt 0.627069 0.507613
vt 0.630957 0.507203
vt 0.625830 0.544068
vt 0.625831 0.508024
vt 0.625910 0.502187
vt 0.626570 0.501094
vt 0.627229 0.500000
vt 0.624707 0.544122
vt 0.624811 0.508170
vt 0.623472 0.544129
vt 0.623696 0.508178
vt 0.624007 0.502203
vt 0.624958 0.502195
vt 0.581452 0.508116
vt 0.617565 0.508138
vt 0.617256 0.544126
vt 0.581676 0.501788
vt 0.617763 0.501854
vt 0.581540 0.500053
vt 0.617543 0.500130
vt 0.623467 0.500235
vt 0.624972 0.501079
vt 0.625350 0.501633
vt 0.624902 0.501823
vt 0.624489 0.501641
vt 0.625728 0.502187
vt 0.624867 0.502195
vt 0.375000 0.125000
vt 0.375000 0.124991
vt 0.375000 0.000000
vt 0.375000 0.001037
vt 0.375000 0.002074
vt 0.375000 0.124982
vt 0.376060 0.120808
vt 0.376068 0.003134
vt 0.377114 0.120853
vt 0.383148 0.124174
vt 0.500567 0.997504
vt 0.501457 1.000000
vt 0.501457 0.000000
vt 0.501064 0.001069
vt 0.500694 0.002126
vt 0.500360 0.008157
vt 0.873256 0.625000
vt 0.875000 0.625000
vt 0.625000 0.125000
vt 0.624165 0.125000
vt 0.623221 0.125000
vt 0.617113 0.125000
vt 0.499904 0.253505
vt 0.500166 0.251735
vt 0.500401 0.249986
vt 0.500483 0.248235
vt 0.500333 0.241896
vt 0.375000 0.264021
vt 0.375000 0.279221
vt 0.375000 0.264276
vt 0.375000 0.276408
vt 0.375955 0.265510
vt 0.375890 0.279828
vt 0.376912 0.266016
vt 0.376781 0.280245
vt 0.382843 0.266173
vt 0.382521 0.280311
vt 0.500333 0.508105
vt 0.500481 0.501771
vt 0.500397 0.500033
vt 0.500158 0.498302
vt 0.499892 0.496575
vt 0.375037 0.629762
vt 0.375321 0.629238
vt 0.376088 0.625846
vt 0.377101 0.625000
vt 0.383140 0.625000
vt 0.627250 0.625000
vt 0.625833 0.625000
vt 0.624671 0.625000
vt 0.623390 0.625000
vt 0.617135 0.625000
vt 0.499901 0.753600
vt 0.500165 0.751804
vt 0.500402 0.750023
vt 0.500485 0.748247
vt 0.500335 0.741897
vt 0.375033 0.764134
vt 0.375037 0.780247
vt 0.375000 0.752288
vt 0.375291 0.764702
vt 0.375297 0.780426
vt 0.375989 0.765247
vt 0.375927 0.780600
vt 0.376913 0.765727
vt 0.376780 0.780725
vt 0.382842 0.766147
vt 0.382514 0.780788
vt 0.375024 0.402755
vt 0.375028 0.429092
vt 0.375023 0.375472
vt 0.375180 0.375472
vt 0.375194 0.402754
vt 0.375226 0.429090
vt 0.375606 0.402751
vt 0.375706 0.429085
vt 0.375562 0.375471
vt 0.376079 0.375470
vt 0.376163 0.402747
vt 0.376356 0.429078
vt 0.380396 0.402718
vt 0.381141 0.429025
vt 0.380051 0.375464
vt 0.375024 0.901975
vt 0.375028 0.927413
vt 0.375023 0.875880
vt 0.375180 0.875879
vt 0.375194 0.901974
vt 0.375226 0.927412
vt 0.375605 0.901973
vt 0.375706 0.927410
vt 0.375562 0.875878
vt 0.376078 0.875877
vt 0.376162 0.901972
vt 0.376355 0.927408
vt 0.380391 0.901959
vt 0.381136 0.927391
vt 0.380043 0.875866
vt 0.829962 0.505395
vt 0.847670 0.502097
vt 0.812250 0.502097
vt 0.812386 0.500000
vt 0.830028 0.500000
vt 0.847671 0.500000
vt 0.625000 0.277330
vt 0.602578 0.299952
vt 0.601509 0.300033
vt 0.623848 0.277325
vt 0.580157 0.322574
vt 0.579166 0.322745
vt 0.578176 0.322916
vt 0.600282 0.300193
vt 0.622695 0.277321
vt 0.594040 0.300590
vt 0.609931 0.280661
vt 0.572246 0.323888
vt 0.670039 0.505395
vt 0.687752 0.502097
vt 0.652330 0.502097
vt 0.652330 0.500000
vt 0.669974 0.500000
vt 0.687618 0.500000
vt 0.581405 0.428685
vt 0.603202 0.450678
vt 0.602129 0.450609
vt 0.580415 0.428527
vt 0.625000 0.472670
vt 0.623838 0.472687
vt 0.622677 0.472704
vt 0.600893 0.450456
vt 0.579426 0.428368
vt 0.594617 0.450092
vt 0.573091 0.427044
vt 0.610096 0.469604
vt 0.549939 0.349082
vt 0.538761 0.375203
vt 0.552948 0.348974
vt 0.527029 0.375000
vt 0.553344 0.348918
vt 0.527693 0.374919
vt 0.578993 0.322919
vt 0.579811 0.322923
vt 0.554084 0.348880
vt 0.528356 0.374838
vt 0.750194 0.500000
vt 0.781154 0.500000
vt 0.781107 0.505395
vt 0.750097 0.502097
vt 0.812114 0.500000
vt 0.812114 0.502097
vt 0.718893 0.505395
vt 0.749903 0.502097
vt 0.687886 0.502097
vt 0.687886 0.500000
vt 0.718846 0.500000
vt 0.749806 0.500000
vt 0.528360 0.375166
vt 0.554717 0.401759
vt 0.553973 0.401723
vt 0.527695 0.375083
vt 0.581073 0.428351
vt 0.580250 0.428359
vt 0.553565 0.401669
vt 0.550508 0.401581
vt 0.375033 0.452848
vt 0.375037 0.472459
vt 0.375264 0.452824
vt 0.375297 0.472293
vt 0.375824 0.452798
vt 0.375928 0.472129
vt 0.376583 0.452775
vt 0.376783 0.472007
vt 0.381921 0.452701
vt 0.382527 0.471894
vt 0.670040 0.744605
vt 0.652330 0.747903
vt 0.687754 0.747903
vt 0.687621 0.750000
vt 0.669975 0.750000
vt 0.652330 0.750000
vt 0.625000 0.777330
vt 0.601855 0.800682
vt 0.600786 0.800767
vt 0.623844 0.777324
vt 0.578709 0.824035
vt 0.577724 0.824216
vt 0.576739 0.824397
vt 0.599565 0.800927
vt 0.622687 0.777318
vt 0.593356 0.801330
vt 0.609708 0.780893
vt 0.571268 0.824957
vt 0.375020 0.348562
vt 0.375000 0.322006
vt 0.375000 0.322006
vt 0.375174 0.348588
vt 0.375599 0.348692
vt 0.375679 0.323138
vt 0.376350 0.323243
vt 0.376159 0.348718
vt 0.380379 0.348728
vt 0.381116 0.323261
vt 0.829962 0.744605
vt 0.812250 0.747903
vt 0.847670 0.747903
vt 0.847670 0.750000
vt 0.830028 0.750000
vt 0.812386 0.750000
vt 0.581140 0.928418
vt 0.603070 0.950544
vt 0.602001 0.950464
vt 0.580150 0.928252
vt 0.625000 0.972670
vt 0.623848 0.972671
vt 0.622696 0.972672
vt 0.600771 0.950300
vt 0.579159 0.928085
vt 0.594504 0.949882
vt 0.572914 0.926806
vt 0.610079 0.969473
vt 0.781107 0.744605
vt 0.750097 0.747903
vt 0.812114 0.747903
vt 0.812114 0.750000
vt 0.781154 0.750000
vt 0.750194 0.750000
vt 0.528359 0.875166
vt 0.554581 0.901621
vt 0.553839 0.901583
vt 0.527695 0.875083
vt 0.580802 0.928077
vt 0.579981 0.928081
vt 0.553428 0.901533
vt 0.527030 0.875000
vt 0.550358 0.901453
vt 0.538507 0.875391
vt 0.615739 0.483749
vt 0.622469 0.484234
vt 0.623800 0.484674
vt 0.623838 0.472860
vt 0.625000 0.473017
vt 0.625000 0.485394
vt 0.639606 0.500000
vt 0.640178 0.506235
vt 0.651983 0.500000
vt 0.652157 0.502097
vt 0.615708 0.766355
vt 0.622470 0.765797
vt 0.623805 0.765338
vt 0.623844 0.777151
vt 0.625000 0.764609
vt 0.625000 0.776985
vt 0.651985 0.750000
vt 0.639609 0.750000
vt 0.640180 0.743765
vt 0.652157 0.747903
vt 0.859838 0.506235
vt 0.847841 0.502097
vt 0.848013 0.500000
vt 0.860392 0.500000
vt 0.625000 0.264608
vt 0.623816 0.265325
vt 0.625000 0.276988
vt 0.623848 0.277154
vt 0.622485 0.265782
vt 0.615740 0.266322
vt 0.615803 0.983717
vt 0.622526 0.984247
vt 0.623837 0.984690
vt 0.623848 0.972842
vt 0.625000 0.973012
vt 0.625000 0.985392
vt 0.860392 0.750000
vt 0.859837 0.743765
vt 0.848012 0.750000
vt 0.847841 0.747903
vt 0.375040 0.985067
vt 0.375037 0.969873
vt 0.375298 0.969702
vt 0.375322 0.984465
vt 0.376004 0.983974
vt 0.375931 0.969533
vt 0.376786 0.969409
vt 0.376925 0.983619
vt 0.382855 0.983472
vt 0.382529 0.969352
vt 0.375033 0.950399
vt 0.375264 0.950377
vt 0.375824 0.950355
vt 0.376583 0.950338
vt 0.381918 0.950318
vt 0.375024 0.850641
vt 0.375028 0.825914
vt 0.375224 0.825914
vt 0.375193 0.850640
vt 0.375602 0.850638
vt 0.375701 0.825911
vt 0.376346 0.825908
vt 0.376156 0.850635
vt 0.380360 0.850616
vt 0.381090 0.825886
vt 0.375033 0.801578
vt 0.375263 0.801601
vt 0.375821 0.801622
vt 0.376576 0.801636
vt 0.381884 0.801637
vt 0.549257 0.849822
vt 0.552235 0.849708
vt 0.552625 0.849651
vt 0.527698 0.874914
vt 0.577550 0.824391
vt 0.578361 0.824386
vt 0.553364 0.849607
vt 0.528366 0.874828
vt 0.749788 0.750000
vt 0.718837 0.750000
vt 0.718889 0.744605
vt 0.749894 0.747903
vt 0.687886 0.750000
vt 0.687886 0.747903
vt 0.375040 0.487267
vt 0.375318 0.486193
vt 0.375995 0.485716
vt 0.376912 0.485368
vt 0.382843 0.485185
vt 0.375000 0.299488
vt 0.375000 0.299207
vt 0.375789 0.299728
vt 0.376579 0.299845
vt 0.381903 0.299872
vt 0.375000 0.121895
vt 0.375000 0.000000
vn -0.0005 -0.0162 0.9999
vn -0.0014 0.0001 1.0000
vn -0.0117 0.0000 0.9999
vn -0.0106 -0.0174 0.9998
vn -0.0069 0.0165 0.9998
vn -0.0180 0.0174 0.9997
vn -0.0728 0.0167 0.9972
vn -0.0689 -0.0001 0.9976
vn -0.0665 -0.0177 0.9976
vn -0.0636 -0.0169 -0.9978
vn -0.0665 0.0002 -0.9978
vn -0.0111 0.0002 -0.9999
vn -0.0095 -0.0167 -0.9998
vn -0.0718 0.0170 -0.9973
vn -0.0178 0.0174 -0.9997
vn -0.0069 0.0165 -0.9998
vn -0.0012 0.0001 -1.0000
vn -0.0001 -0.0159 -0.9999
vn 0.0671 -0.0168 0.9976
vn 0.0688 0.0004 0.9976
vn 0.0114 0.0003 0.9999
vn 0.0100 -0.0166 0.9998
vn 0.0728 0.0171 0.9972
vn 0.0180 0.0176 0.9997
vn 0.0068 0.0166 0.9998
vn 0.0012 0.0001 1.0000
vn 0.0001 -0.0159 0.9999
vn 0.0213 -0.9998 0.0015
vn 0.0080 -0.9999 0.0064
vn 0.0031 -1.0000 -0.0005
vn 0.0007 -1.0000 -0.0006
vn 0.0017 -0.9998 0.0173
vn 0.0000 -1.0000 0.0014
vn -0.0055 -0.9999 -0.0163
vn -0.0197 -0.9997 -0.0113
vn -0.0460 -0.9989 -0.0033
vn -0.0004 -0.0144 0.9999
vn 0.0001 0.0001 1.0000
vn -0.0002 -0.0139 0.9999
vn 0.0027 0.0147 0.9999
vn 0.0013 0.0142 0.9999
vn 0.0000 0.0141 0.9999
vn 0.0000 0.0001 1.0000
vn -0.0000 -0.0138 0.9999
vn -0.0209 -0.9998 -0.0015
vn -0.0083 -0.9999 -0.0064
vn -0.0035 -1.0000 0.0005
vn -0.0016 -1.0000 0.0006
vn -0.0024 -0.9998 -0.0173
vn -0.0007 -1.0000 -0.0014
vn 0.0048 -0.9999 0.0163
vn 0.0188 -0.9998 0.0114
vn 0.0446 -0.9990 0.0035
vn -0.0003 -0.9998 -0.0215
vn -0.0003 -1.0000 -0.0007
vn -0.0003 -0.9998 0.0198
vn 0.0017 -0.9998 -0.0173
vn 0.0080 -0.9999 -0.0064
vn 0.0031 -1.0000 0.0005
vn 0.0000 -1.0000 -0.0014
vn 0.0213 -0.9998 -0.0015
vn 0.0007 -1.0000 0.0006
vn -0.0459 -0.9989 0.0033
vn -0.0197 -0.9997 0.0113
vn -0.0055 -0.9999 0.0163
vn -0.0000 -0.0138 -0.9999
vn -0.0000 0.0001 -1.0000
vn 0.0001 0.0001 -1.0000
vn -0.0002 -0.0139 -0.9999
vn 0.0000 0.0141 -0.9999
vn 0.0013 0.0142 -0.9999
vn 0.0027 0.0147 -0.9999
vn -0.0004 -0.0143 -0.9999
vn 0.0002 0.0001 -1.0000
vn -0.0006 -0.0151 -0.9999
vn 0.0043 0.0155 -0.9999
vn 0.0069 0.0166 -0.9998
vn 0.0013 0.0001 -1.0000
vn 0.0001 -0.0159 -0.9999
vn 0.0009 1.0000 -0.0007
vn 0.0016 1.0000 0.0001
vn 0.1013 0.9949 0.0004
vn 0.1003 0.9950 -0.0004
vn 0.0024 1.0000 0.0009
vn 0.1024 0.9947 0.0012
vn 0.1997 0.9799 0.0014
vn 0.1998 0.9798 0.0006
vn 0.2000 0.9798 -0.0002
vn 0.0002 0.0001 1.0000
vn -0.0006 -0.0151 0.9999
vn 0.0042 0.0155 0.9999
vn -0.1995 0.9799 -0.0008
vn -0.1994 0.9799 0.0000
vn -0.0985 0.9951 0.0000
vn -0.0987 0.9951 -0.0008
vn -0.1994 0.9799 0.0008
vn -0.0983 0.9952 0.0008
vn 0.0115 0.0003 -0.9999
vn 0.0099 -0.0166 -0.9998
vn 0.0181 0.0176 -0.9997
vn 0.0728 0.0171 -0.9972
vn 0.0687 0.0004 -0.9976
vn 0.0670 -0.0168 -0.9976
vn -0.0025 -0.9998 0.0176
vn -0.0088 -0.9999 0.0067
vn -0.0039 -1.0000 -0.0004
vn -0.0007 -1.0000 0.0015
vn -0.0216 -0.9998 0.0016
vn -0.0020 -1.0000 -0.0006
vn 0.0445 -0.9990 -0.0035
vn 0.0187 -0.9998 -0.0114
vn 0.0048 -0.9999 -0.0163
vn -0.0003 -0.9998 0.0215
vn -0.0004 -0.9998 0.0216
vn -0.0003 -1.0000 0.0007
vn -0.0003 -0.9998 -0.0198
vn 0.2871 0.9579 0.0005
vn 0.2890 0.9573 -0.0003
vn 0.2852 0.9585 0.0013
vn 0.3549 0.9349 0.0011
vn 0.3571 0.9341 0.0003
vn 0.3593 0.9332 -0.0005
vn 0.0003 -0.0143 0.9999
vn -0.0001 0.0001 1.0000
vn -0.0003 0.0001 1.0000
vn 0.0005 -0.0151 0.9999
vn -0.0027 0.0147 0.9999
vn -0.0043 0.0155 0.9999
vn -0.3604 0.9328 -0.0008
vn -0.3604 0.9328 -0.0000
vn -0.2899 0.9570 -0.0000
vn -0.2900 0.9570 -0.0008
vn -0.3604 0.9328 0.0008
vn -0.2900 0.9570 0.0008
vn 0.6191 -0.1467 -0.7715
vn 0.6194 -0.1438 -0.7718
vn 0.6066 -0.2399 -0.7580
vn 0.9938 -0.0517 -0.0983
vn 0.9974 -0.0408 -0.0592
vn 0.9891 -0.1290 -0.0713
vn 0.9889 -0.1056 -0.1045
vn 0.9541 -0.2971 -0.0382
vn 0.9545 -0.2815 -0.0985
vn 0.3396 -0.8362 -0.4306
vn 0.5023 -0.7759 -0.3817
vn 0.4837 -0.8510 -0.2046
vn 0.3676 -0.8881 -0.2758
vn 0.3676 -0.8881 0.2758
vn 0.3783 -0.9257 -0.0000
vn 0.4601 -0.8879 -0.0000
vn 0.4837 -0.8510 0.2046
vn 0.8786 -0.4775 -0.0000
vn 0.9534 -0.3017 -0.0000
vn 0.9545 -0.2815 0.0985
vn 0.9541 -0.2971 0.0382
vn -0.9975 -0.0440 -0.0550
vn -0.9942 -0.0566 -0.0915
vn -0.9891 -0.1089 -0.0992
vn -0.9891 -0.1304 -0.0683
vn -0.6230 -0.1492 -0.7679
vn -0.6226 -0.1530 -0.7675
vn -0.6086 -0.2450 -0.7547
vn -0.5002 -0.7779 -0.3803
vn -0.3356 -0.8381 -0.4300
vn -0.3631 -0.8901 -0.2755
vn -0.4811 -0.8525 -0.2042
vn -0.9549 -0.2812 -0.0956
vn -0.9543 -0.2966 -0.0371
vn 0.4482 0.8939 -0.0007
vn 0.4131 0.9107 -0.0007
vn 0.4120 0.9112 0.0001
vn 0.4483 0.8939 0.0000
vn 0.4110 0.9116 0.0009
vn 0.4478 0.8941 0.0008
vn -0.0087 -0.1270 -0.9919
vn -0.0045 -0.1225 -0.9925
vn -0.0082 -0.2291 -0.9734
vn -0.0161 -0.2362 -0.9716
vn -0.0003 -0.1208 -0.9927
vn -0.0005 -0.2265 -0.9740
vn -0.0587 -0.8577 -0.5108
vn -0.0017 -0.8565 -0.5161
vn -0.0018 -0.9497 -0.3132
vn -0.0758 -0.9478 -0.3098
vn -0.1158 -0.8609 -0.4954
vn -0.1490 -0.9423 -0.2999
vn 0.0283 -0.9996 -0.0000
vn 0.0005 -1.0000 0.0000
vn -0.0438 -0.9990 0.0000
vn 0.0002 -0.0139 0.9999
vn -0.0013 0.0142 0.9999
vn 0.2206 -0.9329 0.2846
vn 0.2601 -0.9656 0.0000
vn 0.1492 -0.9422 0.2999
vn 0.1778 -0.9841 -0.0000
vn 0.1493 -0.9422 -0.2999
vn 0.2206 -0.9329 -0.2846
vn 0.0731 -0.9480 0.3098
vn 0.0875 -0.9962 -0.0000
vn -0.0008 -0.9497 0.3131
vn -0.0015 -1.0000 -0.0001
vn 0.0728 -0.9480 -0.3099
vn -0.0744 -0.9479 0.3097
vn -0.0900 -0.9959 -0.0002
vn -0.1492 -0.9423 0.2997
vn -0.1778 -0.9841 -0.0003
vn -0.2185 -0.9335 0.2843
vn -0.2569 -0.9664 -0.0004
vn -0.3660 -0.8891 0.2749
vn -0.3751 -0.9270 -0.0003
vn -0.2161 -0.9339 -0.2847
vn -0.9543 -0.2964 0.0371
vn -0.9536 -0.3010 -0.0000
vn -0.8796 -0.4758 -0.0000
vn -0.9550 -0.2809 0.0955
vn -0.4581 -0.8889 -0.0002
vn -0.4832 -0.8515 0.2036
vn -0.4133 0.9106 -0.0008
vn -0.4133 0.9106 -0.0000
vn -0.4477 0.8942 -0.0008
vn -0.4481 0.8940 -0.0000
vn -0.4477 0.8942 0.0008
vn -0.4133 0.9106 0.0008
vn -0.0002 0.0001 -1.0000
vn 0.0006 -0.0150 -0.9999
vn -0.0043 0.0155 -0.9999
vn -0.0027 0.0147 -0.9999
vn -0.0001 0.0001 -1.0000
vn 0.0004 -0.0143 -0.9999
vn 0.0131 -0.1265 0.9919
vn 0.0129 -0.1332 0.9910
vn 0.0244 -0.2467 0.9688
vn 0.0282 -0.2541 0.9668
vn 0.0088 -0.1266 0.9919
vn 0.0161 -0.2357 0.9717
vn 0.1749 -0.8639 0.4722
vn 0.1164 -0.8607 0.4957
vn 0.3397 -0.8362 0.4306
vn 0.9996 -0.0267 -0.0000
vn 0.9977 -0.0673 -0.0000
vn 0.9974 -0.0408 0.0591
vn 0.9891 -0.1290 0.0713
vn 1.0000 -0.0091 -0.0017
vn 1.0000 -0.0008 -0.0018
vn 1.0000 -0.0008 -0.0000
vn 1.0000 -0.0092 -0.0000
vn 1.0000 0.0051 -0.0017
vn 1.0000 0.0054 -0.0000
vn 1.0000 0.0051 0.0017
vn 1.0000 -0.0008 0.0018
vn 1.0000 -0.0091 0.0017
vn -0.9975 -0.0438 0.0551
vn -0.9996 -0.0280 0.0000
vn -0.9977 -0.0682 0.0000
vn -0.9891 -0.1302 0.0684
vn -0.6232 -0.1521 0.7672
vn -0.6236 -0.1484 0.7676
vn -0.6099 -0.2442 0.7539
vn -0.9942 -0.0563 0.0917
vn -0.9891 -0.1085 0.0993
vn -0.3391 -0.8370 0.4294
vn -0.5031 -0.7764 0.3796
vn 0.0000 -0.1208 0.9927
vn -0.0040 -0.1221 0.9925
vn -0.0075 -0.2286 0.9735
vn 0.0000 -0.2264 0.9740
vn -0.0088 -0.1264 0.9919
vn -0.0161 -0.2355 0.9717
vn -0.0569 -0.8577 0.5110
vn -0.1161 -0.8607 0.4956
vn -0.0004 -0.8565 0.5161
vn 0.0041 -0.1221 -0.9925
vn 0.0075 -0.2286 -0.9735
vn 0.0089 -0.1265 -0.9919
vn 0.0163 -0.2357 -0.9717
vn 0.0559 -0.8577 -0.5110
vn 0.1165 -0.8606 -0.4957
vn -0.0128 -0.1331 0.9910
vn -0.0241 -0.2467 0.9688
vn -0.0130 -0.1259 0.9920
vn -0.0279 -0.2542 0.9668
vn -0.1732 -0.8644 0.4720
vn 0.0041 -0.1222 0.9925
vn 0.0075 -0.2288 0.9735
vn 0.0562 -0.8577 0.5110
vn 0.9938 -0.0517 0.0983
vn 0.9889 -0.1056 0.1044
vn 0.6196 -0.1439 0.7716
vn 0.6193 -0.1468 0.7713
vn 0.6067 -0.2399 0.7578
vn 0.5024 -0.7758 0.3817
vn 0.0130 -0.1332 -0.9910
vn 0.0244 -0.2467 -0.9688
vn 0.0131 -0.1265 -0.9919
vn 0.0282 -0.2541 -0.9668
vn 0.1750 -0.8639 -0.4722
vn -0.0121 -0.1259 -0.9920
vn -0.0122 -0.1334 -0.9910
vn -0.0231 -0.2471 -0.9687
vn -0.0265 -0.2543 -0.9668
vn -0.1701 -0.8650 -0.4721
vn 0.0002 -0.0139 -0.9999
vn -0.0013 0.0142 -0.9999
vn 0.9961 -0.0880 -0.0000
vn 0.9944 -0.0926 0.0510
vn 0.9944 -0.0926 -0.0510
vn 0.9868 -0.1518 -0.0569
vn 0.9885 -0.1510 -0.0000
vn 0.9868 -0.1518 0.0568
vn 0.4909 -0.8711 0.0157
vn 0.4839 -0.8751 -0.0000
vn 0.3986 -0.9171 -0.0000
vn 0.4124 -0.9107 0.0248
vn 0.4909 -0.8711 -0.0157
vn 0.4124 -0.9107 -0.0248
vn 0.2513 -0.9678 -0.0162
vn 0.2414 -0.9704 -0.0000
vn 0.2514 -0.9678 0.0161
vn 0.1211 -0.9926 -0.0000
vn 0.1264 -0.9919 0.0088
vn 0.1263 -0.9919 -0.0088
vn 0.0429 -0.9991 0.0000
vn 0.6219 -0.1594 0.7667
vn 0.6217 -0.1620 0.7663
vn 0.9905 -0.1011 0.0931
vn 0.9841 -0.1522 0.0914
vn 0.6092 -0.2706 0.7454
vn 0.0969 -0.9694 0.2255
vn 0.4189 -0.9026 0.0993
vn 0.2568 -0.9604 0.1086
vn 0.0629 -0.9829 0.1733
vn 0.1454 -0.9873 0.0638
vn 0.0350 -0.9945 0.0990
vn 0.0661 -0.9973 0.0319
vn 0.0160 -0.9987 0.0476
vn -0.9960 -0.0892 0.0000
vn -0.9944 -0.0954 -0.0464
vn -0.9944 -0.0952 0.0466
vn -0.9867 -0.1540 0.0517
vn -0.9884 -0.1522 0.0000
vn -0.9867 -0.1542 -0.0515
vn -0.4926 -0.8701 -0.0142
vn -0.4846 -0.8747 0.0000
vn -0.3994 -0.9168 0.0000
vn -0.4158 -0.9092 -0.0227
vn -0.4926 -0.8702 0.0143
vn -0.4157 -0.9092 0.0228
vn -0.2542 -0.9670 0.0150
vn -0.2423 -0.9702 0.0000
vn -0.2543 -0.9670 -0.0149
vn -0.1219 -0.9925 0.0000
vn -0.1284 -0.9917 -0.0082
vn -0.1284 -0.9917 0.0082
vn -0.6267 -0.1653 -0.7615
vn -0.6266 -0.1670 -0.7612
vn -0.9908 -0.1055 -0.0851
vn -0.9843 -0.1556 -0.0832
vn -0.6141 -0.2753 -0.7396
vn -0.0987 -0.9693 -0.2251
vn -0.4244 -0.9003 -0.0961
vn -0.2606 -0.9595 -0.1070
vn -0.0643 -0.9828 -0.1729
vn -0.1481 -0.9870 -0.0630
vn -0.0361 -0.9945 -0.0988
vn -0.0677 -0.9972 -0.0316
vn -0.0169 -0.9987 -0.0475
vn -0.0003 -0.1274 0.9919
vn -0.0006 -0.1311 0.9914
vn -0.0000 -0.1262 0.9920
vn -0.0001 -0.2383 0.9712
vn -0.0003 -0.2404 0.9707
vn -0.0006 -0.2468 0.9691
vn -0.0003 -0.9707 0.2405
vn -0.0003 -0.9706 0.2405
vn -0.0003 -0.9812 0.1928
vn -0.0003 -0.9938 0.1112
vn -0.0003 -0.9985 0.0547
vn 0.0002 -0.1274 -0.9919
vn 0.0006 -0.1312 -0.9914
vn -0.0001 -0.1263 -0.9920
vn -0.0001 -0.2384 -0.9712
vn 0.0002 -0.2404 -0.9707
vn 0.0005 -0.2469 -0.9690
vn -0.0003 -0.9707 -0.2405
vn -0.0003 -0.9706 -0.2405
vn -0.0003 -0.9812 -0.1928
vn -0.0003 -0.9938 -0.1112
vn -0.0003 -0.9985 -0.0547
vn -0.0007 -0.1368 0.9906
vn -0.0005 -0.1475 0.9891
vn -0.0008 -0.2571 0.9664
vn -0.0009 -0.2626 0.9649
vn -0.0985 -0.9693 0.2251
vn -0.0641 -0.9828 0.1730
vn -0.0360 -0.9945 0.0988
vn -0.0169 -0.9987 0.0475
vn 0.0002 -0.1275 0.9918
vn 0.0006 -0.1312 0.9913
vn 0.0005 -0.2470 0.9690
vn 0.0002 -0.2405 0.9707
vn 0.9905 -0.1010 -0.0932
vn 0.6214 -0.1620 -0.7665
vn 0.6216 -0.1593 -0.7669
vn 0.6089 -0.2706 -0.7456
vn 0.9841 -0.1521 -0.0915
vn 0.4189 -0.9026 -0.0994
vn 0.2567 -0.9604 -0.1086
vn 0.0968 -0.9694 -0.2256
vn 0.0628 -0.9829 -0.1733
vn 0.0350 -0.9945 -0.0990
vn 0.1454 -0.9873 -0.0638
vn 0.0661 -0.9973 -0.0319
vn 0.0160 -0.9987 -0.0476
vn 0.0006 -0.1369 -0.9906
vn 0.0004 -0.1468 -0.9892
vn 0.0007 -0.2571 -0.9664
vn 0.0008 -0.2626 -0.9649
vn -0.0004 -0.1277 -0.9918
vn -0.0006 -0.1316 -0.9913
vn -0.0006 -0.2475 -0.9689
vn -0.0004 -0.2408 -0.9706
vn -0.0005 -0.1371 -0.9906
vn -0.0004 -0.1478 -0.9890
vn -0.0009 -0.2627 -0.9649
vn -0.0008 -0.2575 -0.9663
vn -0.9908 -0.1052 0.0854
vn -0.6261 -0.1664 0.7617
vn -0.6263 -0.1646 0.7620
vn -0.6134 -0.2747 0.7404
vn -0.9843 -0.1554 0.0835
vn -0.4242 -0.9004 0.0963
vn -0.2604 -0.9596 0.1071
vn -0.1479 -0.9870 0.0630
vn -0.0676 -0.9972 0.0316
vn 0.0006 -0.1369 0.9906
vn 0.0004 -0.1468 0.9892
vn 0.0008 -0.2626 0.9649
vn 0.0007 -0.2571 0.9664
vn -1.0000 -0.0088 0.0018
vn -1.0000 -0.0003 0.0018
vn -1.0000 -0.0002 0.0000
vn -1.0000 -0.0089 0.0000
vn -1.0000 0.0056 0.0017
vn -1.0000 0.0060 0.0000
vn -1.0000 0.0058 -0.0017
vn -1.0000 -0.0001 -0.0017
vn -1.0000 -0.0086 -0.0017
vn -0.0201 -0.9997 0.0119
vn -0.0680 -0.9977 0.0065
vn -0.0813 -0.9967 0.0007
vn -0.0155 -0.9964 0.0836
vn -0.0578 -0.9954 0.0770
vn -0.1718 -0.9828 0.0676
vn -0.1930 -0.9812 0.0049
vn -0.2107 -0.9775 0.0005
vn -0.0135 -0.9810 0.1934
vn -0.0635 -0.9781 0.1981
vn -0.0149 -0.9703 0.2413
vn -0.0642 -0.9663 0.2493
vn -0.1843 -0.9472 0.2623
vn -0.2051 -0.9569 0.2054
vn -0.3212 -0.0160 0.9469
vn -0.2890 -0.1589 0.9440
vn -0.0596 -0.1783 0.9822
vn -0.6964 -0.0112 0.7175
vn -0.6622 -0.1138 0.7407
vn -0.6556 -0.2015 0.7277
vn -0.2729 -0.2884 0.9178
vn -0.0541 -0.3229 0.9449
vn -0.8939 -0.0075 0.4483
vn -0.8884 -0.0732 0.4533
vn -0.9807 -0.0072 0.1954
vn -0.9798 -0.0713 0.1868
vn -0.9760 -0.1309 0.1740
vn -0.8867 -0.1325 0.4429
vn -0.9956 -0.0934 0.0016
vn -0.9964 -0.0835 0.0162
vn -0.9998 -0.0080 0.0182
vn -0.9853 -0.1707 0.0015
vn -0.9881 -0.1529 0.0146
vn -0.4525 -0.8918 0.0007
vn -0.3698 -0.9291 0.0007
vn -0.3732 -0.9277 0.0057
vn -0.4695 -0.8829 0.0065
vn -0.3840 -0.9207 0.0693
vn -0.5019 -0.8605 0.0874
vn -0.3762 -0.9105 0.1718
vn -0.4014 -0.8844 0.2382
vn -0.1343 0.1665 0.9769
vn -0.3443 0.1273 0.9302
vn -0.3298 0.0119 0.9440
vn -0.1898 0.3043 0.9335
vn -0.3675 0.2510 0.8955
vn -0.7129 0.1335 0.6884
vn -0.7060 0.0671 0.7050
vn -0.7090 0.0055 0.7052
vn -0.4291 0.8650 0.2599
vn -0.4353 0.8757 0.2091
vn -0.4709 0.8581 0.2047
vn -0.4608 0.8498 0.2560
vn -0.4435 0.8921 0.0861
vn -0.4792 0.8741 0.0799
vn -0.5789 0.8125 0.0688
vn -0.5920 0.7790 0.2065
vn -0.5426 0.7992 0.2585
vn -0.4997 0.8662 0.0007
vn -0.4913 0.8710 0.0068
vn -0.4464 0.8948 0.0078
vn -0.6206 0.7841 0.0006
vn -0.6050 0.7962 0.0056
vn -0.7464 0.6655 0.0006
vn -0.7425 0.6699 0.0055
vn -0.7927 0.6096 0.0006
vn -0.7989 0.6015 0.0061
vn -0.8171 0.5700 0.0863
vn -0.7426 0.6664 0.0667
vn -0.9998 0.0045 0.0179
vn -0.9988 0.0456 0.0154
vn -0.9985 0.0548 0.0015
vn -0.9816 0.0032 0.1907
vn -0.9840 0.0328 0.1749
vn -0.9849 0.0618 0.1618
vn -0.9964 0.0836 0.0135
vn -0.9950 0.0999 0.0013
vn -0.9005 0.0027 0.4349
vn -0.9087 0.0308 0.4163
vn -0.9145 0.0579 0.4003
vn -0.7296 0.6641 0.1629
vn -0.7316 0.6387 0.2384
vn -0.9998 -0.0078 -0.0179
vn -0.9963 -0.0841 -0.0163
vn -0.9957 -0.0928 -0.0015
vn -0.9809 -0.0073 -0.1941
vn -0.9795 -0.0746 -0.1869
vn -0.9752 -0.1368 -0.1740
vn -0.9879 -0.1541 -0.0148
vn -0.9855 -0.1698 -0.0014
vn -0.8937 -0.0078 -0.4486
vn -0.8879 -0.0784 -0.4533
vn -0.6923 -0.0114 -0.7215
vn -0.6619 -0.1180 -0.7403
vn -0.6582 -0.2092 -0.7232
vn -0.8860 -0.1416 -0.4416
vn -0.0583 -0.1756 -0.9827
vn -0.2888 -0.1594 -0.9440
vn -0.3152 -0.0156 -0.9489
vn -0.0539 -0.3187 -0.9463
vn -0.2770 -0.2900 -0.9160
vn -0.0153 -0.9700 -0.2427
vn -0.0139 -0.9809 -0.1938
vn -0.0679 -0.9778 -0.1982
vn -0.0682 -0.9660 -0.2494
vn -0.0155 -0.9964 -0.0830
vn -0.0602 -0.9952 -0.0772
vn -0.1753 -0.9821 -0.0685
vn -0.2094 -0.9564 -0.2036
vn -0.1896 -0.9469 -0.2596
vn -0.0803 -0.9968 -0.0007
vn -0.0682 -0.9977 -0.0065
vn -0.0197 -0.9997 -0.0117
vn -0.2096 -0.9778 -0.0004
vn -0.1930 -0.9812 -0.0051
vn -0.3700 -0.9290 -0.0006
vn -0.3732 -0.9277 -0.0060
vn -0.4537 -0.8912 -0.0007
vn -0.4695 -0.8829 -0.0069
vn -0.4971 -0.8632 -0.0887
vn -0.3828 -0.9212 -0.0699
vn -0.3989 -0.8864 -0.2347
vn -0.3743 -0.9114 -0.1712
vn -0.4464 0.8948 -0.0078
vn -0.4913 0.8710 -0.0068
vn -0.4997 0.8662 -0.0007
vn -0.4435 0.8921 -0.0861
vn -0.4792 0.8741 -0.0800
vn -0.5789 0.8125 -0.0688
vn -0.6050 0.7962 -0.0056
vn -0.6206 0.7841 -0.0006
vn -0.4353 0.8757 -0.2092
vn -0.4709 0.8581 -0.2048
vn -0.4291 0.8650 -0.2600
vn -0.4608 0.8498 -0.2561
vn -0.5426 0.7992 -0.2586
vn -0.5920 0.7790 -0.2066
vn -0.3268 0.0126 -0.9450
vn -0.3437 0.1279 -0.9303
vn -0.1341 0.1667 -0.9768
vn -0.7067 0.0064 -0.7074
vn -0.7055 0.0680 -0.7055
vn -0.7129 0.1343 -0.6883
vn -0.3674 0.2515 -0.8954
vn -0.1899 0.3045 -0.9334
vn -0.9004 0.0035 -0.4350
vn -0.9087 0.0315 -0.4163
vn -0.9818 0.0038 -0.1900
vn -0.9841 0.0333 -0.1747
vn -0.9849 0.0623 -0.1617
vn -0.9146 0.0586 -0.4002
vn -0.9985 0.0549 -0.0015
vn -0.9988 0.0458 -0.0153
vn -0.9998 0.0048 -0.0177
vn -0.9950 0.1000 -0.0013
vn -0.9964 0.0839 -0.0135
vn -0.7927 0.6096 -0.0006
vn -0.7464 0.6655 -0.0006
vn -0.7425 0.6698 -0.0055
vn -0.7989 0.6015 -0.0061
vn -0.7427 0.6663 -0.0667
vn -0.8171 0.5700 -0.0863
vn -0.7297 0.6641 -0.1630
vn -0.7316 0.6386 -0.2385
vn 0.9998 -0.0084 0.0179
vn 0.9963 -0.0845 0.0163
vn 0.9957 -0.0925 0.0016
vn 0.9809 -0.0080 0.1941
vn 0.9795 -0.0752 0.1869
vn 0.9751 -0.1374 0.1740
vn 0.9879 -0.1543 0.0149
vn 0.9856 -0.1689 0.0015
vn 0.8937 -0.0084 0.4486
vn 0.8878 -0.0790 0.4533
vn 0.6960 -0.0118 0.7179
vn 0.6664 -0.1178 0.7362
vn 0.6624 -0.2086 0.7195
vn 0.8859 -0.1422 0.4416
vn 0.0622 -0.1754 0.9825
vn 0.2975 -0.1592 0.9413
vn 0.3229 -0.0157 0.9463
vn 0.0577 -0.3186 0.9461
vn 0.2863 -0.2894 0.9134
vn 0.0157 -0.9700 0.2427
vn 0.0143 -0.9809 0.1938
vn 0.0699 -0.9776 0.1983
vn 0.0700 -0.9659 0.2493
vn 0.0160 -0.9964 0.0830
vn 0.0619 -0.9951 0.0772
vn 0.1761 -0.9820 0.0684
vn 0.2105 -0.9562 0.2034
vn 0.1916 -0.9466 0.2594
vn 0.0810 -0.9967 0.0007
vn 0.0698 -0.9975 0.0065
vn 0.0204 -0.9997 0.0117
vn 0.2086 -0.9780 0.0005
vn 0.1935 -0.9811 0.0051
vn 0.3696 -0.9292 0.0007
vn 0.3726 -0.9280 0.0061
vn 0.4542 -0.8909 0.0007
vn 0.4692 -0.8831 0.0070
vn 0.4965 -0.8635 0.0888
vn 0.3822 -0.9214 0.0699
vn 0.3983 -0.8867 0.2347
vn 0.3737 -0.9116 0.1712
vn 0.4464 0.8948 0.0077
vn 0.4918 0.8707 0.0068
vn 0.5003 0.8659 0.0007
vn 0.4434 0.8922 0.0857
vn 0.4798 0.8738 0.0796
vn 0.5794 0.8122 0.0685
vn 0.6054 0.7959 0.0056
vn 0.6211 0.7837 0.0006
vn 0.4352 0.8759 0.2081
vn 0.4716 0.8579 0.2038
vn 0.4291 0.8654 0.2588
vn 0.4615 0.8497 0.2549
vn 0.5432 0.7992 0.2575
vn 0.5925 0.7789 0.2057
vn 0.3291 0.0125 0.9442
vn 0.3445 0.1278 0.9300
vn 0.1346 0.1672 0.9767
vn 0.7079 0.0060 0.7063
vn 0.7059 0.0676 0.7051
vn 0.7131 0.1339 0.6882
vn 0.3679 0.2516 0.8952
vn 0.1901 0.3052 0.9331
vn 0.9004 0.0029 0.4350
vn 0.9087 0.0310 0.4163
vn 0.9818 0.0031 0.1900
vn 0.9841 0.0327 0.1747
vn 0.9849 0.0617 0.1617
vn 0.9146 0.0581 0.4003
vn 0.9985 0.0543 0.0015
vn 0.9989 0.0452 0.0153
vn 0.9998 0.0042 0.0177
vn 0.9951 0.0993 0.0013
vn 0.9964 0.0833 0.0135
vn 0.7930 0.6092 0.0006
vn 0.7468 0.6650 0.0006
vn 0.7427 0.6696 0.0055
vn 0.7990 0.6012 0.0061
vn 0.7428 0.6662 0.0665
vn 0.8171 0.5700 0.0861
vn 0.7298 0.6641 0.1624
vn 0.7318 0.6388 0.2377
vn 0.3227 -0.0157 -0.9464
vn 0.2973 -0.1592 -0.9414
vn 0.0620 -0.1754 -0.9825
vn 0.6959 -0.0118 -0.7181
vn 0.6662 -0.1179 -0.7364
vn 0.6623 -0.2086 -0.7196
vn 0.2860 -0.2894 -0.9135
vn 0.0576 -0.3186 -0.9461
vn 0.8937 -0.0084 -0.4486
vn 0.8878 -0.0790 -0.4533
vn 0.9809 -0.0080 -0.1941
vn 0.9795 -0.0752 -0.1869
vn 0.9751 -0.1374 -0.1740
vn 0.8859 -0.1422 -0.4416
vn 0.9957 -0.0925 -0.0016
vn 0.9963 -0.0845 -0.0163
vn 0.9998 -0.0084 -0.0179
vn 0.9856 -0.1689 -0.0015
vn 0.9879 -0.1543 -0.0149
vn 0.4542 -0.8909 -0.0007
vn 0.3696 -0.9292 -0.0007
vn 0.3726 -0.9280 -0.0061
vn 0.4691 -0.8831 -0.0070
vn 0.2086 -0.9780 -0.0005
vn 0.1934 -0.9811 -0.0051
vn 0.1761 -0.9820 -0.0684
vn 0.3822 -0.9214 -0.0699
vn 0.4965 -0.8635 -0.0888
vn 0.0203 -0.9997 -0.0117
vn 0.0697 -0.9975 -0.0065
vn 0.0809 -0.9967 -0.0007
vn 0.0160 -0.9964 -0.0830
vn 0.0619 -0.9951 -0.0772
vn 0.0143 -0.9809 -0.1938
vn 0.0699 -0.9777 -0.1983
vn 0.0157 -0.9700 -0.2427
vn 0.0699 -0.9659 -0.2493
vn 0.1915 -0.9466 -0.2594
vn 0.2104 -0.9562 -0.2034
vn 0.3983 -0.8867 -0.2347
vn 0.3737 -0.9116 -0.1712
vn 0.1347 0.1670 -0.9767
vn 0.3444 0.1278 -0.9301
vn 0.3290 0.0125 -0.9442
vn 0.1904 0.3050 -0.9331
vn 0.3679 0.2515 -0.8952
vn 0.7131 0.1338 -0.6881
vn 0.7059 0.0676 -0.7051
vn 0.7079 0.0060 -0.7063
vn 0.4297 0.8648 -0.2599
vn 0.4358 0.8754 -0.2091
vn 0.4715 0.8578 -0.2046
vn 0.4613 0.8495 -0.2560
vn 0.4441 0.8918 -0.0860
vn 0.4798 0.8737 -0.0799
vn 0.5794 0.8121 -0.0688
vn 0.5926 0.7786 -0.2065
vn 0.5432 0.7989 -0.2585
vn 0.5003 0.8659 -0.0007
vn 0.4918 0.8707 -0.0068
vn 0.4470 0.8945 -0.0078
vn 0.6211 0.7837 -0.0006
vn 0.6055 0.7958 -0.0056
vn 0.7469 0.6650 -0.0006
vn 0.7429 0.6694 -0.0055
vn 0.7931 0.6091 -0.0006
vn 0.7993 0.6010 -0.0061
vn 0.8175 0.5695 -0.0863
vn 0.7431 0.6659 -0.0667
vn 0.9998 0.0042 -0.0177
vn 0.9989 0.0452 -0.0153
vn 0.9985 0.0543 -0.0015
vn 0.9818 0.0031 -0.1900
vn 0.9841 0.0327 -0.1747
vn 0.9849 0.0617 -0.1617
vn 0.9964 0.0832 -0.0135
vn 0.9951 0.0993 -0.0013
vn 0.9004 0.0029 -0.4350
vn 0.9087 0.0309 -0.4163
vn 0.9146 0.0580 -0.4002
vn 0.7301 0.6637 -0.1629
vn 0.7320 0.6382 -0.2384
vn -0.0289 -0.9996 0.0000
vn -0.0893 -0.9960 0.0000
vn -0.2129 -0.9771 0.0000
vn -0.3693 -0.9293 0.0000
vn -0.4496 -0.8932 0.0001
vn -0.9845 -0.1751 0.0001
vn -0.9954 -0.0958 0.0001
vn -0.3303 -0.0006 0.9439
vn -0.7057 -0.0008 0.7085
vn -0.8957 -0.0006 0.4446
vn -0.9805 -0.0005 0.1966
vn -0.9998 -0.0004 0.0188
vn -0.5022 0.8648 -0.0000
vn -0.6248 0.7808 -0.0000
vn -0.7483 0.6633 0.0000
vn -0.7926 0.6098 0.0000
vn -0.9945 0.1045 0.0000
vn -0.9983 0.0575 0.0000
vn -0.3241 0.0000 -0.9460
vn -0.7014 -0.0001 -0.7127
vn -0.8956 0.0000 -0.4449
vn -0.9808 0.0000 -0.1953
vn -0.9998 -0.0001 -0.0184
vn -0.0079 -0.9995 -0.0291
vn -0.0021 -0.9988 -0.0483
vn -0.0048 -0.9955 -0.0949
vn -0.0011 -0.9942 -0.1074
vn -0.0026 -0.9812 -0.1927
vn -0.0005 -0.9813 -0.1925
vn -0.0029 -0.9706 -0.2405
vn -0.0005 -0.9708 -0.2400
vn 0.0004 -0.3070 -0.9517
vn -0.0076 -0.3182 -0.9480
vn -0.0083 -0.1755 -0.9845
vn 0.0003 -0.1691 -0.9856
vn 0.9998 -0.0007 -0.0184
vn 0.9808 -0.0006 -0.1953
vn 0.8956 -0.0006 -0.4449
vn 0.7038 -0.0005 -0.7104
vn 0.3290 -0.0001 -0.9443
vn 0.0882 -0.9961 -0.0000
vn 0.2109 -0.9775 -0.0000
vn 0.3690 -0.9294 -0.0000
vn 0.4512 -0.8924 0.0000
vn 0.9849 -0.1729 -0.0000
vn 0.9955 -0.0947 -0.0000
vn 0.5027 0.8644 -0.0000
vn 0.6253 0.7804 -0.0000
vn 0.7487 0.6629 -0.0000
vn 0.7930 0.6093 -0.0000
vn 0.9946 0.1039 -0.0000
vn 0.9984 0.0568 -0.0000
vn 0.3292 -0.0001 0.9443
vn 0.7038 -0.0005 0.7103
vn 0.8956 -0.0006 0.4449
vn 0.9808 -0.0006 0.1953
vn 0.9998 -0.0007 0.0184
vn 0.0077 -0.9995 0.0292
vn 0.0015 -0.9988 0.0483
vn 0.0044 -0.9955 0.0949
vn 0.0004 -0.9942 0.1074
vn 0.0021 -0.9812 0.1928
vn -0.0001 -0.9813 0.1925
vn 0.0024 -0.9706 0.2405
vn -0.0001 -0.9708 0.2401
vn -0.0006 -0.3072 0.9516
vn 0.0079 -0.3182 0.9480
vn 0.0088 -0.1754 0.9845
vn -0.0004 -0.1691 0.9856
vn -0.0003 -0.9984 -0.0561
vn -0.0003 -0.9938 -0.1115
vn -0.0003 -0.9813 -0.1925
vn -0.0003 -0.9708 -0.2400
vn -0.0007 -0.2824 -0.9593
vn -0.0004 -0.2754 -0.9613
vn -0.0003 -0.1511 -0.9885
vn -0.0006 -0.1551 -0.9879
vn -0.0001 -0.2731 -0.9620
vn -0.0000 -0.1498 -0.9887
vn -0.0003 -0.9984 0.0561
vn -0.0003 -0.9938 0.1115
vn -0.0003 -0.9813 0.1925
vn -0.0003 -0.9708 0.2400
vn 0.0005 -0.2825 0.9593
vn 0.0002 -0.2755 0.9613
vn 0.0002 -0.1511 0.9885
vn 0.0005 -0.1551 0.9879
vn -0.0001 -0.2732 0.9620
vn -0.0001 -0.1498 0.9887
vn -0.2899 0.9570 -0.0085
vn -0.3604 0.9327 -0.0083
vn -0.1994 0.9799 -0.0086
vn -0.1981 0.9756 -0.0948
vn -0.2882 0.9530 -0.0930
vn -0.3587 0.9290 -0.0908
vn -0.2823 0.9326 -0.2250
vn -0.3517 0.9101 -0.2192
vn -0.1939 0.9537 -0.2298
vn -0.1931 0.9386 -0.2859
vn -0.2805 0.9182 -0.2795
vn -0.3481 0.8972 -0.2718
vn -0.1128 0.2973 -0.9481
vn -0.0835 0.2842 -0.9551
vn -0.0495 0.1613 -0.9857
vn -0.0666 0.1687 -0.9834
vn -0.0538 0.2743 -0.9601
vn -0.0322 0.1555 -0.9873
vn 0.2901 0.9570 -0.0079
vn 0.2001 0.9798 -0.0080
vn 0.3606 0.9327 -0.0081
vn 0.3592 0.9288 -0.0907
vn 0.2888 0.9529 -0.0926
vn 0.1988 0.9755 -0.0944
vn 0.2829 0.9324 -0.2249
vn 0.1946 0.9536 -0.2296
vn 0.3522 0.9099 -0.2191
vn 0.3487 0.8969 -0.2718
vn 0.2811 0.9180 -0.2796
vn 0.1938 0.9385 -0.2858
vn 0.0540 0.2742 -0.9602
vn 0.0836 0.2843 -0.9551
vn 0.0496 0.1613 -0.9857
vn 0.0323 0.1554 -0.9873
vn 0.1131 0.2978 -0.9479
vn 0.0669 0.1691 -0.9833
vn -0.0153 0.1514 -0.9884
vn 0.0000 0.1500 -0.9887
vn -0.0257 0.2683 -0.9630
vn 0.0001 0.2664 -0.9639
vn 0.0003 0.9570 -0.2902
vn -0.0956 0.9524 -0.2893
vn -0.0960 0.9678 -0.2325
vn 0.0003 0.9724 -0.2332
vn -0.0981 0.9905 -0.0960
vn 0.0004 0.9954 -0.0962
vn -0.0988 0.9951 -0.0087
vn 0.0005 1.0000 -0.0086
vn 0.0997 0.9950 -0.0084
vn 0.0989 0.9905 -0.0957
vn 0.0967 0.9678 -0.2323
vn 0.0963 0.9524 -0.2891
vn 0.0259 0.2682 -0.9630
vn 0.0154 0.1514 -0.9884
vn 0.0015 -0.9988 -0.0483
vn 0.0004 -0.9942 -0.1074
vn -0.0001 -0.9813 -0.1925
vn -0.0001 -0.9708 -0.2401
vn -0.0006 -0.3071 -0.9517
vn -0.0010 -0.2936 -0.9559
vn -0.0009 -0.1614 -0.9869
vn -0.0004 -0.1691 -0.9856
vn 0.2840 0.9588 0.0090
vn 0.3537 0.9353 0.0086
vn 0.1996 0.9798 0.0092
vn 0.1982 0.9755 0.0954
vn 0.2820 0.9548 0.0935
vn 0.3516 0.9317 0.0910
vn 0.2761 0.9343 0.2255
vn 0.3446 0.9128 0.2191
vn 0.1940 0.9536 0.2303
vn 0.1931 0.9385 0.2863
vn 0.2742 0.9200 0.2800
vn 0.3413 0.8999 0.2716
vn 0.1104 0.2984 0.9480
vn 0.0818 0.2850 0.9550
vn 0.0483 0.1615 0.9857
vn 0.0655 0.1695 0.9833
vn 0.0540 0.2747 0.9600
vn 0.0321 0.1554 0.9873
vn 0.0002 -0.2754 -0.9613
vn 0.0002 -0.1511 -0.9885
vn 0.0005 -0.2824 -0.9593
vn 0.0005 -0.1550 -0.9879
vn -0.2899 0.9570 0.0085
vn -0.1994 0.9799 0.0086
vn -0.3604 0.9327 0.0083
vn -0.3587 0.9290 0.0908
vn -0.2882 0.9530 0.0929
vn -0.1981 0.9756 0.0948
vn -0.2823 0.9326 0.2249
vn -0.1939 0.9537 0.2297
vn -0.3517 0.9101 0.2191
vn -0.3482 0.8972 0.2716
vn -0.2805 0.9183 0.2794
vn -0.1931 0.9386 0.2858
vn -0.0538 0.2743 0.9601
vn -0.0835 0.2842 0.9551
vn -0.0495 0.1613 0.9857
vn -0.0322 0.1555 0.9873
vn -0.1128 0.2973 0.9481
vn -0.0666 0.1687 0.9834
vn -0.0982 0.9951 0.0087
vn 0.0028 1.0000 0.0089
vn -0.0975 0.9906 0.0960
vn 0.0029 0.9953 0.0964
vn -0.0954 0.9679 0.2324
vn 0.0028 0.9724 0.2333
vn -0.0950 0.9525 0.2892
vn 0.0028 0.9569 0.2903
vn 0.0008 0.2665 0.9638
vn -0.0255 0.2684 0.9630
vn -0.0152 0.1515 0.9883
vn 0.0004 0.1502 0.9887
vn 0.0881 0.1741 -0.9808
vn 0.1445 0.3091 -0.9400
vn 0.3989 0.8777 -0.2655
vn 0.4045 0.8891 -0.2142
vn 0.4122 0.9067 -0.0890
vn 0.4136 0.9104 -0.0081
vn 0.0875 0.1746 0.9808
vn 0.1430 0.3095 0.9401
vn 0.3953 0.8796 0.2645
vn 0.4009 0.8909 0.2135
vn 0.4085 0.9084 0.0888
vn 0.4103 0.9119 0.0082
vn -0.4133 0.9106 -0.0082
vn -0.4117 0.9070 -0.0891
vn -0.4040 0.8893 -0.2143
vn -0.3983 0.8780 -0.2655
vn -0.1440 0.3084 -0.9403
vn -0.0877 0.1737 -0.9809
vn -0.0877 0.1736 0.9809
vn -0.1440 0.3083 0.9403
vn -0.3983 0.8780 0.2654
vn -0.4040 0.8893 0.2142
vn -0.4117 0.9070 0.0890
vn -0.4133 0.9106 0.0082
vn -0.0085 -0.9995 0.0298
vn -0.0024 -0.9988 0.0489
vn -0.0015 -0.9942 0.1080
vn -0.0054 -0.9954 0.0958
vn -0.0033 -0.9813 0.1925
vn -0.0010 -0.9813 0.1924
vn -0.0011 -0.9709 0.2394
vn -0.0037 -0.9710 0.2391
vn -0.0094 -0.3230 0.9463
vn -0.0100 -0.1785 0.9839
vn -0.0007 -0.3095 0.9509
vn -0.0006 -0.1706 0.9853
vn -0.0004 -0.9984 0.0563
vn -0.0004 -0.9937 0.1117
vn -0.0005 -0.9813 0.1925
vn -0.0005 -0.9708 0.2398
vn 0.0005 -0.2942 0.9557
vn 0.0006 -0.1618 0.9868
vn -0.0004 -0.2757 0.9613
vn -0.0003 -0.1512 0.9885
vn -0.0007 -0.2827 0.9592
vn -0.0006 -0.1552 0.9879
vn -0.0010 -0.2939 0.9558
vn -0.0009 -0.1616 0.9869
vn 0.0160 0.1515 0.9883
vn 0.0269 0.2685 0.9629
vn 0.0998 0.9520 0.2894
vn 0.1002 0.9674 0.2327
vn 0.1024 0.9901 0.0962
vn 0.1029 0.9946 0.0091
vn 0.0077 -0.9995 -0.0292
vn 0.0044 -0.9955 -0.0949
vn 0.0021 -0.9812 -0.1928
vn 0.0024 -0.9706 -0.2405
vn 0.0079 -0.3182 -0.9480
vn 0.0088 -0.1754 -0.9845
vn 0.0008 -0.2936 -0.9559
vn 0.0008 -0.1614 -0.9869
vn -0.0015 -1.0000 0.0000
usemtl None
s 1
f 722/572/503 1218/573/504 1245/574/505 1188/575/506
f 1218/573/504 706/576/507 1178/577/508 1245/574/505
f 1245/574/505 1178/577/508 589/578/509 1032/579/510
f 1188/575/506 1245/574/505 1032/579/510 578/580/511
f 602/581/512 1040/582/513 1246/583/514 1050/584/515
f 1040/582/513 614/585/516 1177/586/517 1246/583/514
f 1246/583/514 1177/586/517 681/587/518 1221/588/519
f 1050/584/515 1246/583/514 1221/588/519 749/589/520
f 626/590/521 1063/591/522 1247/592/523 1073/593/524
f 1063/591/522 638/594/525 1170/595/526 1247/592/523
f 1247/592/523 1170/595/526 701/596/527 1225/597/528
f 1073/593/524 1247/592/523 1225/597/528 741/598/529
f 627/599/530 1068/600/531 1248/601/532 1224/602/533
f 1068/600/531 742/603/534 1226/604/535 1248/601/532
f 1248/601/532 1226/604/535 565/605/536 805/606/537
f 1224/602/533 1248/601/532 805/606/537 529/607/538
f 734/608/539 1240/609/540 1249/610/540 1199/611/541
f 1240/609/540 714/612/542 1204/613/543 1249/610/540
f 1249/610/540 1204/613/543 709/614/544 1238/615/545
f 1199/611/541 1249/610/540 1238/615/545 678/616/546
f 603/617/547 1045/618/548 1250/619/549 1217/620/550
f 1045/618/548 750/621/551 1222/622/552 1250/619/549
f 1250/619/549 1222/622/552 573/623/553 788/624/554
f 1217/620/550 1250/619/549 788/624/554 525/625/555
f 745/626/556 1142/627/556 1251/628/557 1235/629/557
f 1142/627/556 673/630/556 1230/631/557 1251/628/557
f 1251/628/557 1230/631/557 538/632/558 839/633/558
f 1235/629/557 1251/628/557 839/633/558 570/634/558
f 738/635/559 1208/636/560 1252/637/561 1229/638/562
f 1208/636/560 651/639/563 1223/640/564 1252/637/561
f 1252/637/561 1223/640/564 534/641/565 865/642/566
f 1229/638/562 1252/637/561 865/642/566 561/643/567
f 674/644/568 1233/645/569 1253/646/570 1083/647/571
f 1233/645/569 690/648/572 1124/649/573 1253/646/570
f 1253/646/570 1124/649/573 697/650/574 1234/651/570
f 1083/647/571 1253/646/570 1234/651/570 725/652/575
f 725/652/575 1234/651/570 1254/653/576 1131/654/577
f 1234/651/570 697/650/574 1113/655/578 1254/653/576
f 1254/653/576 1113/655/578 686/656/579 1228/657/580
f 1131/654/577 1254/653/576 1228/657/580 737/658/581
f 689/659/582 1244/660/583 1255/661/584 1121/662/585
f 1244/660/583 710/663/586 1207/664/587 1255/661/584
f 1255/661/584 1207/664/587 713/665/588 1243/666/589
f 1121/662/585 1255/661/584 1243/666/589 698/667/590
f 741/598/529 1225/597/528 1256/668/591 1203/669/592
f 1225/597/528 701/596/527 1141/670/593 1256/668/591
f 1256/668/591 1141/670/593 714/612/542 1240/609/540
f 1203/669/592 1256/668/591 1240/609/540 734/608/539
f 693/671/594 1242/672/595 1257/673/596 1120/674/597
f 1242/672/595 718/675/598 1160/676/599 1257/673/596
f 1257/673/596 1160/676/599 710/663/586 1244/660/583
f 1120/674/597 1257/673/596 1244/660/583 689/659/582
f 737/658/581 1228/657/580 1258/677/600 1211/678/601
f 1228/657/580 686/656/579 1166/679/602 1258/677/600
f 1258/677/600 1166/679/602 661/680/603 1054/681/604
f 1211/678/601 1258/677/600 1054/681/604 649/682/605
f 721/683/606 1182/684/607 1259/685/608 1219/686/609
f 1182/684/607 577/687/610 1216/688/611 1259/685/608
f 1259/685/608 1216/688/611 522/689/612 846/690/613
f 1219/686/609 1259/685/608 846/690/613 546/691/614
f 730/692/615 1189/693/616 1260/694/617 1237/695/617
f 1189/693/616 721/683/606 1219/686/609 1260/694/617
f 1260/694/617 1219/686/609 546/691/614 850/696/618
f 1237/695/617 1260/694/617 850/696/618 553/697/618
f 698/667/590 1243/666/589 1261/698/619 1105/699/620
f 1243/666/589 713/665/588 1133/700/621 1261/698/619
f 1261/698/619 1133/700/621 702/701/622 1227/702/623
f 1105/699/620 1261/698/619 1227/702/623 685/703/624
f 733/704/615 1193/705/615 1262/706/617 1241/707/617
f 1193/705/615 677/708/615 1236/709/617 1262/706/617
f 1262/706/617 1236/709/617 542/710/618 857/711/618
f 1241/707/617 1262/706/617 857/711/618 558/712/618
f 729/713/625 1239/714/626 1263/715/627 1192/716/628
f 1239/714/626 717/717/629 1158/718/630 1263/715/627
f 1263/715/627 1158/718/630 706/576/507 1218/573/504
f 1192/716/628 1263/715/627 1218/573/504 722/572/503
f 682/719/631 1220/720/632 1264/721/633 1095/722/634
f 1220/720/632 705/723/635 1150/724/636 1264/721/633
f 1264/721/633 1150/724/636 718/675/598 1242/672/595
f 1095/722/634 1264/721/633 1242/672/595 693/671/594
f 545/725/637 840/726/638 1265/727/639 872/728/639
f 840/726/640 521/729/641 870/730/642 1265/727/643
f 1265/727/643 870/730/642 507/731/644 769/732/645
f 872/728/646 1265/727/647 769/732/648 517/733/649
f 511/734/650 762/735/651 1266/736/652 768/737/653
f 762/735/651 517/738/649 769/739/648 1266/736/652
f 1266/736/654 769/739/645 507/740/644 753/741/655
f 768/737/656 1266/736/654 753/741/655 508/742/657
f 530/743/658 800/744/659 1267/745/660 875/746/661
f 800/744/662 566/747/663 876/748/664 1267/745/664
f 1267/745/665 876/748/666 516/749/667 767/750/668
f 875/746/661 1267/745/660 767/750/669 509/751/670
f 662/752/671 1169/753/672 1268/754/673 1059/755/674
f 1169/753/672 685/703/624 1227/702/623 1268/754/673
f 1268/754/673 1227/702/623 702/701/622 1173/756/675
f 1059/755/674 1268/754/673 1173/756/675 637/757/676
f 557/758/677 851/759/678 1269/760/679 883/761/680
f 851/759/678 541/762/681 881/763/682 1269/760/679
f 1269/760/683 881/763/684 518/764/685 771/765/686
f 883/761/687 1269/760/683 771/765/686 519/766/688
f 651/639/563 1055/767/689 1270/768/690 1223/640/564
f 1055/767/689 627/599/530 1224/602/533 1270/768/690
f 1270/768/690 1224/602/533 529/607/538 798/769/691
f 1223/640/564 1270/768/690 798/769/691 534/641/565
f 677/708/615 1085/770/615 1271/771/617 1236/709/617
f 1085/770/615 730/692/615 1237/695/617 1271/771/617
f 1271/771/617 1237/695/617 553/697/618 825/772/618
f 1236/709/617 1271/771/617 825/772/618 542/710/618
f 673/630/556 1075/773/556 1272/774/557 1230/631/557
f 1075/773/556 726/775/556 1231/776/557 1272/774/557
f 1272/774/557 1231/776/557 549/777/558 815/778/558
f 1230/631/557 1272/774/557 815/778/558 538/632/558
f 678/616/546 1238/615/545 1273/779/626 1093/780/692
f 1238/615/545 709/614/544 1165/781/693 1273/779/626
f 1273/779/626 1165/781/693 717/717/629 1239/714/626
f 1093/780/692 1273/779/626 1239/714/626 729/713/625
f 511/734/650 755/782/694 1274/783/695 762/735/651
f 755/782/694 514/784/696 763/785/697 1274/783/695
f 1274/783/695 763/785/697 520/786/698 760/787/699
f 762/735/651 1274/783/695 760/787/699 517/738/649
f 514/784/696 757/788/700 1275/789/701 763/785/697
f 757/788/700 513/790/702 770/791/703 1275/789/701
f 1275/789/701 770/791/703 518/792/685 761/793/704
f 763/785/697 1275/789/701 761/793/704 520/786/698
f 513/790/702 758/794/705 1276/795/706 770/791/703
f 758/794/705 515/796/707 764/797/708 1276/795/706
f 1276/795/706 764/797/708 519/798/688 771/799/686
f 770/791/703 1276/795/706 771/799/686 518/792/685
f 515/796/707 756/800/709 1277/801/710 764/797/708
f 756/800/709 512/802/711 765/803/712 1277/801/710
f 1277/801/710 765/803/712 516/804/667 759/805/713
f 764/797/708 1277/801/710 759/805/713 519/798/688
f 510/806/714 754/807/715 1278/808/716 766/809/717
f 754/807/715 509/751/670 767/810/669 1278/808/716
f 1278/808/718 767/810/668 516/804/667 765/803/712
f 766/809/719 1278/808/718 765/803/712 512/802/711
f 682/719/631 1174/811/720 1279/812/721 1220/720/632
f 1174/811/720 613/813/722 1036/814/723 1279/812/721
f 1279/812/721 1036/814/723 590/815/724 1181/816/725
f 1220/720/632 1279/812/721 1181/816/725 705/723/635
f 726/775/556 1126/817/556 1280/818/557 1231/776/557
f 1126/817/556 738/635/559 1229/638/562 1280/818/557
f 1280/818/557 1229/638/562 561/643/567 832/819/558
f 1231/776/557 1280/818/557 832/819/558 549/777/558
f 750/621/551 1212/820/556 1281/821/557 1222/622/552
f 1212/820/556 745/626/556 1235/629/557 1281/821/557
f 1281/821/557 1235/629/557 570/634/558 869/822/558
f 1222/622/552 1281/821/557 869/822/558 573/623/553
f 749/589/520 1221/588/519 1282/823/726 1215/824/727
f 1221/588/519 681/587/518 1103/825/728 1282/823/726
f 1282/823/726 1103/825/728 694/826/729 1232/827/730
f 1215/824/727 1282/823/726 1232/827/730 746/828/731
f 574/829/732 866/830/733 1283/831/734 873/832/735
f 866/830/733 569/833/736 880/834/737 1283/831/734
f 1283/831/738 880/834/739 514/835/696 755/836/694
f 873/832/740 1283/831/738 755/836/694 511/837/650
f 521/838/641 773/839/741 1284/840/742 870/841/642
f 773/839/741 526/842/743 871/843/744 1284/840/742
f 1284/840/742 871/843/744 508/844/657 753/845/655
f 870/841/642 1284/840/742 753/845/655 507/846/644
f 650/847/745 1051/848/746 1285/849/747 1058/850/748
f 1051/848/746 663/851/749 1062/852/750 1285/849/747
f 1285/849/747 1062/852/750 639/853/751 1066/854/752
f 1058/850/748 1285/849/747 1066/854/752 625/855/753
f 533/856/754 790/857/755 1286/858/756 874/859/757
f 790/857/755 530/743/658 875/746/661 1286/858/756
f 1286/858/756 875/746/661 509/751/670 754/807/715
f 874/859/757 1286/858/756 754/807/715 510/806/714
f 562/860/758 862/861/759 1287/862/760 877/863/760
f 862/861/761 533/856/754 874/859/757 1287/862/762
f 1287/862/762 874/859/757 510/806/714 766/864/717
f 877/863/763 1287/862/764 766/864/719 512/865/711
f 537/866/765 807/867/766 1288/868/767 878/869/768
f 807/867/766 550/870/769 879/871/770 1288/868/767
f 1288/868/771 879/871/772 515/872/707 758/873/705
f 878/869/773 1288/868/771 758/873/705 513/874/702
f 541/762/681 817/875/774 1289/876/775 881/763/682
f 817/875/774 554/877/776 882/878/777 1289/876/775
f 1289/876/778 882/878/779 520/879/698 761/880/704
f 881/763/684 1289/876/778 761/880/704 518/764/685
f 550/870/769 827/881/780 1290/882/781 879/871/770
f 827/881/780 562/860/782 877/863/783 1290/882/781
f 1290/882/784 877/863/763 512/865/711 756/883/709
f 879/871/772 1290/882/784 756/883/709 515/872/707
f 569/833/736 833/884/785 1291/885/786 880/834/737
f 833/884/785 537/866/765 878/869/768 1291/885/786
f 1291/885/787 878/869/773 513/874/702 757/886/700
f 880/834/739 1291/885/787 757/886/700 514/835/696
f 526/842/743 783/887/788 1292/888/789 871/843/744
f 783/887/790 574/829/791 873/832/792 1292/888/792
f 1292/888/793 873/832/740 511/837/650 768/889/653
f 871/843/744 1292/888/789 768/889/656 508/844/657
f 742/603/534 1200/890/615 1293/891/617 1226/604/535
f 1200/890/615 733/704/615 1241/707/617 1293/891/617
f 1293/891/617 1241/707/617 558/712/618 861/892/618
f 1226/604/535 1293/891/617 861/892/618 565/605/536
f 554/877/776 847/893/794 1294/894/795 882/878/777
f 847/893/794 545/725/796 872/728/797 1294/894/795
f 1294/894/798 872/728/646 517/733/649 760/895/699
f 882/878/779 1294/894/798 760/895/699 520/879/698
f 566/747/799 858/896/800 1295/897/801 876/748/802
f 858/896/800 557/758/677 883/761/680 1295/897/801
f 1295/897/803 883/761/687 519/766/688 759/898/713
f 876/748/666 1295/897/803 759/898/713 516/749/667
f 746/828/731 1232/827/730 1296/899/730 1148/900/804
f 1232/827/730 694/826/729 1115/901/805 1296/899/730
f 1296/899/730 1115/901/805 690/648/572 1233/645/569
f 1148/900/804 1296/899/730 1233/645/569 674/644/568
f 526/842/743 773/839/741 1297/902/806 772/903/807
f 773/839/741 521/838/641 774/904/808 1297/902/806
f 1297/902/806 774/904/808 523/905/809 775/906/810
f 772/903/807 1297/902/806 775/906/810 528/907/811
f 528/907/812 775/906/813 1298/908/814 776/909/815
f 775/906/813 523/905/816 777/910/817 1298/908/814
f 1298/908/814 777/910/817 524/911/818 778/912/819
f 776/909/815 1298/908/814 778/912/819 527/913/820
f 527/913/820 778/912/819 1299/914/821 779/915/822
f 778/912/819 524/911/818 780/916/823 1299/914/821
f 1299/914/821 780/916/823 522/917/612 781/918/824
f 779/915/822 1299/914/821 781/918/824 525/625/555
f 574/829/791 783/887/790 1300/919/825 782/920/826
f 783/887/788 526/842/743 772/903/807 1300/919/827
f 1300/919/827 772/903/807 528/907/811 784/921/828
f 782/920/826 1300/919/825 784/921/829 576/922/829
f 576/922/830 784/921/831 1301/923/832 785/924/833
f 784/921/831 528/907/812 776/909/815 1301/923/832
f 1301/923/832 776/909/815 527/913/820 786/925/834
f 785/924/833 1301/923/832 786/925/834 575/926/835
f 575/926/835 786/925/834 1302/927/836 787/928/837
f 786/925/834 527/913/820 779/915/822 1302/927/836
f 1302/927/836 779/915/822 525/625/555 788/624/554
f 787/928/837 1302/927/836 788/624/554 573/623/553
f 530/743/658 790/857/755 1303/929/838 789/930/839
f 790/857/755 533/856/754 791/931/840 1303/929/838
f 1303/929/838 791/931/840 535/932/841 792/933/842
f 789/930/839 1303/929/838 792/933/842 532/934/843
f 532/934/844 792/933/845 1304/935/846 793/936/847
f 792/933/845 535/932/848 794/937/849 1304/935/846
f 1304/935/846 794/937/849 536/938/850 795/939/851
f 793/936/847 1304/935/846 795/939/851 531/940/852
f 531/940/852 795/939/851 1305/941/853 796/942/854
f 795/939/851 536/938/850 797/943/855 1305/941/853
f 1305/941/853 797/943/855 534/641/565 798/769/691
f 796/942/854 1305/941/853 798/769/691 529/607/538
f 566/747/663 800/744/662 1306/944/856 799/945/857
f 800/744/659 530/743/658 789/930/839 1306/944/858
f 1306/944/858 789/930/839 532/934/843 801/946/859
f 799/945/857 1306/944/856 801/946/860 568/947/860
f 568/947/861 801/946/862 1307/948/863 802/949/864
f 801/946/862 532/934/844 793/936/847 1307/948/863
f 1307/948/863 793/936/847 531/940/852 803/950/865
f 802/949/864 1307/948/863 803/950/865 567/951/866
f 567/951/866 803/950/865 1308/952/867 804/953/868
f 803/950/865 531/940/852 796/942/854 1308/952/867
f 1308/952/867 796/942/854 529/607/538 805/606/537
f 804/953/868 1308/952/867 805/606/537 565/605/536
f 550/870/769 807/867/766 1309/954/869 806/955/870
f 807/867/766 537/866/765 808/956/871 1309/954/869
f 1309/954/869 808/956/871 539/957/872 809/958/873
f 806/955/870 1309/954/869 809/958/873 552/959/874
f 552/959/875 809/958/876 1310/960/877 810/961/877
f 809/958/876 539/957/876 811/962/877 1310/960/877
f 1310/960/877 811/962/877 540/963/878 812/964/878
f 810/961/877 1310/960/877 812/964/878 551/965/878
f 551/965/878 812/964/878 1311/966/879 813/967/879
f 812/964/878 540/963/878 814/968/879 1311/966/879
f 1311/966/879 814/968/879 538/632/558 815/778/558
f 813/967/879 1311/966/879 815/778/558 549/777/558
f 554/877/776 817/875/774 1312/969/880 816/970/881
f 817/875/774 541/762/681 818/971/882 1312/969/880
f 1312/969/880 818/971/882 543/972/883 819/973/884
f 816/970/881 1312/969/880 819/973/884 556/974/885
f 556/974/886 819/973/887 1313/975/888 820/976/888
f 819/973/887 543/972/887 821/977/888 1313/975/888
f 1313/975/888 821/977/888 544/978/889 822/979/889
f 820/976/888 1313/975/888 822/979/889 555/980/889
f 555/980/889 822/979/889 1314/981/890 823/982/890
f 822/979/889 544/978/889 824/983/890 1314/981/890
f 1314/981/890 824/983/890 542/710/618 825/772/618
f 823/982/890 1314/981/890 825/772/618 553/697/618
f 562/860/782 827/881/780 1315/984/891 826/985/892
f 827/881/780 550/870/769 806/955/870 1315/984/891
f 1315/984/891 806/955/870 552/959/874 828/986/893
f 826/985/892 1315/984/891 828/986/893 564/987/894
f 564/987/895 828/986/875 1316/988/877 829/989/896
f 828/986/875 552/959/875 810/961/877 1316/988/877
f 1316/988/877 810/961/877 551/965/878 830/990/878
f 829/989/896 1316/988/877 830/990/878 563/991/897
f 563/991/897 830/990/878 1317/992/879 831/993/898
f 830/990/878 551/965/878 813/967/879 1317/992/879
f 1317/992/879 813/967/879 549/777/558 832/819/558
f 831/993/898 1317/992/879 832/819/558 561/643/567
f 537/866/765 833/884/785 1318/994/899 808/956/871
f 833/884/785 569/833/736 834/995/900 1318/994/899
f 1318/994/899 834/995/900 571/996/901 835/997/902
f 808/956/871 1318/994/899 835/997/902 539/957/872
f 539/957/876 835/997/876 1319/998/877 811/962/877
f 835/997/876 571/996/875 836/999/877 1319/998/877
f 1319/998/877 836/999/877 572/1000/878 837/1001/878
f 811/962/877 1319/998/877 837/1001/878 540/963/878
f 540/963/878 837/1001/878 1320/1002/879 814/968/879
f 837/1001/878 572/1000/878 838/1003/879 1320/1002/879
f 1320/1002/879 838/1003/879 570/634/558 839/633/558
f 814/968/879 1320/1002/879 839/633/558 538/632/558
f 521/729/641 840/726/640 1321/1004/903 774/1005/808
f 840/726/638 545/725/637 841/1006/904 1321/1004/905
f 1321/1004/905 841/1006/904 547/1007/906 842/1008/906
f 774/1005/808 1321/1004/903 842/1008/907 523/1009/809
f 523/1009/816 842/1008/908 1322/1010/909 777/1011/817
f 842/1008/908 547/1007/910 843/1012/911 1322/1010/909
f 1322/1010/909 843/1012/911 548/1013/912 844/1014/913
f 777/1011/817 1322/1010/909 844/1014/913 524/1015/818
f 524/1015/818 844/1014/913 1323/1016/914 780/1017/823
f 844/1014/913 548/1013/912 845/1018/915 1323/1016/914
f 1323/1016/914 845/1018/915 546/691/614 846/690/613
f 780/1017/823 1323/1016/914 846/690/613 522/689/612
f 545/725/796 847/893/794 1324/1019/916 841/1006/917
f 847/893/794 554/877/776 816/970/881 1324/1019/916
f 1324/1019/916 816/970/881 556/974/885 848/1020/918
f 841/1006/917 1324/1019/916 848/1020/918 547/1007/919
f 547/1007/910 848/1020/886 1325/1021/888 843/1012/911
f 848/1020/886 556/974/886 820/976/888 1325/1021/888
f 1325/1021/888 820/976/888 555/980/889 849/1022/889
f 843/1012/911 1325/1021/888 849/1022/889 548/1013/912
f 548/1013/912 849/1022/889 1326/1023/890 845/1018/915
f 849/1022/889 555/980/889 823/982/890 1326/1023/890
f 1326/1023/890 823/982/890 553/697/618 850/696/618
f 845/1018/915 1326/1023/890 850/696/618 546/691/614
f 541/762/681 851/759/678 1327/1024/920 818/971/882
f 851/759/678 557/758/677 852/1025/921 1327/1024/920
f 1327/1024/920 852/1025/921 559/1026/922 853/1027/923
f 818/971/882 1327/1024/920 853/1027/923 543/972/883
f 543/972/887 853/1027/887 1328/1028/888 821/977/888
f 853/1027/887 559/1026/886 854/1029/888 1328/1028/888
f 1328/1028/888 854/1029/888 560/1030/889 855/1031/889
f 821/977/888 1328/1028/888 855/1031/889 544/978/889
f 544/978/889 855/1031/889 1329/1032/890 824/983/890
f 855/1031/889 560/1030/889 856/1033/890 1329/1032/890
f 1329/1032/890 856/1033/890 558/712/618 857/711/618
f 824/983/890 1329/1032/890 857/711/618 542/710/618
f 557/758/677 858/896/800 1330/1034/924 852/1025/921
f 858/896/800 566/747/799 799/945/925 1330/1034/924
f 1330/1034/924 799/945/925 568/947/926 859/1035/927
f 852/1025/921 1330/1034/924 859/1035/927 559/1026/922
f 559/1026/886 859/1035/886 1331/1036/888 854/1029/888
f 859/1035/886 568/947/861 802/949/864 1331/1036/888
f 1331/1036/888 802/949/864 567/951/866 860/1037/889
f 854/1029/888 1331/1036/888 860/1037/889 560/1030/889
f 560/1030/889 860/1037/889 1332/1038/890 856/1033/890
f 860/1037/889 567/951/866 804/953/868 1332/1038/890
f 1332/1038/890 804/953/868 565/605/536 861/892/618
f 856/1033/890 1332/1038/890 861/892/618 558/712/618
f 533/856/754 862/861/761 1333/1039/928 791/931/840
f 862/861/759 562/860/758 826/985/929 1333/1039/930
f 1333/1039/930 826/985/929 564/987/931 863/1040/931
f 791/931/840 1333/1039/928 863/1040/932 535/932/841
f 535/932/848 863/1040/933 1334/1041/934 794/937/849
f 863/1040/933 564/987/895 829/989/896 1334/1041/934
f 1334/1041/934 829/989/896 563/991/897 864/1042/935
f 794/937/849 1334/1041/934 864/1042/935 536/938/850
f 536/938/850 864/1042/935 1335/1043/936 797/943/855
f 864/1042/935 563/991/897 831/993/898 1335/1043/936
f 1335/1043/936 831/993/898 561/643/567 865/642/566
f 797/943/855 1335/1043/936 865/642/566 534/641/565
f 569/833/736 866/830/733 1336/1044/937 834/995/900
f 866/830/733 574/829/732 782/920/938 1336/1044/937
f 1336/1044/937 782/920/938 576/922/939 867/1045/940
f 834/995/900 1336/1044/937 867/1045/940 571/996/901
f 571/996/875 867/1045/875 1337/1046/877 836/999/877
f 867/1045/875 576/922/830 785/924/833 1337/1046/877
f 1337/1046/877 785/924/833 575/926/835 868/1047/878
f 836/999/877 1337/1046/877 868/1047/878 572/1000/878
f 572/1000/878 868/1047/878 1338/1048/879 838/1003/879
f 868/1047/878 575/926/835 787/928/837 1338/1048/879
f 1338/1048/879 787/928/837 573/623/553 869/822/558
f 838/1003/879 1338/1048/879 869/822/558 570/634/558
f 579/1049/941 1035/1050/942 1339/1051/943 1031/1052/944
f 1035/1050/942 591/1053/945 1039/1054/946 1339/1051/943
f 1339/1051/943 1039/1054/946 615/1055/947 1043/1056/948
f 1031/1052/944 1339/1051/943 1043/1056/948 601/1057/949
f 577/687/610 885/1058/950 1340/1059/951 884/1060/952
f 885/1058/950 580/1061/953 886/1062/954 1340/1059/951
f 1340/1059/951 886/1062/954 582/1063/955 887/1064/956
f 884/1060/952 1340/1059/951 887/1064/956 581/1065/957
f 580/1061/953 888/1066/958 1341/1067/959 886/1062/954
f 888/1066/958 584/1068/960 889/1069/961 1341/1067/959
f 1341/1067/959 889/1069/961 585/1070/962 890/1071/963
f 886/1062/954 1341/1067/959 890/1071/963 582/1063/955
f 578/580/511 892/1072/964 1342/1073/965 891/1074/966
f 892/1072/964 583/1075/967 893/1076/968 1342/1073/965
f 1342/1073/965 893/1076/968 585/1070/969 889/1069/970
f 891/1074/966 1342/1073/965 889/1069/970 584/1068/971
f 583/1077/967 894/1078/972 1343/1079/973 893/1080/968
f 894/1078/972 587/1081/974 895/1082/975 1343/1079/973
f 1343/1079/973 895/1082/975 588/1083/976 896/1084/977
f 893/1080/968 1343/1079/973 896/1084/977 585/1085/969
f 579/1049/941 898/1086/978 1344/1087/979 897/1088/980
f 898/1086/978 586/1089/981 899/1090/982 1344/1087/979
f 1344/1087/979 899/1090/982 588/1083/976 895/1082/975
f 897/1088/980 1344/1087/979 895/1082/975 587/1081/974
f 586/1089/983 900/1091/984 1345/1092/985 899/1090/986
f 900/1091/984 581/1065/957 887/1064/956 1345/1092/985
f 1345/1092/985 887/1064/956 582/1063/955 901/1093/987
f 899/1090/986 1345/1092/985 901/1093/987 588/1083/988
f 582/1094/955 890/1095/963 1346/1096/989 901/1097/987
f 585/1085/962 896/1084/990 1346/1096/989 890/1095/963
f 588/1083/988 901/1097/987 1346/1096/989 896/1084/990
f 589/578/509 903/1098/991 1347/1099/992 902/1100/993
f 903/1098/991 592/1101/994 904/1102/995 1347/1099/992
f 1347/1099/992 904/1102/995 594/1103/996 905/1104/997
f 902/1100/993 1347/1099/992 905/1104/997 593/1105/998
f 592/1101/999 906/1106/1000 1348/1107/1001 904/1102/1002
f 906/1106/1000 596/1108/1003 907/1109/1004 1348/1107/1001
f 1348/1107/1001 907/1109/1004 597/1110/1005 908/1111/1006
f 904/1102/1002 1348/1107/1001 908/1111/1006 594/1103/1007
f 590/815/724 910/1112/1008 1349/1113/1009 909/1114/1010
f 910/1112/1008 595/1115/1011 911/1116/1012 1349/1113/1009
f 1349/1113/1009 911/1116/1012 597/1117/1005 907/1118/1004
f 909/1114/1010 1349/1113/1009 907/1118/1004 596/1119/1003
f 595/1120/1011 912/1121/1013 1350/1122/1014 911/1123/1012
f 912/1121/1013 599/1124/1015 913/1125/1016 1350/1122/1014
f 1350/1122/1014 913/1125/1016 600/1126/1017 914/1127/1018
f 911/1123/1012 1350/1122/1014 914/1127/1018 597/1128/1005
f 591/1053/945 916/1129/1019 1351/1130/1020 915/1131/1021
f 916/1129/1019 598/1132/1022 917/1133/1023 1351/1130/1020
f 1351/1130/1020 917/1133/1023 600/1126/1024 913/1125/1025
f 915/1131/1021 1351/1130/1020 913/1125/1025 599/1124/1026
f 598/1132/1022 918/1134/1027 1352/1135/1028 917/1133/1023
f 918/1134/1027 593/1136/998 905/1137/997 1352/1135/1028
f 1352/1135/1028 905/1137/997 594/1138/996 919/1139/1029
f 917/1133/1023 1352/1135/1028 919/1139/1029 600/1126/1024
f 594/1138/1007 908/1140/1006 1353/1141/1030 919/1139/1031
f 597/1128/1005 914/1127/1018 1353/1141/1030 908/1140/1006
f 600/1126/1017 919/1139/1031 1353/1141/1030 914/1127/1018
f 601/1057/949 921/1142/1032 1354/1143/1033 920/1144/1034
f 921/1142/1032 604/1145/1035 922/1146/1036 1354/1143/1033
f 1354/1143/1033 922/1146/1036 606/1147/1037 923/1148/1038
f 920/1144/1034 1354/1143/1033 923/1148/1038 605/1149/1039
f 604/1145/1035 924/1150/1040 1355/1151/1041 922/1146/1036
f 924/1150/1040 608/1152/1042 925/1153/1043 1355/1151/1041
f 1355/1151/1041 925/1153/1043 609/1154/1044 926/1155/1045
f 922/1146/1036 1355/1151/1041 926/1155/1045 606/1147/1037
f 602/581/512 928/1156/1046 1356/1157/1047 927/1158/1048
f 928/1156/1046 607/1159/1049 929/1160/1050 1356/1157/1047
f 1356/1157/1047 929/1160/1050 609/1154/1044 925/1153/1043
f 927/1158/1048 1356/1157/1047 925/1153/1043 608/1152/1042
f 607/1159/1051 930/1161/1052 1357/1162/1053 929/1160/1054
f 930/1161/1052 611/1163/1055 931/1164/1056 1357/1162/1053
f 1357/1162/1053 931/1164/1056 612/1165/1057 932/1166/1058
f 929/1160/1054 1357/1162/1053 932/1166/1058 609/1154/1059
f 603/617/547 934/1167/1060 1358/1168/1061 933/1169/1062
f 934/1167/1060 610/1170/1063 935/1171/1064 1358/1168/1061
f 1358/1168/1061 935/1171/1064 612/1165/1057 931/1164/1056
f 933/1169/1062 1358/1168/1061 931/1164/1056 611/1163/1055
f 610/1170/1063 936/1172/1065 1359/1173/1066 935/1171/1064
f 936/1172/1065 605/1149/1067 923/1148/1068 1359/1173/1066
f 1359/1173/1066 923/1148/1068 606/1147/1069 937/1174/1070
f 935/1171/1064 1359/1173/1066 937/1174/1070 612/1165/1057
f 606/1147/1069 926/1155/1071 1360/1175/1072 937/1174/1070
f 609/1154/1059 932/1166/1058 1360/1175/1072 926/1155/1071
f 612/1165/1057 937/1174/1070 1360/1175/1072 932/1166/1058
f 613/813/722 939/1176/1073 1361/1177/1074 938/1178/1075
f 939/1176/1073 616/1179/1076 940/1180/1077 1361/1177/1074
f 1361/1177/1074 940/1180/1077 618/1181/1078 941/1182/1079
f 938/1178/1075 1361/1177/1074 941/1182/1079 617/1183/1080
f 616/1184/1076 942/1185/1081 1362/1186/1082 940/1187/1077
f 942/1185/1081 620/1188/1083 943/1189/1084 1362/1186/1082
f 1362/1186/1082 943/1189/1084 621/1190/1085 944/1191/1086
f 940/1187/1077 1362/1186/1082 944/1191/1086 618/1192/1078
f 614/585/516 946/1193/1087 1363/1194/1088 945/1195/1089
f 946/1193/1087 619/1196/1090 947/1197/1091 1363/1194/1088
f 1363/1194/1088 947/1197/1091 621/1190/1092 943/1189/1093
f 945/1195/1089 1363/1194/1088 943/1189/1093 620/1188/1094
f 619/1196/1090 948/1198/1095 1364/1199/1096 947/1197/1091
f 948/1198/1095 623/1200/1097 949/1201/1098 1364/1199/1096
f 1364/1199/1096 949/1201/1098 624/1202/1099 950/1203/1100
f 947/1197/1091 1364/1199/1096 950/1203/1100 621/1190/1092
f 615/1055/947 952/1204/1101 1365/1205/1102 951/1206/1103
f 952/1204/1101 622/1207/1104 953/1208/1105 1365/1205/1102
f 1365/1205/1102 953/1208/1105 624/1202/1099 949/1201/1098
f 951/1206/1103 1365/1205/1102 949/1201/1098 623/1200/1097
f 622/1207/1106 954/1209/1107 1366/1210/1108 953/1208/1109
f 954/1209/1107 617/1211/1080 941/1212/1079 1366/1210/1108
f 1366/1210/1108 941/1212/1079 618/1213/1078 955/1214/1110
f 953/1208/1109 1366/1210/1108 955/1214/1110 624/1202/1111
f 618/1213/1078 944/1215/1086 1367/1216/1112 955/1214/1110
f 621/1217/1085 950/1218/1113 1367/1216/1112 944/1215/1086
f 624/1202/1111 955/1214/1110 1367/1216/1112 950/1218/1113
f 625/855/753 957/1219/1114 1368/1220/1115 956/1221/1116
f 957/1219/1114 628/1222/1117 958/1223/1118 1368/1220/1115
f 1368/1220/1115 958/1223/1118 630/1224/1119 959/1225/1120
f 956/1221/1116 1368/1220/1115 959/1225/1120 629/1226/1121
f 628/1222/1117 960/1227/1122 1369/1228/1123 958/1223/1118
f 960/1227/1122 632/1229/1124 961/1230/1125 1369/1228/1123
f 1369/1228/1123 961/1230/1125 633/1231/1126 962/1232/1127
f 958/1223/1118 1369/1228/1123 962/1232/1127 630/1224/1119
f 626/590/521 964/1233/1128 1370/1234/1129 963/1235/1130
f 964/1233/1128 631/1236/1131 965/1237/1132 1370/1234/1129
f 1370/1234/1129 965/1237/1132 633/1231/1126 961/1230/1125
f 963/1235/1130 1370/1234/1129 961/1230/1125 632/1229/1124
f 631/1236/1133 966/1238/1134 1371/1239/1135 965/1237/1136
f 966/1238/1134 635/1240/1137 967/1241/1138 1371/1239/1135
f 1371/1239/1135 967/1241/1138 636/1242/1139 968/1243/1140
f 965/1237/1136 1371/1239/1135 968/1243/1140 633/1231/1141
f 627/599/530 970/1244/1142 1372/1245/1143 969/1246/1144
f 970/1244/1142 634/1247/1145 971/1248/1146 1372/1245/1143
f 1372/1245/1143 971/1248/1146 636/1242/1139 967/1241/1138
f 969/1246/1144 1372/1245/1143 967/1241/1138 635/1240/1137
f 634/1247/1145 972/1249/1147 1373/1250/1148 971/1248/1146
f 972/1249/1147 629/1226/1149 959/1225/1150 1373/1250/1148
f 1373/1250/1148 959/1225/1150 630/1224/1151 973/1251/1152
f 971/1248/1146 1373/1250/1148 973/1251/1152 636/1242/1139
f 630/1224/1151 962/1232/1153 1374/1252/1154 973/1251/1152
f 633/1231/1141 968/1243/1140 1374/1252/1154 962/1232/1153
f 636/1242/1139 973/1251/1152 1374/1252/1154 968/1243/1140
f 637/757/676 975/1253/1155 1375/1254/1156 974/1255/1157
f 975/1253/1155 640/1256/1158 976/1257/1159 1375/1254/1156
f 1375/1254/1156 976/1257/1159 642/1258/1160 977/1259/1161
f 974/1255/1157 1375/1254/1156 977/1259/1161 641/1260/1162
f 640/1261/1158 978/1262/1163 1376/1263/1164 976/1264/1159
f 978/1262/1163 644/1265/1165 979/1266/1166 1376/1263/1164
f 1376/1263/1164 979/1266/1166 645/1267/1167 980/1268/1168
f 976/1264/1159 1376/1263/1164 980/1268/1168 642/1269/1160
f 638/594/525 982/1270/1169 1377/1271/1170 981/1272/1171
f 982/1270/1169 643/1273/1172 983/1274/1173 1377/1271/1170
f 1377/1271/1170 983/1274/1173 645/1267/1174 979/1266/1175
f 981/1272/1171 1377/1271/1170 979/1266/1175 644/1265/1176
f 643/1273/1172 984/1275/1177 1378/1276/1178 983/1274/1173
f 984/1275/1177 647/1277/1179 985/1278/1180 1378/1276/1178
f 1378/1276/1178 985/1278/1180 648/1279/1181 986/1280/1182
f 983/1274/1173 1378/1276/1178 986/1280/1182 645/1267/1174
f 639/853/751 988/1281/1183 1379/1282/1184 987/1283/1185
f 988/1281/1183 646/1284/1186 989/1285/1187 1379/1282/1184
f 1379/1282/1184 989/1285/1187 648/1279/1181 985/1278/1180
f 987/1283/1185 1379/1282/1184 985/1278/1180 647/1277/1179
f 646/1284/1188 990/1286/1189 1380/1287/1190 989/1285/1191
f 990/1286/1189 641/1260/1162 977/1259/1161 1380/1287/1190
f 1380/1287/1190 977/1259/1161 642/1258/1160 991/1288/1192
f 989/1285/1191 1380/1287/1190 991/1288/1192 648/1279/1193
f 642/1289/1160 980/1290/1168 1381/1291/1194 991/1292/1192
f 645/1293/1167 986/1294/1195 1381/1291/1194 980/1290/1168
f 648/1279/1193 991/1292/1192 1381/1291/1194 986/1294/1195
f 649/682/605 993/1295/1196 1382/1296/1197 992/1297/1198
f 993/1295/1196 652/1298/1199 994/1299/1200 1382/1296/1197
f 1382/1296/1197 994/1299/1200 654/1300/1201 995/1301/1202
f 992/1297/1198 1382/1296/1197 995/1301/1202 653/1302/1203
f 652/1298/1199 996/1303/1204 1383/1304/1205 994/1299/1200
f 996/1303/1204 656/1305/1206 997/1306/1207 1383/1304/1205
f 1383/1304/1205 997/1306/1207 657/1307/1208 998/1308/1209
f 994/1299/1200 1383/1304/1205 998/1308/1209 654/1300/1201
f 650/847/745 1000/1309/1210 1384/1310/1211 999/1311/1212
f 1000/1309/1210 655/1312/1213 1001/1313/1214 1384/1310/1211
f 1384/1310/1211 1001/1313/1214 657/1307/1208 997/1306/1207
f 999/1311/1212 1384/1310/1211 997/1306/1207 656/1305/1206
f 655/1312/1215 1002/1314/1216 1385/1315/1217 1001/1313/1218
f 1002/1314/1216 659/1316/1219 1003/1317/1220 1385/1315/1217
f 1385/1315/1217 1003/1317/1220 660/1318/1221 1004/1319/1222
f 1001/1313/1218 1385/1315/1217 1004/1319/1222 657/1307/1223
f 651/639/563 1006/1320/1224 1386/1321/1225 1005/1322/1226
f 1006/1320/1224 658/1323/1227 1007/1324/1228 1386/1321/1225
f 1386/1321/1225 1007/1324/1228 660/1318/1221 1003/1317/1220
f 1005/1322/1226 1386/1321/1225 1003/1317/1220 659/1316/1219
f 658/1323/1227 1008/1325/1229 1387/1326/1230 1007/1324/1228
f 1008/1325/1229 653/1302/1231 995/1301/1232 1387/1326/1230
f 1387/1326/1230 995/1301/1232 654/1300/1233 1009/1327/1234
f 1007/1324/1228 1387/1326/1230 1009/1327/1234 660/1318/1221
f 654/1300/1233 998/1308/1235 1388/1328/1236 1009/1327/1234
f 657/1307/1223 1004/1319/1222 1388/1328/1236 998/1308/1235
f 660/1318/1221 1009/1327/1234 1388/1328/1236 1004/1319/1222
f 661/680/603 1011/1329/1237 1389/1330/1238 1010/1331/1239
f 1011/1329/1237 664/1332/1240 1012/1333/1241 1389/1330/1238
f 1389/1330/1238 1012/1333/1241 666/1334/1242 1013/1335/1243
f 1010/1331/1239 1389/1330/1238 1013/1335/1243 665/1336/1244
f 664/1332/1245 1014/1337/1246 1390/1338/1247 1012/1333/1248
f 1014/1337/1246 668/1339/1249 1015/1340/1250 1390/1338/1247
f 1390/1338/1247 1015/1340/1250 669/1341/1251 1016/1342/1252
f 1012/1333/1248 1390/1338/1247 1016/1342/1252 666/1334/1253
f 662/752/671 1018/1343/1254 1391/1344/1255 1017/1345/1256
f 1018/1343/1254 667/1346/1257 1019/1347/1258 1391/1344/1255
f 1391/1344/1255 1019/1347/1258 669/1348/1251 1015/1349/1250
f 1017/1345/1256 1391/1344/1255 1015/1349/1250 668/1350/1249
f 667/1346/1257 1020/1351/1259 1392/1352/1260 1019/1347/1258
f 1020/1351/1259 671/1353/1261 1021/1354/1262 1392/1352/1260
f 1392/1352/1260 1021/1354/1262 672/1355/1263 1022/1356/1264
f 1019/1347/1258 1392/1352/1260 1022/1356/1264 669/1348/1251
f 663/851/749 1024/1357/1265 1393/1358/1266 1023/1359/1267
f 1024/1357/1265 670/1360/1268 1025/1361/1269 1393/1358/1266
f 1393/1358/1266 1025/1361/1269 672/1355/1270 1021/1354/1271
f 1023/1359/1267 1393/1358/1266 1021/1354/1271 671/1353/1272
f 670/1360/1268 1026/1362/1273 1394/1363/1274 1025/1361/1269
f 1026/1362/1273 665/1336/1244 1013/1335/1243 1394/1363/1274
f 1394/1363/1274 1013/1335/1243 666/1334/1242 1027/1364/1275
f 1025/1361/1269 1394/1363/1274 1027/1364/1275 672/1355/1270
f 666/1365/1253 1016/1366/1252 1395/1367/1276 1027/1368/1277
f 669/1369/1251 1022/1370/1264 1395/1367/1276 1016/1366/1252
f 672/1355/1263 1027/1368/1277 1395/1367/1276 1022/1370/1264
f 603/617/547 1028/1371/1278 1396/1372/1279 934/1167/1060
f 1028/1371/1278 577/1373/610 884/1374/952 1396/1372/1279
f 1396/1372/1279 884/1374/952 581/1375/957 1029/1376/1280
f 934/1167/1060 1396/1372/1279 1029/1376/1280 610/1170/1063
f 610/1170/1063 1029/1376/1280 1397/1377/1281 936/1172/1065
f 1029/1376/1280 581/1375/957 900/1378/984 1397/1377/1281
f 1397/1377/1281 900/1378/984 586/1089/983 1030/1379/1282
f 936/1172/1065 1397/1377/1281 1030/1379/1282 605/1149/1067
f 605/1149/1039 1030/1379/1283 1398/1380/1284 920/1144/1034
f 1030/1379/1283 586/1089/981 898/1086/978 1398/1380/1284
f 1398/1380/1284 898/1086/978 579/1049/941 1031/1052/944
f 920/1144/1034 1398/1380/1284 1031/1052/944 601/1057/949
f 578/580/511 1032/579/510 1399/1381/1285 892/1072/964
f 1032/579/510 589/578/509 902/1100/993 1399/1381/1285
f 1399/1381/1285 902/1100/993 593/1105/998 1033/1382/1286
f 892/1072/964 1399/1381/1285 1033/1382/1286 583/1075/967
f 583/1077/967 1033/1383/1286 1400/1384/1287 894/1078/972
f 1033/1383/1286 593/1136/998 918/1134/1027 1400/1384/1287
f 1400/1384/1287 918/1134/1027 598/1132/1022 1034/1385/1288
f 894/1078/972 1400/1384/1287 1034/1385/1288 587/1081/974
f 587/1081/974 1034/1385/1288 1401/1386/1289 897/1088/980
f 1034/1385/1288 598/1132/1022 916/1129/1019 1401/1386/1289
f 1401/1386/1289 916/1129/1019 591/1053/945 1035/1050/942
f 897/1088/980 1401/1386/1289 1035/1050/942 579/1049/941
f 590/815/724 1036/814/723 1402/1387/1290 910/1112/1008
f 1036/814/723 613/813/722 938/1178/1075 1402/1387/1290
f 1402/1387/1290 938/1178/1075 617/1183/1080 1037/1388/1291
f 910/1112/1008 1402/1387/1290 1037/1388/1291 595/1115/1011
f 595/1120/1011 1037/1389/1291 1403/1390/1292 912/1121/1013
f 1037/1389/1291 617/1211/1080 954/1209/1107 1403/1390/1292
f 1403/1390/1292 954/1209/1107 622/1207/1106 1038/1391/1293
f 912/1121/1013 1403/1390/1292 1038/1391/1293 599/1124/1015
f 599/1124/1026 1038/1391/1294 1404/1392/1295 915/1131/1021
f 1038/1391/1294 622/1207/1104 952/1204/1101 1404/1392/1295
f 1404/1392/1295 952/1204/1101 615/1055/947 1039/1054/946
f 915/1131/1021 1404/1392/1295 1039/1054/946 591/1053/945
f 614/585/516 1040/582/513 1405/1393/1296 946/1193/1087
f 1040/582/513 602/581/512 927/1158/1048 1405/1393/1296
f 1405/1393/1296 927/1158/1048 608/1152/1042 1041/1394/1297
f 946/1193/1087 1405/1393/1296 1041/1394/1297 619/1196/1090
f 619/1196/1090 1041/1394/1297 1406/1395/1298 948/1198/1095
f 1041/1394/1297 608/1152/1042 924/1150/1040 1406/1395/1298
f 1406/1395/1298 924/1150/1040 604/1145/1035 1042/1396/1299
f 948/1198/1095 1406/1395/1298 1042/1396/1299 623/1200/1097
f 623/1200/1097 1042/1396/1299 1407/1397/1300 951/1206/1103
f 1042/1396/1299 604/1145/1035 921/1142/1032 1407/1397/1300
f 1407/1397/1300 921/1142/1032 601/1057/949 1043/1056/948
f 951/1206/1103 1407/1397/1300 1043/1056/948 615/1055/947
f 750/621/551 1045/618/548 1408/1398/1301 1044/1399/1302
f 1045/618/548 603/617/547 933/1169/1062 1408/1398/1301
f 1408/1398/1301 933/1169/1062 611/1163/1055 1046/1400/1303
f 1044/1399/1302 1408/1398/1301 1046/1400/1303 752/1401/1304
f 752/1401/1304 1046/1400/1303 1409/1402/1305 1047/1403/1306
f 1046/1400/1303 611/1163/1055 930/1161/1052 1409/1402/1305
f 1409/1402/1305 930/1161/1052 607/1159/1051 1048/1404/1307
f 1047/1403/1306 1409/1402/1305 1048/1404/1307 751/1405/1308
f 751/1405/1309 1048/1404/1310 1410/1406/1311 1049/1407/1312
f 1048/1404/1310 607/1159/1049 928/1156/1046 1410/1406/1311
f 1410/1406/1311 928/1156/1046 602/581/512 1050/584/515
f 1049/1407/1312 1410/1406/1311 1050/584/515 749/589/520
f 663/851/749 1051/848/746 1411/1408/1313 1024/1357/1265
f 1051/848/746 650/847/745 999/1311/1212 1411/1408/1313
f 1411/1408/1313 999/1311/1212 656/1305/1206 1052/1409/1314
f 1024/1357/1265 1411/1408/1313 1052/1409/1314 670/1360/1268
f 670/1360/1268 1052/1409/1314 1412/1410/1315 1026/1362/1273
f 1052/1409/1314 656/1305/1206 996/1303/1204 1412/1410/1315
f 1412/1410/1315 996/1303/1204 652/1298/1199 1053/1411/1316
f 1026/1362/1273 1412/1410/1315 1053/1411/1316 665/1336/1244
f 665/1336/1244 1053/1411/1316 1413/1412/1317 1010/1331/1239
f 1053/1411/1316 652/1298/1199 993/1295/1196 1413/1412/1317
f 1413/1412/1317 993/1295/1196 649/682/605 1054/681/604
f 1010/1331/1239 1413/1412/1317 1054/681/604 661/680/603
f 627/599/530 1055/767/689 1414/1413/1318 970/1244/1142
f 1055/767/689 651/639/563 1005/1322/1226 1414/1413/1318
f 1414/1413/1318 1005/1322/1226 659/1316/1219 1056/1414/1319
f 970/1244/1142 1414/1413/1318 1056/1414/1319 634/1247/1145
f 634/1247/1145 1056/1414/1319 1415/1415/1320 972/1249/1147
f 1056/1414/1319 659/1316/1219 1002/1314/1216 1415/1415/1320
f 1415/1415/1320 1002/1314/1216 655/1312/1215 1057/1416/1321
f 972/1249/1147 1415/1415/1320 1057/1416/1321 629/1226/1149
f 629/1226/1121 1057/1416/1322 1416/1417/1323 956/1221/1116
f 1057/1416/1322 655/1312/1213 1000/1309/1210 1416/1417/1323
f 1416/1417/1323 1000/1309/1210 650/847/745 1058/850/748
f 956/1221/1116 1416/1417/1323 1058/850/748 625/855/753
f 662/752/671 1059/755/674 1417/1418/1324 1018/1343/1254
f 1059/755/674 637/757/676 974/1255/1157 1417/1418/1324
f 1417/1418/1324 974/1255/1157 641/1260/1162 1060/1419/1325
f 1018/1343/1254 1417/1418/1324 1060/1419/1325 667/1346/1257
f 667/1346/1257 1060/1419/1325 1418/1420/1326 1020/1351/1259
f 1060/1419/1325 641/1260/1162 990/1286/1189 1418/1420/1326
f 1418/1420/1326 990/1286/1189 646/1284/1188 1061/1421/1327
f 1020/1351/1259 1418/1420/1326 1061/1421/1327 671/1353/1261
f 671/1353/1272 1061/1421/1328 1419/1422/1329 1023/1359/1267
f 1061/1421/1328 646/1284/1186 988/1281/1183 1419/1422/1329
f 1419/1422/1329 988/1281/1183 639/853/751 1062/852/750
f 1023/1359/1267 1419/1422/1329 1062/852/750 663/851/749
f 638/594/525 1063/591/522 1420/1423/1330 982/1270/1169
f 1063/591/522 626/590/521 963/1235/1130 1420/1423/1330
f 1420/1423/1330 963/1235/1130 632/1229/1124 1064/1424/1331
f 982/1270/1169 1420/1423/1330 1064/1424/1331 643/1273/1172
f 643/1273/1172 1064/1424/1331 1421/1425/1332 984/1275/1177
f 1064/1424/1331 632/1229/1124 960/1227/1122 1421/1425/1332
f 1421/1425/1332 960/1227/1122 628/1222/1117 1065/1426/1333
f 984/1275/1177 1421/1425/1332 1065/1426/1333 647/1277/1179
f 647/1277/1179 1065/1426/1333 1422/1427/1334 987/1283/1185
f 1065/1426/1333 628/1222/1117 957/1219/1114 1422/1427/1334
f 1422/1427/1334 957/1219/1114 625/855/753 1066/854/752
f 987/1283/1185 1422/1427/1334 1066/854/752 639/853/751
f 742/603/534 1068/600/531 1423/1428/1335 1067/1429/1336
f 1068/600/531 627/599/530 969/1246/1144 1423/1428/1335
f 1423/1428/1335 969/1246/1144 635/1430/1137 1069/1431/1337
f 1067/1429/1336 1423/1428/1335 1069/1431/1337 744/1432/1338
f 744/1432/1338 1069/1431/1337 1424/1433/1339 1070/1434/1340
f 1069/1431/1337 635/1430/1137 966/1238/1134 1424/1433/1339
f 1424/1433/1339 966/1238/1134 631/1236/1133 1071/1435/1341
f 1070/1434/1340 1424/1433/1339 1071/1435/1341 743/1436/1342
f 743/1436/1343 1071/1435/1344 1425/1437/1345 1072/1438/1346
f 1071/1435/1344 631/1236/1131 964/1233/1128 1425/1437/1345
f 1425/1437/1345 964/1233/1128 626/590/521 1073/593/524
f 1072/1438/1346 1425/1437/1345 1073/593/524 741/598/529
f 726/775/556 1075/773/556 1426/1439/1347 1074/1440/1347
f 1075/773/556 673/630/556 1076/1441/1347 1426/1439/1347
f 1426/1439/1347 1076/1441/1347 675/1442/1348 1077/1443/1348
f 1074/1440/1347 1426/1439/1347 1077/1443/1348 728/1444/1348
f 728/1444/1348 1077/1443/1348 1427/1445/1349 1078/1446/1349
f 1077/1443/1348 675/1442/1348 1079/1447/1349 1427/1445/1349
f 1427/1445/1349 1079/1447/1349 676/1448/1350 1080/1449/1350
f 1078/1446/1349 1427/1445/1349 1080/1449/1350 727/1450/1350
f 727/1450/1351 1080/1449/1352 1428/1451/1353 1081/1452/1354
f 1080/1449/1352 676/1448/1355 1082/1453/1356 1428/1451/1353
f 1428/1451/1353 1082/1453/1356 674/644/568 1083/647/571
f 1081/1452/1354 1428/1451/1353 1083/647/571 725/652/575
f 730/692/615 1085/770/615 1429/1454/1357 1084/1455/1357
f 1085/770/615 677/708/615 1086/1456/1357 1429/1454/1357
f 1429/1454/1357 1086/1456/1357 679/1457/1358 1087/1458/1358
f 1084/1455/1357 1429/1454/1357 1087/1458/1358 732/1459/1358
f 732/1459/1358 1087/1458/1358 1430/1460/1359 1088/1461/1359
f 1087/1458/1358 679/1457/1358 1089/1462/1359 1430/1460/1359
f 1430/1460/1359 1089/1462/1359 680/1463/1360 1090/1464/1360
f 1088/1461/1359 1430/1460/1359 1090/1464/1360 731/1465/1360
f 731/1465/1361 1090/1464/1362 1431/1466/1363 1091/1467/1364
f 1090/1464/1362 680/1463/1365 1092/1468/1366 1431/1466/1363
f 1431/1466/1363 1092/1468/1366 678/616/546 1093/780/692
f 1091/1467/1364 1431/1466/1363 1093/780/692 729/713/625
f 682/719/631 1095/722/634 1432/1469/1367 1094/1470/1368
f 1095/722/634 693/671/594 1096/1471/1369 1432/1469/1367
f 1432/1469/1367 1096/1471/1369 695/1472/1370 1097/1473/1371
f 1094/1470/1368 1432/1469/1367 1097/1473/1371 684/1474/1372
f 684/1475/1372 1097/1476/1371 1433/1477/1373 1098/1478/1374
f 1097/1476/1371 695/1479/1370 1099/1480/1375 1433/1477/1373
f 1433/1477/1373 1099/1480/1375 696/1481/1376 1100/1482/1377
f 1098/1478/1374 1433/1477/1373 1100/1482/1377 683/1483/1378
f 683/1483/1379 1100/1482/1380 1434/1484/1381 1101/1485/1382
f 1100/1482/1380 696/1481/1383 1102/1486/1384 1434/1484/1381
f 1434/1484/1381 1102/1486/1384 694/826/729 1103/825/728
f 1101/1485/1382 1434/1484/1381 1103/825/728 681/587/518
f 698/667/590 1105/699/620 1435/1487/1385 1104/1488/1386
f 1105/699/620 685/703/624 1106/1489/1387 1435/1487/1385
f 1435/1487/1385 1106/1489/1387 687/1490/1388 1107/1491/1389
f 1104/1488/1386 1435/1487/1385 1107/1491/1389 700/1492/1390
f 700/1493/1390 1107/1494/1389 1436/1495/1391 1108/1496/1392
f 1107/1494/1389 687/1497/1388 1109/1498/1393 1436/1495/1391
f 1436/1495/1391 1109/1498/1393 688/1499/1394 1110/1500/1395
f 1108/1496/1392 1436/1495/1391 1110/1500/1395 699/1501/1396
f 699/1501/1397 1110/1500/1398 1437/1502/1399 1111/1503/1400
f 1110/1500/1398 688/1499/1401 1112/1504/1402 1437/1502/1399
f 1437/1502/1399 1112/1504/1402 686/656/579 1113/655/578
f 1111/1503/1400 1437/1502/1399 1113/655/578 697/650/574
f 690/648/572 1115/901/805 1438/1505/1403 1114/1506/1404
f 1115/901/805 694/826/729 1102/1486/1384 1438/1505/1403
f 1438/1505/1403 1102/1486/1384 696/1481/1383 1116/1507/1405
f 1114/1506/1404 1438/1505/1403 1116/1507/1405 692/1508/1406
f 692/1508/1407 1116/1507/1408 1439/1509/1409 1117/1510/1410
f 1116/1507/1408 696/1481/1376 1099/1511/1375 1439/1509/1409
f 1439/1509/1409 1099/1511/1375 695/1512/1370 1118/1513/1411
f 1117/1510/1410 1439/1509/1409 1118/1513/1411 691/1514/1412
f 691/1515/1412 1118/1516/1411 1440/1517/1413 1119/1518/1414
f 1118/1516/1411 695/1519/1370 1096/1520/1369 1440/1517/1413
f 1440/1517/1413 1096/1520/1369 693/671/594 1120/674/597
f 1119/1518/1414 1440/1517/1413 1120/674/597 689/659/582
f 689/659/582 1121/662/585 1441/1521/1415 1119/1522/1414
f 1121/662/585 698/667/590 1104/1523/1386 1441/1521/1415
f 1441/1521/1415 1104/1523/1386 700/1524/1390 1122/1525/1416
f 1119/1522/1414 1441/1521/1415 1122/1525/1416 691/1526/1412
f 691/1527/1412 1122/1528/1416 1442/1529/1417 1117/1530/1410
f 1122/1528/1416 700/1531/1390 1108/1532/1392 1442/1529/1417
f 1442/1529/1417 1108/1532/1392 699/1501/1396 1123/1533/1418
f 1117/1530/1410 1442/1529/1417 1123/1533/1418 692/1508/1407
f 692/1508/1406 1123/1533/1419 1443/1534/1420 1114/1506/1404
f 1123/1533/1419 699/1501/1397 1111/1503/1400 1443/1534/1420
f 1443/1534/1420 1111/1503/1400 697/650/574 1124/649/573
f 1114/1506/1404 1443/1534/1420 1124/649/573 690/648/572
f 738/635/559 1126/817/556 1444/1535/1347 1125/1536/1421
f 1126/817/556 726/775/556 1074/1440/1347 1444/1535/1347
f 1444/1535/1347 1074/1440/1347 728/1444/1348 1127/1537/1348
f 1125/1536/1421 1444/1535/1347 1127/1537/1348 740/1538/1422
f 740/1538/1422 1127/1537/1348 1445/1539/1349 1128/1540/1423
f 1127/1537/1348 728/1444/1348 1078/1446/1349 1445/1539/1349
f 1445/1539/1349 1078/1446/1349 727/1450/1350 1129/1541/1350
f 1128/1540/1423 1445/1539/1349 1129/1541/1350 739/1542/1424
f 739/1542/1425 1129/1541/1426 1446/1543/1427 1130/1544/1428
f 1129/1541/1426 727/1450/1351 1081/1452/1354 1446/1543/1427
f 1446/1543/1427 1081/1452/1354 725/652/575 1131/654/577
f 1130/1544/1428 1446/1543/1427 1131/654/577 737/658/581
f 702/701/622 1133/700/621 1447/1545/1429 1132/1546/1430
f 1133/700/621 713/665/588 1134/1547/1431 1447/1545/1429
f 1447/1545/1429 1134/1547/1431 715/1548/1432 1135/1549/1433
f 1132/1546/1430 1447/1545/1429 1135/1549/1433 704/1550/1434
f 704/1551/1434 1135/1552/1433 1448/1553/1435 1136/1554/1436
f 1135/1552/1433 715/1555/1432 1137/1556/1437 1448/1553/1435
f 1448/1553/1435 1137/1556/1437 716/1557/1438 1138/1558/1439
f 1136/1554/1436 1448/1553/1435 1138/1558/1439 703/1559/1440
f 703/1559/1441 1138/1558/1442 1449/1560/1443 1139/1561/1444
f 1138/1558/1442 716/1557/1445 1140/1562/1446 1449/1560/1443
f 1449/1560/1443 1140/1562/1446 714/612/542 1141/670/593
f 1139/1561/1444 1449/1560/1443 1141/670/593 701/596/527
f 673/630/556 1142/627/556 1450/1563/1347 1076/1441/1347
f 1142/627/556 745/626/556 1143/1564/1347 1450/1563/1347
f 1450/1563/1347 1143/1564/1347 747/1565/1348 1144/1566/1348
f 1076/1441/1347 1450/1563/1347 1144/1566/1348 675/1442/1348
f 675/1442/1348 1144/1566/1348 1451/1567/1349 1079/1447/1349
f 1144/1566/1348 747/1565/1348 1145/1568/1349 1451/1567/1349
f 1451/1567/1349 1145/1568/1349 748/1569/1350 1146/1570/1350
f 1079/1447/1349 1451/1567/1349 1146/1570/1350 676/1448/1350
f 676/1448/1355 1146/1570/1447 1452/1571/1448 1082/1453/1356
f 1146/1570/1447 748/1569/1449 1147/1572/1450 1452/1571/1448
f 1452/1571/1448 1147/1572/1450 746/828/731 1148/900/804
f 1082/1453/1356 1452/1571/1448 1148/900/804 674/644/568
f 718/675/598 1150/724/636 1453/1573/1451 1149/1574/1452
f 1150/724/636 705/723/635 1151/1575/1453 1453/1573/1451
f 1453/1573/1451 1151/1575/1453 707/1576/1454 1152/1577/1455
f 1149/1574/1452 1453/1573/1451 1152/1577/1455 720/1578/1456
f 720/1579/1456 1152/1580/1455 1454/1581/1457 1153/1582/1458
f 1152/1580/1455 707/1583/1454 1154/1584/1459 1454/1581/1457
f 1454/1581/1457 1154/1584/1459 708/1585/1460 1155/1586/1461
f 1153/1582/1458 1454/1581/1457 1155/1586/1461 719/1587/1462
f 719/1587/1463 1155/1586/1464 1455/1588/1465 1156/1589/1466
f 1155/1586/1464 708/1585/1467 1157/1590/1468 1455/1588/1465
f 1455/1588/1465 1157/1590/1468 706/576/507 1158/718/630
f 1156/1589/1466 1455/1588/1465 1158/718/630 717/717/629
f 710/663/586 1160/676/599 1456/1591/1469 1159/1592/1470
f 1160/676/599 718/675/598 1149/1593/1452 1456/1591/1469
f 1456/1591/1469 1149/1593/1452 720/1594/1456 1161/1595/1471
f 1159/1592/1470 1456/1591/1469 1161/1595/1471 712/1596/1472
f 712/1597/1472 1161/1598/1471 1457/1599/1473 1162/1600/1474
f 1161/1598/1471 720/1601/1456 1153/1602/1458 1457/1599/1473
f 1457/1599/1473 1153/1602/1458 719/1587/1462 1163/1603/1475
f 1162/1600/1474 1457/1599/1473 1163/1603/1475 711/1604/1476
f 711/1604/1477 1163/1603/1478 1458/1605/1479 1164/1606/1480
f 1163/1603/1478 719/1587/1463 1156/1589/1466 1458/1605/1479
f 1458/1605/1479 1156/1589/1466 717/717/629 1165/781/693
f 1164/1606/1480 1458/1605/1479 1165/781/693 709/614/544
f 661/680/603 1166/679/602 1459/1607/1481 1011/1329/1237
f 1166/679/602 686/656/579 1112/1504/1402 1459/1607/1481
f 1459/1607/1481 1112/1504/1402 688/1499/1401 1167/1608/1482
f 1011/1329/1237 1459/1607/1481 1167/1608/1482 664/1332/1240
f 664/1332/1245 1167/1608/1483 1460/1609/1484 1014/1337/1246
f 1167/1608/1483 688/1499/1394 1109/1610/1393 1460/1609/1484
f 1460/1609/1484 1109/1610/1393 687/1611/1388 1168/1612/1485
f 1014/1337/1246 1460/1609/1484 1168/1612/1485 668/1339/1249
f 668/1350/1249 1168/1613/1485 1461/1614/1486 1017/1345/1256
f 1168/1613/1485 687/1615/1388 1106/1616/1387 1461/1614/1486
f 1461/1614/1486 1106/1616/1387 685/703/624 1169/753/672
f 1017/1345/1256 1461/1614/1486 1169/753/672 662/752/671
f 701/596/527 1170/595/526 1462/1617/1487 1139/1561/1444
f 1170/595/526 638/594/525 981/1272/1171 1462/1617/1487
f 1462/1617/1487 981/1272/1171 644/1265/1176 1171/1618/1488
f 1139/1561/1444 1462/1617/1487 1171/1618/1488 703/1559/1441
f 703/1559/1440 1171/1618/1489 1463/1619/1490 1136/1620/1436
f 1171/1618/1489 644/1265/1165 978/1262/1163 1463/1619/1490
f 1463/1619/1490 978/1262/1163 640/1261/1158 1172/1621/1491
f 1136/1620/1436 1463/1619/1490 1172/1621/1491 704/1622/1434
f 704/1623/1434 1172/1624/1491 1464/1625/1492 1132/1626/1430
f 1172/1624/1491 640/1256/1158 975/1253/1155 1464/1625/1492
f 1464/1625/1492 975/1253/1155 637/757/676 1173/756/675
f 1132/1626/1430 1464/1625/1492 1173/756/675 702/701/622
f 613/813/722 1174/811/720 1465/1627/1493 939/1176/1073
f 1174/811/720 682/719/631 1094/1628/1368 1465/1627/1493
f 1465/1627/1493 1094/1628/1368 684/1629/1372 1175/1630/1494
f 939/1176/1073 1465/1627/1493 1175/1630/1494 616/1179/1076
f 616/1184/1076 1175/1631/1494 1466/1632/1495 942/1185/1081
f 1175/1631/1494 684/1633/1372 1098/1634/1374 1466/1632/1495
f 1466/1632/1495 1098/1634/1374 683/1483/1378 1176/1635/1496
f 942/1185/1081 1466/1632/1495 1176/1635/1496 620/1188/1083
f 620/1188/1094 1176/1635/1497 1467/1636/1498 945/1195/1089
f 1176/1635/1497 683/1483/1379 1101/1485/1382 1467/1636/1498
f 1467/1636/1498 1101/1485/1382 681/587/518 1177/586/517
f 945/1195/1089 1467/1636/1498 1177/586/517 614/585/516
f 589/578/509 1178/577/508 1468/1637/1499 903/1098/991
f 1178/577/508 706/576/507 1157/1590/1468 1468/1637/1499
f 1468/1637/1499 1157/1590/1468 708/1585/1467 1179/1638/1500
f 903/1098/991 1468/1637/1499 1179/1638/1500 592/1101/994
f 592/1101/999 1179/1638/1501 1469/1639/1502 906/1106/1000
f 1179/1638/1501 708/1585/1460 1154/1640/1459 1469/1639/1502
f 1469/1639/1502 1154/1640/1459 707/1641/1454 1180/1642/1503
f 906/1106/1000 1469/1639/1502 1180/1642/1503 596/1108/1003
f 596/1119/1003 1180/1643/1503 1470/1644/1504 909/1114/1010
f 1180/1643/1503 707/1645/1454 1151/1646/1453 1470/1644/1504
f 1470/1644/1504 1151/1646/1453 705/723/635 1181/816/725
f 909/1114/1010 1470/1644/1504 1181/816/725 590/815/724
f 577/687/610 1182/684/607 1471/1647/1505 885/1058/950
f 1182/684/607 721/683/606 1183/1648/1506 1471/1647/1505
f 1471/1647/1505 1183/1648/1506 723/1649/1507 1184/1650/1508
f 885/1058/950 1471/1647/1505 1184/1650/1508 580/1061/953
f 580/1061/953 1184/1650/1508 1472/1651/1509 888/1066/958
f 1184/1650/1508 723/1649/1507 1185/1652/1510 1472/1651/1509
f 1472/1651/1509 1185/1652/1510 724/1653/1511 1186/1654/1512
f 888/1066/958 1472/1651/1509 1186/1654/1512 584/1068/960
f 584/1068/971 1186/1654/1513 1473/1655/1514 891/1074/966
f 1186/1654/1513 724/1653/1515 1187/1656/1516 1473/1655/1514
f 1473/1655/1514 1187/1656/1516 722/572/503 1188/575/506
f 891/1074/966 1473/1655/1514 1188/575/506 578/580/511
f 721/683/606 1189/693/616 1474/1657/1517 1183/1648/1506
f 1189/693/616 730/692/615 1084/1455/1357 1474/1657/1517
f 1474/1657/1517 1084/1455/1357 732/1459/1358 1190/1658/1518
f 1183/1648/1506 1474/1657/1517 1190/1658/1518 723/1649/1507
f 723/1649/1507 1190/1658/1518 1475/1659/1519 1185/1652/1510
f 1190/1658/1518 732/1459/1358 1088/1461/1359 1475/1659/1519
f 1475/1659/1519 1088/1461/1359 731/1465/1360 1191/1660/1520
f 1185/1652/1510 1475/1659/1519 1191/1660/1520 724/1653/1511
f 724/1653/1515 1191/1660/1521 1476/1661/1522 1187/1656/1516
f 1191/1660/1521 731/1465/1361 1091/1467/1364 1476/1661/1522
f 1476/1661/1522 1091/1467/1364 729/713/625 1192/716/628
f 1187/1656/1516 1476/1661/1522 1192/716/628 722/572/503
f 677/708/615 1193/705/615 1477/1662/1357 1086/1456/1357
f 1193/705/615 733/704/615 1194/1663/1357 1477/1662/1357
f 1477/1662/1357 1194/1663/1357 735/1664/1358 1195/1665/1358
f 1086/1456/1357 1477/1662/1357 1195/1665/1358 679/1457/1358
f 679/1457/1358 1195/1665/1358 1478/1666/1359 1089/1462/1359
f 1195/1665/1358 735/1664/1358 1196/1667/1359 1478/1666/1359
f 1478/1666/1359 1196/1667/1359 736/1668/1360 1197/1669/1360
f 1089/1462/1359 1478/1666/1359 1197/1669/1360 680/1463/1360
f 680/1463/1365 1197/1669/1523 1479/1670/1524 1092/1468/1366
f 1197/1669/1523 736/1668/1525 1198/1671/1526 1479/1670/1524
f 1479/1670/1524 1198/1671/1526 734/608/539 1199/611/541
f 1092/1468/1366 1479/1670/1524 1199/611/541 678/616/546
f 733/704/615 1200/890/615 1480/1672/1357 1194/1663/1357
f 1200/890/615 742/603/534 1067/1429/1336 1480/1672/1357
f 1480/1672/1357 1067/1429/1336 744/1432/1338 1201/1673/1358
f 1194/1663/1357 1480/1672/1357 1201/1673/1358 735/1664/1358
f 735/1664/1358 1201/1673/1358 1481/1674/1359 1196/1667/1359
f 1201/1673/1358 744/1432/1338 1070/1434/1340 1481/1674/1359
f 1481/1674/1359 1070/1434/1340 743/1436/1342 1202/1675/1360
f 1196/1667/1359 1481/1674/1359 1202/1675/1360 736/1668/1360
f 736/1668/1525 1202/1675/1527 1482/1676/1528 1198/1671/1526
f 1202/1675/1527 743/1436/1343 1072/1438/1346 1482/1676/1528
f 1482/1676/1528 1072/1438/1346 741/598/529 1203/669/592
f 1198/1671/1526 1482/1676/1528 1203/669/592 734/608/539
f 709/614/544 1204/613/543 1483/1677/1529 1164/1606/1480
f 1204/613/543 714/612/542 1140/1562/1446 1483/1677/1529
f 1483/1677/1529 1140/1562/1446 716/1557/1445 1205/1678/1530
f 1164/1606/1480 1483/1677/1529 1205/1678/1530 711/1604/1477
f 711/1604/1476 1205/1678/1531 1484/1679/1532 1162/1680/1474
f 1205/1678/1531 716/1557/1438 1137/1681/1437 1484/1679/1532
f 1484/1679/1532 1137/1681/1437 715/1682/1432 1206/1683/1533
f 1162/1680/1474 1484/1679/1532 1206/1683/1533 712/1684/1472
f 712/1685/1472 1206/1686/1533 1485/1687/1534 1159/1688/1470
f 1206/1686/1533 715/1689/1432 1134/1690/1431 1485/1687/1534
f 1485/1687/1534 1134/1690/1431 713/665/588 1207/664/587
f 1159/1688/1470 1485/1687/1534 1207/664/587 710/663/586
f 651/639/563 1208/636/560 1486/1691/1535 1006/1320/1224
f 1208/636/560 738/635/559 1125/1536/1421 1486/1691/1535
f 1486/1691/1535 1125/1536/1421 740/1538/1422 1209/1692/1536
f 1006/1320/1224 1486/1691/1535 1209/1692/1536 658/1323/1227
f 658/1323/1227 1209/1692/1536 1487/1693/1537 1008/1325/1229
f 1209/1692/1536 740/1538/1422 1128/1540/1423 1487/1693/1537
f 1487/1693/1537 1128/1540/1423 739/1542/1424 1210/1694/1538
f 1008/1325/1229 1487/1693/1537 1210/1694/1538 653/1302/1231
f 653/1302/1203 1210/1694/1539 1488/1695/1540 992/1297/1198
f 1210/1694/1539 739/1542/1425 1130/1544/1428 1488/1695/1540
f 1488/1695/1540 1130/1544/1428 737/658/581 1211/678/601
f 992/1297/1198 1488/1695/1540 1211/678/601 649/682/605
f 745/626/556 1212/820/556 1489/1696/1347 1143/1564/1347
f 1212/820/556 750/621/551 1044/1399/1302 1489/1696/1347
f 1489/1696/1347 1044/1399/1302 752/1401/1304 1213/1697/1348
f 1143/1564/1347 1489/1696/1347 1213/1697/1348 747/1565/1348
f 747/1565/1348 1213/1697/1348 1490/1698/1349 1145/1568/1349
f 1213/1697/1348 752/1401/1304 1047/1403/1306 1490/1698/1349
f 1490/1698/1349 1047/1403/1306 751/1405/1308 1214/1699/1350
f 1145/1568/1349 1490/1698/1349 1214/1699/1350 748/1569/1350
f 748/1569/1449 1214/1699/1541 1491/1700/1542 1147/1572/1450
f 1214/1699/1541 751/1405/1309 1049/1407/1312 1491/1700/1542
f 1491/1700/1542 1049/1407/1312 749/589/520 1215/824/727
f 1147/1572/1450 1491/1700/1542 1215/824/727 746/828/731
f 577/1373/610 1028/1371/1278 1492/1701/1543 1216/1702/611
f 1028/1371/1278 603/617/547 1217/620/550 1492/1701/1543
f 1492/1701/1543 1217/620/550 525/625/555 781/918/824
f 1216/1702/611 1492/1701/1543 781/918/824 522/917/612
