# Blender v3.6.10 OBJ File: 'TownOne.blend'
# www.blender.org
mtllib Frankenstein.mtl
g Cube.013_Cube.020
v -0.624911 7.633528 0.362521
v -0.470956 9.343922 0.589279
v -0.624911 7.637581 -0.383296
v -0.470956 9.307757 -0.286758
v 0.519440 7.633528 0.362521
v 0.365485 9.343922 0.589279
v 0.519440 7.637581 -0.383296
v 0.365485 9.307757 -0.286758
v -0.512972 8.404882 0.580250
v -0.512972 8.291755 -0.465700
v 0.407500 8.291755 -0.465700
v 0.407500 8.404882 0.580250
v -0.122806 8.138515 -0.560201
v 0.017334 8.138515 -0.560201
v -0.646514 8.227152 0.512210
v 0.541043 8.227152 0.512210
v 0.541043 8.155604 -0.509896
v -0.646514 8.155604 -0.509896
v 0.057581 7.477150 -0.516019
v -0.163052 7.477150 -0.516019
v 0.207546 9.304305 -0.390459
v -0.313017 9.304305 -0.390459
v -0.286869 7.472408 0.330769
v 0.181398 7.472408 0.330769
v -0.313017 9.347375 0.692980
v 0.207546 9.347375 0.692980
v 0.181398 8.418490 0.743547
v -0.286869 8.418490 0.743547
v -0.286869 8.291755 -0.713671
v 0.181397 8.291755 -0.713671
v -0.286869 8.187287 0.743547
v 0.181398 8.187287 0.743547
v -0.569903 7.968274 -0.504286
v 0.464432 7.968274 -0.504286
v 0.464432 7.955148 0.448705
v -0.569903 7.955148 0.448705
v -0.116243 7.931890 -0.506573
v 0.181398 7.727579 0.448705
v 0.010772 7.931890 -0.506573
v -0.286869 7.727579 0.448705
v -0.598078 7.798894 -0.442315
v 0.492607 7.798894 -0.442315
v 0.492607 7.790416 0.404562
v 0.037022 7.804414 -0.517983
v -0.286869 7.596882 0.388299
v -0.598078 7.790416 0.404562
v -0.142493 7.804414 -0.517983
v 0.181398 7.596882 0.388299
v -0.611495 7.718237 -0.412806
v 0.506023 7.718237 -0.412806
v 0.506023 7.711972 0.383541
v 0.088162 7.624810 -0.568247
v -0.286869 7.534645 0.359534
v -0.611495 7.711972 0.383541
v -0.193633 7.624810 -0.568247
v 0.181398 7.534645 0.359534
v 0.266710 7.697886 -0.424672
v 0.181397 7.285948 -0.278967
v -0.286869 7.285948 -0.278967
v -0.372182 7.697886 -0.424672
v 0.006182 8.123523 -0.613932
v -0.111654 8.123523 -0.613932
v -0.106136 7.945761 -0.589039
v 0.000664 7.945761 -0.589039
vt 0.491512 0.000000
vt 0.625000 0.000000
vt 0.625000 0.250000
vt 0.491512 0.250000
vt 0.813591 0.500000
vt 0.875000 0.500000
vt 0.875000 0.750000
vt 0.813591 0.750000
vt 0.491512 0.500000
vt 0.625000 0.500000
vt 0.625000 0.750000
vt 0.491512 0.750000
vt 0.625000 0.811409
vt 0.491512 0.811409
vt 0.468092 0.434257
vt 0.491512 0.438591
vt 0.468092 0.500000
vt 0.468092 0.750000
vt 0.468092 0.815743
vt 0.491512 0.938591
vt 0.625000 0.938591
vt 0.625000 1.000000
vt 0.491512 1.000000
vt 0.686409 0.500000
vt 0.686409 0.750000
vt 0.468092 0.000000
vt 0.468092 0.250000
vt 0.292033 0.500000
vt 0.375000 0.500000
vt 0.375000 0.750000
vt 0.292033 0.750000
vt 0.468092 0.934257
vt 0.468092 1.000000
vt 0.625000 0.311409
vt 0.491512 0.311409
vt 0.468092 0.315743
vt 0.625000 0.438591
vt 0.383079 0.399493
vt 0.378268 0.396832
vt 0.378268 0.353168
vt 0.383079 0.350507
vt 0.386347 0.919133
vt 0.375000 0.917033
vt 0.375000 0.832967
vt 0.386347 0.830867
vt 0.207967 0.750000
vt 0.207967 0.500000
vt 0.125000 0.500000
vt 0.125000 0.750000
vt 0.421527 0.250001
vt 0.421524 0.324357
vt 0.421524 0.925643
vt 0.421529 0.999998
vt 0.421525 -0.000000
vt 0.421527 0.499999
vt 0.421527 0.750001
vt 0.421524 0.824357
vt 0.421524 0.425643
vt 0.397695 0.421233
vt 0.397696 0.500000
vt 0.397696 0.750000
vt 0.397695 0.828767
vt 0.397695 -0.000000
vt 0.397696 0.250000
vt 0.397695 0.921233
vt 0.397697 0.999999
vt 0.397695 0.328767
vt 0.468092 0.434257
vt 0.468092 0.315743
vt 0.386348 0.250000
vt 0.386347 0.330867
vt 0.386348 0.999999
vt 0.386348 -0.000000
vt 0.386348 0.500000
vt 0.386348 0.750000
vt 0.386347 0.419133
vt 0.375000 0.417033
vt 0.375000 0.000000
vt 0.375000 0.250000
vt 0.375000 1.000000
vt 0.375000 0.332967
vt 0.421524 0.425643
vt 0.421524 0.324357
vn -0.8262 0.1740 0.5359
vn -0.6894 0.6339 0.3506
vn -0.7081 0.6392 -0.3001
vn -0.8227 0.1702 -0.5425
vn -0.2579 0.7349 -0.6272
vn -0.2322 0.6781 0.6973
vn 0.8227 0.1702 -0.5425
vn 0.7081 0.6392 -0.3001
vn 0.6894 0.6339 0.3506
vn 0.8262 0.1740 0.5359
vn 0.2322 0.6781 0.6973
vn 0.2914 0.0318 0.9561
vn 0.3863 -0.1876 -0.9031
vn 0.3020 -0.1034 -0.9477
vn 0.8253 -0.0473 -0.5627
vn 0.9049 0.0735 0.4192
vn 0.2607 -0.2463 0.9335
vn -0.2914 0.0318 0.9561
vn 0.2579 0.7349 -0.6272
vn -0.9049 0.0735 0.4192
vn -0.8253 -0.0473 -0.5627
vn 0.3341 -0.9082 -0.2523
vn 0.7588 -0.3996 -0.5143
vn 0.7651 -0.3931 0.5100
vn 0.2284 -0.7605 0.6078
vn -0.2607 -0.2463 0.9335
vn -0.3020 -0.1034 -0.9477
vn -0.3863 -0.1876 -0.9031
vn 0.3099 0.2635 -0.9135
vn 0.2836 -0.5363 -0.7950
vn -0.2836 -0.5363 -0.7950
vn -0.3099 0.2635 -0.9135
vn -0.0505 -0.3724 0.9267
vn -0.2284 -0.7605 0.6078
vn 0.0505 -0.3724 0.9267
vn -0.3341 -0.9082 -0.2523
vn -0.7588 -0.3996 -0.5143
vn -0.7651 -0.3931 0.5100
vn -0.6267 -0.1859 -0.7567
vn -0.2461 -0.3252 -0.9130
vn -0.1432 -0.4216 0.8954
vn -0.7842 -0.3154 0.5345
vn 0.6267 -0.1859 -0.7567
vn 0.7842 -0.3154 0.5345
vn 0.1432 -0.4216 0.8954
vn 0.2461 -0.3252 -0.9130
vn 0.0365 -0.3508 -0.9358
vn 0.7576 -0.0992 -0.6451
vn 0.7734 -0.0990 0.6261
vn 0.0752 -0.3699 0.9260
vn -0.7734 -0.0990 0.6261
vn -0.7576 -0.0992 -0.6451
vn -0.0752 -0.3699 0.9260
vn -0.0365 -0.3508 -0.9358
vn 0.5360 0.4403 -0.7203
vn -0.5360 0.4403 -0.7203
vn -0.7543 -0.1516 -0.6388
vn -0.2203 -0.3165 -0.9227
vn -0.7547 -0.1070 0.6473
vn 0.7543 -0.1516 -0.6388
vn 0.7547 -0.1070 0.6473
vn 0.2203 -0.3165 -0.9227
vn 0.5310 -0.5776 -0.6200
vn -0.5310 -0.5776 -0.6200
usemtl None
s 1
f 9/1/1 2/2/2 4/3/3 10/4/4
f 22/5/5 4/6/3 2/7/2 25/8/6
f 11/9/7 8/10/8 6/11/9 12/12/10
f 12/12/10 6/11/9 26/13/11 27/14/12
f 14/15/13 30/16/14 11/9/7 17/17/15
f 16/18/16 12/12/10 27/14/12 32/19/17
f 28/20/18 25/21/6 2/22/2 9/23/1
f 17/17/15 11/9/7 12/12/10 16/18/16
f 8/10/8 21/24/19 26/25/11 6/11/9
f 15/26/20 9/1/1 10/4/4 18/27/21
f 58/28/22 7/29/23 5/30/24 24/31/25
f 31/32/26 28/20/18 9/23/1 15/33/20
f 10/4/4 4/3/3 22/34/5 29/35/27
f 18/27/21 10/4/4 29/35/27 13/36/28
f 28/20/18 31/32/26 32/19/17 27/14/12
f 30/16/14 21/37/19 8/10/8 11/9/7
f 52/38/29 19/39/30 20/40/31 55/41/32
f 53/42/33 23/43/34 24/44/25 56/45/35
f 22/5/5 25/8/6 26/25/11 21/24/19
f 58/28/22 24/31/25 23/46/34 59/47/36
f 25/21/6 28/20/18 27/14/12 26/13/11
f 21/37/19 30/16/14 29/35/27 22/34/5
f 3/48/37 59/47/36 23/46/34 1/49/38
f 30/16/14 14/15/13 13/36/28 29/35/27
f 33/50/39 18/27/21 13/36/28 37/51/40
f 40/52/41 31/32/26 15/33/20 36/53/42
f 36/54/42 15/26/20 18/27/21 33/50/39
f 34/55/43 17/17/15 16/18/16 35/56/44
f 35/56/44 16/18/16 32/19/17 38/57/45
f 39/58/46 14/15/13 17/17/15 34/55/43
f 44/59/47 39/58/46 34/55/43 42/60/48
f 43/61/49 35/56/44 38/57/45 48/62/50
f 42/60/48 34/55/43 35/56/44 43/61/49
f 46/63/51 36/54/42 33/50/39 41/64/52
f 45/65/53 40/52/41 36/53/42 46/66/51
f 41/64/52 33/50/39 37/51/40 47/67/54
f 31/32/26 40/52/41 38/57/45 32/19/17
f 13/36/28 14/15/13 61/68/55 62/69/56
f 49/70/57 41/64/52 47/67/54 60/71/58
f 53/42/33 45/65/53 46/66/51 54/72/59
f 54/73/59 46/63/51 41/64/52 49/70/57
f 50/74/60 42/60/48 43/61/49 51/75/61
f 51/75/61 43/61/49 48/62/50 56/45/35
f 57/76/62 44/59/47 42/60/48 50/74/60
f 40/52/41 45/65/53 48/62/50 38/57/45
f 39/58/46 44/59/47 47/67/54 37/51/40
f 58/77/22 57/76/62 50/74/60 7/29/23
f 5/30/24 51/75/61 56/45/35 24/44/25
f 7/29/23 50/74/60 51/75/61 5/30/24
f 1/78/38 54/73/59 49/70/57 3/79/37
f 23/43/34 53/42/33 54/72/59 1/80/38
f 3/79/37 49/70/57 60/71/58 59/81/36
f 45/65/53 53/42/33 56/45/35 48/62/50
f 44/59/47 57/76/62 60/71/58 47/67/54
f 19/39/30 52/38/29 57/76/62 58/77/22
f 20/40/31 19/39/30 58/77/22 59/81/36
f 55/41/32 20/40/31 59/81/36 60/71/58
f 52/38/29 55/41/32 60/71/58 57/76/62
f 61/68/55 64/82/63 63/83/64 62/69/56
f 14/15/13 39/58/46 64/82/63 61/68/55
f 39/58/46 37/51/40 63/83/64 64/82/63
f 37/51/40 13/36/28 62/69/56 63/83/64
g Cube.014_Cube.021
v -0.705972 7.964663 0.274962
v -0.707823 8.186863 0.275475
v -0.738728 7.964663 0.156633
v -0.740579 8.186863 0.157146
v -0.504265 7.902352 0.219125
v -0.514780 8.186479 0.222036
v -0.537021 7.902352 0.100797
v -0.547536 8.186479 0.103707
v -0.643914 7.900725 0.109154
v -0.651071 8.222654 0.111136
v -0.600239 7.900725 0.266926
v -0.607397 8.222654 0.268907
v -0.720271 8.078440 0.300153
v -0.763945 8.078440 0.142382
v -0.523043 8.061536 0.075694
v -0.479368 8.061536 0.233466
v -0.593269 8.072139 0.307462
v -0.658781 8.072139 0.070804
v 0.600500 7.964663 0.274962
v 0.602351 8.186863 0.275475
v 0.633256 7.964663 0.156633
v 0.635108 8.186863 0.157146
v 0.398794 7.902352 0.219125
v 0.409308 8.186479 0.222036
v 0.431550 7.902352 0.100797
v 0.442064 8.186479 0.103707
v 0.538442 7.900725 0.109154
v 0.545600 8.222654 0.111136
v 0.494768 7.900725 0.266926
v 0.501926 8.222654 0.268907
v 0.614799 8.078440 0.300153
v 0.658474 8.078440 0.142382
v 0.417571 8.061536 0.075694
v 0.373897 8.061536 0.233466
v 0.487798 8.072139 0.307462
v 0.553310 8.072139 0.070804
v -0.728506 7.960791 0.217502
v -0.716263 8.143640 0.295407
v -0.730124 8.191654 0.217950
v -0.757243 8.011691 0.144163
v -0.704743 7.932387 0.129630
v -0.590885 8.209948 0.098112
v -0.526612 7.966014 0.080320
v -0.514496 7.889266 0.158259
v -0.526074 8.191319 0.161464
v -0.484807 7.966014 0.231335
v -0.539164 7.889278 0.246382
v -0.666849 8.210118 0.281728
v -0.580969 7.889278 0.095367
v -0.708653 8.210118 0.130713
v -0.662939 7.932387 0.280645
v -0.549081 8.209948 0.249127
v -0.629678 8.244186 0.190144
v -0.621447 7.873969 0.187866
v -0.592438 7.975666 0.301923
v -0.655220 7.975666 0.075127
v -0.715438 8.011691 0.295178
v -0.758067 8.143640 0.144391
v -0.533443 8.140902 0.082211
v -0.491639 8.140902 0.233226
v -0.596553 8.160775 0.303063
v -0.659336 8.160775 0.076266
v -0.725038 8.076192 0.094454
v -0.523736 8.066473 0.282905
v -0.662255 8.076192 0.321251
v -0.482045 8.059731 0.149276
v -0.586519 8.066473 0.056109
v -0.759083 8.079169 0.225967
v 0.623035 7.960791 0.217502
v 0.610792 8.143640 0.295407
v 0.624653 8.191654 0.217950
v 0.651771 8.011691 0.144163
v 0.599272 7.932387 0.129630
v 0.485414 8.209948 0.098112
v 0.421140 7.966014 0.080320
v 0.409025 7.889266 0.158259
v 0.420603 8.191319 0.161464
v 0.379336 7.966014 0.231335
v 0.433693 7.889278 0.246382
v 0.561377 8.210118 0.281728
v 0.475497 7.889278 0.095367
v 0.603182 8.210118 0.130712
v 0.557468 7.932387 0.280645
v 0.443610 8.209948 0.249127
v 0.524207 8.244186 0.190144
v 0.515976 7.873969 0.187866
v 0.486966 7.975666 0.301923
v 0.549748 7.975666 0.075127
v 0.609967 8.011691 0.295178
v 0.652596 8.143640 0.144391
v 0.427972 8.140902 0.082211
v 0.386168 8.140902 0.233226
v 0.491082 8.160775 0.303063
v 0.553864 8.160775 0.076266
v 0.619566 8.076192 0.094454
v 0.418265 8.066473 0.282905
v 0.556784 8.076192 0.321251
v 0.376574 8.059731 0.149276
v 0.481048 8.066473 0.056109
v 0.653612 8.079169 0.225967
v -0.752766 8.140396 0.224218
v -0.591767 8.153035 0.062673
v -0.495587 8.137258 0.153025
v -0.661846 8.154604 0.316026
v -0.560712 7.861537 0.171053
v -0.687114 8.228925 0.206044
v -0.572114 8.228853 0.174209
v -0.682672 7.911361 0.204814
v -0.531613 8.153035 0.279974
v -0.722000 8.154604 0.098724
v -0.719779 7.994117 0.098110
v -0.525801 7.966877 0.278365
v -0.659625 7.994117 0.315411
v -0.488284 7.964125 0.151003
v -0.585955 7.966877 0.061064
v -0.752423 8.017016 0.224123
v 0.647295 8.140396 0.224218
v 0.486296 8.153035 0.062673
v 0.390116 8.137258 0.153025
v 0.556375 8.154604 0.316026
v 0.455240 7.861537 0.171053
v 0.581642 8.228925 0.206044
v 0.466643 8.228853 0.174209
v 0.577201 7.911361 0.204814
v 0.426142 8.153035 0.279974
v 0.616528 8.154604 0.098724
v 0.614307 7.994117 0.098110
v 0.420330 7.966877 0.278365
v 0.554154 7.994117 0.315411
v 0.382813 7.964125 0.151003
v 0.480484 7.966877 0.061064
v 0.646952 8.017016 0.224123
vt 0.500000 0.000000
vt 0.562500 0.000000
vt 0.562500 0.122830
vt 0.500000 0.122396
vt 0.625000 0.000000
vt 0.625000 0.125000
vt 0.625000 0.250000
vt 0.562500 0.230903
vt 0.500000 0.229167
vt 0.500000 0.375000
vt 0.562500 0.375000
vt 0.562500 0.439670
vt 0.500000 0.440104
vt 0.625000 0.375000
vt 0.625000 0.437500
vt 0.625000 0.500000
vt 0.562500 0.519097
vt 0.500000 0.520833
vt 0.562500 0.625000
vt 0.500000 0.625000
vt 0.625000 0.625000
vt 0.625000 0.750000
vt 0.562500 0.730903
vt 0.500000 0.729167
vt 0.500000 0.875000
vt 0.562500 0.875000
vt 0.562500 0.937500
vt 0.500000 0.937500
vt 0.625000 0.875000
vt 0.625000 0.937500
vt 0.625000 1.000000
vt 0.562500 1.000000
vt 0.500000 1.000000
vt 0.250000 0.500000
vt 0.312500 0.500000
vt 0.312500 0.625000
vt 0.250000 0.625000
vt 0.375000 0.500000
vt 0.375000 0.625000
vt 0.375000 0.750000
vt 0.312500 0.750000
vt 0.250000 0.750000
vt 0.750000 0.500000
vt 0.812500 0.500000
vt 0.812500 0.625000
vt 0.750000 0.625000
vt 0.875000 0.500000
vt 0.875000 0.625000
vt 0.875000 0.750000
vt 0.812500 0.750000
vt 0.750000 0.750000
vt 0.687500 0.500000
vt 0.687500 0.625000
vt 0.687500 0.750000
vt 0.125000 0.500000
vt 0.187500 0.500000
vt 0.187500 0.625000
vt 0.125000 0.625000
vt 0.187500 0.750000
vt 0.125000 0.750000
vt 0.562500 0.810330
vt 0.500000 0.809896
vt 0.625000 0.812500
vt 0.562500 0.310330
vt 0.500000 0.309896
vt 0.625000 0.312500
vt 0.375000 0.250000
vt 0.437500 0.230903
vt 0.437500 0.310330
vt 0.375000 0.312500
vt 0.437500 0.375000
vt 0.375000 0.375000
vt 0.437500 0.730903
vt 0.437500 0.810330
vt 0.375000 0.812500
vt 0.437500 0.875000
vt 0.375000 0.875000
vt 0.437500 0.937500
vt 0.375000 0.937500
vt 0.437500 1.000000
vt 0.375000 1.000000
vt 0.437500 0.519097
vt 0.437500 0.625000
vt 0.437500 0.439670
vt 0.375000 0.437500
vt 0.375000 0.000000
vt 0.437500 0.000000
vt 0.437500 0.122830
vt 0.375000 0.125000
vt 0.500000 0.000000
vt 0.500000 0.122396
vt 0.562500 0.122830
vt 0.562500 0.000000
vt 0.500000 0.229167
vt 0.562500 0.230903
vt 0.625000 0.250000
vt 0.625000 0.125000
vt 0.625000 0.000000
vt 0.500000 0.375000
vt 0.500000 0.440104
vt 0.562500 0.439670
vt 0.562500 0.375000
vt 0.500000 0.520833
vt 0.562500 0.519097
vt 0.625000 0.500000
vt 0.625000 0.437500
vt 0.625000 0.375000
vt 0.500000 0.625000
vt 0.562500 0.625000
vt 0.500000 0.729167
vt 0.562500 0.730903
vt 0.625000 0.750000
vt 0.625000 0.625000
vt 0.500000 0.875000
vt 0.500000 0.937500
vt 0.562500 0.937500
vt 0.562500 0.875000
vt 0.500000 1.000000
vt 0.562500 1.000000
vt 0.625000 1.000000
vt 0.625000 0.937500
vt 0.625000 0.875000
vt 0.250000 0.500000
vt 0.250000 0.625000
vt 0.312500 0.625000
vt 0.312500 0.500000
vt 0.250000 0.750000
vt 0.312500 0.750000
vt 0.375000 0.750000
vt 0.375000 0.625000
vt 0.375000 0.500000
vt 0.750000 0.500000
vt 0.750000 0.625000
vt 0.812500 0.625000
vt 0.812500 0.500000
vt 0.750000 0.750000
vt 0.812500 0.750000
vt 0.875000 0.750000
vt 0.875000 0.625000
vt 0.875000 0.500000
vt 0.687500 0.625000
vt 0.687500 0.500000
vt 0.687500 0.750000
vt 0.125000 0.500000
vt 0.125000 0.625000
vt 0.187500 0.625000
vt 0.187500 0.500000
vt 0.125000 0.750000
vt 0.187500 0.750000
vt 0.500000 0.809896
vt 0.562500 0.810330
vt 0.625000 0.812500
vt 0.500000 0.309896
vt 0.562500 0.310330
vt 0.625000 0.312500
vt 0.375000 0.250000
vt 0.375000 0.312500
vt 0.437500 0.310330
vt 0.437500 0.230903
vt 0.375000 0.375000
vt 0.437500 0.375000
vt 0.375000 0.812500
vt 0.437500 0.810330
vt 0.437500 0.730903
vt 0.375000 0.875000
vt 0.437500 0.875000
vt 0.375000 0.937500
vt 0.437500 0.937500
vt 0.375000 1.000000
vt 0.437500 1.000000
vt 0.437500 0.625000
vt 0.437500 0.519097
vt 0.375000 0.437500
vt 0.437500 0.439670
vt 0.375000 0.000000
vt 0.375000 0.125000
vt 0.437500 0.122830
vt 0.437500 0.000000
vn -0.6653 -0.0038 0.7466
vn -0.6524 0.2531 0.7143
vn -0.9362 0.2375 0.2592
vn -0.9638 -0.0031 0.2668
vn -0.6199 0.5701 0.5392
vn -0.7644 0.6090 0.2116
vn -0.8089 0.5701 -0.1437
vn -0.9269 0.2531 -0.2772
vn -0.9545 -0.0038 -0.2982
vn -0.2705 0.0031 -0.9627
vn -0.2520 0.3077 -0.9175
vn 0.0926 0.3014 -0.9490
vn 0.0611 0.0171 -0.9980
vn -0.1544 0.8138 -0.5602
vn 0.2248 0.7503 -0.6217
vn 0.5848 0.6143 -0.5298
vn 0.6261 0.3070 -0.7168
vn 0.6418 0.0402 -0.7658
vn 0.9148 0.3147 -0.2532
vn 0.9625 0.0503 -0.2665
vn 0.7255 0.6583 -0.2008
vn 0.7739 0.6143 0.1536
vn 0.9055 0.3070 0.2928
vn 0.9442 0.0402 0.3268
vn 0.2631 0.0031 0.9648
vn 0.2557 0.3077 0.9165
vn -0.1051 0.2871 0.9521
vn -0.0868 -0.0022 0.9962
vn 0.1556 0.8138 0.5599
vn -0.2374 0.7401 0.6292
vn -0.3962 -0.7362 -0.5486
vn 0.0133 -0.7390 -0.6736
vn 0.1346 -0.9902 -0.0373
vn -0.3109 -0.9466 0.0861
vn 0.5391 -0.5604 -0.6288
vn 0.7197 -0.6651 -0.1992
vn 0.7857 -0.5604 0.2620
vn 0.3578 -0.7390 0.5708
vn -0.0577 -0.7362 0.6743
vn -0.5272 0.7401 -0.4175
vn -0.4042 0.9078 0.1119
vn -0.0007 1.0000 0.0002
vn 0.3904 0.9143 -0.1081
vn 0.5125 0.7503 0.4176
vn -0.8407 -0.5244 -0.1350
vn -0.6387 -0.6608 -0.3943
vn -0.5629 -0.8117 0.1558
vn -0.8000 -0.5577 0.2214
vn -0.3450 -0.6608 0.6666
vn -0.6516 -0.5244 0.5481
vn 0.5674 0.3014 0.7663
vn 0.5656 0.0171 0.8245
vn -0.5798 0.2871 -0.7625
vn -0.5867 -0.0022 -0.8098
vn -0.9313 -0.2435 -0.2708
vn -0.6072 -0.2617 -0.7502
vn -0.3225 -0.2597 -0.9102
vn 0.9183 -0.2059 0.3380
vn 0.5187 -0.2317 0.8230
vn 0.1915 -0.2597 0.9465
vn -0.1350 -0.2617 0.9557
vn -0.6595 -0.2435 0.7112
vn 0.6138 -0.2059 -0.7621
vn 0.9462 -0.1899 -0.2619
vn 0.0217 -0.2317 -0.9725
vn -0.9370 -0.2339 0.2594
vn 0.6653 -0.0038 0.7466
vn 0.9638 -0.0031 0.2668
vn 0.9362 0.2375 0.2592
vn 0.6524 0.2531 0.7143
vn 0.9545 -0.0038 -0.2982
vn 0.9269 0.2531 -0.2772
vn 0.8089 0.5701 -0.1437
vn 0.7644 0.6090 0.2116
vn 0.6199 0.5701 0.5392
vn 0.2705 0.0031 -0.9627
vn -0.0611 0.0171 -0.9980
vn -0.0926 0.3014 -0.9490
vn 0.2520 0.3077 -0.9175
vn -0.6418 0.0402 -0.7658
vn -0.6261 0.3070 -0.7168
vn -0.5848 0.6143 -0.5298
vn -0.2248 0.7503 -0.6218
vn 0.1544 0.8138 -0.5602
vn -0.9625 0.0503 -0.2665
vn -0.9148 0.3147 -0.2532
vn -0.9442 0.0402 0.3268
vn -0.9055 0.3070 0.2928
vn -0.7739 0.6143 0.1536
vn -0.7255 0.6583 -0.2008
vn -0.2631 0.0031 0.9648
vn 0.0868 -0.0022 0.9962
vn 0.1051 0.2871 0.9521
vn -0.2557 0.3077 0.9165
vn 0.2374 0.7401 0.6292
vn -0.1556 0.8138 0.5599
vn 0.3962 -0.7362 -0.5486
vn 0.3109 -0.9466 0.0861
vn -0.1346 -0.9902 -0.0373
vn -0.0133 -0.7390 -0.6736
vn 0.0577 -0.7362 0.6743
vn -0.3578 -0.7390 0.5708
vn -0.7857 -0.5604 0.2620
vn -0.7197 -0.6651 -0.1992
vn -0.5391 -0.5604 -0.6288
vn 0.0007 1.0000 0.0002
vn 0.4042 0.9078 0.1119
vn 0.5272 0.7401 -0.4175
vn -0.3904 0.9143 -0.1081
vn -0.5125 0.7503 0.4177
vn 0.8407 -0.5244 -0.1350
vn 0.8000 -0.5577 0.2214
vn 0.5629 -0.8117 0.1558
vn 0.6387 -0.6608 -0.3943
vn 0.6516 -0.5244 0.5481
vn 0.3450 -0.6608 0.6666
vn -0.5656 0.0171 0.8245
vn -0.5674 0.3014 0.7663
vn 0.5867 -0.0022 -0.8098
vn 0.5798 0.2871 -0.7625
vn 0.6072 -0.2617 -0.7502
vn 0.9313 -0.2435 -0.2708
vn 0.3225 -0.2597 -0.9102
vn -0.5187 -0.2317 0.8230
vn -0.9183 -0.2059 0.3380
vn -0.1915 -0.2597 0.9465
vn 0.1350 -0.2617 0.9557
vn 0.6595 -0.2435 0.7112
vn -0.9462 -0.1899 -0.2619
vn -0.6138 -0.2059 -0.7621
vn -0.0217 -0.2317 -0.9725
vn 0.9370 -0.2339 0.2594
usemtl None
s 1
f 77/84/65 102/85/66 165/86/67 132/87/68
f 102/85/66 66/88/69 103/89/70 165/86/67
f 165/86/67 103/89/70 68/90/71 122/91/72
f 132/87/68 165/86/67 122/91/72 78/92/73
f 82/93/74 126/94/75 166/95/76 131/96/77
f 126/94/75 74/97/78 106/98/79 166/95/76
f 166/95/76 106/98/79 72/99/80 123/100/81
f 131/96/77 166/95/76 123/100/81 79/101/82
f 79/101/82 123/100/81 167/102/83 130/103/84
f 123/100/81 72/99/80 109/104/85 167/102/83
f 167/102/83 109/104/85 70/105/86 124/106/87
f 130/103/84 167/102/83 124/106/87 80/107/88
f 81/108/89 125/109/90 168/110/91 129/111/92
f 125/109/90 76/112/93 112/113/94 168/110/91
f 168/110/91 112/113/94 66/114/69 102/115/66
f 129/111/92 168/110/91 102/115/66 77/116/65
f 73/117/95 113/118/96 169/119/97 118/120/98
f 113/118/96 71/121/99 108/122/100 169/119/97
f 169/119/97 108/122/100 69/123/101 111/124/102
f 118/120/98 169/119/97 111/124/102 75/125/103
f 74/126/78 114/127/104 170/128/105 117/129/106
f 114/127/104 68/130/71 103/131/70 170/128/105
f 170/128/105 103/131/70 66/132/69 112/133/94
f 117/129/106 170/128/105 112/133/94 76/134/93
f 72/99/80 106/135/79 171/136/107 109/104/85
f 106/135/79 74/126/78 117/129/106 171/136/107
f 171/136/107 117/129/106 76/134/93 116/137/108
f 109/104/85 171/136/107 116/137/108 70/105/86
f 67/138/109 105/139/110 172/140/111 101/141/112
f 105/139/110 73/117/95 118/120/98 172/140/111
f 172/140/111 118/120/98 75/125/103 115/142/113
f 101/141/112 172/140/111 115/142/113 65/143/114
f 80/107/88 124/106/87 173/144/115 128/145/116
f 124/106/87 70/105/86 116/146/108 173/144/115
f 173/144/115 116/146/108 76/112/93 125/109/90
f 128/145/116 173/144/115 125/109/90 81/108/89
f 78/92/73 122/91/72 174/147/117 127/148/118
f 122/91/72 68/90/71 114/149/104 174/147/117
f 174/147/117 114/149/104 74/97/78 126/94/75
f 127/148/118 174/147/117 126/94/75 82/93/74
f 67/150/109 104/151/119 175/152/120 105/153/110
f 104/151/119 78/92/73 127/148/118 175/152/120
f 175/152/120 127/148/118 82/93/74 120/154/121
f 105/153/110 175/152/120 120/154/121 73/155/95
f 69/123/101 110/156/122 176/157/123 111/158/102
f 110/156/122 80/107/88 128/145/116 176/157/123
f 176/157/123 128/145/116 81/108/89 119/159/124
f 111/158/102 176/157/123 119/159/124 75/160/103
f 75/160/103 119/159/124 177/161/125 115/162/113
f 119/159/124 81/108/89 129/111/92 177/161/125
f 177/161/125 129/111/92 77/116/65 121/163/126
f 115/162/113 177/161/125 121/163/126 65/164/114
f 71/121/99 107/165/127 178/166/128 108/122/100
f 107/165/127 79/101/82 130/103/84 178/166/128
f 178/166/128 130/103/84 80/107/88 110/156/122
f 108/122/100 178/166/128 110/156/122 69/123/101
f 73/155/95 120/154/121 179/167/129 113/168/96
f 120/154/121 82/93/74 131/96/77 179/167/129
f 179/167/129 131/96/77 79/101/82 107/165/127
f 113/168/96 179/167/129 107/165/127 71/121/99
f 65/169/114 121/170/126 180/171/130 101/172/112
f 121/170/126 77/84/65 132/87/68 180/171/130
f 180/171/130 132/87/68 78/92/73 104/151/119
f 101/172/112 180/171/130 104/151/119 67/150/109
f 95/173/131 164/174/132 181/175/133 134/176/134
f 164/174/132 96/177/135 154/178/136 181/175/133
f 181/175/133 154/178/136 86/179/137 135/180/138
f 134/176/134 181/175/133 135/180/138 84/181/139
f 100/182/140 163/183/141 182/184/142 158/185/143
f 163/183/141 97/186/144 155/187/145 182/184/142
f 182/184/142 155/187/145 90/188/146 138/189/147
f 158/185/143 182/184/142 138/189/147 92/190/148
f 97/186/144 162/191/149 183/192/150 155/187/145
f 162/191/149 98/193/151 156/194/152 183/192/150
f 183/192/150 156/194/152 88/195/153 141/196/154
f 155/187/145 183/192/150 141/196/154 90/188/146
f 99/197/155 161/198/156 184/199/157 157/200/158
f 161/198/156 95/201/131 134/202/134 184/199/157
f 184/199/157 134/202/134 84/203/139 144/204/159
f 157/200/158 184/199/157 144/204/159 94/205/160
f 91/206/161 150/207/162 185/208/163 145/209/164
f 150/207/162 93/210/165 143/211/166 185/208/163
f 185/208/163 143/211/166 87/212/167 140/213/168
f 145/209/164 185/208/163 140/213/168 89/214/169
f 92/215/148 149/216/170 186/217/171 146/218/172
f 149/216/170 94/219/160 144/220/159 186/217/171
f 186/217/171 144/220/159 84/221/139 135/222/138
f 146/218/172 186/217/171 135/222/138 86/223/137
f 90/188/146 141/196/154 187/224/173 138/225/147
f 141/196/154 88/195/153 148/226/174 187/224/173
f 187/224/173 148/226/174 94/219/160 149/216/170
f 138/225/147 187/224/173 149/216/170 92/215/148
f 85/227/175 133/228/176 188/229/177 137/230/178
f 133/228/176 83/231/179 147/232/180 188/229/177
f 188/229/177 147/232/180 93/210/165 150/207/162
f 137/230/178 188/229/177 150/207/162 91/206/161
f 98/193/151 160/233/181 189/234/182 156/194/152
f 160/233/181 99/197/155 157/200/158 189/234/182
f 189/234/182 157/200/158 94/205/160 148/235/174
f 156/194/152 189/234/182 148/235/174 88/195/153
f 96/177/135 159/236/183 190/237/184 154/178/136
f 159/236/183 100/182/140 158/185/143 190/237/184
f 190/237/184 158/185/143 92/190/148 146/238/172
f 154/178/136 190/237/184 146/238/172 86/179/137
f 85/239/175 137/240/178 191/241/185 136/242/186
f 137/240/178 91/243/161 152/244/187 191/241/185
f 191/241/185 152/244/187 100/182/140 159/236/183
f 136/242/186 191/241/185 159/236/183 96/177/135
f 87/212/167 143/245/166 192/246/188 142/247/189
f 143/245/166 93/248/165 151/249/190 192/246/188
f 192/246/188 151/249/190 99/197/155 160/233/181
f 142/247/189 192/246/188 160/233/181 98/193/151
f 93/248/165 147/250/180 193/251/191 151/249/190
f 147/250/180 83/252/179 153/253/192 193/251/191
f 193/251/191 153/253/192 95/201/131 161/198/156
f 151/249/190 193/251/191 161/198/156 99/197/155
f 89/214/169 140/213/168 194/254/193 139/255/194
f 140/213/168 87/212/167 142/247/189 194/254/193
f 194/254/193 142/247/189 98/193/151 162/191/149
f 139/255/194 194/254/193 162/191/149 97/186/144
f 91/243/161 145/256/164 195/257/195 152/244/187
f 145/256/164 89/214/169 139/255/194 195/257/195
f 195/257/195 139/255/194 97/186/144 163/183/141
f 152/244/187 195/257/195 163/183/141 100/182/140
f 83/258/179 133/259/176 196/260/196 153/261/192
f 133/259/176 85/239/175 136/242/186 196/260/196
f 196/260/196 136/242/186 96/177/135 164/174/132
f 153/261/192 196/260/196 164/174/132 95/173/131
g Cube.015_Cube.022
v -1.653319 6.825721 2.306978
v -1.704275 8.027401 2.326636
v -1.655395 6.874679 1.299999
v -1.704589 8.034794 1.270527
v 1.656653 6.716247 2.285028
v 1.692932 8.023604 2.288168
v 1.657980 6.728830 1.096369
v 1.693171 8.053978 1.255215
v -1.649909 6.745307 1.763111
v -1.712529 8.222051 1.797216
v 1.653776 6.698304 1.709274
v 1.699595 8.142590 1.784001
v -1.682158 7.505821 2.553484
v -1.683136 7.528888 1.070031
v 1.680165 7.500169 1.086801
v 1.679513 7.525224 2.438098
v 1.682323 7.509724 1.769941
v -1.109493 6.339181 1.466683
v -1.109777 6.416349 2.425993
v -1.112180 7.612457 2.656273
v -1.114023 8.173068 2.338142
v -1.114711 8.462944 1.754303
v -1.114049 8.264412 1.071131
v -1.112262 7.392000 0.539850
v -1.109950 6.351771 0.403215
v 1.113666 7.404444 0.588049
v 1.109042 6.399308 0.484741
v 1.108128 6.376102 1.493631
v 1.118565 8.441044 1.758205
v 1.117189 8.159825 2.337096
v 1.113503 7.602763 2.646928
v 1.108696 6.453565 2.415174
v 1.117241 8.243538 1.089258
v -1.110676 6.633490 0.268883
v 1.110494 6.674094 0.349519
v 1.110156 6.811066 2.628761
v 1.659671 6.975523 1.763620
v -1.110506 6.788949 2.643951
v -1.664107 7.080139 1.155876
v 1.663446 6.974772 1.091500
v 1.662091 6.971822 2.383974
v -1.662075 7.032227 2.476864
v -1.659802 6.602427 2.371896
v -1.658097 6.523784 1.601423
v -1.685281 8.106855 2.332912
v -1.674222 7.563986 2.609551
v -1.685437 8.160040 1.161766
v -1.689408 8.353447 1.773809
v -1.660840 6.589457 0.810844
v -1.674711 7.454222 0.780842
v -1.664181 6.899530 2.568002
v -1.665197 6.836512 0.672062
v -1.109560 6.361426 2.028254
v -1.113176 7.936486 2.541159
v -1.114552 8.452201 1.409347
v -1.110247 6.440097 0.236687
v -0.000113 6.322061 0.352261
v 0.000399 8.277458 1.059802
v 1.109636 6.487249 0.324820
v 1.108466 6.371240 0.919263
v 1.118223 8.339538 2.071589
v 1.109254 6.573133 2.581599
v -0.000135 6.393089 2.432756
v 0.000396 8.181344 2.338795
v -1.109661 6.329049 0.861969
v -1.114540 8.356113 2.070300
v 1.108262 6.398054 2.031535
v 1.118246 8.427180 1.418432
v 0.000482 8.476631 1.751865
v -0.000171 6.316106 1.449840
v 1.654173 6.828594 1.756579
v -1.111242 7.187812 2.673787
v -1.113224 7.871863 0.775185
v 1.115591 7.865449 0.806782
v 1.115494 7.922958 2.536224
v 1.695376 7.845742 1.779976
v 1.682298 7.514285 1.414241
v 0.000165 7.618516 2.662113
v 1.681849 7.508767 2.139449
v 0.000175 7.384222 0.509727
v -1.650716 6.764334 2.064345
v -1.694110 7.787676 2.486872
v -1.710617 8.176969 1.509279
v -1.658961 6.958773 1.206153
v 1.659240 6.830257 1.102808
v 1.655432 6.723082 1.365097
v 1.697872 8.097604 2.088054
v 1.657732 6.814621 2.345036
v -1.651937 6.793146 1.492201
v -1.710482 8.173776 2.084481
v 1.654500 6.708633 2.056114
v 1.698020 8.119731 1.475442
v -1.670900 7.240317 2.532637
v -1.694688 7.801313 1.122746
v 1.689520 7.821598 1.160934
v 1.689132 7.822505 2.381087
v -1.656561 6.714074 2.339437
v -1.592593 6.417638 1.523947
v -1.694778 8.067128 2.329774
v -1.600991 7.591857 2.636416
v -1.695013 8.097417 1.216146
v -1.608900 8.416408 1.762593
v -1.658118 6.732068 1.055422
v -1.601246 7.418444 0.642272
v 1.605262 7.453743 0.794987
v 1.591504 6.582568 0.806801
v 1.588811 6.527139 1.601430
v 1.615123 8.101107 2.326041
v 1.619326 8.338039 1.773133
v 1.590529 6.597843 2.364219
v 1.604794 7.563988 2.592791
v 1.615277 8.155703 1.166136
v -1.111368 6.959586 0.374383
v 1.111879 6.988364 0.440164
v 1.111626 7.192585 2.660955
v 1.669464 7.206465 1.764773
v -1.110055 6.539987 2.597355
v -1.672418 7.276137 1.097975
v 1.670721 7.202657 1.073335
v 1.669708 7.220815 2.426112
v -1.656663 6.904585 2.424035
v -1.595761 6.835946 2.611673
v 1.594667 6.897509 2.552594
v 1.595640 6.833492 0.684174
v -1.596290 6.719774 0.440234
v -0.000023 6.608111 0.218486
v 1.660234 6.981201 2.098740
v -0.000044 6.775126 2.653445
v 1.661165 6.999536 1.441810
v -1.593480 6.495432 2.403002
v -1.654003 6.634545 1.682267
v -1.606750 8.144928 2.335919
v -1.678190 7.534904 2.581518
v -1.606832 8.220054 1.109651
v -1.700968 8.287748 1.785513
v -1.594021 6.452787 0.576457
v -1.678924 7.491555 0.925436
v -1.663128 6.965878 2.522433
v -1.664652 6.958325 0.913969
v -1.662623 6.675858 0.677353
v -1.668593 7.211678 2.609628
v -1.680487 7.839795 0.933168
v -1.661474 6.705714 2.518573
v -1.688384 8.273232 2.076746
v -1.659112 6.540002 1.148438
v -1.669352 7.103473 0.703288
v -1.688452 8.327096 1.454771
v -1.680198 7.868845 2.516483
v -1.658501 6.544566 2.044659
v 0.000296 7.875871 0.755437
v 1.694087 7.829237 2.120212
v 0.000290 7.944942 2.544244
v -0.000162 6.338533 2.026204
v 0.000460 8.366473 2.069494
v 0.000462 8.467840 1.403669
v -0.000149 6.302680 0.826160
v 1.694353 7.836082 1.446037
v 1.670317 7.222411 1.418819
v 0.000048 7.184829 2.681807
v 1.669621 7.211248 2.125914
v 0.000064 6.941601 0.333269
v -1.592803 6.439260 2.035226
v -1.604103 7.907739 2.530672
v -1.608402 8.399032 1.428652
v -1.598454 7.020738 0.514168
v 1.593093 6.671194 0.685364
v 1.589822 6.541006 1.146666
v 1.618268 8.259878 2.076670
v 1.599111 7.210433 2.593104
v -1.593121 6.418704 0.983718
v -1.608367 8.320889 2.073039
v 1.589227 6.546154 2.043648
v 1.618339 8.314198 1.453510
v -1.594352 6.610421 2.563873
v -1.604254 7.858234 0.842328
v 1.610936 7.840136 0.945394
v 1.610658 7.869088 2.502282
v -1.598059 7.197955 2.646519
v 1.591998 6.702522 2.504991
v 1.599839 7.101482 0.716654
v -1.594950 6.540296 0.423970
v -0.000076 6.410626 0.181604
v 1.654945 6.834844 2.077362
v -0.000100 6.519271 2.607203
v 1.655992 6.856434 1.446339
v -1.660792 6.817316 0.941753
v -1.669746 7.225997 2.571132
v -1.687587 7.820554 1.027957
v -1.659069 6.805150 2.471304
v -1.699433 8.223504 2.080613
v -1.655525 6.666574 1.320319
v -1.670885 7.189805 0.900632
v -1.699535 8.252032 1.482025
v -1.687154 7.828261 2.501678
v -1.654608 6.654450 2.054502
vt 0.503299 0.286455
vt 0.560082 0.282476
vt 0.562236 0.375601
vt 0.504081 0.375652
vt 0.625000 0.250000
vt 0.625000 0.375000
vt 0.625000 0.500000
vt 0.557529 0.472808
vt 0.502046 0.468757
vt 0.500479 0.625994
vt 0.533083 0.625932
vt 0.530305 0.657972
vt 0.500614 0.660323
vt 0.566407 0.625481
vt 0.560435 0.658979
vt 0.554869 0.684682
vt 0.530680 0.689603
vt 0.499816 0.693595
vt 0.503393 0.782810
vt 0.557045 0.779000
vt 0.562392 0.878344
vt 0.504027 0.879101
vt 0.625000 0.750000
vt 0.625000 0.875000
vt 0.625000 1.000000
vt 0.562500 1.000000
vt 0.500000 1.000000
vt 0.125000 0.625000
vt 0.245993 0.624960
vt 0.246622 0.687117
vt 0.125000 0.687500
vt 0.342948 0.624684
vt 0.345293 0.683369
vt 0.375000 0.750000
vt 0.250000 0.750000
vt 0.125000 0.750000
vt 0.657362 0.625050
vt 0.754045 0.625006
vt 0.753236 0.687009
vt 0.652994 0.682348
vt 0.875000 0.625000
vt 0.875000 0.687500
vt 0.875000 0.750000
vt 0.750000 0.750000
vt 0.750000 0.500000
vt 0.753439 0.563044
vt 0.654885 0.568237
vt 0.875000 0.500000
vt 0.875000 0.562500
vt 0.125000 0.500000
vt 0.250000 0.500000
vt 0.246675 0.562824
vt 0.125000 0.562500
vt 0.375000 0.500000
vt 0.345799 0.566136
vt 0.494430 0.562387
vt 0.533061 0.567608
vt 0.532219 0.596425
vt 0.496911 0.593555
vt 0.562511 0.571449
vt 0.567171 0.594516
vt 0.443133 0.556092
vt 0.463719 0.558472
vt 0.469240 0.590718
vt 0.450421 0.588772
vt 0.472935 0.625246
vt 0.452695 0.624225
vt 0.419757 0.783135
vt 0.456206 0.783154
vt 0.453226 0.879144
vt 0.413774 0.879142
vt 0.451152 1.000000
vt 0.402305 1.000000
vt 0.472884 0.661104
vt 0.450854 0.660666
vt 0.469019 0.694941
vt 0.443763 0.694758
vt 0.416818 0.287224
vt 0.454034 0.286940
vt 0.453505 0.375591
vt 0.415080 0.375555
vt 0.454881 0.467786
vt 0.419600 0.467219
vt 0.404352 0.042539
vt 0.402722 0.078067
vt 0.389051 0.071152
vt 0.391572 0.029950
vt 0.403711 0.125916
vt 0.389355 0.125458
vt 0.375000 0.125000
vt 0.375000 0.062500
vt 0.375000 0.000000
vt 0.572830 0.047622
vt 0.540873 0.031264
vt 0.551008 0.016500
vt 0.590235 0.032492
vt 0.501055 0.026582
vt 0.502424 0.013291
vt 0.500000 0.000000
vt 0.562500 0.000000
vt 0.625000 0.000000
vt 0.580912 0.197090
vt 0.596711 0.166015
vt 0.609987 0.175890
vt 0.594213 0.215609
vt 0.596996 0.124690
vt 0.610998 0.124845
vt 0.625000 0.125000
vt 0.625000 0.187500
vt 0.430726 0.223344
vt 0.458266 0.221641
vt 0.455833 0.240438
vt 0.422729 0.241325
vt 0.497037 0.218728
vt 0.500637 0.238921
vt 0.430582 0.555438
vt 0.414283 0.524161
vt 0.430886 0.522906
vt 0.422038 0.558295
vt 0.404649 0.539077
vt 0.397412 0.470018
vt 0.425181 0.584501
vt 0.400061 0.576055
vt 0.425405 0.623550
vt 0.398926 0.624068
vt 0.594352 0.669169
vt 0.576742 0.705634
vt 0.600785 0.625178
vt 0.462334 0.728107
vt 0.431339 0.728040
vt 0.501208 0.727122
vt 0.404486 0.173439
vt 0.389933 0.179601
vt 0.407030 0.208282
vt 0.392996 0.221239
vt 0.375000 0.250000
vt 0.375000 0.187500
vt 0.590228 0.081519
vt 0.606746 0.072878
vt 0.625000 0.062500
vt 0.422834 0.663182
vt 0.398407 0.672430
vt 0.418906 0.690319
vt 0.402273 0.710106
vt 0.600201 0.582959
vt 0.583545 0.548998
vt 0.431190 0.025600
vt 0.412583 0.027837
vt 0.401296 0.014786
vt 0.421635 0.012800
vt 0.388652 0.000000
vt 0.402305 0.000000
vt 0.543148 0.212831
vt 0.551963 0.234287
vt 0.543854 0.532979
vt 0.497337 0.527347
vt 0.541913 0.722536
vt 0.462224 0.025548
vt 0.457367 0.012774
vt 0.451152 0.000000
vt 0.428011 0.693819
vt 0.412404 0.725703
vt 0.396824 0.779982
vt 0.458525 0.524551
vt 0.414597 0.222231
vt 0.402949 0.239140
vt 0.393813 0.283871
vt 0.391324 0.375448
vt 0.375000 0.375000
vt 0.439525 0.623593
vt 0.436563 0.660545
vt 0.390614 0.878447
vt 0.375000 0.875000
vt 0.388652 1.000000
vt 0.375000 1.000000
vt 0.438379 0.587421
vt 0.432458 0.199845
vt 0.437689 0.198741
vt 0.426416 0.209928
vt 0.420599 0.198877
vt 0.442920 0.197637
vt 0.438696 0.210095
vt 0.500117 0.050123
vt 0.470697 0.050735
vt 0.466648 0.038262
vt 0.499521 0.039620
vt 0.441277 0.051347
vt 0.439177 0.038412
vt 0.480354 0.189736
vt 0.526579 0.178944
vt 0.534614 0.195662
vt 0.492516 0.203282
vt 0.572803 0.168151
vt 0.570547 0.181314
vt 0.433054 0.051518
vt 0.423293 0.040194
vt 0.424832 0.051689
vt 0.416392 0.052345
vt 0.574383 0.127744
vt 0.558999 0.097447
vt 0.574300 0.089645
vt 0.583443 0.124815
vt 0.543615 0.067149
vt 0.557339 0.060411
vt 0.434310 0.127365
vt 0.433384 0.163605
vt 0.418942 0.167981
vt 0.418223 0.126419
vt 0.461637 0.193686
vt 0.460521 0.207529
vt 0.573593 0.147948
vt 0.584296 0.156711
vt 0.521866 0.058636
vt 0.531175 0.045379
vt 0.429571 0.089527
vt 0.416248 0.084298
vn -0.0998 0.3889 -0.9158
vn -0.0766 0.5179 -0.8520
vn 0.0141 0.5233 -0.8520
vn 0.0182 0.3993 -0.9166
vn -0.0674 0.7520 -0.6558
vn 0.0125 0.7546 -0.6561
vn 0.1369 0.7440 -0.6540
vn 0.1579 0.5003 -0.8513
vn 0.2076 0.3576 -0.9105
vn 0.9992 -0.0400 0.0002
vn 0.9997 -0.0257 0.0001
vn 0.9997 -0.0244 0.0097
vn 0.9993 -0.0376 0.0054
vn 0.9777 0.2092 0.0168
vn 0.9611 0.2515 0.1140
vn 0.9270 0.2535 0.2765
vn 0.9534 0.0998 0.2848
vn 0.9699 -0.0027 0.2437
vn 0.0676 0.1777 0.9818
vn 0.0632 0.4878 0.8707
vn 0.0049 0.5028 0.8644
vn 0.0049 0.1913 0.9815
vn 0.0651 0.7417 0.6675
vn 0.0052 0.7453 0.6667
vn -0.0285 0.7446 0.6669
vn -0.0266 0.4999 0.8657
vn -0.0269 0.1884 0.9817
vn -0.0927 -0.9954 0.0261
vn 0.0170 -0.9995 0.0282
vn 0.0165 -0.9960 0.0878
vn -0.0899 -0.9920 0.0889
vn 0.1824 -0.9830 0.0204
vn 0.1739 -0.9806 0.0902
vn 0.1763 -0.9123 0.3695
vn 0.0169 -0.9284 0.3712
vn -0.0918 -0.9245 0.3700
vn 0.1115 0.9857 0.1264
vn 0.0093 0.9891 0.1468
vn 0.0067 0.8949 0.4462
vn 0.0834 0.8997 0.4284
vn -0.0506 0.9887 0.1412
vn -0.0365 0.8963 0.4420
vn 0.0115 0.9640 -0.2657
vn 0.1299 0.9539 -0.2705
vn -0.0623 0.9614 -0.2679
vn -0.1640 -0.9460 -0.2797
vn 0.0304 -0.9615 -0.2730
vn 0.0199 -0.9997 -0.0169
vn -0.1094 -0.9937 -0.0229
vn 0.3057 -0.9064 -0.2916
vn 0.2135 -0.9763 -0.0359
vn 0.9897 0.0084 -0.1427
vn 0.9795 0.0678 -0.1896
vn 0.9997 -0.0232 -0.0082
vn 0.9993 -0.0368 -0.0032
vn 0.9613 0.1953 -0.1942
vn 0.9759 0.2078 -0.0671
vn 0.9966 -0.0281 -0.0779
vn 0.9944 -0.0186 -0.1037
vn 0.9992 -0.0388 0.0016
vn 0.9993 -0.0368 0.0048
vn 0.9991 -0.0417 0.0003
vn 0.9992 -0.0391 0.0004
vn 0.1029 -0.1471 0.9838
vn 0.0800 -0.0314 0.9963
vn 0.0059 -0.0164 0.9998
vn 0.0080 -0.1296 0.9915
vn -0.0324 -0.0203 0.9993
vn -0.0442 -0.1346 0.9899
vn 0.9993 -0.0387 0.0004
vn 0.9994 -0.0357 -0.0039
vn 0.9774 -0.0449 0.2065
vn 0.9823 -0.0602 0.1773
vn -0.1676 0.2169 -0.9617
vn -0.1314 0.3179 -0.9390
vn 0.0240 0.3333 -0.9425
vn 0.0309 0.2356 -0.9714
vn 0.2685 0.2738 -0.9236
vn 0.3260 0.1716 -0.9297
vn -0.9559 -0.2721 0.1105
vn -0.9630 -0.2682 0.0272
vn -0.5462 -0.8340 0.0784
vn -0.5320 -0.7860 0.3149
vn -0.9647 -0.2632 0.0083
vn -0.5628 -0.8265 0.0154
vn -0.7294 0.4952 0.4719
vn -0.7260 0.3046 0.6166
vn -0.2092 0.4833 0.8501
vn -0.2235 0.7275 0.6486
vn -0.7641 0.0831 0.6398
vn -0.2174 0.1768 0.9599
vn -0.8874 0.3392 -0.3122
vn -0.8685 0.4747 -0.1430
vn -0.4018 0.8794 -0.2554
vn -0.4273 0.6774 -0.5988
vn -0.8332 0.5489 0.0665
vn -0.3528 0.9290 0.1114
vn -0.9870 0.0077 -0.1603
vn -0.9768 0.0376 -0.2110
vn -0.6460 0.2096 -0.7340
vn -0.6954 0.1265 -0.7074
vn -0.9535 0.0932 -0.2865
vn -0.5692 0.2932 -0.7682
vn 0.9972 -0.0378 -0.0652
vn 0.8230 -0.2545 -0.5078
vn 0.8241 0.0583 -0.5635
vn 0.9815 -0.1837 -0.0543
vn 0.7709 -0.6065 -0.1946
vn 0.3721 -0.4173 -0.8291
vn 0.9848 -0.1739 -0.0032
vn 0.7007 -0.7128 -0.0301
vn 0.9819 -0.1894 0.0029
vn 0.6858 -0.7278 0.0082
vn 0.5538 0.7644 0.3301
vn 0.4898 0.6424 0.5894
vn 0.6068 0.7907 0.0812
vn 0.5990 -0.0533 0.7990
vn 0.6310 -0.1391 0.7632
vn 0.5588 0.1126 0.8217
vn -0.9695 -0.2451 -0.0046
vn -0.6068 -0.7942 -0.0318
vn -0.9782 -0.2045 -0.0358
vn -0.6659 -0.7181 -0.2024
vn -0.7742 0.5699 0.2754
vn -0.2786 0.8701 0.4065
vn 0.9792 -0.2025 0.0107
vn 0.6617 -0.7469 0.0658
vn 0.9688 -0.2295 0.0933
vn 0.6490 -0.6983 0.3018
vn 0.6094 0.7630 -0.2154
vn 0.6048 0.5919 -0.5328
vn -0.8921 -0.0771 0.4452
vn -0.9181 -0.1771 0.3545
vn -0.4780 -0.4900 0.7290
vn -0.3695 -0.1508 0.9169
vn -0.0751 -0.5430 0.8364
vn -0.9193 0.1905 -0.3444
vn -0.4800 0.4402 -0.7588
vn 0.6599 0.3492 -0.6653
vn 0.7303 0.2082 -0.6506
vn 0.5092 0.3747 0.7748
vn -0.8410 -0.0354 0.5398
vn -0.2740 -0.0392 0.9609
vn 0.9816 -0.1047 0.1599
vn 0.6286 -0.4058 0.6635
vn 0.1528 -0.5433 0.8255
vn 0.7866 0.1239 -0.6049
vn -0.9882 -0.0840 -0.1280
vn -0.6937 -0.3297 -0.6404
vn -0.2149 -0.4368 -0.8735
vn 0.0421 -0.4435 -0.8953
vn 0.9998 -0.0198 0.0006
vn 0.9998 -0.0187 -0.0059
vn 0.0137 -0.5393 0.8420
vn 0.9997 -0.0218 0.0063
vn -0.9999 -0.0043 0.0152
vn -0.9996 -0.0215 0.0184
vn -0.9997 -0.0167 0.0157
vn -0.9999 -0.0023 0.0130
vn -0.9994 -0.0303 0.0159
vn -0.9996 -0.0250 0.0136
vn -0.9920 -0.0217 0.1240
vn -0.9988 -0.0338 0.0363
vn -0.9992 -0.0259 0.0313
vn -0.9892 -0.0012 0.1468
vn -0.9991 -0.0226 -0.0352
vn -0.9992 -0.0148 -0.0363
vn -0.9992 -0.0268 -0.0286
vn -0.9973 0.0062 -0.0730
vn -0.9976 0.0117 -0.0687
vn -0.9995 -0.0187 -0.0266
vn -0.9941 0.0641 -0.0881
vn -0.9940 0.0698 -0.0841
vn -0.9988 -0.0019 -0.0487
vn -0.9992 0.0041 -0.0401
vn -0.9994 0.0218 -0.0251
vn -0.9995 0.0233 -0.0213
vn -0.9841 0.1773 0.0126
vn -0.9702 0.2133 0.1150
vn -0.9722 0.2106 0.1025
vn -0.9844 0.1757 0.0132
vn -0.9605 0.1661 0.2231
vn -0.9631 0.1836 0.1968
vn -0.9995 0.0331 -0.0001
vn -0.9998 0.0167 0.0102
vn -0.9998 0.0152 0.0091
vn -0.9995 0.0311 0.0019
vn -0.9995 -0.0330 0.0030
vn -0.9997 -0.0259 0.0014
vn -0.9905 0.1266 -0.0533
vn -0.9905 0.1281 -0.0495
vn -0.9725 0.0527 0.2270
vn -0.9709 0.0859 0.2237
vn -0.9994 0.0337 -0.0108
vn -0.9994 0.0343 -0.0084
usemtl None
s 1
f 220/262/197 269/263/198 346/264/199 276/265/200
f 269/263/198 219/266/201 254/267/202 346/264/199
f 346/264/199 254/267/202 229/268/203 270/269/204
f 276/265/200 346/264/199 270/269/204 222/270/205
f 213/271/206 272/272/207 347/273/208 275/274/209
f 272/272/207 208/275/210 283/276/211 347/273/208
f 347/273/208 283/276/211 202/277/212 292/278/213
f 275/274/209 347/273/208 292/278/213 212/279/214
f 227/280/215 271/281/216 348/282/217 274/283/218
f 271/281/216 226/284/219 260/285/220 348/282/217
f 348/282/217 260/285/220 217/286/221 250/287/222
f 274/283/218 348/282/217 250/287/222 216/288/223
f 214/289/224 266/290/225 349/291/226 249/292/227
f 266/290/225 224/293/228 263/294/229 349/291/226
f 349/291/226 263/294/229 228/295/230 259/296/231
f 249/292/227 349/291/226 259/296/231 215/297/232
f 225/298/233 265/299/234 350/300/235 257/301/236
f 265/299/234 218/302/237 262/303/238 350/300/235
f 350/300/235 262/303/238 217/304/221 260/305/220
f 257/301/236 350/300/235 260/305/220 226/284/219
f 229/268/203 254/306/202 351/307/239 264/308/240
f 254/306/202 219/309/201 251/310/241 351/307/239
f 351/307/239 251/310/241 218/302/237 265/299/234
f 264/308/240 351/307/239 265/299/234 225/298/233
f 221/311/242 253/312/243 352/313/244 261/314/245
f 253/312/243 223/315/246 256/316/247 352/313/244
f 352/313/244 256/316/247 224/293/228 266/290/225
f 261/314/245 352/313/244 266/290/225 214/289/224
f 211/317/248 291/318/249 353/319/250 273/320/251
f 291/318/249 204/321/252 288/322/253 353/319/250
f 353/319/250 288/322/253 208/275/210 272/272/207
f 273/320/251 353/319/250 272/272/207 213/271/206
f 236/323/254 315/324/255 354/325/256 325/326/257
f 315/324/255 211/317/248 273/320/251 354/325/256
f 354/325/256 273/320/251 213/271/206 312/327/258
f 325/326/257 354/325/256 312/327/258 233/328/259
f 232/329/260 311/330/261 355/331/262 324/332/263
f 311/330/261 227/280/215 274/283/218 355/331/262
f 355/331/262 274/283/218 216/288/223 268/333/264
f 324/332/263 355/331/262 268/333/264 234/334/265
f 233/328/259 312/327/258 356/335/266 323/336/267
f 312/327/258 213/271/206 275/274/209 356/335/266
f 356/335/266 275/274/209 212/279/214 316/337/268
f 323/336/267 356/335/266 316/337/268 237/338/269
f 230/339/270 309/340/271 357/341/272 322/342/273
f 309/340/271 220/262/197 276/265/200 357/341/272
f 357/341/272 276/265/200 222/270/205 310/343/274
f 322/342/273 357/341/272 310/343/274 231/344/275
f 239/345/276 345/346/277 358/347/278 326/348/279
f 345/346/277 240/349/280 294/350/281 358/347/278
f 358/347/278 294/350/281 214/351/224 249/352/227
f 326/348/279 358/347/278 249/352/227 215/353/232
f 241/354/282 344/355/283 359/356/284 328/357/285
f 344/355/283 242/358/286 296/359/287 359/356/284
f 359/356/284 296/359/287 216/360/223 250/361/222
f 328/357/285 359/356/284 250/361/222 217/362/221
f 243/363/288 343/364/289 360/365/290 330/366/291
f 343/364/289 244/367/292 298/368/293 360/365/290
f 360/365/290 298/368/293 218/369/237 251/370/241
f 330/366/291 360/365/290 251/370/241 219/266/201
f 248/371/294 342/372/295 361/373/296 321/374/297
f 342/372/295 246/375/298 300/376/299 361/373/296
f 361/373/296 300/376/299 220/262/197 309/340/271
f 321/374/297 361/373/296 309/340/271 230/339/270
f 236/323/254 281/377/300 362/378/301 320/379/302
f 281/377/300 203/380/303 302/381/304 362/378/301
f 362/378/301 302/381/304 223/315/246 255/382/305
f 320/379/302 362/378/301 255/382/305 231/344/275
f 203/380/303 282/383/306 363/384/307 302/381/304
f 282/383/306 207/385/308 303/386/309 363/384/307
f 363/384/307 303/386/309 224/293/228 256/316/247
f 302/381/304 363/384/307 256/316/247 223/315/246
f 202/277/212 283/276/211 364/387/310 304/388/311
f 283/276/211 208/275/210 305/389/312 364/387/310
f 364/387/310 305/389/312 225/298/233 257/301/236
f 304/388/311 364/387/310 257/301/236 226/284/219
f 237/338/269 316/337/268 365/390/313 319/391/314
f 316/337/268 212/279/214 307/392/315 365/390/313
f 365/390/313 307/392/315 227/280/215 311/330/261
f 319/391/314 365/390/313 311/330/261 232/329/260
f 240/349/280 341/393/316 366/394/317 294/350/281
f 341/393/316 245/395/318 332/396/319 366/394/317
f 366/394/317 332/396/319 221/397/242 261/398/245
f 294/350/281 366/394/317 261/398/245 214/351/224
f 244/367/292 340/399/320 367/400/321 298/368/293
f 340/399/320 241/354/282 328/357/285 367/400/321
f 367/400/321 328/357/285 217/362/221 262/401/238
f 298/368/293 367/400/321 262/401/238 218/369/237
f 207/385/308 287/402/322 368/403/323 303/386/309
f 287/402/322 201/404/324 306/405/325 368/403/323
f 368/403/323 306/405/325 228/295/230 263/294/229
f 303/386/309 368/403/323 263/294/229 224/293/228
f 208/275/210 288/322/253 369/406/326 305/389/312
f 288/322/253 204/321/252 308/407/327 369/406/326
f 369/406/326 308/407/327 229/268/203 264/308/240
f 305/389/312 369/406/326 264/308/240 225/298/233
f 247/408/328 339/409/329 370/410/330 318/411/331
f 339/409/329 239/345/276 326/348/279 370/410/330
f 370/410/330 326/348/279 215/353/232 313/412/332
f 318/411/331 370/410/330 313/412/332 234/413/265
f 246/375/298 338/414/333 371/415/334 300/376/299
f 338/414/333 243/363/288 330/366/291 371/415/334
f 371/415/334 330/366/291 219/266/201 269/263/198
f 300/376/299 371/415/334 269/263/198 220/262/197
f 204/321/252 291/318/249 372/416/335 308/407/327
f 291/318/249 211/317/248 301/417/336 372/416/335
f 372/416/335 301/417/336 222/270/205 270/269/204
f 308/407/327 372/416/335 270/269/204 229/268/203
f 212/279/214 292/278/213 373/418/337 307/392/315
f 292/278/213 202/277/212 304/388/311 373/418/337
f 373/418/337 304/388/311 226/284/219 271/281/216
f 307/392/315 373/418/337 271/281/216 227/280/215
f 242/358/286 337/419/338 374/420/339 296/359/287
f 337/419/338 247/408/328 318/411/331 374/420/339
f 374/420/339 318/411/331 234/413/265 268/421/264
f 296/359/287 374/420/339 268/421/264 216/360/223
f 201/404/324 284/422/340 375/423/341 306/405/325
f 284/422/340 237/338/269 319/391/314 375/423/341
f 375/423/341 319/391/314 232/329/260 258/424/342
f 306/405/325 375/423/341 258/424/342 228/295/230
f 211/317/248 315/324/255 376/425/343 301/417/336
f 315/324/255 236/323/254 320/379/302 376/425/343
f 376/425/343 320/379/302 231/344/275 310/343/274
f 301/417/336 376/425/343 310/343/274 222/270/205
f 245/395/318 336/426/344 377/427/345 332/396/319
f 336/426/344 248/371/294 321/374/297 377/427/345
f 377/427/345 321/374/297 230/339/270 252/428/346
f 332/396/319 377/427/345 252/428/346 221/397/242
f 221/397/242 252/428/346 378/429/347 253/430/243
f 252/428/346 230/339/270 322/342/273 378/429/347
f 378/429/347 322/342/273 231/344/275 255/382/305
f 253/430/243 378/429/347 255/382/305 223/315/246
f 207/385/308 267/431/348 379/432/349 287/402/322
f 267/431/348 233/328/259 323/336/267 379/432/349
f 379/432/349 323/336/267 237/338/269 284/422/340
f 287/402/322 379/432/349 284/422/340 201/404/324
f 228/295/230 258/424/342 380/433/350 259/434/231
f 258/424/342 232/329/260 324/332/263 380/433/350
f 380/433/350 324/332/263 234/334/265 313/435/332
f 259/434/231 380/433/350 313/435/332 215/436/232
f 203/380/303 281/377/300 381/437/351 282/383/306
f 281/377/300 236/323/254 325/326/257 381/437/351
f 381/437/351 325/326/257 233/328/259 267/431/348
f 282/383/306 381/437/351 267/431/348 207/385/308
f 199/438/352 280/439/353 382/440/354 299/441/355
f 280/439/353 235/442/356 335/443/357 382/440/354
f 382/440/354 335/443/357 248/371/294 336/426/344
f 299/441/355 382/440/354 336/426/344 245/395/318
f 209/444/358 289/445/359 383/446/360 329/447/361
f 289/445/359 238/448/362 334/449/363 383/446/360
f 383/446/360 334/449/363 247/408/328 337/419/338
f 329/447/361 383/446/360 337/419/338 242/358/286
f 210/450/364 290/451/365 384/452/366 333/453/367
f 290/451/365 200/454/368 297/455/369 384/452/366
f 384/452/366 297/455/369 243/363/288 338/414/333
f 333/453/367 384/452/366 338/414/333 246/375/298
f 238/448/362 317/456/370 385/457/371 334/449/363
f 317/456/370 197/458/372 293/459/373 385/457/371
f 385/457/371 293/459/373 239/345/276 339/409/329
f 334/449/363 385/457/371 339/409/329 247/408/328
f 206/460/374 286/461/375 386/462/376 331/463/377
f 286/461/375 198/464/378 295/465/379 386/462/376
f 386/462/376 295/465/379 241/354/282 340/399/320
f 331/463/377 386/462/376 340/399/320 244/367/292
f 205/466/380 285/467/381 387/468/382 327/469/383
f 285/467/381 199/438/352 299/441/355 387/468/382
f 387/468/382 299/441/355 245/395/318 341/393/316
f 327/469/383 387/468/382 341/393/316 240/349/280
f 235/442/356 314/470/384 388/471/385 335/443/357
f 314/470/384 210/450/364 333/453/367 388/471/385
f 388/471/385 333/453/367 246/375/298 342/372/295
f 335/443/357 388/471/385 342/372/295 248/371/294
f 200/454/368 279/472/386 389/473/387 297/455/369
f 279/472/386 206/460/374 331/463/377 389/473/387
f 389/473/387 331/463/377 244/367/292 343/364/289
f 297/455/369 389/473/387 343/364/289 243/363/288
f 198/464/378 278/474/388 390/475/389 295/465/379
f 278/474/388 209/444/358 329/447/361 390/475/389
f 390/475/389 329/447/361 242/358/286 344/355/283
f 295/465/379 390/475/389 344/355/283 241/354/282
f 197/458/372 277/476/390 391/477/391 293/459/373
f 277/476/390 205/466/380 327/469/383 391/477/391
f 391/477/391 327/469/383 240/349/280 345/346/277
f 293/459/373 391/477/391 345/346/277 239/345/276
g Cube.016_Cube.023
v -4.006321 5.245476 2.234322
v -3.593852 5.988529 2.445877
v -4.124233 5.333608 1.427524
v -3.751843 6.106383 1.248874
v -3.386731 4.764470 2.234231
v -2.666287 5.285985 2.446344
v -3.332246 4.718476 1.427665
v -2.593522 5.229201 1.248107
v -3.671063 4.956492 1.252171
v -4.003298 5.215329 1.252091
v -3.749797 5.238508 1.195448
v -3.299282 5.761237 0.954203
v -3.707063 5.762452 2.361883
v -3.844517 5.864045 1.304894
v -2.832216 5.092070 1.304894
v -2.891585 5.140584 2.361883
v -3.437470 5.572503 1.036910
v -3.944526 5.231688 2.178144
v -3.522497 6.008488 2.401251
v -4.054694 5.310310 1.492497
v -3.673912 6.113735 1.304700
v -3.410622 4.820764 2.177921
v -2.662461 5.360693 2.403263
v -3.367560 4.780839 1.492947
v -2.603216 5.307813 1.301519
v -3.676087 4.979790 1.338095
v -3.979383 5.215048 1.337861
v -3.737273 5.254276 1.315828
v -3.270683 5.798073 1.053473
v -3.603583 5.769781 2.288028
v -3.732472 5.854860 1.396838
v -2.862581 5.199212 1.395765
v -2.903373 5.242100 2.288977
v -3.405090 5.613211 1.198478
v 4.006322 5.245476 2.234322
v 3.593853 5.988530 2.445877
v 4.124233 5.333607 1.427524
v 3.751844 6.106383 1.248874
v 3.386731 4.764470 2.234231
v 2.666288 5.285984 2.446344
v 3.332247 4.718476 1.427665
v 2.593522 5.229200 1.248106
v 3.671063 4.956492 1.252170
v 4.003298 5.215330 1.252091
v 3.749798 5.238507 1.195448
v 3.299282 5.761236 0.954203
v 3.707064 5.762452 2.361883
v 3.844517 5.864045 1.304894
v 2.832217 5.092069 1.304894
v 2.891586 5.140584 2.361883
v 3.437471 5.572503 1.036910
v 3.944527 5.231688 2.178144
v 3.522497 6.008488 2.401251
v 4.054694 5.310310 1.492497
v 3.673913 6.113735 1.304700
v 3.410623 4.820764 2.177921
v 2.662462 5.360693 2.403263
v 3.367560 4.780839 1.492947
v 2.603217 5.307813 1.301519
v 3.676086 4.979789 1.338095
v 3.979383 5.215048 1.337861
v 3.737274 5.254276 1.315828
v 3.270683 5.798073 1.053473
v 3.603583 5.769781 2.288028
v 3.732472 5.854859 1.396839
v 2.862581 5.199212 1.395765
v 2.903373 5.242101 2.288977
v 3.405090 5.613211 1.198478
v -4.137234 5.346687 1.830082
v -3.628150 5.918880 2.416864
v -3.787457 6.134533 1.846635
v -3.986935 5.584092 1.365154
v -4.055680 5.269358 1.258656
v -2.918911 5.474045 0.989262
v -3.101484 4.902638 1.365172
v -3.263747 4.668530 1.830088
v -2.483674 5.147113 1.846570
v -3.146522 4.944758 2.296941
v -3.696526 5.004972 2.385955
v -3.129985 5.637382 2.671013
v -3.524509 4.856231 1.258791
v -3.610233 5.369883 1.118243
v -3.677232 5.097921 1.214189
v -3.889527 5.262696 1.214173
v -3.584760 5.978261 0.989924
v -3.339380 5.701083 0.974250
v -3.863885 5.496686 2.296953
v -3.778979 6.032765 1.262664
v -2.665345 5.187294 1.262568
v -2.736424 5.241867 2.416922
v -3.299324 5.451518 2.560197
v -2.731262 5.017919 1.833133
v -3.877147 5.891751 1.833133
v -3.121490 5.313737 1.073403
v -3.692640 5.749314 1.073403
v -4.058604 5.318432 1.831760
v -3.526186 5.939632 2.350470
v -3.702628 6.141131 1.849360
v -3.885040 5.561306 1.457478
v -4.011384 5.260894 1.356879
v -2.913809 5.533747 1.076438
v -3.142392 4.996558 1.457463
v -3.305256 4.738494 1.831832
v -2.495525 5.232211 1.849147
v -3.171195 5.032737 2.220658
v -3.677494 5.026316 2.308319
v -3.092061 5.685187 2.610062
v -3.541150 4.897489 1.357298
v -3.586980 5.398863 1.281934
v -3.675912 5.121904 1.327121
v -3.866478 5.268985 1.327057
v -3.528747 5.996527 1.079199
v -3.301856 5.748936 1.121570
v -3.770286 5.487910 2.220451
v -3.668087 6.036155 1.346031
v -2.684757 5.296890 1.343522
v -2.736845 5.345959 2.352214
v -3.253071 5.506445 2.457996
v -2.767878 5.136847 1.838053
v -3.751719 5.878287 1.837926
v -3.125669 5.389288 1.218346
v -3.618068 5.760554 1.219332
v -4.034586 5.144695 2.187419
v -3.554750 6.018610 2.437350
v -4.147720 5.230876 1.477406
v -3.712276 6.132195 1.267637
v -3.487261 4.719471 2.187174
v -2.642813 5.329802 2.438710
v -3.431289 4.673965 1.477796
v -2.575592 5.274035 1.265417
v -3.722313 4.946217 1.307986
v -4.016192 5.175358 1.307826
v -3.794704 5.201798 1.274195
v -3.275684 5.795302 0.988918
v 4.137234 5.346687 1.830082
v 3.628150 5.918880 2.416864
v 3.787457 6.134533 1.846635
v 3.986935 5.584092 1.365155
v 4.055680 5.269358 1.258656
v 2.918912 5.474045 0.989262
v 3.101484 4.902638 1.365172
v 3.263747 4.668530 1.830088
v 2.483675 5.147113 1.846570
v 3.146523 4.944758 2.296941
v 3.696526 5.004972 2.385954
v 3.129986 5.637382 2.671013
v 3.524510 4.856231 1.258791
v 3.610233 5.369883 1.118243
v 3.677233 5.097920 1.214189
v 3.889527 5.262696 1.214173
v 3.584761 5.978261 0.989924
v 3.339380 5.701082 0.974250
v 3.863886 5.496686 2.296953
v 3.778979 6.032765 1.262664
v 2.665346 5.187294 1.262568
v 2.736425 5.241867 2.416922
v 3.299325 5.451518 2.560197
v 2.731262 5.017919 1.833133
v 3.877147 5.891751 1.833133
v 3.121490 5.313737 1.073403
v 3.692641 5.749313 1.073403
v 4.058604 5.318432 1.831760
v 3.526187 5.939633 2.350470
v 3.702629 6.141130 1.849360
v 3.885041 5.561305 1.457478
v 4.011385 5.260894 1.356879
v 2.913809 5.533747 1.076438
v 3.142392 4.996559 1.457463
v 3.305257 4.738494 1.831832
v 2.495526 5.232210 1.849147
v 3.171196 5.032737 2.220658
v 3.677494 5.026316 2.308319
v 3.092062 5.685187 2.610062
v 3.541150 4.897489 1.357298
v 3.586981 5.398863 1.281934
v 3.675912 5.121904 1.327121
v 3.866479 5.268985 1.327056
v 3.528748 5.996527 1.079199
v 3.301856 5.748936 1.121570
v 3.770288 5.487910 2.220451
v 3.668088 6.036155 1.346031
v 2.684758 5.296890 1.343522
v 2.736845 5.345959 2.352214
v 3.253072 5.506446 2.457996
v 2.767879 5.136847 1.838053
v 3.751719 5.878287 1.837926
v 3.125669 5.389288 1.218346
v 3.618068 5.760554 1.219332
v 4.034587 5.144694 2.187419
v 3.554751 6.018610 2.437350
v 4.147720 5.230876 1.477406
v 3.712277 6.132195 1.267637
v 3.487261 4.719471 2.187174
v 2.642814 5.329803 2.438710
v 3.431290 4.673965 1.477796
v 2.575593 5.274035 1.265417
v 3.722313 4.946217 1.307986
v 4.016192 5.175358 1.307826
v 3.794704 5.201797 1.274195
v 3.275683 5.795302 0.988918
v -3.814194 6.059999 1.839635
v -3.860939 5.459695 1.161058
v -2.560391 5.108100 1.839627
v -3.182276 5.580389 2.633382
v -3.398964 5.103653 1.161071
v -3.505203 5.220722 2.471976
v -3.006386 4.836007 1.830417
v -4.013772 5.611099 1.830416
v -2.976796 5.423694 1.010446
v -3.615747 5.908781 1.010529
v -3.692317 6.061259 1.844086
v -3.802226 5.460585 1.309242
v -2.583839 5.227728 1.844034
v -3.131041 5.643430 2.542072
v -3.409573 5.161142 1.309220
v -3.470498 5.260610 2.366068
v -3.055670 4.942211 1.834214
v -3.897526 5.581944 1.834070
v -2.973847 5.505105 1.140925
v -3.537850 5.929083 1.143135
v -4.151377 5.235194 1.830531
v -3.745273 6.160633 1.850287
v -4.096620 5.193419 1.329949
v -2.899830 5.514120 1.018496
v -3.377657 4.634022 1.830556
v -2.464590 5.193518 1.850106
v -3.760913 4.932092 2.321317
v -3.098529 5.674579 2.658728
v -3.588084 4.797592 1.330317
v -3.759550 5.098392 1.288070
v -3.897961 5.206274 1.288037
v -3.552894 6.007096 1.020414
v 3.814194 6.059999 1.839635
v 3.860939 5.459694 1.161058
v 2.560392 5.108099 1.839627
v 3.182277 5.580389 2.633382
v 3.398965 5.103653 1.161071
v 3.505203 5.220722 2.471976
v 3.006386 4.836006 1.830417
v 4.013773 5.611099 1.830416
v 2.976797 5.423694 1.010446
v 3.615747 5.908781 1.010529
v 3.692317 6.061259 1.844086
v 3.802226 5.460585 1.309243
v 2.583839 5.227728 1.844034
v 3.131042 5.643430 2.542072
v 3.409574 5.161142 1.309220
v 3.470498 5.260610 2.366067
v 3.055670 4.942210 1.834214
v 3.897526 5.581944 1.834070
v 2.973847 5.505105 1.140925
v 3.537851 5.929083 1.143135
v 4.151377 5.235194 1.830531
v 3.745273 6.160633 1.850287
v 4.096620 5.193419 1.329949
v 2.899830 5.514120 1.018496
v 3.377657 4.634022 1.830556
v 2.464591 5.193518 1.850106
v 3.760914 4.932092 2.321317
v 3.098529 5.674579 2.658728
v 3.588084 4.797591 1.330317
v 3.759550 5.098392 1.288070
v 3.897961 5.206273 1.288037
v 3.552894 6.007096 1.020414
vt 0.591488 0.000000
vt 0.608244 0.000000
vt 0.604476 0.121484
vt 0.563453 0.121521
vt 0.625000 0.000000
vt 0.619880 0.121474
vt 0.619415 0.221795
vt 0.603654 0.221874
vt 0.560345 0.222168
vt 0.410434 0.218753
vt 0.482485 0.221901
vt 0.476962 0.291502
vt 0.408230 0.275203
vt 0.560555 0.289496
vt 0.564094 0.345181
vt 0.497505 0.342842
vt 0.449328 0.336880
vt 0.432588 0.311381
vt 0.405250 0.296551
vt 0.560345 0.512411
vt 0.603654 0.513363
vt 0.603724 0.626670
vt 0.560911 0.626551
vt 0.619415 0.513462
vt 0.619415 0.626683
vt 0.619415 0.750000
vt 0.603734 0.750000
vt 0.560992 0.750000
vt 0.604486 0.875000
vt 0.563534 0.875000
vt 0.619880 0.875000
vt 0.625000 1.000000
vt 0.608244 1.000000
vt 0.591488 1.000000
vt 0.476962 0.408322
vt 0.432588 0.365790
vt 0.560555 0.416680
vt 0.482485 0.511636
vt 0.410434 0.515769
vt 0.408230 0.430108
vt 0.405250 0.387393
vt 0.411081 0.750000
vt 0.483942 0.750000
vt 0.483826 0.875000
vt 0.408075 0.875000
vt 0.483244 1.000000
vt 0.375000 1.000000
vt 0.483760 0.626454
vt 0.411000 0.626971
vt 0.375000 0.000000
vt 0.483244 0.000000
vt 0.483644 0.121488
vt 0.407994 0.121094
vt 0.603681 0.418724
vt 0.604124 0.345600
vt 0.619416 0.345514
vt 0.619415 0.418911
vt 0.603681 0.288894
vt 0.619416 0.288703
vt 0.591488 0.000000
vt 0.563453 0.121521
vt 0.605058 0.122072
vt 0.608244 0.000000
vt 0.560345 0.222168
vt 0.604352 0.224223
vt 0.625000 0.250000
vt 0.625000 0.125000
vt 0.625000 0.000000
vt 0.375000 0.250000
vt 0.375000 0.275243
vt 0.472698 0.292153
vt 0.478056 0.224422
vt 0.375000 0.300486
vt 0.414542 0.317523
vt 0.454084 0.334560
vt 0.497001 0.342502
vt 0.564094 0.345182
vt 0.560555 0.289496
vt 0.560345 0.512411
vt 0.560911 0.626551
vt 0.604422 0.626390
vt 0.604352 0.512240
vt 0.560992 0.750000
vt 0.604432 0.750000
vt 0.625000 0.750000
vt 0.625000 0.625000
vt 0.625000 0.500000
vt 0.563534 0.875000
vt 0.605067 0.875000
vt 0.591488 1.000000
vt 0.608244 1.000000
vt 0.625000 1.000000
vt 0.625000 0.875000
vt 0.414542 0.347999
vt 0.472698 0.406941
vt 0.375000 0.361438
vt 0.375000 0.430719
vt 0.375000 0.500000
vt 0.478056 0.510438
vt 0.560555 0.416680
vt 0.375000 0.750000
vt 0.375000 0.875000
vt 0.480067 0.875000
vt 0.479432 0.750000
vt 0.375000 1.000000
vt 0.483244 1.000000
vt 0.375000 0.625000
vt 0.479260 0.626111
vt 0.375000 0.000000
vt 0.375000 0.125000
vt 0.479895 0.122149
vt 0.483244 0.000000
vt 0.604379 0.418128
vt 0.625000 0.415322
vt 0.625000 0.330643
vt 0.604822 0.344358
vt 0.604379 0.289166
vt 0.625000 0.290321
vt 0.378748 0.121568
vt 0.375000 0.000000
vt 0.379429 0.219769
vt 0.624418 0.122060
vt 0.624302 0.224129
vt 0.625000 0.000000
vt 0.380367 0.271986
vt 0.389861 0.297771
vt 0.624302 0.418269
vt 0.624302 0.512323
vt 0.624302 0.344207
vt 0.379500 0.626891
vt 0.379429 0.516675
vt 0.379510 0.750000
vt 0.624302 0.626400
vt 0.624302 0.750000
vt 0.378759 0.875000
vt 0.375000 1.000000
vt 0.624418 0.875000
vt 0.625000 1.000000
vt 0.380367 0.434113
vt 0.389861 0.379786
vt 0.415780 0.351727
vt 0.432620 0.333901
vt 0.415780 0.316451
vt 0.624302 0.288929
vt 0.591488 0.000000
vt 0.563453 0.121521
vt 0.605058 0.122072
vt 0.608244 0.000000
vt 0.560345 0.222168
vt 0.604352 0.224223
vt 0.625000 0.250000
vt 0.625000 0.125000
vt 0.625000 0.000000
vt 0.375000 0.250000
vt 0.375000 0.275243
vt 0.472698 0.292153
vt 0.478056 0.224422
vt 0.375000 0.300486
vt 0.414542 0.317523
vt 0.454084 0.334560
vt 0.497001 0.342502
vt 0.564094 0.345182
vt 0.560555 0.289496
vt 0.560345 0.512411
vt 0.560911 0.626551
vt 0.604422 0.626390
vt 0.604352 0.512240
vt 0.560992 0.750000
vt 0.604432 0.750000
vt 0.625000 0.750000
vt 0.625000 0.625000
vt 0.625000 0.500000
vt 0.563534 0.875000
vt 0.605067 0.875000
vt 0.591488 1.000000
vt 0.608244 1.000000
vt 0.625000 1.000000
vt 0.625000 0.875000
vt 0.414542 0.347999
vt 0.472698 0.406941
vt 0.375000 0.361438
vt 0.375000 0.430719
vt 0.375000 0.500000
vt 0.478056 0.510438
vt 0.560555 0.416680
vt 0.375000 0.750000
vt 0.375000 0.875000
vt 0.480067 0.875000
vt 0.479432 0.750000
vt 0.375000 1.000000
vt 0.483244 1.000000
vt 0.375000 0.625000
vt 0.479260 0.626111
vt 0.375000 0.000000
vt 0.375000 0.125000
vt 0.479895 0.122149
vt 0.483244 0.000000
vt 0.604379 0.418128
vt 0.625000 0.415322
vt 0.625000 0.330643
vt 0.604822 0.344358
vt 0.604379 0.289166
vt 0.625000 0.290321
vt 0.591488 0.000000
vt 0.608244 0.000000
vt 0.604476 0.121484
vt 0.563453 0.121521
vt 0.625000 0.000000
vt 0.619880 0.121474
vt 0.619415 0.221795
vt 0.603654 0.221874
vt 0.560345 0.222168
vt 0.410434 0.218753
vt 0.482485 0.221901
vt 0.476962 0.291502
vt 0.408230 0.275203
vt 0.560555 0.289496
vt 0.564094 0.345181
vt 0.497505 0.342842
vt 0.449328 0.336880
vt 0.432588 0.311381
vt 0.405250 0.296551
vt 0.560345 0.512411
vt 0.603654 0.513363
vt 0.603724 0.626670
vt 0.560911 0.626551
vt 0.619415 0.513462
vt 0.619415 0.626683
vt 0.619415 0.750000
vt 0.603734 0.750000
vt 0.560992 0.750000
vt 0.604486 0.875000
vt 0.563534 0.875000
vt 0.619880 0.875000
vt 0.625000 1.000000
vt 0.608244 1.000000
vt 0.591488 1.000000
vt 0.476962 0.408322
vt 0.432588 0.365790
vt 0.560555 0.416680
vt 0.482485 0.511636
vt 0.410434 0.515769
vt 0.408230 0.430108
vt 0.405250 0.387393
vt 0.411081 0.750000
vt 0.483942 0.750000
vt 0.483826 0.875000
vt 0.408075 0.875000
vt 0.483244 1.000000
vt 0.375000 1.000000
vt 0.483760 0.626454
vt 0.411000 0.626971
vt 0.375000 0.000000
vt 0.483244 0.000000
vt 0.483644 0.121488
vt 0.407994 0.121094
vt 0.603681 0.418724
vt 0.604124 0.345600
vt 0.619416 0.345514
vt 0.619415 0.418911
vt 0.603681 0.288894
vt 0.619416 0.288703
vt 0.375000 0.000000
vt 0.378748 0.121568
vt 0.379429 0.219769
vt 0.624302 0.224129
vt 0.624418 0.122060
vt 0.625000 0.000000
vt 0.380367 0.271986
vt 0.389861 0.297771
vt 0.624302 0.512323
vt 0.624302 0.418269
vt 0.624302 0.344207
vt 0.379429 0.516675
vt 0.379500 0.626891
vt 0.379510 0.750000
vt 0.624302 0.750000
vt 0.624302 0.626400
vt 0.378758 0.875000
vt 0.375000 1.000000
vt 0.625000 1.000000
vt 0.624418 0.875000
vt 0.389861 0.379786
vt 0.380367 0.434113
vt 0.432620 0.333901
vt 0.415780 0.351727
vt 0.415780 0.316451
vt 0.624302 0.288929
vn -0.7116 0.1825 0.6785
vn -0.7432 0.1155 0.6590
vn -0.9331 0.3302 0.1426
vn -0.9112 0.3850 0.1468
vn -0.5781 0.3917 0.7158
vn -0.7771 0.6118 0.1479
vn -0.6914 0.6072 -0.3915
vn -0.8981 0.2631 -0.3523
vn -0.8824 0.3086 -0.3551
vn -0.9193 0.2794 -0.2771
vn -0.8545 0.3858 -0.3478
vn -0.5145 0.0250 -0.8571
vn -0.6597 -0.0624 -0.7489
vn -0.5558 -0.0014 -0.8313
vn -0.2025 -0.2491 -0.9470
vn -0.1927 -0.2364 -0.9524
vn -0.3162 -0.4014 -0.8596
vn -0.1796 -0.5051 -0.8442
vn -0.1874 -0.5765 -0.7953
vn 0.3513 -0.7679 -0.5356
vn 0.3361 -0.7792 -0.5290
vn 0.4541 -0.8890 0.0584
vn 0.5010 -0.8633 0.0607
vn 0.6587 -0.4799 -0.5796
vn 0.7397 -0.6697 0.0657
vn 0.4873 -0.5209 0.7009
vn 0.2304 -0.7439 0.6274
vn 0.2895 -0.7007 0.6521
vn -0.2552 -0.3291 0.9091
vn -0.2068 -0.2656 0.9416
vn -0.0572 -0.0785 0.9953
vn 0.0101 -0.4007 -0.9162
vn -0.4091 -0.3032 -0.8606
vn 0.0170 -0.4586 -0.8885
vn 0.4081 -0.7242 -0.5559
vn 0.3164 -0.8027 -0.5055
vn -0.0613 -0.5593 -0.8267
vn -0.4251 -0.3784 -0.8223
vn 0.2268 -0.7381 0.6354
vn 0.3333 -0.6645 0.6688
vn -0.1729 -0.2204 0.9600
vn -0.2560 -0.3231 0.9111
vn -0.6864 0.2287 0.6903
vn -0.7471 0.0984 0.6574
vn 0.5500 -0.8328 0.0630
vn 0.4407 -0.8951 0.0678
vn -0.8898 0.4302 0.1524
vn -0.9424 0.2960 0.1558
vn 0.0228 -0.4603 -0.8875
vn -0.2003 -0.2470 -0.9481
vn 0.0991 0.1532 -0.9832
vn 0.3310 -0.0934 -0.9390
vn -0.5606 -0.0181 -0.8279
vn -0.2904 0.3895 -0.8741
vn 0.7174 -0.1626 -0.6774
vn 0.9167 -0.3674 -0.1574
vn 0.9879 -0.0702 -0.1382
vn 0.8117 0.1371 -0.5678
vn 0.8912 -0.2980 0.3419
vn 0.9594 0.0096 0.2819
vn 0.7375 0.6696 0.0873
vn 0.7603 0.6487 -0.0319
vn 0.6659 0.7395 -0.0990
vn 0.7110 -0.6551 0.2556
vn 0.4178 -0.4902 0.7650
vn 0.4689 -0.1351 0.8729
vn 0.8312 -0.4468 0.3310
vn 0.2138 -0.4577 0.8630
vn 0.1677 -0.2744 0.9469
vn -0.0280 -0.0466 0.9985
vn 0.1378 0.1708 0.9756
vn 0.2112 0.2656 0.9406
vn 0.5538 0.0270 0.8322
vn -0.3270 0.7647 0.5552
vn -0.4925 0.8685 -0.0554
vn -0.2217 0.9738 -0.0511
vn -0.0787 0.8951 0.4389
vn -0.2798 0.7080 -0.6484
vn -0.0233 0.8498 -0.5267
vn 0.5498 0.8326 -0.0669
vn 0.4842 0.8749 -0.0090
vn 0.5065 0.8580 0.0855
vn 0.2144 0.2782 -0.9363
vn 0.3836 0.5039 -0.7739
vn 0.5957 0.7945 -0.1181
vn -0.1899 0.0688 0.9794
vn -0.0637 0.3080 0.9493
vn -0.2634 -0.0011 0.9647
vn -0.3168 0.1313 0.9394
vn -0.6492 0.4969 0.5759
vn -0.4436 0.6708 0.5944
vn 0.0221 0.4442 0.8957
vn -0.5060 0.4989 -0.7036
vn 0.0248 0.0330 -0.9991
vn 0.1401 0.1809 -0.9735
vn -0.3744 0.6313 -0.6792
vn 0.5479 -0.4340 -0.7152
vn 0.6581 -0.2740 -0.7013
vn -0.7405 0.6678 -0.0752
vn -0.5959 0.8010 -0.0580
vn 0.7517 -0.6337 -0.1828
vn 0.8623 -0.4777 -0.1678
vn 0.1988 0.6370 0.7448
vn 0.5268 0.8229 0.2128
vn 0.5802 0.7610 0.2903
vn 0.3664 0.4712 0.8024
vn 0.6746 0.2984 0.6752
vn 0.6675 0.7256 0.1672
vn -0.5792 -0.8152 0.0090
vn -0.6370 -0.7704 0.0271
vn -0.6045 -0.7947 0.0560
vn -0.1120 0.9869 0.1160
vn -0.0179 0.9760 -0.2170
vn 0.0027 0.8446 0.5354
vn -0.6363 -0.7688 -0.0634
vn -0.0976 -0.9920 0.0798
vn 0.6387 0.5504 -0.5376
vn 0.8953 0.2509 -0.3682
vn 0.5171 0.6959 -0.4983
vn -0.6876 -0.7260 0.0124
vn -0.5890 -0.8058 0.0609
vn -0.6262 -0.7794 -0.0201
vn 0.9940 0.0908 0.0618
vn 0.8197 0.1803 0.5436
vn -0.6137 -0.7894 -0.0174
vn 0.4012 0.5145 0.7579
vn -0.6483 -0.7587 0.0640
vn -0.8804 -0.4445 0.1652
vn -0.9413 -0.2876 0.1766
vn -0.5091 -0.8348 0.2097
vn 0.1525 -0.9830 0.1026
vn 0.2667 0.8290 -0.4915
vn 0.7116 0.1825 0.6785
vn 0.9112 0.3850 0.1468
vn 0.9331 0.3302 0.1426
vn 0.7432 0.1155 0.6590
vn 0.8824 0.3086 -0.3551
vn 0.8981 0.2631 -0.3523
vn 0.6914 0.6072 -0.3915
vn 0.7771 0.6118 0.1479
vn 0.5781 0.3917 0.7158
vn 0.9193 0.2794 -0.2771
vn 0.6597 -0.0624 -0.7489
vn 0.5145 0.0250 -0.8571
vn 0.8545 0.3858 -0.3478
vn 0.1874 -0.5765 -0.7953
vn 0.1796 -0.5051 -0.8442
vn 0.3162 -0.4014 -0.8596
vn 0.1927 -0.2364 -0.9524
vn 0.2025 -0.2491 -0.9471
vn 0.5558 -0.0014 -0.8313
vn -0.3513 -0.7679 -0.5356
vn -0.5010 -0.8633 0.0607
vn -0.4541 -0.8890 0.0584
vn -0.3361 -0.7792 -0.5290
vn -0.2895 -0.7007 0.6521
vn -0.2304 -0.7439 0.6274
vn -0.4873 -0.5209 0.7009
vn -0.7397 -0.6697 0.0657
vn -0.6587 -0.4799 -0.5796
vn 0.2068 -0.2656 0.9416
vn 0.2552 -0.3291 0.9091
vn 0.0572 -0.0785 0.9953
vn 0.4091 -0.3032 -0.8606
vn -0.0101 -0.4007 -0.9162
vn 0.4251 -0.3784 -0.8223
vn 0.0613 -0.5593 -0.8267
vn -0.3164 -0.8027 -0.5055
vn -0.4081 -0.7242 -0.5559
vn -0.0170 -0.4586 -0.8885
vn -0.2268 -0.7381 0.6354
vn 0.2560 -0.3231 0.9111
vn 0.1729 -0.2204 0.9600
vn -0.3333 -0.6645 0.6688
vn 0.7471 0.0984 0.6574
vn 0.6864 0.2287 0.6903
vn -0.4407 -0.8951 0.0678
vn -0.5500 -0.8328 0.0630
vn 0.9424 0.2960 0.1558
vn 0.8898 0.4302 0.1524
vn -0.0228 -0.4603 -0.8875
vn -0.3310 -0.0934 -0.9390
vn -0.0991 0.1532 -0.9832
vn 0.2003 -0.2470 -0.9481
vn 0.5606 -0.0181 -0.8279
vn 0.2904 0.3895 -0.8741
vn -0.7174 -0.1626 -0.6774
vn -0.8117 0.1371 -0.5678
vn -0.9879 -0.0702 -0.1382
vn -0.9167 -0.3674 -0.1574
vn -0.6659 0.7395 -0.0990
vn -0.7603 0.6487 -0.0319
vn -0.7375 0.6696 0.0873
vn -0.9594 0.0096 0.2819
vn -0.8912 -0.2980 0.3419
vn -0.7110 -0.6551 0.2556
vn -0.8312 -0.4468 0.3310
vn -0.4689 -0.1351 0.8729
vn -0.4177 -0.4902 0.7650
vn -0.5538 0.0270 0.8322
vn -0.2112 0.2656 0.9406
vn -0.1378 0.1708 0.9756
vn 0.0280 -0.0466 0.9985
vn -0.1677 -0.2744 0.9469
vn -0.2138 -0.4577 0.8630
vn 0.3270 0.7647 0.5552
vn 0.0787 0.8951 0.4389
vn 0.2217 0.9738 -0.0511
vn 0.4925 0.8685 -0.0554
vn -0.5065 0.8580 0.0855
vn -0.4842 0.8749 -0.0090
vn -0.5498 0.8326 -0.0669
vn 0.0233 0.8498 -0.5267
vn 0.2798 0.7080 -0.6484
vn -0.3836 0.5039 -0.7739
vn -0.2144 0.2782 -0.9363
vn -0.5957 0.7945 -0.1181
vn 0.0637 0.3080 0.9493
vn 0.1899 0.0688 0.9794
vn -0.0221 0.4442 0.8957
vn 0.4436 0.6708 0.5944
vn 0.6492 0.4969 0.5759
vn 0.3168 0.1313 0.9394
vn 0.2634 -0.0011 0.9647
vn 0.5060 0.4989 -0.7036
vn 0.3744 0.6313 -0.6792
vn -0.1401 0.1809 -0.9735
vn -0.0248 0.0330 -0.9991
vn -0.6581 -0.2740 -0.7013
vn -0.5479 -0.4340 -0.7152
vn 0.5959 0.8010 -0.0580
vn 0.7405 0.6678 -0.0752
vn -0.8623 -0.4777 -0.1678
vn -0.7517 -0.6337 -0.1828
vn -0.1988 0.6370 0.7448
vn -0.3664 0.4712 0.8024
vn -0.5802 0.7610 0.2903
vn -0.5268 0.8229 0.2128
vn -0.6746 0.2984 0.6752
vn -0.6675 0.7256 0.1672
vn 0.6370 -0.7704 0.0271
vn 0.5792 -0.8152 0.0090
vn 0.6045 -0.7947 0.0560
vn 0.0179 0.9760 -0.2170
vn 0.1120 0.9869 0.1160
vn -0.0027 0.8446 0.5354
vn 0.6363 -0.7688 -0.0634
vn 0.0976 -0.9920 0.0798
vn -0.8953 0.2509 -0.3682
vn -0.6387 0.5504 -0.5376
vn -0.5171 0.6959 -0.4983
vn 0.5890 -0.8058 0.0609
vn 0.6876 -0.7260 0.0124
vn 0.6262 -0.7794 -0.0201
vn -0.8197 0.1803 0.5436
vn -0.9940 0.0908 0.0618
vn 0.6137 -0.7894 -0.0174
vn -0.4012 0.5145 0.7579
vn 0.8804 -0.4445 0.1652
vn 0.6483 -0.7587 0.0640
vn 0.5091 -0.8348 0.2097
vn 0.9413 -0.2876 0.1766
vn -0.1525 -0.9830 0.1026
vn -0.2667 0.8290 -0.4915
usemtl None
s 1
f 404/478/392 461/479/393 592/480/394 484/481/395
f 461/479/393 393/482/396 462/483/397 592/480/394
f 592/480/394 462/483/397 395/484/398 479/485/399
f 484/481/395 592/480/394 479/485/399 405/486/400
f 394/487/401 463/488/402 593/489/403 464/490/404
f 405/486/400 486/491/405 593/489/403 463/488/402
f 408/492/406 473/493/407 593/489/403 486/491/405
f 402/494/408 475/495/409 593/489/403 473/493/407
f 401/496/410 464/490/404 593/489/403 475/495/409
f 406/497/411 480/498/412 594/499/413 483/500/414
f 480/498/412 399/501/415 468/502/416 594/499/413
f 594/499/413 468/502/416 397/503/417 481/504/418
f 483/500/414 594/499/413 481/504/418 407/505/419
f 407/505/419 481/504/418 595/506/420 482/507/421
f 481/504/418 397/503/417 471/508/422 595/506/420
f 595/506/420 471/508/422 393/509/396 461/510/393
f 482/507/421 595/506/420 461/510/393 404/511/392
f 402/494/408 473/493/407 596/512/423 474/513/424
f 408/492/406 485/514/425 596/512/423 473/493/407
f 406/497/411 466/515/426 596/512/423 485/514/425
f 398/516/427 472/517/428 596/512/423 466/515/426
f 400/518/429 474/513/424 596/512/423 472/517/428
f 396/519/430 469/520/431 597/521/432 470/522/433
f 469/520/431 407/505/419 482/507/421 597/521/432
f 597/521/432 482/507/421 404/511/392 478/523/434
f 470/522/433 597/521/432 478/523/434 392/524/435
f 398/516/427 466/515/426 598/525/436 467/526/437
f 466/515/426 406/497/411 483/500/414 598/525/436
f 598/525/436 483/500/414 407/505/419 469/520/431
f 467/526/437 598/525/436 469/520/431 396/519/430
f 392/527/435 478/528/434 599/529/438 460/530/439
f 478/528/434 404/478/392 484/481/395 599/529/438
f 599/529/438 484/481/395 405/486/400 463/488/402
f 460/530/439 599/529/438 463/488/402 394/487/401
f 406/497/411 485/514/425 600/531/440 480/498/412
f 485/514/425 408/492/406 477/532/441 600/531/440
f 600/531/440 477/532/441 403/533/442 465/534/443
f 480/498/412 600/531/440 465/534/443 399/501/415
f 408/492/406 486/491/405 601/535/444 477/532/441
f 486/491/405 405/486/400 479/485/399 601/535/444
f 601/535/444 479/485/399 395/484/398 476/536/445
f 477/532/441 601/535/444 476/536/445 403/533/442
f 421/537/446 511/538/447 602/539/448 488/540/449
f 511/538/447 422/541/450 506/542/451 602/539/448
f 602/539/448 506/542/451 412/543/452 489/544/453
f 488/540/449 602/539/448 489/544/453 410/545/454
f 411/546/455 491/547/456 603/548/457 490/549/458
f 418/550/459 502/551/460 603/548/457 491/547/456
f 419/552/461 500/553/462 603/548/457 502/551/460
f 425/554/463 513/555/464 603/548/457 500/553/462
f 422/541/450 490/549/458 603/548/457 513/555/464
f 423/556/465 510/557/466 604/558/467 507/559/468
f 510/557/466 424/560/469 508/561/470 604/558/467
f 604/558/467 508/561/470 414/562/471 495/563/472
f 507/559/468 604/558/467 495/563/472 416/564/473
f 424/560/469 509/565/474 605/566/475 508/561/470
f 509/565/474 421/567/446 488/568/449 605/566/475
f 605/566/475 488/568/449 410/569/454 498/570/476
f 508/561/470 605/566/475 498/570/476 414/562/471
f 419/552/461 501/571/477 606/572/478 500/553/462
f 417/573/479 499/574/480 606/572/478 501/571/477
f 415/575/481 493/576/482 606/572/478 499/574/480
f 423/556/465 512/577/483 606/572/478 493/576/482
f 425/554/463 500/553/462 606/572/478 512/577/483
f 413/578/484 497/579/485 607/580/486 496/581/487
f 497/579/485 409/582/488 505/583/489 607/580/486
f 607/580/486 505/583/489 421/567/446 509/565/474
f 496/581/487 607/580/486 509/565/474 424/560/469
f 415/575/481 494/584/490 608/585/491 493/576/482
f 494/584/490 413/578/484 496/581/487 608/585/491
f 608/585/491 496/581/487 424/560/469 510/557/466
f 493/576/482 608/585/491 510/557/466 423/556/465
f 409/586/488 487/587/492 609/588/493 505/589/489
f 487/587/492 411/546/455 490/549/458 609/588/493
f 609/588/493 490/549/458 422/541/450 511/538/447
f 505/589/489 609/588/493 511/538/447 421/537/446
f 423/556/465 507/559/468 610/590/494 512/577/483
f 507/559/468 416/564/473 492/591/495 610/590/494
f 610/590/494 492/591/495 420/592/496 504/593/497
f 512/577/483 610/590/494 504/593/497 425/554/463
f 425/554/463 504/593/497 611/594/498 513/555/464
f 504/593/497 420/592/496 503/595/499 611/594/498
f 611/594/498 503/595/499 412/543/452 506/542/451
f 513/555/464 611/594/498 506/542/451 422/541/450
f 392/527/435 460/530/439 612/596/500 514/597/501
f 460/530/439 394/487/401 516/598/502 612/596/500
f 612/596/500 516/598/502 411/546/455 487/587/492
f 514/597/501 612/596/500 487/587/492 409/586/488
f 395/484/398 462/483/397 613/599/503 517/600/504
f 462/483/397 393/482/396 515/601/505 613/599/503
f 613/599/503 515/601/505 410/545/454 489/544/453
f 517/600/504 613/599/503 489/544/453 412/543/452
f 394/487/401 464/490/404 614/602/506 516/598/502
f 464/490/404 401/496/410 523/603/507 614/602/506
f 614/602/506 523/603/507 418/550/459 491/547/456
f 516/598/502 614/602/506 491/547/456 411/546/455
f 399/501/415 465/534/443 615/604/508 521/605/509
f 465/534/443 403/533/442 525/606/510 615/604/508
f 615/604/508 525/606/510 420/592/496 492/591/495
f 521/605/509 615/604/508 492/591/495 416/564/473
f 398/516/427 467/526/437 616/607/511 520/608/512
f 467/526/437 396/519/430 518/609/513 616/607/511
f 616/607/511 518/609/513 413/578/484 494/584/490
f 520/608/512 616/607/511 494/584/490 415/575/481
f 397/503/417 468/502/416 617/610/514 519/611/515
f 468/502/416 399/501/415 521/605/509 617/610/514
f 617/610/514 521/605/509 416/564/473 495/563/472
f 519/611/515 617/610/514 495/563/472 414/562/471
f 396/519/430 470/522/433 618/612/516 518/609/513
f 470/522/433 392/524/435 514/613/501 618/612/516
f 618/612/516 514/613/501 409/582/488 497/579/485
f 518/609/513 618/612/516 497/579/485 413/578/484
f 393/509/396 471/508/422 619/614/517 515/615/505
f 471/508/422 397/503/417 519/611/515 619/614/517
f 619/614/517 519/611/515 414/562/471 498/570/476
f 515/615/505 619/614/517 498/570/476 410/569/454
f 400/518/429 472/517/428 620/616/518 522/617/519
f 472/517/428 398/516/427 520/608/512 620/616/518
f 620/616/518 520/608/512 415/575/481 499/574/480
f 522/617/519 620/616/518 499/574/480 417/573/479
f 402/494/408 474/513/424 621/618/520 524/619/521
f 474/513/424 400/518/429 522/617/519 621/618/520
f 621/618/520 522/617/519 417/573/479 501/571/477
f 524/619/521 621/618/520 501/571/477 419/552/461
f 401/496/410 475/495/409 622/620/522 523/603/507
f 475/495/409 402/494/408 524/619/521 622/620/522
f 622/620/522 524/619/521 419/552/461 502/551/460
f 523/603/507 622/620/522 502/551/460 418/550/459
f 403/533/442 476/536/445 623/621/523 525/606/510
f 476/536/445 395/484/398 517/600/504 623/621/523
f 623/621/523 517/600/504 412/543/452 503/595/499
f 525/606/510 623/621/523 503/595/499 420/592/496
f 438/622/524 550/623/525 624/624/526 527/625/527
f 550/623/525 439/626/528 545/627/529 624/624/526
f 624/624/526 545/627/529 429/628/530 528/629/531
f 527/625/527 624/624/526 528/629/531 427/630/532
f 428/631/533 530/632/534 625/633/535 529/634/536
f 435/635/537 541/636/538 625/633/535 530/632/534
f 436/637/539 539/638/540 625/633/535 541/636/538
f 442/639/541 552/640/542 625/633/535 539/638/540
f 439/626/528 529/634/536 625/633/535 552/640/542
f 440/641/543 549/642/544 626/643/545 546/644/546
f 549/642/544 441/645/547 547/646/548 626/643/545
f 626/643/545 547/646/548 431/647/549 534/648/550
f 546/644/546 626/643/545 534/648/550 433/649/551
f 441/645/547 548/650/552 627/651/553 547/646/548
f 548/650/552 438/652/524 527/653/527 627/651/553
f 627/651/553 527/653/527 427/654/532 537/655/554
f 547/646/548 627/651/553 537/655/554 431/647/549
f 436/637/539 540/656/555 628/657/556 539/638/540
f 434/658/557 538/659/558 628/657/556 540/656/555
f 432/660/559 532/661/560 628/657/556 538/659/558
f 440/641/543 551/662/561 628/657/556 532/661/560
f 442/639/541 539/638/540 628/657/556 551/662/561
f 430/663/562 536/664/563 629/665/564 535/666/565
f 536/664/563 426/667/566 544/668/567 629/665/564
f 629/665/564 544/668/567 438/652/524 548/650/552
f 535/666/565 629/665/564 548/650/552 441/645/547
f 432/660/559 533/669/568 630/670/569 532/661/560
f 533/669/568 430/663/562 535/666/565 630/670/569
f 630/670/569 535/666/565 441/645/547 549/642/544
f 532/661/560 630/670/569 549/642/544 440/641/543
f 426/671/566 526/672/570 631/673/571 544/674/567
f 526/672/570 428/631/533 529/634/536 631/673/571
f 631/673/571 529/634/536 439/626/528 550/623/525
f 544/674/567 631/673/571 550/623/525 438/622/524
f 440/641/543 546/644/546 632/675/572 551/662/561
f 546/644/546 433/649/551 531/676/573 632/675/572
f 632/675/572 531/676/573 437/677/574 543/678/575
f 551/662/561 632/675/572 543/678/575 442/639/541
f 442/639/541 543/678/575 633/679/576 552/640/542
f 543/678/575 437/677/574 542/680/577 633/679/576
f 633/679/576 542/680/577 429/628/530 545/627/529
f 552/640/542 633/679/576 545/627/529 439/626/528
f 455/681/578 554/682/579 634/683/580 577/684/581
f 554/682/579 444/685/582 555/686/583 634/683/580
f 634/683/580 555/686/583 446/687/584 572/688/585
f 577/684/581 634/683/580 572/688/585 456/689/586
f 445/690/587 556/691/588 635/692/589 557/693/590
f 456/689/586 579/694/591 635/692/589 556/691/588
f 459/695/592 566/696/593 635/692/589 579/694/591
f 453/697/594 568/698/595 635/692/589 566/696/593
f 452/699/596 557/693/590 635/692/589 568/698/595
f 457/700/597 573/701/598 636/702/599 576/703/600
f 573/701/598 450/704/601 561/705/602 636/702/599
f 636/702/599 561/705/602 448/706/603 574/707/604
f 576/703/600 636/702/599 574/707/604 458/708/605
f 458/708/605 574/707/604 637/709/606 575/710/607
f 574/707/604 448/706/603 564/711/608 637/709/606
f 637/709/606 564/711/608 444/712/582 554/713/579
f 575/710/607 637/709/606 554/713/579 455/714/578
f 453/697/594 566/696/593 638/715/609 567/716/610
f 459/695/592 578/717/611 638/715/609 566/696/593
f 457/700/597 559/718/612 638/715/609 578/717/611
f 449/719/613 565/720/614 638/715/609 559/718/612
f 451/721/615 567/716/610 638/715/609 565/720/614
f 447/722/616 562/723/617 639/724/618 563/725/619
f 562/723/617 458/708/605 575/710/607 639/724/618
f 639/724/618 575/710/607 455/714/578 571/726/620
f 563/725/619 639/724/618 571/726/620 443/727/621
f 449/719/613 559/718/612 640/728/622 560/729/623
f 559/718/612 457/700/597 576/703/600 640/728/622
f 640/728/622 576/703/600 458/708/605 562/723/617
f 560/729/623 640/728/622 562/723/617 447/722/616
f 443/730/621 571/731/620 641/732/624 553/733/625
f 571/731/620 455/681/578 577/684/581 641/732/624
f 641/732/624 577/684/581 456/689/586 556/691/588
f 553/733/625 641/732/624 556/691/588 445/690/587
f 457/700/597 578/717/611 642/734/626 573/701/598
f 578/717/611 459/695/592 570/735/627 642/734/626
f 642/734/626 570/735/627 454/736/628 558/737/629
f 573/701/598 642/734/626 558/737/629 450/704/601
f 459/695/592 579/694/591 643/738/630 570/735/627
f 579/694/591 456/689/586 572/688/585 643/738/630
f 643/738/630 572/688/585 446/687/584 569/739/631
f 570/735/627 643/738/630 569/739/631 454/736/628
f 426/671/566 580/740/632 644/741/633 526/672/570
f 580/740/632 443/730/621 553/733/625 644/741/633
f 644/741/633 553/733/625 445/690/587 582/742/634
f 526/672/570 644/741/633 582/742/634 428/631/533
f 429/628/530 583/743/635 645/744/636 528/629/531
f 583/743/635 446/687/584 555/686/583 645/744/636
f 645/744/636 555/686/583 444/685/582 581/745/637
f 528/629/531 645/744/636 581/745/637 427/630/532
f 428/631/533 582/742/634 646/746/638 530/632/534
f 582/742/634 445/690/587 557/693/590 646/746/638
f 646/746/638 557/693/590 452/699/596 589/747/639
f 530/632/534 646/746/638 589/747/639 435/635/537
f 433/649/551 587/748/640 647/749/641 531/676/573
f 587/748/640 450/704/601 558/737/629 647/749/641
f 647/749/641 558/737/629 454/736/628 591/750/642
f 531/676/573 647/749/641 591/750/642 437/677/574
f 432/660/559 586/751/643 648/752/644 533/669/568
f 586/751/643 449/719/613 560/729/623 648/752/644
f 648/752/644 560/729/623 447/722/616 584/753/645
f 533/669/568 648/752/644 584/753/645 430/663/562
f 431/647/549 585/754/646 649/755/647 534/648/550
f 585/754/646 448/706/603 561/705/602 649/755/647
f 649/755/647 561/705/602 450/704/601 587/748/640
f 534/648/550 649/755/647 587/748/640 433/649/551
f 430/663/562 584/753/645 650/756/648 536/664/563
f 584/753/645 447/722/616 563/725/619 650/756/648
f 650/756/648 563/725/619 443/727/621 580/757/632
f 536/664/563 650/756/648 580/757/632 426/667/566
f 427/654/532 581/758/637 651/759/649 537/655/554
f 581/758/637 444/712/582 564/711/608 651/759/649
f 651/759/649 564/711/608 448/706/603 585/754/646
f 537/655/554 651/759/649 585/754/646 431/647/549
f 434/658/557 588/760/650 652/761/651 538/659/558
f 588/760/650 451/721/615 565/720/614 652/761/651
f 652/761/651 565/720/614 449/719/613 586/751/643
f 538/659/558 652/761/651 586/751/643 432/660/559
f 436/637/539 590/762/652 653/763/653 540/656/555
f 590/762/652 453/697/594 567/716/610 653/763/653
f 653/763/653 567/716/610 451/721/615 588/760/650
f 540/656/555 653/763/653 588/760/650 434/658/557
f 435/635/537 589/747/639 654/764/654 541/636/538
f 589/747/639 452/699/596 568/698/595 654/764/654
f 654/764/654 568/698/595 453/697/594 590/762/652
f 541/636/538 654/764/654 590/762/652 436/637/539
f 437/677/574 591/750/642 655/765/655 542/680/577
f 591/750/642 454/736/628 569/739/631 655/765/655
f 655/765/655 569/739/631 446/687/584 583/743/635
f 542/680/577 655/765/655 583/743/635 429/628/530
g Cube.017_Cube.024
v -4.364848 4.755684 2.016036
v -3.965243 5.228640 1.963675
v -4.364848 4.755684 1.509666
v -3.965243 5.228640 1.562027
v -3.667605 4.589243 1.957280
v -3.360509 4.772582 1.957280
v -3.667605 4.589243 1.572273
v -3.360509 4.772582 1.572273
v -4.338039 3.917914 1.671381
v -4.338039 3.917914 1.854321
v -4.183742 3.937821 1.671381
v -4.183742 3.937822 1.854321
v -4.441588 4.213342 1.943133
v -4.167916 4.196232 1.943133
v -4.167916 4.196232 1.582569
v -4.441588 4.213342 1.582569
v -3.526206 5.003501 1.508955
v -3.919625 4.569972 1.478082
v -3.919625 4.569972 2.048175
v -3.526206 5.003501 2.017518
v -3.441503 4.406578 1.623897
v -3.668724 4.431970 1.623897
v -3.668724 4.431970 1.906426
v -3.441503 4.406578 1.906426
v -3.619872 4.134068 1.679462
v -3.743913 4.197897 1.679462
v -3.743913 4.197897 1.850861
v -3.619872 4.134068 1.850861
v 4.364849 4.755684 2.016036
v 3.965243 5.228640 1.963675
v 4.364849 4.755684 1.509666
v 3.965242 5.228640 1.562027
v 3.667605 4.589243 1.957280
v 3.360510 4.772582 1.957280
v 3.667605 4.589244 1.572273
v 3.360509 4.772582 1.572273
v 4.338040 3.917914 1.671381
v 4.338039 3.917915 1.854321
v 4.183742 3.937822 1.671381
v 4.183742 3.937822 1.854321
v 4.441588 4.213343 1.943133
v 4.167916 4.196233 1.943133
v 4.167916 4.196233 1.582569
v 4.441588 4.213343 1.582569
v 3.526206 5.003502 1.508955
v 3.919625 4.569972 1.478082
v 3.919626 4.569972 2.048175
v 3.526206 5.003503 2.017518
v 3.441503 4.406578 1.623897
v 3.668724 4.431970 1.623897
v 3.668725 4.431970 1.906426
v 3.441503 4.406578 1.906426
v 3.619873 4.134068 1.679462
v 3.743913 4.197898 1.679462
v 3.743913 4.197898 1.850861
v 3.619873 4.134068 1.850861
v -4.441785 4.786970 1.762851
v -4.163818 5.062109 2.017327
v -3.967867 5.291155 1.762851
v -4.163818 5.062109 1.508375
v -4.156034 4.670053 1.408683
v -3.755795 5.159026 1.508286
v -3.712134 4.819214 1.407658
v -3.914494 4.488861 1.763213
v -3.457434 5.069279 1.763236
v -3.712134 4.819214 2.118792
v -4.156034 4.670053 2.117076
v -3.755795 5.159026 2.017513
v -4.347465 3.896093 1.762851
v -4.255232 3.908963 1.655826
v -4.163000 3.921833 1.762851
v -4.255232 3.908963 1.869877
v -4.393122 4.019213 1.898304
v -4.098938 4.374454 1.988781
v -4.178434 4.035422 1.627399
v -4.449088 4.461496 1.540650
v -4.449088 4.461496 1.985053
v -4.178434 4.035422 1.898304
v -4.098938 4.374454 1.536979
v -4.393122 4.019213 1.627399
v -4.116602 4.193024 1.762851
v -4.492901 4.216550 1.762851
v -4.304752 4.204787 1.514963
v -4.304752 4.204787 2.010739
v -3.514057 4.680912 1.500085
v -3.725186 4.554867 1.764777
v -3.302929 4.806957 1.764777
v -3.514057 4.680912 2.029469
v -3.398300 4.885930 1.537673
v -3.739115 4.603034 1.534065
v -3.739115 4.603034 1.993925
v -3.398300 4.885930 1.990340
v -3.555113 4.419274 1.570923
v -3.711328 4.436730 1.765162
v -3.398899 4.401817 1.765162
v -3.555113 4.419274 1.959400
v -3.378253 4.604638 1.929335
v -3.378253 4.604638 1.600892
v -3.647588 4.532716 1.600892
v -3.647588 4.532716 1.929335
v -3.693076 4.146754 1.662648
v -3.766200 4.186416 1.765162
v -3.619953 4.107092 1.765162
v -3.693076 4.146754 1.867675
v -3.538338 4.228507 1.882912
v -3.538339 4.228508 1.647411
v -3.717040 4.298670 1.647411
v -3.717040 4.298670 1.882912
v 4.441785 4.786970 1.762851
v 4.163819 5.062110 2.017327
v 3.967867 5.291156 1.762851
v 4.163819 5.062110 1.508375
v 4.156035 4.670054 1.408683
v 3.755795 5.159026 1.508286
v 3.712134 4.819215 1.407658
v 3.914494 4.488861 1.763213
v 3.457434 5.069280 1.763236
v 3.712134 4.819215 2.118792
v 4.156035 4.670054 2.117076
v 3.755795 5.159027 2.017513
v 4.347465 3.896094 1.762851
v 4.255232 3.908964 1.655826
v 4.162999 3.921833 1.762851
v 4.255232 3.908964 1.869877
v 4.393122 4.019213 1.898303
v 4.098938 4.374454 1.988781
v 4.178435 4.035422 1.627399
v 4.449089 4.461496 1.540650
v 4.449088 4.461497 1.985052
v 4.178435 4.035422 1.898304
v 4.098938 4.374455 1.536979
v 4.393122 4.019214 1.627399
v 4.116601 4.193025 1.762851
v 4.492901 4.216551 1.762851
v 4.304752 4.204787 1.514963
v 4.304752 4.204787 2.010739
v 3.514057 4.680913 1.500085
v 3.725185 4.554868 1.764777
v 3.302929 4.806958 1.764777
v 3.514058 4.680913 2.029469
v 3.398300 4.885931 1.537673
v 3.739116 4.603035 1.534065
v 3.739116 4.603036 1.993925
v 3.398300 4.885931 1.990340
v 3.555114 4.419274 1.570923
v 3.711328 4.436731 1.765162
v 3.398899 4.401818 1.765162
v 3.555114 4.419274 1.959400
v 3.378253 4.604639 1.929335
v 3.378253 4.604638 1.600892
v 3.647588 4.532717 1.600892
v 3.647588 4.532716 1.929335
v 3.693077 4.146755 1.662648
v 3.766201 4.186416 1.765162
v 3.619953 4.107092 1.765162
v 3.693077 4.146754 1.867675
v 3.538339 4.228508 1.882912
v 3.538339 4.228508 1.647411
v 3.717041 4.298671 1.647411
v 3.717040 4.298671 1.882912
v -4.237867 5.110047 1.762851
v -3.948650 4.948269 1.400471
v -3.327753 4.618124 1.765113
v -3.948650 4.948269 2.125322
v -4.285220 4.025454 1.948262
v -3.689925 5.237744 1.762900
v -4.243358 3.869290 1.762851
v -4.285220 4.025454 1.577441
v -4.432533 4.014139 1.762851
v -4.137908 4.036768 1.762851
v -4.039059 4.354954 1.762894
v -4.514390 4.477135 1.762851
v -4.274160 4.419290 1.456405
v -4.274160 4.419290 2.069308
v -3.568900 4.747306 1.451896
v -3.797336 4.549404 1.764001
v -3.334531 4.937229 1.764006
v -3.568900 4.747306 2.076111
v -3.506383 4.213252 1.765162
v -3.512920 4.568677 1.539309
v -3.512920 4.568677 1.990918
v -3.698088 4.519230 1.765113
v -3.716547 4.106401 1.765162
v -3.628792 4.261693 1.603559
v -3.628792 4.261693 1.926764
v -3.751201 4.310134 1.765162
v 4.237867 5.110048 1.762851
v 3.948649 4.948270 1.400471
v 3.327753 4.618124 1.765113
v 3.948650 4.948270 2.125322
v 4.285222 4.025455 1.948262
v 3.689926 5.237744 1.762900
v 4.243358 3.869290 1.762851
v 4.285222 4.025454 1.577441
v 4.432534 4.014140 1.762851
v 4.137908 4.036768 1.762851
v 4.039060 4.354954 1.762894
v 4.514390 4.477136 1.762851
v 4.274160 4.419290 1.456405
v 4.274162 4.419290 2.069308
v 3.568901 4.747306 1.451896
v 3.797336 4.549404 1.764001
v 3.334531 4.937229 1.764006
v 3.568901 4.747307 2.076111
v 3.506383 4.213252 1.765162
v 3.512921 4.568677 1.539309
v 3.512921 4.568677 1.990918
v 3.698088 4.519231 1.765113
v 3.716547 4.106402 1.765162
v 3.628793 4.261693 1.603559
v 3.628793 4.261693 1.926764
v 3.751201 4.310135 1.765162
vt 0.375000 0.000000
vt 0.500000 0.000000
vt 0.504340 0.125000
vt 0.413194 0.125000
vt 0.625000 0.000000
vt 0.625000 0.125000
vt 0.625000 0.250000
vt 0.505208 0.250000
vt 0.416667 0.250000
vt 0.504975 0.372227
vt 0.415732 0.374588
vt 0.625000 0.375000
vt 0.625000 0.500000
vt 0.503406 0.473244
vt 0.408785 0.503596
vt 0.557050 0.566638
vt 0.578444 0.625000
vt 0.572119 0.625000
vt 0.552450 0.571008
vt 0.557050 0.683362
vt 0.552450 0.678992
vt 0.551793 0.678368
vt 0.571216 0.625000
vt 0.551793 0.571633
vt 0.408785 0.746404
vt 0.503406 0.776756
vt 0.504107 0.877773
vt 0.412260 0.875412
vt 0.625000 0.750000
vt 0.625000 0.875000
vt 0.625000 1.000000
vt 0.500000 1.000000
vt 0.375000 1.000000
vt 0.375000 0.750000
vt 0.375000 0.875000
vt 0.375000 0.875000
vt 0.375000 0.750000
vt 0.375000 1.000000
vt 0.375000 1.000000
vt 0.375000 1.000000
vt 0.375000 0.875000
vt 0.375000 0.750000
vt 0.750000 0.500000
vt 0.752815 0.625000
vt 0.651744 0.625000
vt 0.875000 0.500000
vt 0.875000 0.625000
vt 0.875000 0.750000
vt 0.750000 0.750000
vt 0.125000 0.500000
vt 0.250000 0.500000
vt 0.250000 0.625000
vt 0.125000 0.625000
vt 0.375000 0.500000
vt 0.375000 0.625000
vt 0.250000 0.750000
vt 0.125000 0.750000
vt 0.375000 0.250000
vt 0.375000 0.375000
vt 0.375000 0.375000
vt 0.375000 0.250000
vt 0.375000 0.500000
vt 0.375000 0.500000
vt 0.375000 0.375000
vt 0.375000 0.250000
vt 0.375000 0.000000
vt 0.375000 0.125000
vt 0.375000 0.125000
vt 0.375000 0.000000
vt 0.375000 0.125000
vt 0.375000 0.000000
vt 0.375000 0.625000
vt 0.375000 0.625000
vt 0.388054 0.625000
vt 0.376926 0.625000
vt 0.378570 0.500300
vt 0.378570 0.749700
vt 0.379340 0.125000
vt 0.375000 0.000000
vt 0.380208 0.250000
vt 0.379975 0.375075
vt 0.379107 0.874925
vt 0.375000 1.000000
vt 0.500000 0.544753
vt 0.500634 0.525651
vt 0.572396 0.551841
vt 0.442950 0.566638
vt 0.431009 0.552141
vt 0.421557 0.625000
vt 0.406387 0.625000
vt 0.442950 0.683362
vt 0.431009 0.697859
vt 0.598354 0.625000
vt 0.572396 0.698159
vt 0.500000 0.705248
vt 0.500634 0.724349
vt 0.568218 0.625000
vt 0.549575 0.573918
vt 0.549575 0.676082
vt 0.538845 0.665026
vt 0.547357 0.625000
vt 0.538845 0.584974
vt 0.500000 0.550761
vt 0.447550 0.571008
vt 0.500000 0.551620
vt 0.448207 0.571633
vt 0.500000 0.699239
vt 0.447550 0.678992
vt 0.448207 0.678368
vt 0.500000 0.698380
vt 0.427881 0.625000
vt 0.428784 0.625000
vt 0.461155 0.584974
vt 0.500000 0.576203
vt 0.500000 0.625000
vt 0.452643 0.625000
vt 0.500000 0.673797
vt 0.461155 0.665026
vt 0.500000 0.554708
vt 0.450425 0.573918
vt 0.500000 0.695292
vt 0.450425 0.676082
vt 0.431782 0.625000
vt 0.375000 0.000000
vt 0.375000 0.125000
vt 0.500000 0.125000
vt 0.500000 0.000000
vt 0.375000 0.250000
vt 0.500868 0.250000
vt 0.625000 0.250000
vt 0.625000 0.125000
vt 0.625000 0.000000
vt 0.412260 0.374588
vt 0.504107 0.372227
vt 0.408785 0.503596
vt 0.503406 0.473244
vt 0.625000 0.500000
vt 0.625000 0.375000
vt 0.577690 0.544949
vt 0.553951 0.569409
vt 0.572295 0.625000
vt 0.577690 0.625000
vt 0.551793 0.571632
vt 0.571216 0.625000
vt 0.551793 0.678368
vt 0.553951 0.680591
vt 0.577690 0.705051
vt 0.375000 0.750000
vt 0.375000 0.875000
vt 0.500000 0.877848
vt 0.500000 0.777056
vt 0.375000 1.000000
vt 0.500000 1.000000
vt 0.625000 1.000000
vt 0.625000 0.875000
vt 0.625000 0.750000
vt 0.375000 0.750000
vt 0.375000 0.750000
vt 0.375000 0.875000
vt 0.375000 0.875000
vt 0.375000 0.750000
vt 0.375000 0.875000
vt 0.375000 1.000000
vt 0.375000 1.000000
vt 0.375000 1.000000
vt 0.651744 0.625000
vt 0.752815 0.625000
vt 0.750000 0.500000
vt 0.750000 0.750000
vt 0.875000 0.750000
vt 0.875000 0.625000
vt 0.875000 0.500000
vt 0.125000 0.500000
vt 0.125000 0.625000
vt 0.250000 0.625000
vt 0.250000 0.500000
vt 0.125000 0.750000
vt 0.250000 0.750000
vt 0.375000 0.625000
vt 0.375000 0.500000
vt 0.375000 0.250000
vt 0.375000 0.250000
vt 0.375000 0.375000
vt 0.375000 0.375000
vt 0.375000 0.250000
vt 0.375000 0.375000
vt 0.375000 0.500000
vt 0.375000 0.500000
vt 0.375000 0.000000
vt 0.375000 0.000000
vt 0.375000 0.125000
vt 0.375000 0.125000
vt 0.375000 0.000000
vt 0.375000 0.125000
vt 0.375000 0.625000
vt 0.375000 0.625000
vt 0.378570 0.500300
vt 0.376291 0.625075
vt 0.385516 0.625300
vt 0.375000 0.750000
vt 0.375000 0.000000
vt 0.375000 0.125000
vt 0.375000 0.250000
vt 0.379107 0.375075
vt 0.375000 0.875000
vt 0.375000 1.000000
vt 0.573897 0.550242
vt 0.500634 0.525397
vt 0.500000 0.544949
vt 0.429508 0.550541
vt 0.422310 0.544949
vt 0.405577 0.625075
vt 0.422310 0.625000
vt 0.426971 0.699758
vt 0.422310 0.705051
vt 0.573897 0.699758
vt 0.598530 0.625000
vt 0.500000 0.724678
vt 0.500000 0.705051
vt 0.553951 0.569409
vt 0.572295 0.625000
vt 0.577690 0.544949
vt 0.577690 0.625000
vt 0.577690 0.705051
vt 0.553951 0.680591
vt 0.446049 0.569409
vt 0.500000 0.550508
vt 0.448207 0.571633
vt 0.500000 0.551620
vt 0.500000 0.699492
vt 0.500000 0.698380
vt 0.448207 0.678368
vt 0.446049 0.680591
vt 0.427705 0.625000
vt 0.428784 0.625000
vt 0.422310 0.544949
vt 0.422310 0.625000
vt 0.500000 0.625000
vt 0.500000 0.544949
vt 0.422310 0.705051
vt 0.500000 0.705051
vt 0.446049 0.569409
vt 0.500000 0.550508
vt 0.500000 0.699492
vt 0.446049 0.680591
vt 0.427705 0.625000
vn -0.6985 0.2800 0.6586
vn -0.5143 0.5503 0.6578
vn -0.7260 0.6876 -0.0000
vn -0.9195 0.3930 -0.0000
vn -0.1766 0.8149 0.5520
vn -0.1878 0.9822 -0.0000
vn -0.1765 0.8149 -0.5521
vn -0.5143 0.5502 -0.6579
vn -0.6984 0.2800 -0.6587
vn -0.0527 0.2070 -0.9769
vn -0.1442 -0.0643 -0.9875
vn 0.2426 0.6837 -0.6883
vn 0.4884 0.5105 -0.7077
vn 0.2106 -0.0740 -0.9748
vn 0.3207 -0.5820 -0.7473
vn 0.8080 -0.0529 -0.5868
vn 0.9980 0.0639 0.0006
vn 0.9746 -0.2241 0.0002
vn 0.7683 -0.2521 -0.5884
vn 0.8063 -0.0484 0.5895
vn 0.7680 -0.2507 0.5893
vn 0.6965 -0.3743 0.6122
vn 0.9128 -0.4085 0.0000
vn 0.6964 -0.3745 -0.6121
vn 0.3184 -0.5822 0.7481
vn 0.2064 -0.0707 0.9759
vn -0.0537 0.2077 0.9767
vn -0.1450 -0.0642 0.9873
vn 0.4857 0.5137 0.7073
vn 0.2418 0.6843 0.6879
vn 0.6934 -0.3207 0.6453
vn -0.0574 -0.2926 0.9545
vn 0.0178 -0.4151 0.9096
vn 0.7316 -0.2776 0.6227
vn -0.7592 -0.2234 0.6114
vn -0.6717 -0.4522 0.5868
vn -0.4775 -0.7339 0.4831
vn 0.1136 -0.7735 0.6236
vn 0.6876 -0.5205 0.5062
vn 0.4116 0.9114 -0.0001
vn 0.6549 0.7557 -0.0004
vn -0.4775 -0.7339 -0.4831
vn 0.1136 -0.7735 -0.6236
vn 0.1633 -0.9866 0.0000
vn -0.5464 -0.8375 -0.0000
vn 0.6876 -0.5205 -0.5062
vn 0.8107 -0.5854 0.0000
vn -0.7591 -0.2234 -0.6114
vn -0.0573 -0.2926 -0.9545
vn 0.0178 -0.4151 -0.9096
vn -0.6717 -0.4522 -0.5868
vn 0.6934 -0.3206 -0.6453
vn 0.7316 -0.2776 -0.6227
vn -0.9830 -0.1835 -0.0000
vn -0.9025 -0.4307 -0.0000
vn 0.9564 -0.2922 -0.0000
vn 0.9858 -0.1679 0.0000
vn 0.5563 -0.8310 -0.0001
vn 0.8160 -0.5781 -0.0001
vn 0.5677 -0.4947 -0.6580
vn 0.5673 -0.4951 0.6581
vn -0.9965 0.0831 -0.0000
vn -0.7734 0.0128 0.6338
vn -0.7734 0.0128 -0.6338
vn -0.1198 -0.2056 -0.9713
vn -0.1202 -0.2057 0.9712
vn 0.3060 -0.3532 -0.8841
vn 0.3207 -0.2524 -0.9129
vn 0.6988 0.2798 -0.6583
vn -0.1866 -0.7291 -0.6585
vn 0.1868 -0.7926 -0.5805
vn -0.4294 -0.9031 0.0004
vn 0.1994 -0.9799 0.0001
vn -0.1932 -0.7232 0.6631
vn 0.1807 -0.7911 0.5844
vn 0.8750 0.4842 -0.0000
vn 0.6955 0.2854 0.6594
vn 0.3012 -0.3458 0.8886
vn 0.3139 -0.2450 0.9173
vn 0.7915 -0.6112 -0.0000
vn 0.5689 -0.5400 -0.6202
vn 0.5689 -0.5400 0.6202
vn 0.3162 -0.7814 0.5380
vn 0.3365 -0.9417 0.0000
vn 0.3162 -0.7814 -0.5380
vn 0.1175 -0.2910 -0.9495
vn -0.6638 -0.2676 -0.6984
vn 0.0001 -0.1992 -0.9800
vn -0.7440 0.0896 -0.6622
vn 0.1161 -0.2878 0.9506
vn -0.6645 -0.2642 0.6990
vn -0.7439 0.0899 0.6622
vn 0.0000 -0.1989 0.9800
vn -0.9792 -0.2027 0.0007
vn -0.9744 0.2248 0.0000
vn -0.8165 -0.1984 -0.5421
vn -0.3304 -0.6392 -0.6945
vn -0.4772 -0.8788 0.0000
vn -0.9691 -0.2468 0.0000
vn -0.3304 -0.6392 0.6945
vn -0.8165 -0.1984 0.5421
vn -0.0966 -0.2635 -0.9598
vn -0.7609 0.0771 -0.6443
vn -0.0966 -0.2635 0.9598
vn -0.7609 0.0771 0.6443
vn -0.9748 0.2230 0.0000
vn 0.6985 0.2800 0.6586
vn 0.9195 0.3930 0.0000
vn 0.7260 0.6876 -0.0000
vn 0.5143 0.5503 0.6578
vn 0.6984 0.2800 -0.6587
vn 0.5143 0.5502 -0.6579
vn 0.1765 0.8149 -0.5521
vn 0.1878 0.9822 -0.0000
vn 0.1766 0.8149 0.5520
vn 0.1442 -0.0643 -0.9875
vn 0.0527 0.2070 -0.9769
vn -0.3207 -0.5820 -0.7473
vn -0.2106 -0.0740 -0.9748
vn -0.4884 0.5105 -0.7077
vn -0.2426 0.6837 -0.6883
vn -0.8080 -0.0529 -0.5868
vn -0.7683 -0.2521 -0.5884
vn -0.9746 -0.2241 0.0002
vn -0.9980 0.0639 0.0006
vn -0.6964 -0.3745 -0.6121
vn -0.9128 -0.4085 0.0000
vn -0.6965 -0.3743 0.6122
vn -0.7680 -0.2507 0.5893
vn -0.8063 -0.0484 0.5895
vn -0.3184 -0.5822 0.7481
vn 0.1450 -0.0642 0.9873
vn 0.0537 0.2077 0.9767
vn -0.2064 -0.0707 0.9759
vn -0.2418 0.6843 0.6879
vn -0.4857 0.5137 0.7073
vn -0.6934 -0.3207 0.6453
vn -0.7316 -0.2776 0.6227
vn -0.0178 -0.4151 0.9096
vn 0.0574 -0.2926 0.9545
vn -0.6876 -0.5205 0.5062
vn -0.1136 -0.7735 0.6236
vn 0.4775 -0.7339 0.4831
vn 0.6717 -0.4522 0.5868
vn 0.7592 -0.2234 0.6114
vn -0.6549 0.7557 -0.0004
vn -0.4116 0.9114 -0.0001
vn 0.4775 -0.7339 -0.4831
vn 0.5464 -0.8375 0.0000
vn -0.1633 -0.9866 0.0000
vn -0.1136 -0.7735 -0.6236
vn -0.8107 -0.5854 -0.0000
vn -0.6876 -0.5205 -0.5062
vn 0.7591 -0.2234 -0.6114
vn 0.6717 -0.4522 -0.5868
vn -0.0178 -0.4151 -0.9096
vn 0.0573 -0.2926 -0.9545
vn -0.7316 -0.2776 -0.6227
vn -0.6934 -0.3206 -0.6453
vn 0.9025 -0.4307 0.0000
vn 0.9830 -0.1835 0.0000
vn -0.9858 -0.1679 0.0000
vn -0.9564 -0.2922 -0.0000
vn -0.5677 -0.4947 -0.6580
vn -0.8160 -0.5781 -0.0001
vn -0.5563 -0.8310 -0.0001
vn -0.5673 -0.4951 0.6581
vn 0.7734 0.0128 0.6338
vn 0.9965 0.0831 0.0000
vn 0.7734 0.0128 -0.6338
vn 0.1198 -0.2056 -0.9713
vn 0.1202 -0.2057 0.9712
vn -0.6988 0.2798 -0.6583
vn -0.3207 -0.2524 -0.9129
vn -0.3060 -0.3532 -0.8841
vn -0.1868 -0.7926 -0.5805
vn 0.1866 -0.7291 -0.6585
vn -0.1994 -0.9799 0.0001
vn 0.4294 -0.9031 0.0004
vn -0.1807 -0.7911 0.5844
vn 0.1933 -0.7232 0.6631
vn -0.6955 0.2854 0.6594
vn -0.8750 0.4842 -0.0000
vn -0.3139 -0.2450 0.9173
vn -0.3012 -0.3458 0.8886
vn -0.5689 -0.5400 -0.6202
vn -0.7915 -0.6112 -0.0000
vn -0.3162 -0.7814 -0.5380
vn -0.3365 -0.9417 -0.0000
vn -0.3162 -0.7814 0.5380
vn -0.5689 -0.5400 0.6202
vn 0.6638 -0.2676 -0.6984
vn -0.1175 -0.2910 -0.9495
vn 0.7440 0.0896 -0.6622
vn -0.0001 -0.1992 -0.9800
vn -0.1161 -0.2878 0.9506
vn 0.7439 0.0899 0.6622
vn 0.6645 -0.2642 0.6990
vn 0.9792 -0.2027 0.0007
vn 0.9744 0.2248 0.0000
vn 0.8165 -0.1984 -0.5421
vn 0.9691 -0.2468 -0.0000
vn 0.4772 -0.8788 -0.0000
vn 0.3304 -0.6392 -0.6945
vn 0.8165 -0.1984 0.5421
vn 0.3304 -0.6392 0.6945
vn 0.7609 0.0771 -0.6443
vn 0.0966 -0.2635 -0.9598
vn 0.0966 -0.2635 0.9598
vn 0.7609 0.0771 0.6443
vn 0.9748 0.2230 0.0000
usemtl None
s 1
f 656/766/656 713/767/657 816/768/658 712/769/659
f 713/767/657 657/770/660 714/771/661 816/768/658
f 816/768/658 714/771/661 659/772/662 715/773/663
f 712/769/659 816/768/658 715/773/663 658/774/664
f 658/774/664 715/773/663 817/775/665 716/776/666
f 715/773/663 659/772/662 717/777/667 817/775/665
f 817/775/665 717/777/667 672/778/668 718/779/669
f 716/776/666 817/775/665 718/779/669 673/780/670
f 663/781/671 742/782/672 818/783/673 753/784/674
f 742/782/672 661/785/675 752/786/676 818/783/673
f 818/783/673 752/786/676 679/787/677 750/788/678
f 753/784/674 818/783/673 750/788/678 676/789/679
f 674/790/680 721/791/681 819/792/682 722/793/683
f 721/791/681 675/794/684 723/795/685 819/792/682
f 819/792/682 723/795/685 657/796/660 713/797/657
f 722/793/683 819/792/682 713/797/657 656/798/656
f 669/799/686 739/800/687 820/801/688 733/802/689
f 739/800/687 668/803/690 728/804/691 820/801/688
f 820/801/688 728/804/691 665/805/692 727/806/693
f 733/802/689 820/801/688 727/806/693 667/807/694
f 672/778/668 717/808/667 821/809/695 720/810/696
f 717/808/667 659/811/662 714/812/661 821/809/695
f 821/809/695 714/812/661 657/813/660 723/814/685
f 720/810/696 821/809/695 723/814/685 675/794/684
f 664/815/697 725/816/698 822/817/699 724/818/700
f 725/816/698 666/819/701 726/820/702 822/817/699
f 822/817/699 726/820/702 667/807/694 727/821/693
f 724/818/700 822/817/699 727/821/693 665/822/692
f 671/823/703 738/824/704 823/825/705 735/826/706
f 738/824/704 670/827/707 730/828/708 823/825/705
f 823/825/705 730/828/708 666/819/701 725/829/698
f 735/826/706 823/825/705 725/829/698 664/830/697
f 668/831/690 737/832/709 824/833/710 728/834/691
f 737/832/709 671/823/703 735/826/706 824/833/710
f 824/833/710 735/826/706 664/830/697 724/835/700
f 728/834/691 824/833/710 724/835/700 665/836/692
f 670/827/707 736/837/711 825/838/712 730/828/708
f 736/837/711 669/799/686 733/802/689 825/838/712
f 825/838/712 733/802/689 667/807/694 726/820/702
f 730/828/708 825/838/712 726/820/702 666/819/701
f 673/780/670 719/839/713 826/840/714 734/841/715
f 719/839/713 674/790/680 729/842/716 826/840/714
f 826/840/714 729/842/716 669/799/686 736/837/711
f 734/841/715 826/840/714 736/837/711 670/827/707
f 656/766/656 712/769/659 827/843/717 732/844/718
f 712/769/659 658/774/664 731/845/719 827/843/717
f 827/843/717 731/845/719 671/823/703 737/832/709
f 732/844/718 827/843/717 737/832/709 668/831/690
f 658/774/664 716/776/666 828/846/720 731/845/719
f 716/776/666 673/780/670 734/841/715 828/846/720
f 828/846/720 734/841/715 670/827/707 738/824/704
f 731/845/719 828/846/720 738/824/704 671/823/703
f 674/790/680 722/793/683 829/847/721 729/842/716
f 722/793/683 656/798/656 732/848/718 829/847/721
f 829/847/721 732/848/718 668/803/690 739/800/687
f 729/842/716 829/847/721 739/800/687 669/799/686
f 663/781/671 740/849/722 830/850/723 744/851/724
f 740/849/722 662/852/725 745/853/726 830/850/723
f 830/850/723 745/853/726 673/780/670 718/779/669
f 744/851/724 830/850/723 718/779/669 672/778/668
f 662/852/725 741/854/727 831/855/728 745/853/726
f 741/854/727 660/856/729 746/857/730 831/855/728
f 831/855/728 746/857/730 674/790/680 719/839/713
f 745/853/726 831/855/728 719/839/713 673/780/670
f 661/785/675 742/782/672 832/858/731 747/859/732
f 742/782/672 663/781/671 744/851/724 832/858/731
f 832/858/731 744/851/724 672/778/668 720/810/696
f 747/859/732 832/858/731 720/810/696 675/794/684
f 660/856/729 743/860/733 833/861/734 746/857/730
f 743/860/733 661/785/675 747/859/732 833/861/734
f 833/861/734 747/859/732 675/794/684 721/791/681
f 746/857/730 833/861/734 721/791/681 674/790/680
f 676/789/679 750/788/678 834/862/735 761/863/736
f 750/788/678 679/787/677 760/864/737 834/862/735
f 834/862/735 760/864/737 683/865/738 758/866/739
f 761/863/736 834/862/735 758/866/739 680/867/740
f 662/852/725 740/849/722 835/868/741 754/869/742
f 740/849/722 663/781/671 753/784/674 835/868/741
f 835/868/741 753/784/674 676/789/679 748/870/743
f 754/869/742 835/868/741 748/870/743 677/871/744
f 661/785/675 743/860/733 836/872/745 752/786/676
f 743/860/733 660/856/729 755/873/746 836/872/745
f 836/872/745 755/873/746 678/874/747 751/875/748
f 752/786/676 836/872/745 751/875/748 679/787/677
f 660/856/729 741/854/727 837/876/749 755/873/746
f 741/854/727 662/852/725 754/869/742 837/876/749
f 837/876/749 754/869/742 677/871/744 749/877/750
f 755/873/746 837/876/749 749/877/750 678/874/747
f 681/878/751 756/879/752 838/880/753 757/881/754
f 756/879/752 680/867/740 758/866/739 838/880/753
f 838/880/753 758/866/739 683/865/738 759/882/755
f 757/881/754 838/880/753 759/882/755 682/883/756
f 677/871/744 748/870/743 839/884/757 762/885/758
f 748/870/743 676/789/679 761/863/736 839/884/757
f 839/884/757 761/863/736 680/867/740 756/879/752
f 762/885/758 839/884/757 756/879/752 681/878/751
f 679/787/677 751/875/748 840/886/759 760/864/737
f 751/875/748 678/874/747 763/887/760 840/886/759
f 840/886/759 763/887/760 682/883/756 759/882/755
f 760/864/737 840/886/759 759/882/755 683/865/738
f 678/874/747 749/877/750 841/888/761 763/887/760
f 749/877/750 677/871/744 762/885/758 841/888/761
f 841/888/761 762/885/758 681/878/751 757/881/754
f 763/887/760 841/888/761 757/881/754 682/883/756
f 684/889/762 764/890/763 842/891/764 765/892/765
f 764/890/763 686/893/766 767/894/767 842/891/764
f 842/891/764 767/894/767 687/895/768 766/896/769
f 765/892/765 842/891/764 766/896/769 685/897/770
f 686/893/766 768/898/771 843/899/772 767/894/767
f 768/898/771 701/900/773 770/901/774 843/899/772
f 843/899/772 770/901/774 700/902/775 769/903/776
f 767/894/767 843/899/772 769/903/776 687/895/768
f 691/904/777 805/905/778 844/906/779 794/907/780
f 805/905/778 704/908/781 802/909/782 844/906/779
f 844/906/779 802/909/782 707/910/783 804/911/784
f 794/907/780 844/906/779 804/911/784 689/912/785
f 702/913/786 774/914/787 845/915/788 773/916/789
f 774/914/787 684/917/762 765/918/765 845/915/788
f 845/915/788 765/918/765 685/919/770 775/920/790
f 773/916/789 845/915/788 775/920/790 703/921/791
f 697/922/792 785/923/793 846/924/794 791/925/795
f 785/923/793 695/926/796 779/927/797 846/924/794
f 846/924/794 779/927/797 693/928/798 780/929/799
f 791/925/795 846/924/794 780/929/799 696/930/800
f 700/902/775 772/931/801 847/932/802 769/933/776
f 772/931/801 703/921/791 775/934/790 847/932/802
f 847/932/802 775/934/790 685/935/770 766/936/769
f 769/933/776 847/932/802 766/936/769 687/937/768
f 692/938/803 776/939/804 848/940/805 777/941/806
f 776/939/804 693/942/798 779/943/797 848/940/805
f 848/940/805 779/943/797 695/926/796 778/944/807
f 777/941/806 848/940/805 778/944/807 694/945/808
f 699/946/809 787/947/810 849/948/811 790/949/812
f 787/947/810 692/950/803 777/951/806 849/948/811
f 849/948/811 777/951/806 694/945/808 782/952/813
f 790/949/812 849/948/811 782/952/813 698/953/814
f 696/954/800 780/955/799 850/956/815 789/957/816
f 780/955/799 693/958/798 776/959/804 850/956/815
f 850/956/815 776/959/804 692/950/803 787/947/810
f 789/957/816 850/956/815 787/947/810 699/946/809
f 698/953/814 782/952/813 851/960/817 788/961/818
f 782/952/813 694/945/808 778/944/807 851/960/817
f 851/960/817 778/944/807 695/926/796 785/923/793
f 788/961/818 851/960/817 785/923/793 697/922/792
f 701/900/773 786/962/819 852/963/820 771/964/821
f 786/962/819 698/953/814 788/961/818 852/963/820
f 852/963/820 788/961/818 697/922/792 781/965/822
f 771/964/821 852/963/820 781/965/822 702/913/786
f 684/889/762 784/966/823 853/967/824 764/890/763
f 784/966/823 696/954/800 789/957/816 853/967/824
f 853/967/824 789/957/816 699/946/809 783/968/825
f 764/890/763 853/967/824 783/968/825 686/893/766
f 686/893/766 783/968/825 854/969/826 768/898/771
f 783/968/825 699/946/809 790/949/812 854/969/826
f 854/969/826 790/949/812 698/953/814 786/962/819
f 768/898/771 854/969/826 786/962/819 701/900/773
f 702/913/786 781/965/822 855/970/827 774/914/787
f 781/965/822 697/922/792 791/925/795 855/970/827
f 855/970/827 791/925/795 696/930/800 784/971/823
f 774/914/787 855/970/827 784/971/823 684/917/762
f 691/904/777 796/972/828 856/973/829 792/974/830
f 796/972/828 700/902/775 770/901/774 856/973/829
f 856/973/829 770/901/774 701/900/773 797/975/831
f 792/974/830 856/973/829 797/975/831 690/976/832
f 690/976/832 797/975/831 857/977/833 793/978/834
f 797/975/831 701/900/773 771/964/821 857/977/833
f 857/977/833 771/964/821 702/913/786 798/979/835
f 793/978/834 857/977/833 798/979/835 688/980/836
f 689/912/785 799/981/837 858/982/838 794/907/780
f 799/981/837 703/921/791 772/931/801 858/982/838
f 858/982/838 772/931/801 700/902/775 796/972/828
f 794/907/780 858/982/838 796/972/828 691/904/777
f 688/980/836 798/979/835 859/983/839 795/984/840
f 798/979/835 702/913/786 773/916/789 859/983/839
f 859/983/839 773/916/789 703/921/791 799/981/837
f 795/984/840 859/983/839 799/981/837 689/912/785
f 704/908/781 813/985/841 860/986/842 802/909/782
f 813/985/841 708/987/843 810/988/844 860/986/842
f 860/986/842 810/988/844 711/989/845 812/990/846
f 802/909/782 860/986/842 812/990/846 707/910/783
f 690/976/832 806/991/847 861/992/848 792/974/830
f 806/991/847 705/993/849 800/994/850 861/992/848
f 861/992/848 800/994/850 704/908/781 805/905/778
f 792/974/830 861/992/848 805/905/778 691/904/777
f 689/912/785 804/911/784 862/995/851 795/984/840
f 804/911/784 707/910/783 803/996/748 862/995/851
f 862/995/851 803/996/748 706/997/852 807/998/853
f 795/984/840 862/995/851 807/998/853 688/980/836
f 688/980/836 807/998/853 863/999/854 793/978/834
f 807/998/853 706/997/852 801/1000/855 863/999/854
f 863/999/854 801/1000/855 705/993/849 806/991/847
f 793/978/834 863/999/854 806/991/847 690/976/832
f 709/1001/856 809/1002/857 864/1003/858 808/1004/859
f 809/1002/857 710/1005/860 811/1006/861 864/1003/858
f 864/1003/858 811/1006/861 711/989/845 810/988/844
f 808/1004/859 864/1003/858 810/988/844 708/987/843
f 705/993/849 814/1007/862 865/1008/863 800/994/850
f 814/1007/862 709/1001/856 808/1004/859 865/1008/863
f 865/1008/863 808/1004/859 708/987/843 813/985/841
f 800/994/850 865/1008/863 813/985/841 704/908/781
f 707/910/783 812/990/846 866/1009/864 803/996/748
f 812/990/846 711/989/845 811/1006/861 866/1009/864
f 866/1009/864 811/1006/861 710/1005/860 815/1010/865
f 803/996/748 866/1009/864 815/1010/865 706/997/852
f 706/997/852 815/1010/865 867/1011/866 801/1000/855
f 815/1010/865 710/1005/860 809/1002/857 867/1011/866
f 867/1011/866 809/1002/857 709/1001/856 814/1007/862
f 801/1000/855 867/1011/866 814/1007/862 705/993/849
g Cube.018_Cube.025
v -1.276383 4.742163 2.223110
v -1.246194 5.998598 2.233845
v -1.273121 4.742797 1.368373
v -1.244761 5.998598 1.404729
v -0.161049 4.473242 2.229186
v -0.126465 5.998598 2.233845
v -0.157787 4.473877 1.392680
v -0.125033 5.998598 1.404729
v -1.414907 1.238832 1.357660
v -1.377657 1.240375 2.280914
v -0.085002 1.293906 1.357660
v -0.157926 1.290886 2.280914
v -0.222279 1.594839 2.241690
v -0.170985 1.584644 1.394392
v -1.329034 1.547130 1.394392
v -1.299159 1.550271 2.241690
v -0.824233 1.435758 1.185683
v -1.115227 1.423708 1.185683
v -0.737487 1.279968 1.138430
v -1.193762 1.261073 1.138430
v -1.026968 1.758688 1.197450
v -0.408840 1.293578 1.138430
v -0.791920 4.625151 1.108605
v -0.649948 1.283593 1.138430
v -0.511397 1.370488 1.185683
v -0.605026 1.366611 1.185683
v -0.557221 1.465239 1.197450
v -0.784238 5.998598 1.197450
v -0.804968 4.627148 2.432052
v -0.859671 1.261826 2.511727
v -0.831386 1.569631 2.452891
v -0.789968 5.998598 2.441124
v -1.212883 3.370159 1.315639
v -1.218185 2.590340 1.372390
v -1.224408 2.590259 2.223109
v -1.223329 3.362825 2.190904
v -0.273056 2.618979 1.372390
v -0.260603 3.332631 1.321716
v -0.271051 3.325282 2.192423
v -0.290968 2.628785 2.223109
v -0.776522 3.356253 1.044615
v -0.774946 2.544757 1.120041
v -0.818312 3.344996 2.404836
v -0.823619 2.606351 2.432052
v 1.276383 4.742163 2.223109
v 1.246194 5.998598 2.233845
v 1.273121 4.742797 1.368373
v 1.244761 5.998598 1.404729
v 0.161049 4.473242 2.229186
v 0.126465 5.998598 2.233845
v 0.157787 4.473877 1.392680
v 0.125033 5.998598 1.404729
v 1.414907 1.238832 1.357660
v 1.377657 1.240375 2.280914
v 0.085002 1.293906 1.357660
v 0.157926 1.290886 2.280914
v 0.222279 1.594840 2.241690
v 0.170985 1.584645 1.394392
v 1.329034 1.547131 1.394392
v 1.299159 1.550271 2.241690
v 0.824233 1.435759 1.185683
v 1.115227 1.423709 1.185683
v 0.737487 1.279969 1.138430
v 1.193762 1.261074 1.138430
v 1.026968 1.758688 1.197450
v 0.408840 1.293578 1.138430
v 0.791920 4.625151 1.108605
v 0.649948 1.283594 1.138430
v 0.511398 1.370488 1.185683
v 0.605026 1.366611 1.185683
v 0.557221 1.465240 1.197450
v 0.784238 5.998598 1.197450
v 0.804968 4.627148 2.432052
v 0.859672 1.261826 2.511727
v 0.831386 1.569631 2.452891
v 0.789968 5.998598 2.441124
v 1.212883 3.370159 1.315639
v 1.218185 2.590340 1.372390
v 1.224408 2.590259 2.223109
v 1.223329 3.362825 2.190904
v 0.273056 2.618979 1.372390
v 0.260603 3.332632 1.321716
v 0.271051 3.325283 2.192423
v 0.290968 2.628785 2.223109
v 0.776522 3.356253 1.044615
v 0.774946 2.544757 1.120042
v 0.818312 3.344996 2.404836
v 0.823619 2.606351 2.432052
v -1.338062 4.758117 1.802854
v -1.270588 5.402289 2.232503
v -1.304085 5.998598 1.819287
v -1.268861 5.401659 1.391267
v -1.083904 4.696274 1.150744
v -0.582637 1.431266 1.195979
v -0.132671 5.213252 1.407978
v -0.055428 4.448858 1.820324
v -0.016397 5.998598 1.819287
v -0.134398 5.213882 2.236681
v -0.451965 4.542428 2.406693
v -1.073026 5.998598 2.415214
v -1.450823 1.237345 1.819287
v -1.306219 1.244995 1.157169
v -0.034360 1.296002 1.819287
v -0.474544 1.277774 2.482875
v -0.188064 1.357869 2.258360
v -1.377450 1.308382 1.379902
v -0.122462 1.359046 1.379902
v -1.339477 1.310191 2.258360
v -1.223314 1.527025 1.206788
v -0.495283 1.583541 2.426491
v -1.365994 1.547259 1.818975
v -0.117435 1.597636 1.818975
v -0.715888 1.456242 1.180699
v -0.693391 1.272034 1.129788
v -0.244847 1.288947 1.157169
v -0.924031 1.642026 1.195979
v -1.087260 1.635267 1.195979
v -0.770381 1.318647 1.162148
v -1.138087 1.303420 1.162148
v -0.442587 4.541645 1.167455
v -0.330989 1.528771 1.206788
v -0.425063 5.998598 1.223360
v -0.532479 1.433343 1.195979
v -0.623629 1.314946 1.162148
v -0.486308 1.320632 1.162148
v -1.068907 5.998598 1.223360
v -0.790530 5.318890 1.154094
v -1.093282 4.697057 2.405934
v -1.175889 1.248730 2.482875
v -1.114489 1.557916 2.426491
v -0.429182 5.998598 2.415214
v -0.843588 1.330725 2.477896
v -0.797438 5.321975 2.439990
v -1.200396 2.967081 1.336410
v -1.277158 2.588709 1.803356
v -1.212209 2.961735 2.202981
v -1.275664 3.368582 1.760598
v -0.771599 2.978580 1.069300
v -1.048805 2.595397 1.161119
v -1.035385 3.365672 1.092006
v -0.296691 2.989888 2.203171
v -0.202238 2.631804 1.803356
v -0.283412 2.994034 1.337170
v -0.180543 3.325417 1.764965
v -0.821778 2.972446 2.415042
v -0.530531 2.618502 2.405934
v -0.517861 3.333395 2.378284
v -0.478850 2.592894 1.161119
v -0.487824 3.344096 1.096184
v -1.067258 2.596359 2.405934
v -1.065421 3.354985 2.378094
v -1.257173 2.051873 2.233484
v -1.266968 2.047394 1.393632
v -1.253175 4.002855 2.202981
v -1.246469 4.007406 1.333999
v -0.928586 2.093899 1.162425
v -0.785526 3.930449 1.064091
v -0.812353 3.925278 2.415042
v -0.825630 2.069658 2.441461
v -0.231671 2.066766 1.393632
v -0.261113 2.093045 2.233484
v -0.209137 3.828405 1.351470
v -0.215844 3.823852 2.207349
v -0.630314 1.984347 1.162425
v 1.338063 4.758117 1.802854
v 1.270588 5.402289 2.232503
v 1.304085 5.998598 1.819287
v 1.268861 5.401659 1.391267
v 1.083904 4.696274 1.150744
v 0.582637 1.431266 1.195979
v 0.132671 5.213253 1.407978
v 0.055428 4.448858 1.820324
v 0.016397 5.998598 1.819287
v 0.134398 5.213882 2.236681
v 0.451965 4.542428 2.406693
v 1.073026 5.998598 2.415214
v 1.450823 1.237345 1.819287
v 1.306219 1.244995 1.157169
v 0.034361 1.296003 1.819287
v 0.474544 1.277774 2.482875
v 0.188064 1.357870 2.258360
v 1.377450 1.308382 1.379902
v 0.122462 1.359046 1.379902
v 1.339477 1.310192 2.258360
v 1.223314 1.527026 1.206788
v 0.495283 1.583541 2.426491
v 1.365994 1.547259 1.818975
v 0.117435 1.597638 1.818975
v 0.715888 1.456243 1.180699
v 0.693391 1.272035 1.129788
v 0.244848 1.288948 1.157169
v 0.924031 1.642027 1.195979
v 1.087260 1.635267 1.195979
v 0.770382 1.318647 1.162148
v 1.138087 1.303421 1.162148
v 0.442587 4.541645 1.167455
v 0.330989 1.528772 1.206788
v 0.425063 5.998598 1.223360
v 0.532480 1.433343 1.195979
v 0.623629 1.314946 1.162148
v 0.486308 1.320632 1.162148
v 1.068907 5.998598 1.223360
v 0.790530 5.318890 1.154094
v 1.093282 4.697057 2.405934
v 1.175889 1.248731 2.482875
v 1.114489 1.557916 2.426491
v 0.429182 5.998598 2.415214
v 0.843588 1.330726 2.477896
v 0.797438 5.321975 2.439990
v 1.200396 2.967082 1.336410
v 1.277158 2.588709 1.803356
v 1.212210 2.961735 2.202981
v 1.275665 3.368582 1.760598
v 0.771599 2.978580 1.069300
v 1.048805 2.595398 1.161119
v 1.035385 3.365673 1.092006
v 0.296691 2.989889 2.203171
v 0.202238 2.631805 1.803356
v 0.283412 2.994035 1.337170
v 0.180543 3.325417 1.764965
v 0.821777 2.972447 2.415042
v 0.530531 2.618503 2.405934
v 0.517861 3.333395 2.378284
v 0.478850 2.592894 1.161119
v 0.487824 3.344096 1.096184
v 1.067258 2.596359 2.405934
v 1.065421 3.354985 2.378094
v 1.257173 2.051874 2.233484
v 1.266968 2.047394 1.393632
v 1.253175 4.002855 2.202981
v 1.246468 4.007407 1.333999
v 0.928586 2.093900 1.162425
v 0.785526 3.930449 1.064091
v 0.812353 3.925278 2.415042
v 0.825630 2.069658 2.441461
v 0.231671 2.066766 1.393632
v 0.261113 2.093046 2.233484
v 0.209137 3.828406 1.351470
v 0.215844 3.823853 2.207348
v 0.630314 1.984348 1.162425
v -1.331850 5.412939 1.816118
v -0.025232 5.196271 1.828129
v -0.435179 5.262585 2.414576
v -0.757859 1.767691 1.176688
v -1.062112 3.977534 1.110108
v -0.073553 1.362418 1.819248
v -1.081395 3.971944 2.388534
v -1.120717 2.013769 1.192589
v -0.431391 1.951250 1.192589
v -0.484929 3.869017 2.389080
v -1.410625 1.307215 1.819248
v -0.482625 1.345671 2.450454
v -1.272246 1.309954 1.187703
v -1.310676 4.015498 1.776267
v -0.117745 3.809645 1.788824
v -0.465647 3.874609 1.122118
v -0.697125 1.322573 1.160545
v -0.514331 2.082530 2.415464
v -0.281458 1.346582 1.187703
v -1.083523 5.368783 1.189073
v -0.430214 5.260449 1.200562
v -1.144687 1.318258 2.450454
v -1.088488 5.370919 2.414054
v -0.166107 2.093617 1.816536
v -1.087064 2.058863 2.415463
v -1.262567 2.962741 1.776568
v -1.025224 2.972822 1.116452
v -0.209535 2.994987 1.777114
v -0.533318 2.981476 2.388558
v -0.495694 2.986399 1.116975
v -1.059741 2.965294 2.388534
v -1.316482 2.048976 1.816536
v 1.331850 5.412940 1.816118
v 0.025232 5.196271 1.828129
v 0.435179 5.262586 2.414576
v 0.757860 1.767692 1.176688
v 1.062112 3.977534 1.110108
v 0.073553 1.362418 1.819248
v 1.081395 3.971944 2.388534
v 1.120717 2.013769 1.192589
v 0.431392 1.951251 1.192589
v 0.484929 3.869017 2.389080
v 1.410625 1.307215 1.819248
v 0.482625 1.345672 2.450454
v 1.272246 1.309955 1.187703
v 1.310676 4.015498 1.776267
v 0.117745 3.809646 1.788824
v 0.465647 3.874609 1.122118
v 0.697126 1.322573 1.160545
v 0.514331 2.082531 2.415463
v 0.281458 1.346583 1.187703
v 1.083523 5.368783 1.189073
v 0.430214 5.260449 1.200562
v 1.144687 1.318258 2.450454
v 1.088488 5.370920 2.414054
v 0.166107 2.093617 1.816536
v 1.087064 2.058863 2.415463
v 1.262567 2.962742 1.776568
v 1.025224 2.972822 1.116452
v 0.209535 2.994987 1.777114
v 0.533318 2.981476 2.388558
v 0.495694 2.986400 1.116975
v 1.059741 2.965294 2.388534
v 1.316482 2.048976 1.816536
vt 0.375000 0.000000
vt 0.500000 0.000000
vt 0.503472 0.125000
vt 0.409722 0.124499
vt 0.625000 0.000000
vt 0.625000 0.125000
vt 0.625000 0.250000
vt 0.500000 0.250000
vt 0.375000 0.250000
vt 0.416667 0.517586
vt 0.505208 0.516932
vt 0.505208 0.625327
vt 0.416667 0.625263
vt 0.625000 0.500000
vt 0.625000 0.625000
vt 0.625000 0.750000
vt 0.505208 0.736178
vt 0.416667 0.734519
vt 0.505208 0.827170
vt 0.416667 0.825285
vt 0.625000 0.831783
vt 0.625000 0.913565
vt 0.505208 0.899314
vt 0.416667 0.896411
vt 0.375000 0.307030
vt 0.375000 0.335628
vt 0.375000 0.369437
vt 0.375000 0.336686
vt 0.375000 0.364226
vt 0.375000 0.387165
vt 0.375000 0.410104
vt 0.375000 0.404794
vt 0.375000 0.399484
vt 0.375000 0.382913
vt 0.375000 0.366341
vt 0.413194 0.306921
vt 0.379340 0.301681
vt 0.376736 0.228143
vt 0.416667 0.363477
vt 0.380208 0.362301
vt 0.375000 0.361289
vt 0.375000 0.302397
vt 0.375000 0.226694
vt 0.375000 0.500000
vt 0.375000 0.625000
vt 0.375000 0.626004
vt 0.375000 0.523291
vt 0.375000 0.750000
vt 0.375000 0.736617
vt 0.375000 0.750000
vt 0.375000 0.625000
vt 0.375000 0.500000
vt 0.375000 0.895447
vt 0.380208 0.895632
vt 0.379340 0.951684
vt 0.375000 0.951558
vt 0.413194 0.952220
vt 0.375000 1.000000
vt 0.375000 1.000000
vt 0.375000 1.000000
vt 0.375000 0.250000
vt 0.375000 0.307969
vt 0.375000 0.294873
vt 0.375000 0.250000
vt 0.375000 0.365937
vt 0.375000 0.336484
vt 0.375000 0.304214
vt 0.375000 0.301397
vt 0.375000 0.275699
vt 0.375000 0.250000
vt 0.375000 0.386870
vt 0.375000 0.438282
vt 0.375000 0.414637
vt 0.375000 0.363636
vt 0.375000 0.434194
vt 0.375000 0.500000
vt 0.375000 0.500000
vt 0.375000 0.455321
vt 0.375000 0.419171
vt 0.380208 0.824725
vt 0.380208 0.734325
vt 0.375000 0.824592
vt 0.375000 0.734279
vt 0.375000 0.000000
vt 0.375000 0.124317
vt 0.375000 0.122270
vt 0.375000 0.000000
vt 0.375000 0.222697
vt 0.375000 0.250000
vt 0.375000 0.125000
vt 0.375000 0.000000
vt 0.375000 0.824703
vt 0.375000 0.824545
vt 0.375000 0.893237
vt 0.375000 0.895024
vt 0.375000 0.906387
vt 0.375000 0.828193
vt 0.375000 0.273979
vt 0.375000 0.303418
vt 0.375000 0.305438
vt 0.375000 0.277719
vt 0.378472 0.122510
vt 0.375000 0.000000
vt 0.375000 0.122087
vt 0.375000 0.000000
vt 0.380208 0.625251
vt 0.380208 0.517683
vt 0.375000 0.625322
vt 0.375000 0.518296
vt 0.380208 0.430999
vt 0.375000 0.432437
vt 0.416667 0.430950
vt 0.375000 0.372537
vt 0.375000 0.369439
vt 0.375000 0.382704
vt 0.375000 0.382496
vt 0.375000 0.395969
vt 0.375000 0.392454
vt 0.375000 0.750000
vt 0.375000 0.825698
vt 0.375000 0.825351
vt 0.375000 0.750000
vt 0.375000 0.894675
vt 0.375000 0.893692
vt 0.375000 0.418347
vt 0.375000 0.418759
vt 0.375000 0.461134
vt 0.375000 0.459174
vt 0.625000 0.302851
vt 0.625000 0.337563
vt 0.504340 0.320392
vt 0.500000 0.276425
vt 0.625000 0.372274
vt 0.505208 0.369965
vt 0.625000 0.436137
vt 0.505208 0.433717
vt 0.375000 0.950885
vt 0.375000 0.953194
vt 0.375000 0.950038
vt 0.375000 1.000000
vt 0.375000 1.000000
vt 0.375000 1.000000
vt 0.504340 0.953747
vt 0.625000 0.956783
vt 0.625000 1.000000
vt 0.500000 1.000000
vt 0.375000 0.625000
vt 0.375000 0.625000
vt 0.375000 0.950351
vt 0.375000 0.951027
vt 0.375000 1.000000
vt 0.375000 1.000000
vt 0.375000 0.124526
vt 0.375000 0.122621
vt 0.375000 0.229107
vt 0.375000 0.000000
vt 0.375000 0.000000
vt 0.375000 0.304381
vt 0.375000 0.363613
vt 0.375000 0.625304
vt 0.375000 0.735552
vt 0.375000 0.517177
vt 0.375000 0.824779
vt 0.375000 0.895246
vt 0.375000 0.433285
vt 0.375000 0.362463
vt 0.375000 0.951419
vt 0.375000 1.000000
vt 0.375000 0.125000
vt 0.375000 0.000000
vt 0.375000 0.000000
vt 0.375000 0.125000
vt 0.500000 0.125000
vt 0.500000 0.000000
vt 0.375000 0.250000
vt 0.500000 0.250000
vt 0.625000 0.250000
vt 0.625000 0.125000
vt 0.625000 0.000000
vt 0.375000 0.500000
vt 0.375000 0.625000
vt 0.500000 0.625289
vt 0.500000 0.515427
vt 0.375000 0.750000
vt 0.500000 0.737459
vt 0.625000 0.750000
vt 0.625000 0.625000
vt 0.625000 0.500000
vt 0.375000 0.827923
vt 0.500000 0.827635
vt 0.375000 0.905846
vt 0.500000 0.900065
vt 0.625000 0.913565
vt 0.625000 0.831783
vt 0.375000 0.307030
vt 0.375000 0.336686
vt 0.375000 0.369163
vt 0.375000 0.335628
vt 0.375000 0.366341
vt 0.375000 0.379184
vt 0.375000 0.399484
vt 0.375000 0.404794
vt 0.375000 0.410104
vt 0.375000 0.387165
vt 0.375000 0.364226
vt 0.375000 0.229942
vt 0.375000 0.301326
vt 0.375000 0.299940
vt 0.375000 0.250000
vt 0.375000 0.305645
vt 0.375000 0.361289
vt 0.375000 0.360962
vt 0.375000 0.349879
vt 0.375000 0.525839
vt 0.375000 0.525494
vt 0.375000 0.626214
vt 0.375000 0.626196
vt 0.375000 0.500000
vt 0.375000 0.625000
vt 0.375000 0.750000
vt 0.375000 0.735255
vt 0.375000 0.733726
vt 0.375000 0.895447
vt 0.375000 0.951558
vt 0.375000 0.951826
vt 0.375000 0.896383
vt 0.375000 1.000000
vt 0.375000 1.000000
vt 0.375000 1.000000
vt 0.375000 0.952923
vt 0.375000 0.250000
vt 0.375000 0.225096
vt 0.375000 0.293203
vt 0.375000 0.307969
vt 0.375000 0.219142
vt 0.375000 0.276461
vt 0.375000 0.301397
vt 0.375000 0.304214
vt 0.375000 0.336484
vt 0.375000 0.365937
vt 0.375000 0.414637
vt 0.375000 0.439950
vt 0.375000 0.386870
vt 0.375000 0.419171
vt 0.375000 0.457965
vt 0.375000 0.520155
vt 0.375000 0.500000
vt 0.375000 0.434245
vt 0.375000 0.363636
vt 0.375000 0.736916
vt 0.375000 0.825517
vt 0.375000 0.750000
vt 0.375000 0.826231
vt 0.375000 0.000000
vt 0.375000 0.000000
vt 0.375000 0.121615
vt 0.375000 0.121143
vt 0.375000 0.000000
vt 0.375000 0.125000
vt 0.375000 0.250000
vt 0.375000 0.220219
vt 0.375000 0.824205
vt 0.375000 0.823003
vt 0.375000 0.828193
vt 0.375000 0.906387
vt 0.375000 0.895024
vt 0.375000 0.893237
vt 0.375000 0.273885
vt 0.375000 0.277719
vt 0.375000 0.305438
vt 0.375000 0.303418
vt 0.375000 0.000000
vt 0.375000 0.122994
vt 0.375000 0.000000
vt 0.375000 0.124499
vt 0.375000 0.514649
vt 0.375000 0.625158
vt 0.375000 0.500000
vt 0.375000 0.625000
vt 0.375000 0.430517
vt 0.375000 0.429735
vt 0.375000 0.424940
vt 0.375000 0.372537
vt 0.375000 0.382496
vt 0.375000 0.382324
vt 0.375000 0.369439
vt 0.375000 0.392454
vt 0.375000 0.395969
vt 0.375000 0.750000
vt 0.375000 0.735164
vt 0.375000 0.823662
vt 0.375000 0.825690
vt 0.375000 0.893692
vt 0.375000 0.894675
vt 0.375000 0.418347
vt 0.375000 0.459174
vt 0.375000 0.461685
vt 0.375000 0.418759
vt 0.625000 0.302851
vt 0.500000 0.276425
vt 0.500000 0.319505
vt 0.625000 0.337563
vt 0.500000 0.368615
vt 0.625000 0.372274
vt 0.500000 0.432835
vt 0.625000 0.436137
vt 0.375000 0.953194
vt 0.375000 0.950885
vt 0.375000 1.000000
vt 0.375000 1.000000
vt 0.375000 1.000000
vt 0.375000 0.950038
vt 0.500000 0.953889
vt 0.500000 1.000000
vt 0.625000 1.000000
vt 0.625000 0.956783
vt 0.375000 0.625628
vt 0.375000 0.625000
vt 0.375000 0.950351
vt 0.375000 1.000000
vt 0.375000 1.000000
vt 0.375000 0.951027
vt 0.375000 0.250000
vt 0.375000 0.125000
vt 0.375000 0.124444
vt 0.375000 0.000000
vt 0.375000 0.000000
vt 0.375000 0.363613
vt 0.375000 0.306807
vt 0.375000 0.750000
vt 0.375000 0.625000
vt 0.375000 0.500000
vt 0.375000 0.895246
vt 0.375000 0.826419
vt 0.375000 0.431340
vt 0.375000 0.362463
vt 0.375000 1.000000
vt 0.375000 0.951419
vt 0.375000 0.000000
vt 0.375000 0.122120
vn -0.8968 -0.0178 0.4421
vn -0.8949 0.0182 0.4460
vn -0.9996 0.0273 -0.0004
vn -0.9999 -0.0121 -0.0016
vn -0.8940 0.0340 0.4469
vn -0.9990 0.0447 -0.0007
vn -0.8987 0.0498 -0.4357
vn -0.9023 0.0367 -0.4295
vn -0.9086 0.0062 -0.4176
vn 0.8471 -0.0219 -0.5309
vn 0.8251 -0.0072 -0.5650
vn 0.9997 -0.0241 0.0072
vn 0.9979 -0.0635 0.0118
vn 0.8121 -0.0031 -0.5835
vn 0.9999 -0.0105 0.0017
vn 0.7990 -0.0064 0.6013
vn 0.7981 -0.0206 0.6022
vn 0.8030 -0.0603 0.5929
vn 0.2992 -0.0106 0.9541
vn 0.3044 -0.0314 0.9520
vn 0.3001 -0.0028 0.9539
vn -0.0091 -0.0011 1.0000
vn -0.0107 -0.0064 0.9999
vn -0.0136 -0.0187 0.9997
vn -0.0750 -0.0584 -0.9955
vn -0.0842 -0.0570 -0.9948
vn -0.0276 -0.0531 -0.9982
vn -0.0786 -0.0415 -0.9960
vn -0.0046 -0.0744 -0.9972
vn 0.0603 -0.0540 -0.9967
vn 0.0675 -0.0492 -0.9965
vn 0.0841 -0.0042 -0.9965
vn 0.1404 0.1463 -0.9792
vn 0.0287 0.0719 -0.9970
vn -0.0719 0.0592 -0.9957
vn -0.4745 0.0416 -0.8793
vn -0.4947 0.0195 -0.8688
vn -0.9133 -0.0229 -0.4066
vn 0.0182 0.0585 -0.9981
vn 0.0128 0.0463 -0.9988
vn 0.0009 -0.0158 -0.9999
vn -0.5043 -0.0301 -0.8630
vn -0.9142 -0.0421 -0.4030
vn 0.8901 0.1688 -0.4233
vn 0.9881 0.1434 0.0548
vn 0.9324 0.3551 0.0675
vn 0.8363 0.4144 -0.3589
vn 0.8144 0.1155 0.5687
vn 0.7607 0.3394 0.5533
vn 0.6945 0.4880 0.5288
vn 0.8617 0.5034 0.0629
vn 0.7479 0.5738 -0.3336
vn -0.0108 0.0032 0.9999
vn -0.0137 -0.0228 0.9996
vn -0.4505 -0.0315 0.8922
vn -0.4674 -0.0079 0.8840
vn -0.4334 -0.0200 0.9010
vn -0.9054 -0.0432 0.4223
vn -0.9159 -0.0306 0.4003
vn -0.9220 0.0374 -0.3853
vn -0.5068 -0.0341 -0.8614
vn -0.4925 0.0285 -0.8698
vn -0.9289 0.0953 -0.3578
vn -0.0859 0.0018 -0.9963
vn -0.1112 0.1079 -0.9879
vn -0.5288 0.1292 -0.8389
vn -0.9361 0.1661 -0.3101
vn 0.4245 0.0199 -0.9052
vn 0.0672 -0.0062 -0.9977
vn 0.4578 -0.0466 -0.8878
vn 0.8932 0.0130 -0.4495
vn 0.8901 0.0771 -0.4491
vn 0.4136 0.1322 -0.9008
vn 0.0374 0.1182 -0.9923
vn 0.3248 -0.0459 0.9447
vn 0.8176 -0.0947 0.5679
vn 0.3521 -0.0200 0.9358
vn 0.8384 -0.0753 0.5398
vn -0.8866 0.1313 0.4436
vn -0.9890 0.1445 0.0309
vn -0.9350 0.3526 0.0370
vn -0.8292 0.3787 0.4111
vn -0.8882 0.3819 -0.2553
vn -0.8113 0.5306 -0.2456
vn -0.8655 0.4998 0.0331
vn -0.7552 0.5364 0.3767
vn 0.3287 0.0778 0.9412
vn 0.3001 0.2953 0.9070
vn -0.0092 0.0655 0.9978
vn -0.0154 0.2824 0.9592
vn -0.0365 0.4481 0.8932
vn 0.2579 0.4495 0.8552
vn -0.5242 0.4268 -0.7369
vn -0.1401 0.2932 -0.9457
vn -0.1680 0.5529 -0.8161
vn -0.5302 0.5869 -0.6119
vn -0.9991 -0.0427 -0.0061
vn -0.9991 -0.0418 -0.0118
vn 0.9947 -0.1024 0.0113
vn 0.8639 -0.0458 -0.5015
vn 0.9951 -0.0981 0.0090
vn 0.8745 -0.0679 -0.4803
vn 0.4393 0.0270 -0.8979
vn 0.4519 -0.0261 -0.8917
vn 0.4103 0.0364 -0.9112
vn -0.0581 0.5027 -0.8625
vn -0.0580 0.2758 -0.9595
vn 0.0291 0.3585 -0.9331
vn -0.0002 0.5240 -0.8517
vn 0.1193 0.3483 -0.9298
vn 0.0552 0.5424 -0.8383
vn 0.8390 0.0492 0.5419
vn 0.3554 0.0401 0.9339
vn 0.3439 0.0341 0.9384
vn 0.8296 0.0646 0.5546
vn -0.0102 0.0334 0.9994
vn -0.0088 0.0219 0.9997
vn 0.0617 0.5960 -0.8006
vn 0.0374 0.2966 -0.9543
vn 0.3840 0.4546 -0.8037
vn 0.4027 0.6241 -0.6696
vn -0.4403 0.0587 -0.8959
vn -0.4520 0.0541 -0.8904
vn 0.0027 0.0532 -0.9986
vn 0.0088 0.0553 -0.9984
vn 0.3363 0.0264 -0.9414
vn 0.3628 0.0299 -0.9314
vn -0.3948 0.3514 0.8489
vn -0.4074 0.5242 0.7478
vn -0.4259 0.0966 0.8996
vn -0.4272 0.0017 0.9042
vn -0.4235 0.0114 0.9058
vn 0.9987 0.0433 0.0267
vn 0.9959 0.0829 0.0372
vn -0.4432 0.0418 0.8954
vn -0.4600 0.0451 0.8868
vn -0.9098 0.0559 0.4114
vn -0.8997 0.0714 0.4305
vn -0.9984 0.0558 -0.0006
vn -0.9999 0.0028 -0.0109
vn -0.9160 -0.0237 -0.4005
vn -0.9176 0.0192 0.3970
vn -0.5019 -0.0704 -0.8621
vn -0.0038 -0.0879 -0.9961
vn 0.9994 -0.0301 0.0161
vn 0.8455 -0.0014 0.5340
vn 0.8863 -0.0502 -0.4604
vn 0.3605 0.0289 0.9323
vn -0.0105 0.0370 0.9993
vn 0.4566 -0.0755 -0.8864
vn -0.4702 0.0351 0.8819
vn -0.9961 0.0875 0.0141
vn 0.8968 -0.0178 0.4421
vn 0.9999 -0.0121 -0.0016
vn 0.9996 0.0273 -0.0004
vn 0.8949 0.0182 0.4460
vn 0.9086 0.0062 -0.4176
vn 0.9023 0.0367 -0.4295
vn 0.8987 0.0498 -0.4357
vn 0.9990 0.0447 -0.0007
vn 0.8940 0.0340 0.4469
vn -0.8471 -0.0219 -0.5309
vn -0.9979 -0.0635 0.0118
vn -0.9997 -0.0241 0.0072
vn -0.8251 -0.0072 -0.5650
vn -0.8030 -0.0603 0.5929
vn -0.7981 -0.0206 0.6022
vn -0.7990 -0.0064 0.6013
vn -0.9999 -0.0105 0.0017
vn -0.8121 -0.0031 -0.5835
vn -0.3044 -0.0314 0.9520
vn -0.2992 -0.0106 0.9541
vn 0.0136 -0.0187 0.9997
vn 0.0107 -0.0064 0.9999
vn 0.0091 -0.0011 1.0000
vn -0.3001 -0.0028 0.9539
vn 0.0750 -0.0584 -0.9955
vn 0.0786 -0.0415 -0.9960
vn 0.0276 -0.0531 -0.9982
vn 0.0842 -0.0570 -0.9948
vn 0.0719 0.0592 -0.9957
vn -0.0287 0.0719 -0.9970
vn -0.1404 0.1463 -0.9792
vn -0.0841 -0.0042 -0.9965
vn -0.0675 -0.0492 -0.9965
vn -0.0603 -0.0540 -0.9967
vn 0.0046 -0.0744 -0.9972
vn 0.9133 -0.0229 -0.4066
vn 0.4947 0.0195 -0.8688
vn 0.4745 0.0416 -0.8793
vn 0.9142 -0.0421 -0.4030
vn 0.5043 -0.0301 -0.8630
vn -0.0009 -0.0158 -0.9999
vn -0.0128 0.0463 -0.9988
vn -0.0182 0.0585 -0.9981
vn -0.8901 0.1688 -0.4233
vn -0.8363 0.4144 -0.3589
vn -0.9324 0.3551 0.0675
vn -0.9881 0.1434 0.0548
vn -0.7479 0.5738 -0.3336
vn -0.8617 0.5034 0.0629
vn -0.6945 0.4880 0.5288
vn -0.7607 0.3394 0.5533
vn -0.8144 0.1155 0.5687
vn 0.0108 0.0032 0.9999
vn 0.4674 -0.0079 0.8840
vn 0.4505 -0.0315 0.8922
vn 0.0137 -0.0228 0.9996
vn 0.9159 -0.0306 0.4003
vn 0.9054 -0.0432 0.4223
vn 0.4334 -0.0200 0.9010
vn 0.9220 0.0374 -0.3853
vn 0.9289 0.0953 -0.3578
vn 0.4925 0.0285 -0.8698
vn 0.5068 -0.0341 -0.8614
vn 0.9361 0.1661 -0.3101
vn 0.5288 0.1292 -0.8389
vn 0.1112 0.1079 -0.9879
vn 0.0859 0.0018 -0.9963
vn -0.0672 -0.0062 -0.9977
vn -0.4245 0.0199 -0.9052
vn -0.0374 0.1182 -0.9923
vn -0.4136 0.1322 -0.9008
vn -0.8901 0.0771 -0.4491
vn -0.8932 0.0130 -0.4495
vn -0.4578 -0.0466 -0.8878
vn -0.8176 -0.0947 0.5679
vn -0.3248 -0.0459 0.9447
vn -0.8384 -0.0753 0.5398
vn -0.3521 -0.0200 0.9358
vn 0.8866 0.1313 0.4436
vn 0.8292 0.3787 0.4111
vn 0.9350 0.3526 0.0370
vn 0.9890 0.1445 0.0309
vn 0.7552 0.5364 0.3767
vn 0.8655 0.4998 0.0331
vn 0.8113 0.5306 -0.2456
vn 0.8882 0.3819 -0.2553
vn -0.3001 0.2953 0.9070
vn -0.3287 0.0778 0.9412
vn -0.2579 0.4495 0.8552
vn 0.0365 0.4481 0.8932
vn 0.0154 0.2824 0.9592
vn 0.0092 0.0655 0.9978
vn 0.5242 0.4268 -0.7369
vn 0.5302 0.5869 -0.6119
vn 0.1680 0.5529 -0.8161
vn 0.1401 0.2932 -0.9457
vn 0.9991 -0.0427 -0.0061
vn 0.9991 -0.0418 -0.0118
vn -0.8639 -0.0458 -0.5015
vn -0.9947 -0.1024 0.0113
vn -0.8745 -0.0679 -0.4803
vn -0.9951 -0.0981 0.0090
vn -0.4519 -0.0261 -0.8917
vn -0.4393 0.0270 -0.8979
vn -0.4103 0.0364 -0.9112
vn 0.0581 0.5028 -0.8625
vn 0.0002 0.5240 -0.8517
vn -0.0291 0.3585 -0.9331
vn 0.0580 0.2758 -0.9595
vn -0.0552 0.5424 -0.8383
vn -0.1193 0.3483 -0.9298
vn -0.8390 0.0492 0.5419
vn -0.8296 0.0646 0.5546
vn -0.3439 0.0341 0.9384
vn -0.3554 0.0401 0.9339
vn 0.0088 0.0219 0.9997
vn 0.0102 0.0334 0.9994
vn -0.0617 0.5960 -0.8006
vn -0.4027 0.6241 -0.6696
vn -0.3840 0.4546 -0.8037
vn -0.0374 0.2966 -0.9543
vn 0.4520 0.0541 -0.8904
vn 0.4403 0.0587 -0.8959
vn -0.0088 0.0553 -0.9984
vn -0.0027 0.0532 -0.9986
vn -0.3628 0.0299 -0.9314
vn -0.3363 0.0264 -0.9414
vn 0.4074 0.5242 0.7478
vn 0.3948 0.3514 0.8489
vn 0.4259 0.0966 0.8996
vn 0.4272 0.0017 0.9042
vn 0.4235 0.0114 0.9058
vn -0.9959 0.0829 0.0372
vn -0.9987 0.0433 0.0267
vn 0.4432 0.0418 0.8954
vn 0.8997 0.0714 0.4305
vn 0.9098 0.0559 0.4114
vn 0.4600 0.0451 0.8868
vn 0.9160 -0.0237 -0.4005
vn 0.9999 0.0028 -0.0109
vn 0.9984 0.0558 -0.0006
vn 0.9176 0.0192 0.3970
vn 0.0038 -0.0879 -0.9961
vn 0.5019 -0.0704 -0.8621
vn -0.8455 -0.0014 0.5340
vn -0.9994 -0.0301 0.0161
vn -0.8863 -0.0502 -0.4604
vn 0.0105 0.0370 0.9993
vn -0.3605 0.0289 0.9323
vn -0.4566 -0.0755 -0.8864
vn 0.4702 0.0351 0.8819
vn 0.9961 0.0875 0.0141
usemtl None
s 1
f 868/1012/867 957/1013/868 1108/1014/869 956/1015/870
f 957/1013/868 869/1016/871 958/1017/872 1108/1014/869
f 1108/1014/869 958/1017/872 871/1018/873 959/1019/874
f 956/1015/870 1108/1014/869 959/1019/874 870/1020/875
f 874/1021/876 962/1022/877 1109/1023/878 963/1024/879
f 962/1022/877 875/1025/880 964/1026/881 1109/1023/878
f 1109/1023/878 964/1026/881 873/1027/882 965/1028/883
f 963/1024/879 1109/1023/878 965/1028/883 872/1029/884
f 872/1029/884 965/1028/883 1110/1030/885 966/1031/886
f 965/1028/883 873/1027/882 998/1032/887 1110/1030/885
f 1110/1030/885 998/1032/887 899/1033/888 1000/1034/889
f 966/1031/886 1110/1030/885 1000/1034/889 896/1035/890
f 888/1036/891 1023/1037/892 1111/1038/893 983/1039/894
f 909/1040/895 1031/1041/896 1111/1038/893 1023/1037/892
f 894/1042/897 961/1043/898 1111/1038/893 1031/1041/896
f 893/1044/899 980/1045/900 1111/1038/893 961/1043/898
f 884/1046/901 983/1039/894 1111/1038/893 980/1045/900
f 870/1020/875 960/1047/902 1112/1048/903 1022/1049/904
f 960/1047/902 890/1050/905 1024/1051/906 1112/1048/903
f 1112/1048/903 1024/1051/906 908/1052/907 1007/1053/908
f 1022/1049/904 1112/1048/903 1007/1053/908 900/1054/909
f 881/1055/910 979/1056/911 1113/1057/912 974/1058/913
f 979/1056/911 880/1059/914 972/1060/915 1113/1057/912
f 1113/1057/912 972/1060/915 879/1061/916 970/1062/917
f 974/1058/913 1113/1057/912 970/1062/917 878/1063/918
f 910/1064/919 1025/1065/920 1114/1066/921 1018/1067/922
f 1025/1065/920 896/1035/890 995/1068/923 1114/1066/921
f 1114/1066/921 995/1068/923 868/1069/867 1021/1070/924
f 1018/1067/922 1114/1066/921 1021/1070/924 903/1071/925
f 901/1072/926 1006/1073/927 1115/1074/928 1020/1075/929
f 909/1076/895 1023/1077/892 1115/1074/928 1006/1073/927
f 888/1036/891 984/1078/930 1115/1074/928 1023/1077/892
f 885/1079/931 976/1080/932 1115/1074/928 984/1078/930
f 882/1081/933 1020/1075/929 1115/1074/928 976/1080/932
f 894/1042/897 1031/1082/896 1116/1083/934 990/1084/935
f 909/1085/895 1015/1086/936 1116/1083/934 1031/1082/896
f 904/1087/937 1027/1088/938 1116/1083/934 1015/1086/936
f 881/1055/910 988/1089/939 1116/1083/934 1027/1088/938
f 892/1090/940 990/1084/935 1116/1083/934 988/1089/939
f 872/1029/884 966/1031/886 1117/1091/941 1030/1092/942
f 966/1031/886 896/1035/890 1025/1065/920 1117/1091/941
f 1117/1091/941 1025/1065/920 910/1064/919 1014/1093/943
f 1030/1092/942 1117/1091/941 1014/1093/943 906/1094/944
f 883/1095/945 978/1096/946 1118/1097/947 975/1098/948
f 978/1096/946 882/1081/933 973/1099/949 1118/1097/947
f 1118/1097/947 973/1099/949 876/1100/950 968/1101/951
f 975/1098/948 1118/1097/947 968/1101/951 877/1102/952
f 880/1059/914 977/1103/953 1119/1104/954 972/1060/915
f 977/1103/953 898/1105/955 999/1106/956 1119/1104/954
f 1119/1104/954 999/1106/956 897/1107/957 971/1108/958
f 972/1060/915 1119/1104/954 971/1108/958 879/1061/916
f 882/1081/933 976/1080/932 1120/1109/959 973/1099/949
f 976/1080/932 885/1079/931 986/1110/960 1120/1109/959
f 1120/1109/959 986/1110/960 887/1111/961 969/1112/962
f 973/1099/949 1120/1109/959 969/1112/962 876/1100/950
f 868/1012/867 956/1015/870 1121/1113/963 1021/1114/924
f 956/1015/870 870/1020/875 1022/1049/904 1121/1113/963
f 1121/1113/963 1022/1049/904 900/1054/909 1004/1115/964
f 1021/1114/924 1121/1113/963 1004/1115/964 903/1116/925
f 874/1021/876 963/1024/879 1122/1117/965 1029/1118/966
f 963/1024/879 872/1029/884 1030/1092/942 1122/1117/965
f 1122/1117/965 1030/1092/942 906/1094/944 1011/1119/967
f 1029/1118/966 1122/1117/965 1011/1119/967 905/1120/968
f 908/1052/907 1024/1051/906 1123/1121/969 1016/1122/970
f 1024/1051/906 890/1050/905 987/1123/971 1123/1121/969
f 1123/1121/969 987/1123/971 874/1021/876 1029/1118/966
f 1016/1122/970 1123/1121/969 1029/1118/966 905/1120/968
f 886/1124/972 985/1125/973 1124/1126/974 981/1127/975
f 985/1125/973 884/1046/901 980/1045/900 1124/1126/974
f 1124/1126/974 980/1045/900 893/1044/899 991/1128/976
f 981/1127/975 1124/1126/974 991/1128/976 891/1129/977
f 907/1130/978 1013/1131/979 1125/1132/980 1028/1133/981
f 1013/1131/979 911/1134/982 1026/1135/983 1125/1132/980
f 1125/1132/980 1026/1135/983 898/1105/955 977/1103/953
f 1028/1133/981 1125/1132/980 977/1103/953 880/1059/914
f 889/1136/984 992/1137/985 1126/1138/986 982/1139/987
f 992/1137/985 892/1090/940 988/1089/939 1126/1138/986
f 1126/1138/986 988/1089/939 881/1055/910 974/1058/913
f 982/1139/987 1126/1138/986 974/1058/913 878/1063/918
f 871/1140/873 993/1141/988 1127/1142/989 959/1143/874
f 993/1141/988 895/1144/990 994/1145/991 1127/1142/989
f 1127/1142/989 994/1145/991 890/1050/905 960/1047/902
f 959/1143/874 1127/1142/989 960/1047/902 870/1020/875
f 895/1144/990 989/1146/992 1128/1147/993 994/1145/991
f 989/1146/992 875/1025/880 962/1022/877 1128/1147/993
f 1128/1147/993 962/1022/877 874/1021/876 987/1123/971
f 994/1145/991 1128/1147/993 987/1123/971 890/1050/905
f 897/1107/957 999/1106/956 1129/1148/994 996/1149/995
f 999/1106/956 898/1105/955 997/1150/996 1129/1148/994
f 1129/1148/994 997/1150/996 883/1151/945 975/1152/948
f 996/1149/995 1129/1148/994 975/1152/948 877/1153/952
f 896/1035/890 1000/1034/889 1130/1154/997 995/1068/923
f 1000/1034/889 899/1033/888 967/1155/998 1130/1154/997
f 1130/1154/997 967/1155/998 869/1156/871 957/1157/868
f 995/1068/923 1130/1154/997 957/1157/868 868/1069/867
f 904/1087/937 1009/1158/999 1131/1159/1000 1027/1088/938
f 1009/1158/999 907/1130/978 1028/1133/981 1131/1159/1000
f 1131/1159/1000 1028/1133/981 880/1059/914 979/1056/911
f 1027/1088/938 1131/1159/1000 979/1056/911 881/1055/910
f 898/1105/955 1026/1135/983 1132/1160/1001 997/1150/996
f 1026/1135/983 911/1134/982 1017/1161/1002 1132/1160/1001
f 1132/1160/1001 1017/1161/1002 902/1162/1003 1019/1163/1004
f 997/1150/996 1132/1160/1001 1019/1163/1004 883/1151/945
f 901/1072/926 1002/1164/1005 1133/1165/1006 1001/1166/1007
f 1002/1164/1005 902/1167/1003 1003/1168/1008 1133/1165/1006
f 1133/1165/1006 1003/1168/1008 903/1116/925 1004/1115/964
f 1001/1166/1007 1133/1165/1006 1004/1115/964 900/1054/909
f 909/1076/895 1006/1073/927 1134/1169/1009 1005/1170/1010
f 1006/1073/927 901/1072/926 1001/1166/1007 1134/1169/1009
f 1134/1169/1009 1001/1166/1007 900/1054/909 1007/1053/908
f 1005/1170/1010 1134/1169/1009 1007/1053/908 908/1052/907
f 907/1130/978 1009/1158/999 1135/1171/1011 1008/1172/1012
f 1009/1158/999 904/1087/937 1010/1173/1013 1135/1171/1011
f 1135/1171/1011 1010/1173/1013 905/1120/968 1011/1119/967
f 1008/1172/1012 1135/1171/1011 1011/1119/967 906/1094/944
f 911/1134/982 1013/1131/979 1136/1174/1014 1012/1175/1015
f 1013/1131/979 907/1130/978 1008/1172/1012 1136/1174/1014
f 1136/1174/1014 1008/1172/1012 906/1094/944 1014/1093/943
f 1012/1175/1015 1136/1174/1014 1014/1093/943 910/1064/919
f 904/1087/937 1015/1086/936 1137/1176/1016 1010/1173/1013
f 1015/1086/936 909/1085/895 1005/1177/1010 1137/1176/1016
f 1137/1176/1016 1005/1177/1010 908/1052/907 1016/1122/970
f 1010/1173/1013 1137/1176/1016 1016/1122/970 905/1120/968
f 902/1162/1003 1017/1161/1002 1138/1178/1017 1003/1179/1008
f 1017/1161/1002 911/1134/982 1012/1175/1015 1138/1178/1017
f 1138/1178/1017 1012/1175/1015 910/1064/919 1018/1067/922
f 1003/1179/1008 1138/1178/1017 1018/1067/922 903/1071/925
f 902/1167/1003 1002/1164/1005 1139/1180/1018 1019/1181/1004
f 1002/1164/1005 901/1072/926 1020/1075/929 1139/1180/1018
f 1139/1180/1018 1020/1075/929 882/1081/933 978/1096/946
f 1019/1181/1004 1139/1180/1018 978/1096/946 883/1095/945
f 912/1182/1019 1032/1183/1020 1140/1184/1021 1033/1185/1022
f 1032/1183/1020 914/1186/1023 1035/1187/1024 1140/1184/1021
f 1140/1184/1021 1035/1187/1024 915/1188/1025 1034/1189/1026
f 1033/1185/1022 1140/1184/1021 1034/1189/1026 913/1190/1027
f 918/1191/1028 1039/1192/1029 1141/1193/1030 1038/1194/1031
f 1039/1192/1029 916/1195/1032 1041/1196/1033 1141/1193/1030
f 1141/1193/1030 1041/1196/1033 917/1197/1034 1040/1198/1035
f 1038/1194/1031 1141/1193/1030 1040/1198/1035 919/1199/1036
f 916/1195/1032 1042/1200/1037 1142/1201/1038 1041/1196/1033
f 1042/1200/1037 940/1202/1039 1076/1203/1040 1142/1201/1038
f 1142/1201/1038 1076/1203/1040 943/1204/1041 1074/1205/1042
f 1041/1196/1033 1142/1201/1038 1074/1205/1042 917/1197/1034
f 932/1206/1043 1059/1207/1044 1143/1208/1045 1099/1209/1046
f 928/1210/1047 1056/1211/1048 1143/1208/1045 1059/1207/1044
f 937/1212/1049 1037/1213/1050 1143/1208/1045 1056/1211/1048
f 938/1214/1051 1107/1215/1052 1143/1208/1045 1037/1213/1050
f 953/1216/1053 1099/1209/1046 1143/1208/1045 1107/1215/1052
f 914/1186/1023 1098/1217/1054 1144/1218/1055 1036/1219/1056
f 1098/1217/1054 944/1220/1057 1083/1221/1058 1144/1218/1055
f 1144/1218/1055 1083/1221/1058 952/1222/1059 1100/1223/1060
f 1036/1219/1056 1144/1218/1055 1100/1223/1060 934/1224/1061
f 925/1225/1062 1050/1226/1063 1145/1227/1064 1055/1228/1065
f 1050/1226/1063 922/1229/1066 1046/1230/1067 1145/1227/1064
f 1145/1227/1064 1046/1230/1067 923/1231/1068 1048/1232/1069
f 1055/1228/1065 1145/1227/1064 1048/1232/1069 924/1233/1070
f 954/1234/1071 1094/1235/1072 1146/1236/1073 1101/1237/1074
f 1094/1235/1072 947/1238/1075 1097/1239/1076 1146/1236/1073
f 1146/1236/1073 1097/1239/1076 912/1240/1019 1071/1241/1077
f 1101/1237/1074 1146/1236/1073 1071/1241/1077 940/1202/1039
f 945/1242/1078 1096/1243/1079 1147/1244/1080 1082/1245/1081
f 926/1246/1082 1052/1247/1083 1147/1244/1080 1096/1243/1079
f 929/1248/1084 1060/1249/1085 1147/1244/1080 1052/1247/1083
f 932/1206/1043 1099/1250/1046 1147/1244/1080 1060/1249/1085
f 953/1251/1053 1082/1245/1081 1147/1244/1080 1099/1250/1046
f 938/1214/1051 1066/1252/1086 1148/1253/1087 1107/1254/1052
f 936/1255/1088 1064/1256/1089 1148/1253/1087 1066/1252/1086
f 925/1225/1062 1103/1257/1090 1148/1253/1087 1064/1256/1089
f 948/1258/1091 1091/1259/1092 1148/1253/1087 1103/1257/1090
f 953/1260/1053 1107/1254/1052 1148/1253/1087 1091/1259/1092
f 916/1195/1032 1106/1261/1093 1149/1262/1094 1042/1200/1037
f 1106/1261/1093 950/1263/1095 1090/1264/1096 1149/1262/1094
f 1149/1262/1094 1090/1264/1096 954/1234/1071 1101/1237/1074
f 1042/1200/1037 1149/1262/1094 1101/1237/1074 940/1202/1039
f 927/1265/1097 1051/1266/1098 1150/1267/1099 1054/1268/1100
f 1051/1266/1098 921/1269/1101 1044/1270/1102 1150/1267/1099
f 1150/1267/1099 1044/1270/1102 920/1271/1103 1049/1272/1104
f 1054/1268/1100 1150/1267/1099 1049/1272/1104 926/1246/1082
f 924/1233/1070 1048/1232/1069 1151/1273/1105 1053/1274/1106
f 1048/1232/1069 923/1231/1068 1047/1275/1107 1151/1273/1105
f 1151/1273/1105 1047/1275/1107 941/1276/1108 1075/1277/1109
f 1053/1274/1106 1151/1273/1105 1075/1277/1109 942/1278/1110
f 926/1246/1082 1049/1272/1104 1152/1279/1111 1052/1247/1083
f 1049/1272/1104 920/1271/1103 1045/1280/1112 1152/1279/1111
f 1152/1279/1111 1045/1280/1112 931/1281/1113 1062/1282/1114
f 1052/1247/1083 1152/1279/1111 1062/1282/1114 929/1248/1084
f 912/1182/1019 1097/1283/1076 1153/1284/1115 1032/1183/1020
f 1097/1283/1076 947/1285/1075 1080/1286/1116 1153/1284/1115
f 1153/1284/1115 1080/1286/1116 944/1220/1057 1098/1217/1054
f 1032/1183/1020 1153/1284/1115 1098/1217/1054 914/1186/1023
f 918/1191/1028 1105/1287/1117 1154/1288/1118 1039/1192/1029
f 1105/1287/1117 949/1289/1119 1087/1290/1120 1154/1288/1118
f 1154/1288/1118 1087/1290/1120 950/1263/1095 1106/1261/1093
f 1039/1192/1029 1154/1288/1118 1106/1261/1093 916/1195/1032
f 952/1222/1059 1092/1291/1121 1155/1292/1122 1100/1223/1060
f 1092/1291/1121 949/1289/1119 1105/1287/1117 1155/1292/1122
f 1155/1292/1122 1105/1287/1117 918/1191/1028 1063/1293/1123
f 1100/1223/1060 1155/1292/1122 1063/1293/1123 934/1224/1061
f 930/1294/1124 1057/1295/1125 1156/1296/1126 1061/1297/1127
f 1057/1295/1125 935/1298/1128 1067/1299/1129 1156/1296/1126
f 1156/1296/1126 1067/1299/1129 937/1212/1049 1056/1211/1048
f 1061/1297/1127 1156/1296/1126 1056/1211/1048 928/1210/1047
f 951/1300/1130 1104/1301/1131 1157/1302/1132 1089/1303/1133
f 1104/1301/1131 924/1233/1070 1053/1274/1106 1157/1302/1132
f 1157/1302/1132 1053/1274/1106 942/1278/1110 1102/1304/1134
f 1089/1303/1133 1157/1302/1132 1102/1304/1134 955/1305/1135
f 933/1306/1136 1058/1307/1137 1158/1308/1138 1068/1309/1139
f 1058/1307/1137 922/1229/1066 1050/1226/1063 1158/1308/1138
f 1158/1308/1138 1050/1226/1063 925/1225/1062 1064/1256/1089
f 1068/1309/1139 1158/1308/1138 1064/1256/1089 936/1255/1088
f 915/1310/1025 1035/1311/1024 1159/1312/1140 1069/1313/1141
f 1035/1311/1024 914/1186/1023 1036/1219/1056 1159/1312/1140
f 1159/1312/1140 1036/1219/1056 934/1224/1061 1070/1314/1142
f 1069/1313/1141 1159/1312/1140 1070/1314/1142 939/1315/1143
f 939/1315/1143 1070/1314/1142 1160/1316/1144 1065/1317/1145
f 1070/1314/1142 934/1224/1061 1063/1293/1123 1160/1316/1144
f 1160/1316/1144 1063/1293/1123 918/1191/1028 1038/1194/1031
f 1065/1317/1145 1160/1316/1144 1038/1194/1031 919/1199/1036
f 941/1276/1108 1072/1318/1146 1161/1319/1147 1075/1277/1109
f 1072/1318/1146 921/1320/1101 1051/1321/1098 1161/1319/1147
f 1161/1319/1147 1051/1321/1098 927/1322/1097 1073/1323/1148
f 1075/1277/1109 1161/1319/1147 1073/1323/1148 942/1278/1110
f 940/1202/1039 1071/1241/1077 1162/1324/1149 1076/1203/1040
f 1071/1241/1077 912/1240/1019 1033/1325/1022 1162/1324/1149
f 1162/1324/1149 1033/1325/1022 913/1326/1027 1043/1327/1150
f 1076/1203/1040 1162/1324/1149 1043/1327/1150 943/1204/1041
f 948/1258/1091 1103/1257/1090 1163/1328/1151 1085/1329/1152
f 1103/1257/1090 925/1225/1062 1055/1228/1065 1163/1328/1151
f 1163/1328/1151 1055/1228/1065 924/1233/1070 1104/1301/1131
f 1085/1329/1152 1163/1328/1151 1104/1301/1131 951/1300/1130
f 942/1278/1110 1073/1323/1148 1164/1330/1153 1102/1304/1134
f 1073/1323/1148 927/1322/1097 1095/1331/1154 1164/1330/1153
f 1164/1330/1153 1095/1331/1154 946/1332/1155 1093/1333/1156
f 1102/1304/1134 1164/1330/1153 1093/1333/1156 955/1305/1135
f 945/1242/1078 1077/1334/1157 1165/1335/1158 1078/1336/1159
f 1077/1334/1157 944/1220/1057 1080/1286/1116 1165/1335/1158
f 1165/1335/1158 1080/1286/1116 947/1285/1075 1079/1337/1160
f 1078/1336/1159 1165/1335/1158 1079/1337/1160 946/1338/1155
f 953/1251/1053 1081/1339/1161 1166/1340/1162 1082/1245/1081
f 1081/1339/1161 952/1222/1059 1083/1221/1058 1166/1340/1162
f 1166/1340/1162 1083/1221/1058 944/1220/1057 1077/1334/1157
f 1082/1245/1081 1166/1340/1162 1077/1334/1157 945/1242/1078
f 951/1300/1130 1084/1341/1163 1167/1342/1164 1085/1329/1152
f 1084/1341/1163 950/1263/1095 1087/1290/1120 1167/1342/1164
f 1167/1342/1164 1087/1290/1120 949/1289/1119 1086/1343/1165
f 1085/1329/1152 1167/1342/1164 1086/1343/1165 948/1258/1091
f 955/1305/1135 1088/1344/1166 1168/1345/1167 1089/1303/1133
f 1088/1344/1166 954/1234/1071 1090/1264/1096 1168/1345/1167
f 1168/1345/1167 1090/1264/1096 950/1263/1095 1084/1341/1163
f 1089/1303/1133 1168/1345/1167 1084/1341/1163 951/1300/1130
f 948/1258/1091 1086/1343/1165 1169/1346/1168 1091/1259/1092
f 1086/1343/1165 949/1289/1119 1092/1291/1121 1169/1346/1168
f 1169/1346/1168 1092/1291/1121 952/1222/1059 1081/1347/1161
f 1091/1259/1092 1169/1346/1168 1081/1347/1161 953/1260/1053
f 946/1332/1155 1079/1348/1160 1170/1349/1169 1093/1333/1156
f 1079/1348/1160 947/1238/1075 1094/1235/1072 1170/1349/1169
f 1170/1349/1169 1094/1235/1072 954/1234/1071 1088/1344/1166
f 1093/1333/1156 1170/1349/1169 1088/1344/1166 955/1305/1135
f 946/1338/1155 1095/1350/1154 1171/1351/1170 1078/1336/1159
f 1095/1350/1154 927/1265/1097 1054/1268/1100 1171/1351/1170
f 1171/1351/1170 1054/1268/1100 926/1246/1082 1096/1243/1079
f 1078/1336/1159 1171/1351/1170 1096/1243/1079 945/1242/1078
g Cube.019_Cube.026
v -1.093686 0.286602 2.185808
v -1.093686 1.917166 2.185808
v -1.093686 0.286602 1.452765
v -1.093686 1.917166 1.452765
v -0.388825 0.286602 2.185808
v -0.388825 1.917166 2.185808
v -0.388825 0.286602 1.452765
v -0.388825 1.917166 1.452765
v -0.741255 0.286602 1.370392
v -0.741255 1.917166 1.370392
v -0.741255 0.286602 2.268182
v -0.741255 1.917166 2.268182
v -1.172892 0.286602 1.819287
v -1.172893 1.917166 1.819287
v -0.309618 0.286602 1.819287
v -0.309618 1.917166 1.819287
v -0.741255 1.917166 1.819287
v -0.741255 0.286602 1.819287
v 1.093686 0.286603 2.185808
v 1.093686 1.917167 2.185808
v 1.093686 0.286603 1.452766
v 1.093686 1.917167 1.452765
v 0.388824 0.286603 2.185808
v 0.388824 1.917167 2.185808
v 0.388825 0.286603 1.452765
v 0.388825 1.917167 1.452765
v 0.741255 0.286603 1.370392
v 0.741255 1.917167 1.370392
v 0.741255 0.286603 2.268182
v 0.741255 1.917167 2.268182
v 1.172892 0.286603 1.819287
v 1.172892 1.917167 1.819287
v 0.309618 0.286603 1.819287
v 0.309618 1.917167 1.819287
v 0.741255 1.917167 1.819287
v 0.741255 0.286603 1.819287
vt 0.375000 0.125000
vt 0.625000 0.125000
vt 0.625000 0.250000
vt 0.375000 0.250000
vt 0.375000 0.375000
vt 0.625000 0.375000
vt 0.625000 0.500000
vt 0.375000 0.500000
vt 0.375000 0.625000
vt 0.625000 0.625000
vt 0.625000 0.750000
vt 0.375000 0.750000
vt 0.375000 0.875000
vt 0.625000 0.875000
vt 0.625000 1.000000
vt 0.375000 1.000000
vt 0.250000 0.625000
vt 0.250000 0.750000
vt 0.750000 0.625000
vt 0.875000 0.625000
vt 0.875000 0.750000
vt 0.750000 0.750000
vt 0.125000 0.625000
vt 0.125000 0.750000
vt 0.125000 0.500000
vt 0.250000 0.500000
vt 0.750000 0.500000
vt 0.875000 0.500000
vt 0.375000 0.000000
vt 0.625000 0.000000
vt 0.375000 0.125000
vt 0.375000 0.250000
vt 0.625000 0.250000
vt 0.625000 0.125000
vt 0.375000 0.375000
vt 0.375000 0.500000
vt 0.625000 0.500000
vt 0.625000 0.375000
vt 0.375000 0.625000
vt 0.375000 0.750000
vt 0.625000 0.750000
vt 0.625000 0.625000
vt 0.375000 0.875000
vt 0.375000 1.000000
vt 0.625000 1.000000
vt 0.625000 0.875000
vt 0.250000 0.625000
vt 0.250000 0.750000
vt 0.750000 0.625000
vt 0.750000 0.750000
vt 0.875000 0.750000
vt 0.875000 0.625000
vt 0.125000 0.625000
vt 0.125000 0.750000
vt 0.125000 0.500000
vt 0.250000 0.500000
vt 0.750000 0.500000
vt 0.875000 0.500000
vt 0.375000 0.000000
vt 0.625000 0.000000
vn -0.7491 -0.6625 -0.0000
vn -0.7491 0.6625 -0.0000
vn -0.5681 0.6043 -0.5587
vn -0.5681 -0.6043 -0.5587
vn -0.0000 -0.6593 -0.7519
vn -0.0000 0.6593 -0.7519
vn 0.5681 0.6043 -0.5587
vn 0.5681 -0.6043 -0.5587
vn 0.7491 -0.6625 -0.0000
vn 0.7491 0.6625 -0.0000
vn 0.5681 0.6043 0.5587
vn 0.5681 -0.6043 0.5587
vn -0.0000 -0.6593 0.7519
vn -0.0000 0.6593 0.7519
vn -0.5681 0.6043 0.5587
vn -0.5681 -0.6043 0.5587
vn 0.0000 -1.0000 0.0000
vn 0.0000 1.0000 0.0000
usemtl None
s 1
f 1184/1352/1171 1185/1353/1172 1175/1354/1173 1174/1355/1174
f 1180/1356/1175 1181/1357/1176 1179/1358/1177 1178/1359/1178
f 1186/1360/1179 1187/1361/1180 1177/1362/1181 1176/1363/1182
f 1182/1364/1183 1183/1365/1184 1173/1366/1185 1172/1367/1186
f 1189/1368/1187 1186/1360/1179 1176/1363/1182 1182/1369/1183
f 1188/1370/1188 1185/1371/1172 1173/1372/1185 1183/1373/1184
f 1187/1361/1180 1188/1370/1188 1183/1373/1184 1177/1362/1181
f 1184/1374/1171 1189/1368/1187 1182/1369/1183 1172/1375/1186
f 1176/1363/1182 1177/1362/1181 1183/1365/1184 1182/1364/1183
f 1174/1355/1174 1175/1354/1173 1181/1357/1176 1180/1356/1175
f 1174/1376/1174 1180/1377/1175 1189/1368/1187 1184/1374/1171
f 1179/1358/1177 1181/1378/1176 1188/1370/1188 1187/1361/1180
f 1181/1378/1176 1175/1379/1173 1185/1371/1172 1188/1370/1188
f 1180/1377/1175 1178/1359/1178 1186/1360/1179 1189/1368/1187
f 1178/1359/1178 1179/1358/1177 1187/1361/1180 1186/1360/1179
f 1172/1380/1186 1173/1381/1185 1185/1353/1172 1184/1352/1171
f 1202/1382/1179 1192/1383/1178 1193/1384/1177 1203/1385/1180
f 1198/1386/1175 1196/1387/1174 1197/1388/1173 1199/1389/1176
f 1204/1390/1171 1194/1391/1186 1195/1392/1185 1205/1393/1172
f 1200/1394/1183 1190/1395/1182 1191/1396/1181 1201/1397/1184
f 1207/1398/1187 1200/1399/1183 1194/1391/1186 1204/1390/1171
f 1206/1400/1188 1201/1401/1184 1191/1402/1181 1203/1403/1180
f 1205/1393/1172 1195/1392/1185 1201/1401/1184 1206/1400/1188
f 1202/1404/1179 1190/1405/1182 1200/1399/1183 1207/1398/1187
f 1194/1391/1186 1200/1394/1183 1201/1397/1184 1195/1392/1185
f 1192/1383/1178 1198/1386/1175 1199/1389/1176 1193/1384/1177
f 1192/1406/1178 1202/1404/1179 1207/1398/1187 1198/1407/1175
f 1197/1388/1173 1205/1393/1172 1206/1400/1188 1199/1408/1176
f 1199/1408/1176 1206/1400/1188 1203/1403/1180 1193/1409/1177
f 1198/1407/1175 1207/1398/1187 1204/1390/1171 1196/1387/1174
f 1196/1387/1174 1204/1390/1171 1205/1393/1172 1197/1388/1173
f 1190/1410/1182 1202/1382/1179 1203/1385/1180 1191/1411/1181
g Cube.020_Cube.027
v -0.741255 -0.014574 0.318686
v -1.345059 -0.031785 1.298596
v -0.724477 0.420195 1.316799
v -0.741255 0.613710 2.381021
v -0.137452 -0.031785 1.298596
v -0.741255 -0.025477 0.733360
v -1.258392 0.420195 1.316799
v -0.190563 0.420195 1.316799
v -1.174721 0.194029 0.449408
v -1.174721 -0.014574 0.449408
v -0.307789 -0.014574 0.449408
v -0.307789 0.194029 0.449408
v -1.250504 0.385154 0.742803
v -1.330723 -0.025477 0.742803
v -0.151787 -0.025477 0.742803
v -0.232006 0.385154 0.742803
v -1.271878 -0.031785 1.582315
v -0.741255 -0.043775 2.529330
v -0.210632 -0.031785 1.582315
v -0.741255 0.454147 0.733360
v -0.210632 0.404996 1.583546
v -1.271878 0.558003 1.582315
v -1.271878 -0.031785 1.944088
v -0.741255 0.194029 0.318686
v -0.210632 0.436504 1.929050
v -0.741255 -0.043775 1.298596
v -0.210632 -0.031785 1.944088
v -1.271878 0.436504 1.929050
v -0.741255 -0.019795 1.582315
v -0.741255 -0.019795 1.944088
v -0.725868 0.428909 1.375416
v -0.741255 0.597710 2.305033
v -1.188660 0.428909 1.375416
v -0.263077 0.428909 1.375416
v -0.280642 0.416799 1.613791
v -1.200520 0.549424 1.612724
v -0.280642 0.444110 1.913270
v -1.201868 0.444110 1.913270
v -0.725959 0.199590 1.379252
v -0.741255 0.367821 2.305033
v -1.249330 0.199590 1.379252
v -0.202589 0.199590 1.379252
v -0.280642 0.186909 1.613791
v -1.200520 0.319535 1.612724
v -0.280642 0.214221 1.913270
v -1.201868 0.214221 1.913270
v -1.009364 -0.038451 2.529330
v -1.304572 -0.031785 2.205549
v -1.234878 -0.033737 2.434497
v -0.177938 -0.031785 2.205549
v -0.473146 -0.038451 2.529330
v -0.247633 -0.033737 2.434497
v -1.008420 0.613710 2.381021
v -1.296890 0.497068 2.083521
v -1.232351 0.579546 2.293885
v -0.185621 0.497068 2.083521
v -0.474090 0.613710 2.381021
v -0.250159 0.579546 2.293885
v -0.928662 0.597710 2.305033
v -1.216886 0.480475 2.006020
v -1.152521 0.563372 2.217454
v -0.265625 0.480475 2.006020
v -0.553849 0.597710 2.305033
v -0.329990 0.563372 2.217454
v -1.217023 0.250918 2.006868
v -0.929601 0.367821 2.305033
v -1.152836 0.333581 2.217703
v -0.552909 0.367821 2.305033
v -0.265487 0.250918 2.006868
v -0.329674 0.333581 2.217703
v 0.741255 -0.014574 0.318686
v 1.345059 -0.031785 1.298596
v 0.724477 0.420195 1.316799
v 0.741255 0.613710 2.381021
v 0.137452 -0.031785 1.298596
v 0.741255 -0.025477 0.733360
v 1.258392 0.420195 1.316799
v 0.190563 0.420195 1.316799
v 1.174721 0.194029 0.449408
v 1.174721 -0.014574 0.449408
v 0.307789 -0.014574 0.449408
v 0.307789 0.194029 0.449408
v 1.250504 0.385154 0.742803
v 1.330723 -0.025477 0.742803
v 0.151787 -0.025477 0.742803
v 0.232006 0.385154 0.742803
v 1.271879 -0.031785 1.582315
v 0.741255 -0.043775 2.529330
v 0.210632 -0.031785 1.582315
v 0.741255 0.454147 0.733360
v 0.210632 0.404996 1.583546
v 1.271879 0.558003 1.582315
v 1.271879 -0.031785 1.944088
v 0.741255 0.194029 0.318686
v 0.210632 0.436504 1.929050
v 0.741255 -0.043775 1.298596
v 0.210632 -0.031785 1.944088
v 1.271879 0.436504 1.929050
v 0.741255 -0.019795 1.582315
v 0.741255 -0.019795 1.944088
v 0.725868 0.428909 1.375416
v 0.741255 0.597710 2.305033
v 1.188660 0.428909 1.375416
v 0.263077 0.428909 1.375416
v 0.280642 0.416799 1.613791
v 1.200520 0.549424 1.612724
v 0.280642 0.444110 1.913270
v 1.201868 0.444110 1.913270
v 0.725959 0.199590 1.379252
v 0.741255 0.367821 2.305033
v 1.249330 0.199590 1.379252
v 0.202589 0.199590 1.379252
v 0.280642 0.186909 1.613791
v 1.200520 0.319535 1.612724
v 0.280642 0.214221 1.913270
v 1.201868 0.214221 1.913270
v 1.009364 -0.038451 2.529330
v 1.304572 -0.031785 2.205549
v 1.234878 -0.033737 2.434497
v 0.177938 -0.031785 2.205549
v 0.473146 -0.038451 2.529330
v 0.247633 -0.033737 2.434497
v 1.008421 0.613710 2.381021
v 1.296889 0.497068 2.083521
v 1.232351 0.579546 2.293885
v 0.185621 0.497068 2.083521
v 0.474090 0.613710 2.381021
v 0.250159 0.579546 2.293885
v 0.928662 0.597710 2.305033
v 1.216886 0.480475 2.006020
v 1.152521 0.563372 2.217454
v 0.265625 0.480475 2.006020
v 0.553849 0.597710 2.305033
v 0.329990 0.563372 2.217454
v 1.217023 0.250918 2.006868
v 0.929601 0.367821 2.305033
v 1.152836 0.333581 2.217703
v 0.552909 0.367821 2.305033
v 0.265487 0.250918 2.006869
v 0.329674 0.333581 2.217703
vt 0.499966 0.250000
vt 0.499966 0.375000
vt 0.499966 0.375000
vt 0.499966 0.250000
vt 0.250000 0.654920
vt 0.375000 0.654920
vt 0.375000 0.697398
vt 0.354092 0.734595
vt 0.305504 0.750000
vt 0.250000 0.750000
vt 0.375000 0.250000
vt 0.499966 0.250000
vt 0.499966 0.375000
vt 0.375000 0.375000
vt 0.375000 0.500000
vt 0.250000 0.500000
vt 0.250000 0.500000
vt 0.375000 0.500000
vt 0.499966 0.930309
vt 0.499966 0.875000
vt 0.499966 0.875000
vt 0.499966 0.919702
vt 0.499966 0.654920
vt 0.499966 0.687416
vt 0.375000 0.819496
vt 0.499966 0.819691
vt 0.375000 0.875000
vt 0.375000 0.250000
vt 0.375000 0.190160
vt 0.499966 0.190160
vt 0.375000 0.250000
vt 0.499966 0.500000
vt 0.375000 0.500000
vt 0.499966 0.500000
vt 0.125000 0.500000
vt 0.125000 0.500000
vt 0.250000 0.500000
vt 0.499966 0.500000
vt 0.125000 0.500000
vt 0.375000 0.095080
vt 0.499966 0.095080
vt 0.499966 0.559840
vt 0.375000 0.559840
vt 0.250000 0.559840
vt 0.125000 0.559840
vt 0.125000 0.654920
vt 0.375000 0.930504
vt 0.375000 0.052602
vt 0.499966 0.062584
vt 0.499966 0.654920
vt 0.499966 0.677430
vt 0.499966 0.375000
vt 0.499966 0.500000
vt 0.499966 0.559840
vt 0.499966 0.875000
vt 0.499966 0.919926
vt 0.499966 0.190160
vt 0.499966 0.250000
vt 0.499966 0.072570
vt 0.499966 0.095080
vt 0.499966 0.830298
vt 0.499966 0.830074
vt 0.499966 0.559840
vt 0.499966 0.654920
vt 0.499966 0.500000
vt 0.499966 0.375000
vt 0.499966 0.677636
vt 0.499966 0.095080
vt 0.499966 0.190160
vt 0.499966 0.250000
vt 0.499966 0.072364
vt 0.380428 0.750000
vt 0.499553 0.750000
vt 0.499139 1.000000
vt 0.380428 1.000000
vt 0.380428 0.000000
vt 0.499139 0.000000
vt 0.499966 1.000000
vt 0.499966 1.000000
vt 0.499966 0.000000
vt 0.499966 0.000000
vt 0.499966 0.750000
vt 0.499966 0.750000
vt 0.499966 1.000000
vt 0.499966 0.000000
vt 0.194496 0.750000
vt 0.145908 0.734595
vt 0.125000 0.697398
vt 0.499966 0.250000
vt 0.499966 0.250000
vt 0.499966 0.375000
vt 0.499966 0.375000
vt 0.250000 0.654920
vt 0.250000 0.750000
vt 0.305504 0.750000
vt 0.354092 0.734595
vt 0.375000 0.697398
vt 0.375000 0.654920
vt 0.375000 0.250000
vt 0.375000 0.375000
vt 0.499966 0.375000
vt 0.499966 0.250000
vt 0.375000 0.500000
vt 0.375000 0.500000
vt 0.250000 0.500000
vt 0.250000 0.500000
vt 0.499966 0.930309
vt 0.499966 0.919702
vt 0.499966 0.875000
vt 0.499966 0.875000
vt 0.499966 0.687416
vt 0.499966 0.654920
vt 0.375000 0.819496
vt 0.375000 0.875000
vt 0.499966 0.819691
vt 0.375000 0.250000
vt 0.375000 0.190160
vt 0.375000 0.250000
vt 0.499966 0.190160
vt 0.375000 0.500000
vt 0.499966 0.500000
vt 0.499966 0.500000
vt 0.250000 0.500000
vt 0.125000 0.500000
vt 0.125000 0.500000
vt 0.499966 0.500000
vt 0.125000 0.500000
vt 0.375000 0.095080
vt 0.499966 0.095080
vt 0.375000 0.559840
vt 0.499966 0.559840
vt 0.250000 0.559840
vt 0.125000 0.559840
vt 0.125000 0.654920
vt 0.375000 0.930504
vt 0.375000 0.052602
vt 0.499966 0.062584
vt 0.499966 0.677430
vt 0.499966 0.654920
vt 0.499966 0.500000
vt 0.499966 0.375000
vt 0.499966 0.559840
vt 0.499966 0.919926
vt 0.499966 0.875000
vt 0.499966 0.250000
vt 0.499966 0.190160
vt 0.499966 0.095080
vt 0.499966 0.072570
vt 0.499966 0.830298
vt 0.499966 0.830074
vt 0.499966 0.654920
vt 0.499966 0.559840
vt 0.499966 0.500000
vt 0.499966 0.375000
vt 0.499966 0.677636
vt 0.499966 0.190160
vt 0.499966 0.095080
vt 0.499966 0.250000
vt 0.499966 0.072364
vt 0.499553 0.750000
vt 0.380428 0.750000
vt 0.380428 1.000000
vt 0.499139 1.000000
vt 0.380428 0.000000
vt 0.499139 0.000000
vt 0.499966 1.000000
vt 0.499966 1.000000
vt 0.499966 0.000000
vt 0.499966 0.000000
vt 0.499966 0.750000
vt 0.499966 0.750000
vt 0.499966 1.000000
vt 0.499966 0.000000
vt 0.125000 0.697398
vt 0.145908 0.734595
vt 0.194496 0.750000
vn -0.6868 0.7229 -0.0757
vn 0.0006 0.9972 -0.0750
vn -0.0006 0.9590 -0.2833
vn -0.6424 0.7152 -0.2752
vn 0.0000 -0.9999 -0.0112
vn 0.6840 -0.7273 -0.0566
vn 0.7578 -0.6493 0.0640
vn 0.5964 -0.5652 0.5699
vn 0.1542 -0.5891 0.7932
vn 0.0000 -0.6387 0.7694
vn -0.5281 -0.5933 -0.6075
vn -0.5618 0.4038 -0.7220
vn 0.0000 0.4423 -0.8969
vn 0.0000 -0.6373 -0.7706
vn 0.7704 -0.6358 0.0478
vn 0.0000 -0.9999 0.0101
vn 0.0000 -0.9996 -0.0270
vn 0.7740 -0.6029 -0.1935
vn -0.1637 0.8188 0.5502
vn 0.0000 0.8418 0.5399
vn 0.0000 0.6301 -0.7765
vn 0.0914 0.6796 -0.7279
vn 0.7728 0.5961 -0.2178
vn 0.7850 0.6016 -0.1475
vn 0.1637 0.8188 0.5502
vn -0.7822 -0.5953 -0.1839
vn -0.6872 -0.7249 0.0476
vn -0.5569 0.8255 -0.0920
vn -0.7813 -0.6235 0.0289
vn 0.5618 0.4038 -0.7220
vn 0.5281 -0.5933 -0.6075
vn 0.6409 0.7123 -0.2861
vn 0.7012 0.7123 0.0288
vn -0.6840 -0.7273 -0.0566
vn -0.8161 0.5681 -0.1055
vn 0.7593 0.6479 0.0612
vn 0.6799 -0.7294 0.0754
vn 0.0000 -0.9998 0.0211
vn -0.1542 -0.5891 0.7932
vn -0.7578 -0.6493 0.0640
vn -0.7850 0.6016 -0.1475
vn -0.7095 0.7001 -0.0807
vn -0.5545 0.7396 -0.3814
vn 0.0000 0.7627 0.6467
vn -0.2186 0.9373 0.2714
vn -0.6958 0.7099 -0.1088
vn 0.0000 0.0000 -1.0000
vn 0.1939 -0.0008 -0.9810
vn 0.6765 0.7361 0.0222
vn 0.5310 0.8408 0.1053
vn 0.5545 0.7396 -0.3814
vn 0.7750 0.6247 0.0955
vn -0.0914 0.6796 -0.7279
vn -0.1939 -0.0008 -0.9810
vn -0.9924 -0.0661 -0.1036
vn -0.9977 0.0000 0.0673
vn -0.8303 -0.0987 0.5484
vn 0.0000 0.0167 0.9999
vn -0.9999 -0.0006 -0.0142
vn 0.9967 0.0000 0.0814
vn 0.9977 -0.0678 -0.0034
vn 0.6358 -0.0711 0.7686
vn 0.9999 -0.0006 -0.0142
vn 0.6061 0.7196 0.3388
vn -0.6061 0.7196 0.3388
vn -0.5964 -0.5652 0.5699
vn 0.2783 0.7438 -0.6077
vn -0.2783 0.7438 -0.6077
vn -0.7813 -0.0017 -0.6242
vn 0.7813 -0.0017 -0.6242
vn 0.6868 0.7229 -0.0757
vn 0.6424 0.7152 -0.2752
vn 0.0006 0.9590 -0.2833
vn -0.0006 0.9972 -0.0750
vn -0.7704 -0.6358 0.0478
vn -0.7740 -0.6029 -0.1935
vn -0.7728 0.5961 -0.2178
vn 0.7822 -0.5953 -0.1839
vn 0.6872 -0.7249 0.0476
vn 0.7813 -0.6235 0.0289
vn 0.5569 0.8255 -0.0920
vn -0.6409 0.7123 -0.2861
vn -0.7012 0.7123 0.0288
vn 0.8161 0.5681 -0.1055
vn -0.6799 -0.7294 0.0754
vn -0.7593 0.6479 0.0612
vn 0.7095 0.7001 -0.0807
vn 0.2186 0.9373 0.2714
vn 0.6958 0.7099 -0.1088
vn -0.5310 0.8408 0.1053
vn -0.6765 0.7361 0.0222
vn -0.7750 0.6247 0.0955
vn 0.9977 0.0000 0.0673
vn 0.9924 -0.0661 -0.1036
vn 0.8303 -0.0987 0.5484
vn -0.9977 -0.0678 -0.0034
vn -0.9967 0.0000 0.0814
vn -0.6358 -0.0711 0.7686
usemtl None
s 1
f 1214/1412/1189 1210/1413/1190 1227/1414/1191 1220/1415/1192
f 1237/1416/1193 1234/1417/1194 1257/1418/1195 1259/1419/1196 1258/1420/1197 1225/1421/1198
f 1217/1422/1199 1216/1423/1200 1231/1424/1201 1208/1425/1202
f 1212/1426/1203 1233/1427/1204 1213/1428/1205 1222/1429/1206
f 1260/1430/1207 1211/1431/1208 1239/1432/1209 1266/1433/1210
f 1234/1417/1194 1232/1434/1211 1263/1435/1212 1257/1418/1195
f 1258/1436/1197 1264/1437/1213 1211/1431/1208 1225/1438/1198
f 1221/1439/1214 1220/1415/1192 1216/1423/1200 1217/1422/1199
f 1224/1440/1215 1229/1441/1216 1214/1412/1189 1209/1442/1217
f 1208/1425/1202 1231/1424/1201 1219/1443/1218 1218/1444/1219
f 1223/1445/1220 1222/1429/1206 1218/1444/1219 1219/1443/1218
f 1213/1428/1205 1221/1446/1214 1217/1447/1199 1208/1448/1202
f 1227/1414/1191 1223/1445/1220 1219/1443/1218 1231/1424/1201
f 1210/1413/1190 1215/1449/1221 1223/1445/1220 1227/1414/1191
f 1233/1427/1204 1209/1450/1217 1221/1446/1214 1213/1428/1205
f 1215/1449/1221 1212/1426/1203 1222/1429/1206 1223/1445/1220
f 1209/1442/1217 1214/1412/1189 1220/1415/1192 1221/1439/1214
f 1230/1451/1222 1235/1452/1223 1229/1441/1216 1224/1440/1215
f 1212/1426/1203 1215/1449/1221 1228/1453/1224 1226/1454/1225
f 1233/1427/1204 1212/1426/1203 1226/1454/1225 1236/1455/1226
f 1222/1429/1206 1213/1428/1205 1208/1448/1202 1218/1444/1219
f 1209/1450/1217 1233/1427/1204 1236/1455/1226 1224/1456/1215
f 1224/1456/1215 1236/1455/1226 1237/1416/1193 1230/1457/1222
f 1225/1438/1198 1211/1431/1208 1260/1430/1207 1254/1458/1227
f 1226/1454/1225 1228/1453/1224 1232/1434/1211 1234/1417/1194
f 1236/1455/1226 1226/1454/1225 1234/1417/1194 1237/1416/1193
f 1220/1415/1192 1227/1414/1191 1231/1424/1201 1216/1423/1200
f 1255/1459/1228 1261/1460/1229 1235/1452/1223 1230/1451/1222
f 1263/1435/1212 1232/1434/1211 1244/1461/1230 1269/1462/1231
f 1215/1449/1221 1210/1413/1190 1238/1463/1232 1241/1464/1233
f 1232/1434/1211 1228/1453/1224 1242/1465/1234 1244/1461/1230
f 1266/1433/1210 1239/1432/1209 1247/1466/1235 1273/1467/1236
f 1214/1412/1189 1229/1441/1216 1243/1468/1237 1240/1469/1238
f 1235/1452/1223 1261/1460/1229 1267/1470/1239 1245/1471/1240
f 1228/1453/1224 1215/1449/1221 1241/1464/1233 1242/1465/1234
f 1210/1413/1190 1214/1412/1189 1240/1469/1238 1238/1463/1232
f 1211/1431/1208 1264/1437/1213 1270/1472/1241 1239/1432/1209
f 1229/1441/1216 1235/1452/1223 1245/1471/1240 1243/1468/1237
f 1239/1432/1209 1270/1472/1241 1275/1473/1242 1247/1466/1235
f 1244/1461/1230 1242/1465/1234 1250/1474/1243 1252/1475/1244
f 1242/1465/1234 1241/1464/1233 1249/1476/1245 1250/1474/1243
f 1241/1464/1233 1238/1463/1232 1246/1477/1246 1249/1476/1245
f 1269/1462/1231 1244/1461/1230 1252/1475/1244 1276/1478/1247
f 1243/1468/1237 1245/1471/1240 1253/1479/1248 1251/1480/1249
f 1240/1469/1238 1243/1468/1237 1251/1480/1249 1248/1481/1250
f 1245/1471/1240 1267/1470/1239 1272/1482/1251 1253/1479/1248
f 1238/1463/1232 1240/1469/1238 1248/1481/1250 1246/1477/1246
f 1264/1437/1213 1258/1436/1197 1259/1483/1196 1265/1484/1252
f 1265/1484/1252 1259/1483/1196 1257/1418/1195 1263/1435/1212
f 1254/1458/1227 1260/1430/1207 1262/1485/1253 1256/1486/1254
f 1256/1487/1254 1262/1488/1253 1261/1460/1229 1255/1459/1228
f 1260/1430/1207 1266/1433/1210 1268/1489/1255 1262/1490/1253
f 1262/1491/1253 1268/1492/1255 1267/1470/1239 1261/1460/1229
f 1263/1435/1212 1269/1462/1231 1271/1493/1256 1265/1484/1252
f 1265/1484/1252 1271/1493/1256 1270/1472/1241 1264/1437/1213
f 1275/1473/1242 1270/1472/1241 1271/1493/1256 1277/1494/1257
f 1277/1494/1257 1271/1493/1256 1269/1462/1231 1276/1478/1247
f 1266/1433/1210 1273/1467/1236 1274/1495/1258 1268/1489/1255
f 1268/1492/1255 1274/1496/1258 1272/1482/1251 1267/1470/1239
f 1230/1457/1222 1237/1416/1193 1225/1421/1198 1254/1497/1227 1256/1498/1254 1255/1499/1228
f 1284/1500/1259 1290/1501/1260 1297/1502/1261 1280/1503/1262
f 1307/1504/1193 1295/1505/1198 1328/1506/1227 1329/1507/1254 1327/1508/1228 1304/1509/1222
f 1287/1510/1219 1278/1511/1202 1301/1512/1201 1286/1513/1218
f 1282/1514/1263 1292/1515/1264 1283/1516/1205 1303/1517/1204
f 1330/1518/1213 1336/1519/1241 1309/1520/1209 1281/1521/1208
f 1304/1509/1222 1327/1508/1228 1333/1522/1229 1302/1523/1265
f 1328/1524/1227 1295/1525/1198 1281/1521/1208 1334/1526/1207
f 1291/1527/1266 1287/1510/1219 1286/1513/1218 1290/1501/1260
f 1294/1528/1267 1279/1529/1268 1284/1500/1259 1299/1530/1269
f 1278/1511/1202 1288/1531/1199 1289/1532/1200 1301/1512/1201
f 1293/1533/1270 1289/1532/1200 1288/1531/1199 1292/1515/1264
f 1283/1516/1205 1278/1534/1202 1287/1535/1219 1291/1536/1266
f 1297/1502/1261 1301/1512/1201 1289/1532/1200 1293/1533/1270
f 1280/1503/1262 1297/1502/1261 1293/1533/1270 1285/1537/1271
f 1303/1517/1204 1283/1516/1205 1291/1536/1266 1279/1538/1268
f 1285/1537/1271 1293/1533/1270 1292/1515/1264 1282/1514/1263
f 1279/1529/1268 1291/1527/1266 1290/1501/1260 1284/1500/1259
f 1300/1539/1194 1294/1528/1267 1299/1530/1269 1305/1540/1272
f 1282/1514/1263 1296/1541/1273 1298/1542/1274 1285/1537/1271
f 1303/1517/1204 1306/1543/1226 1296/1541/1273 1282/1514/1263
f 1292/1515/1264 1288/1531/1199 1278/1534/1202 1283/1516/1205
f 1279/1538/1268 1294/1544/1267 1306/1543/1226 1303/1517/1204
f 1294/1544/1267 1300/1545/1194 1307/1504/1193 1306/1543/1226
f 1295/1525/1198 1324/1546/1197 1330/1518/1213 1281/1521/1208
f 1296/1541/1273 1304/1509/1222 1302/1523/1265 1298/1542/1274
f 1306/1543/1226 1307/1504/1193 1304/1509/1222 1296/1541/1273
f 1290/1501/1260 1286/1513/1218 1301/1512/1201 1297/1502/1261
f 1325/1547/1195 1300/1539/1194 1305/1540/1272 1331/1548/1212
f 1333/1522/1229 1339/1549/1239 1314/1550/1275 1302/1523/1265
f 1285/1537/1271 1311/1551/1276 1308/1552/1232 1280/1503/1262
f 1302/1523/1265 1314/1550/1275 1312/1553/1277 1298/1542/1274
f 1336/1519/1241 1343/1554/1242 1317/1555/1235 1309/1520/1209
f 1284/1500/1259 1310/1556/1278 1313/1557/1279 1299/1530/1269
f 1305/1540/1272 1315/1558/1280 1337/1559/1231 1331/1548/1212
f 1298/1542/1274 1312/1553/1277 1311/1551/1276 1285/1537/1271
f 1280/1503/1262 1308/1552/1232 1310/1556/1278 1284/1500/1259
f 1281/1521/1208 1309/1520/1209 1340/1560/1210 1334/1526/1207
f 1299/1530/1269 1313/1557/1279 1315/1558/1280 1305/1540/1272
f 1309/1520/1209 1317/1555/1235 1345/1561/1236 1340/1560/1210
f 1314/1550/1275 1322/1562/1281 1320/1563/1282 1312/1553/1277
f 1312/1553/1277 1320/1563/1282 1319/1564/1283 1311/1551/1276
f 1311/1551/1276 1319/1564/1283 1316/1565/1246 1308/1552/1232
f 1339/1549/1239 1346/1566/1251 1322/1562/1281 1314/1550/1275
f 1313/1557/1279 1321/1567/1284 1323/1568/1285 1315/1558/1280
f 1310/1556/1278 1318/1569/1286 1321/1567/1284 1313/1557/1279
f 1315/1558/1280 1323/1568/1285 1342/1570/1247 1337/1559/1231
f 1308/1552/1232 1316/1565/1246 1318/1569/1286 1310/1556/1278
f 1334/1526/1207 1335/1571/1253 1329/1572/1254 1328/1524/1227
f 1335/1571/1253 1333/1522/1229 1327/1508/1228 1329/1572/1254
f 1324/1546/1197 1326/1573/1196 1332/1574/1252 1330/1518/1213
f 1326/1575/1196 1325/1547/1195 1331/1548/1212 1332/1576/1252
f 1330/1518/1213 1332/1577/1252 1338/1578/1256 1336/1519/1241
f 1332/1579/1252 1331/1548/1212 1337/1559/1231 1338/1580/1256
f 1333/1522/1229 1335/1571/1253 1341/1581/1255 1339/1549/1239
f 1335/1571/1253 1334/1526/1207 1340/1560/1210 1341/1581/1255
f 1345/1561/1236 1347/1582/1258 1341/1581/1255 1340/1560/1210
f 1347/1582/1258 1346/1566/1251 1339/1549/1239 1341/1581/1255
f 1336/1519/1241 1338/1578/1256 1344/1583/1257 1343/1554/1242
f 1338/1580/1256 1337/1559/1231 1342/1570/1247 1344/1584/1257
f 1300/1545/1194 1325/1585/1195 1326/1586/1196 1324/1587/1197 1295/1505/1198 1307/1504/1193
g Cube.021_Cube.028
v -1.146203 0.248659 2.240425
v -1.146203 0.831344 2.240425
v -1.146203 0.248659 1.398148
v -1.146203 0.831344 1.398148
v -0.336307 0.248659 2.240425
v -0.336307 0.831344 2.240426
v -0.336307 0.248659 1.398148
v -0.336307 0.831344 1.398148
v -0.741255 0.248659 1.303499
v -0.741255 0.831344 1.303499
v -0.741255 0.248659 2.335074
v -0.741255 0.831344 2.335074
v -1.237213 0.248659 1.819287
v -1.237213 0.831344 1.819287
v -0.245297 0.248659 1.819287
v -0.245297 0.831344 1.819287
v -0.741255 0.831344 1.819287
v -0.741255 0.248659 1.819287
v 1.146203 0.248659 2.240425
v 1.146203 0.831344 2.240425
v 1.146203 0.248659 1.398148
v 1.146203 0.831344 1.398148
v 0.336307 0.248659 2.240425
v 0.336307 0.831344 2.240425
v 0.336307 0.248659 1.398148
v 0.336307 0.831344 1.398148
v 0.741255 0.248659 1.303499
v 0.741255 0.831344 1.303499
v 0.741255 0.248659 2.335074
v 0.741255 0.831344 2.335074
v 1.237213 0.248659 1.819287
v 1.237213 0.831344 1.819287
v 0.245297 0.248659 1.819287
v 0.245297 0.831344 1.819287
v 0.741255 0.831344 1.819287
v 0.741255 0.248659 1.819287
vt 0.375000 0.125000
vt 0.625000 0.125000
vt 0.625000 0.250000
vt 0.375000 0.250000
vt 0.375000 0.375000
vt 0.625000 0.375000
vt 0.625000 0.500000
vt 0.375000 0.500000
vt 0.375000 0.625000
vt 0.625000 0.625000
vt 0.625000 0.750000
vt 0.375000 0.750000
vt 0.375000 0.875000
vt 0.625000 0.875000
vt 0.625000 1.000000
vt 0.375000 1.000000
vt 0.250000 0.625000
vt 0.250000 0.750000
vt 0.750000 0.625000
vt 0.875000 0.625000
vt 0.875000 0.750000
vt 0.750000 0.750000
vt 0.125000 0.625000
vt 0.125000 0.750000
vt 0.125000 0.500000
vt 0.250000 0.500000
vt 0.750000 0.500000
vt 0.875000 0.500000
vt 0.375000 0.000000
vt 0.625000 0.000000
vt 0.375000 0.125000
vt 0.375000 0.250000
vt 0.625000 0.250000
vt 0.625000 0.125000
vt 0.375000 0.375000
vt 0.375000 0.500000
vt 0.625000 0.500000
vt 0.625000 0.375000
vt 0.375000 0.625000
vt 0.375000 0.750000
vt 0.625000 0.750000
vt 0.625000 0.625000
vt 0.375000 0.875000
vt 0.375000 1.000000
vt 0.625000 1.000000
vt 0.625000 0.875000
vt 0.250000 0.625000
vt 0.250000 0.750000
vt 0.750000 0.625000
vt 0.750000 0.750000
vt 0.875000 0.750000
vt 0.875000 0.625000
vt 0.125000 0.625000
vt 0.125000 0.750000
vt 0.125000 0.500000
vt 0.250000 0.500000
vt 0.750000 0.500000
vt 0.875000 0.500000
vt 0.375000 0.000000
vt 0.625000 0.000000
vn -0.7491 -0.6625 -0.0000
vn -0.7491 0.6625 -0.0000
vn -0.5681 0.6043 -0.5587
vn -0.5681 -0.6043 -0.5587
vn -0.0000 -0.6593 -0.7519
vn -0.0000 0.6593 -0.7519
vn 0.5681 0.6043 -0.5587
vn 0.5681 -0.6043 -0.5587
vn 0.7491 -0.6625 -0.0000
vn 0.7491 0.6625 -0.0000
vn 0.5681 0.6043 0.5587
vn 0.5681 -0.6043 0.5587
vn -0.0000 -0.6593 0.7519
vn -0.0000 0.6593 0.7519
vn -0.5681 0.6043 0.5587
vn -0.5681 -0.6043 0.5587
vn 0.0000 -1.0000 0.0000
vn 0.0000 1.0000 -0.0000
usemtl None
s 1
f 1360/1588/1287 1361/1589/1288 1351/1590/1289 1350/1591/1290
f 1356/1592/1291 1357/1593/1292 1355/1594/1293 1354/1595/1294
f 1362/1596/1295 1363/1597/1296 1353/1598/1297 1352/1599/1298
f 1358/1600/1299 1359/1601/1300 1349/1602/1301 1348/1603/1302
f 1365/1604/1303 1362/1596/1295 1352/1599/1298 1358/1605/1299
f 1364/1606/1304 1361/1607/1288 1349/1608/1301 1359/1609/1300
f 1363/1597/1296 1364/1606/1304 1359/1609/1300 1353/1598/1297
f 1360/1610/1287 1365/1604/1303 1358/1605/1299 1348/1611/1302
f 1352/1599/1298 1353/1598/1297 1359/1601/1300 1358/1600/1299
f 1350/1591/1290 1351/1590/1289 1357/1593/1292 1356/1592/1291
f 1350/1612/1290 1356/1613/1291 1365/1604/1303 1360/1610/1287
f 1355/1594/1293 1357/1614/1292 1364/1606/1304 1363/1597/1296
f 1357/1614/1292 1351/1615/1289 1361/1607/1288 1364/1606/1304
f 1356/1613/1291 1354/1595/1294 1362/1596/1295 1365/1604/1303
f 1354/1595/1294 1355/1594/1293 1363/1597/1296 1362/1596/1295
f 1348/1616/1302 1349/1617/1301 1361/1589/1288 1360/1588/1287
f 1378/1618/1295 1368/1619/1294 1369/1620/1293 1379/1621/1296
f 1374/1622/1291 1372/1623/1290 1373/1624/1289 1375/1625/1292
f 1380/1626/1287 1370/1627/1302 1371/1628/1301 1381/1629/1288
f 1376/1630/1299 1366/1631/1298 1367/1632/1297 1377/1633/1300
f 1383/1634/1303 1376/1635/1299 1370/1627/1302 1380/1626/1287
f 1382/1636/1304 1377/1637/1300 1367/1638/1297 1379/1639/1296
f 1381/1629/1288 1371/1628/1301 1377/1637/1300 1382/1636/1304
f 1378/1640/1295 1366/1641/1298 1376/1635/1299 1383/1634/1303
f 1370/1627/1302 1376/1630/1299 1377/1633/1300 1371/1628/1301
f 1368/1619/1294 1374/1622/1291 1375/1625/1292 1369/1620/1293
f 1368/1642/1294 1378/1640/1295 1383/1634/1303 1374/1643/1291
f 1373/1624/1289 1381/1629/1288 1382/1636/1304 1375/1644/1292
f 1375/1644/1292 1382/1636/1304 1379/1639/1296 1369/1645/1293
f 1374/1643/1291 1383/1634/1303 1380/1626/1287 1372/1623/1290
f 1372/1623/1290 1380/1626/1287 1381/1629/1288 1373/1624/1289
f 1366/1646/1298 1378/1618/1295 1379/1621/1296 1367/1647/1297
g Cube.023_Cube.030
v -3.019184 5.883457 2.486743
v -1.637352 6.744063 1.740644
v -2.053633 8.162037 1.798558
v -1.846806 7.457525 2.560156
v -1.671956 6.861936 2.367718
v -2.005122 7.996793 2.342993
v -2.183773 6.106168 1.754397
v -3.062632 6.767425 1.797499
v -2.625976 6.438883 2.364307
v -2.256830 6.161137 2.221087
v -2.960213 6.690365 2.202686
v -3.401852 4.794175 1.768316
v -3.945650 5.203331 1.794985
v -3.675467 5.000044 2.145700
v -3.447057 4.828187 2.057082
v -3.882278 5.155650 2.045696
v -3.426159 6.189668 2.289950
v -2.569703 5.545267 2.312355
v -2.480747 5.478335 1.744102
v -3.550867 6.283498 1.796584
v -1.863108 6.348932 1.740122
v -1.924840 6.448038 2.367276
v -2.236763 6.948801 2.559739
v -2.605730 7.541144 1.798043
v -2.519188 7.402210 2.342548
v -1.532691 6.823434 2.412083
v -1.582773 8.097378 2.385432
v -1.535069 6.883946 1.222025
v -1.583011 8.103427 1.203596
v -1.527489 6.691115 1.736140
v -1.590065 8.282874 1.798567
v -1.558974 7.492018 2.619520
v -1.559767 7.512181 1.010208
v -1.637352 6.744063 1.740644
v -1.846806 7.457525 2.560156
v -1.852079 7.475487 1.067198
v -1.671956 6.861936 2.367718
v -2.005122 7.996793 2.342993
v -2.006704 8.002182 1.246604
v -1.687781 6.915841 1.263700
v -2.183773 6.106168 1.754397
v -2.637108 6.447259 1.253195
v -2.963553 6.692878 1.386715
v -2.290241 6.186275 1.399439
v -3.401852 4.794175 1.768316
v -3.682355 5.005227 1.458195
v -3.884344 5.157205 1.540811
v -3.467730 4.843742 1.548684
v -3.032739 5.893657 1.133826
v -2.610384 5.575875 1.311897
v -2.480747 5.478335 1.744102
v -3.430226 6.192728 1.296404
v -1.953072 6.493361 1.263116
v -1.863108 6.348932 1.740122
v -2.522010 7.406740 1.246018
v -2.246169 6.963902 1.066588
v 3.019184 5.883457 2.486743
v 1.637352 6.744063 1.740644
v 2.053633 8.162037 1.798558
v 1.846806 7.457525 2.560156
v 1.671956 6.861936 2.367718
v 2.005122 7.996793 2.342993
v 2.183773 6.106168 1.754397
v 3.062632 6.767425 1.797499
v 2.625976 6.438883 2.364307
v 2.256830 6.161137 2.221087
v 2.960213 6.690365 2.202686
v 3.401852 4.794175 1.768316
v 3.945650 5.203331 1.794985
v 3.675467 5.000044 2.145700
v 3.447057 4.828187 2.057082
v 3.882278 5.155650 2.045696
v 3.426159 6.189668 2.289950
v 2.569703 5.545267 2.312355
v 2.480747 5.478335 1.744102
v 3.550867 6.283498 1.796584
v 1.863108 6.348932 1.740122
v 1.924840 6.448038 2.367276
v 2.236763 6.948801 2.559739
v 2.605730 7.541144 1.798043
v 2.519188 7.402210 2.342548
v 1.532691 6.823434 2.412083
v 1.582773 8.097378 2.385432
v 1.535069 6.883946 1.222025
v 1.583011 8.103427 1.203596
v 1.527489 6.691115 1.736140
v 1.590065 8.282874 1.798567
v 1.558974 7.492018 2.619520
v 1.559767 7.512181 1.010208
v 1.637352 6.744063 1.740644
v 1.846806 7.457525 2.560156
v 1.852079 7.475487 1.067198
v 1.671956 6.861936 2.367718
v 2.005122 7.996793 2.342993
v 2.006704 8.002182 1.246604
v 1.687781 6.915841 1.263700
v 2.183773 6.106168 1.754397
v 2.637108 6.447259 1.253195
v 2.963553 6.692878 1.386715
v 2.290241 6.186275 1.399439
v 3.401852 4.794175 1.768316
v 3.682355 5.005227 1.458195
v 3.884344 5.157205 1.540811
v 3.467730 4.843742 1.548684
v 3.032739 5.893657 1.133826
v 2.610384 5.575875 1.311897
v 2.480747 5.478335 1.744102
v 3.430226 6.192728 1.296404
v 1.953072 6.493361 1.263116
v 1.863108 6.348932 1.740122
v 2.522010 7.406740 1.246018
v 2.246169 6.963902 1.066588
vt 0.434310 0.127365
vt 0.424832 0.051689
vt 0.424832 0.051689
vt 0.434310 0.127365
vt 0.500117 0.050123
vt 0.500117 0.050123
vt 0.424832 0.051689
vt 0.500117 0.050123
vt 0.500117 0.050123
vt 0.424832 0.051689
vt 0.543615 0.067149
vt 0.543615 0.067149
vt 0.543615 0.067149
vt 0.574383 0.127744
vt 0.574383 0.127744
vt 0.543615 0.067149
vt 0.434310 0.127365
vt 0.434310 0.127365
vt 0.574383 0.127744
vt 0.574383 0.127744
vt 0.500117 0.050123
vt 0.543615 0.067149
vt 0.574383 0.127744
vt 0.424832 0.051689
vt 0.434310 0.127365
vt 0.424832 0.051689
vt 0.500117 0.050123
vt 0.500117 0.050123
vt 0.424832 0.051689
vt 0.480354 0.189736
vt 0.432458 0.199845
vt 0.432458 0.199845
vt 0.480354 0.189736
vt 0.543615 0.067149
vt 0.574383 0.127744
vt 0.543615 0.067149
vt 0.434310 0.127365
vt 0.434310 0.127365
vt 0.572803 0.168151
vt 0.572803 0.168151
vt 0.432457 0.199845
vt 0.434310 0.127365
vt 0.434310 0.127365
vt 0.432458 0.199845
vt 0.572803 0.168151
vt 0.572803 0.168151
vt 0.432457 0.199845
vt 0.434310 0.127365
vt 0.434310 0.127365
vt 0.432458 0.199845
vt 0.480354 0.189736
vt 0.480354 0.189736
vt 0.480354 0.189736
vt 0.480354 0.189736
vt 0.572803 0.168151
vt 0.572803 0.168151
vt 0.434310 0.127365
vt 0.434310 0.127365
vt 0.424832 0.051689
vt 0.424832 0.051689
vt 0.500117 0.050123
vt 0.500117 0.050123
vt 0.424832 0.051689
vt 0.424832 0.051689
vt 0.500117 0.050123
vt 0.500117 0.050123
vt 0.543615 0.067149
vt 0.543615 0.067149
vt 0.543615 0.067149
vt 0.543615 0.067149
vt 0.574383 0.127744
vt 0.574383 0.127744
vt 0.434310 0.127365
vt 0.434310 0.127365
vt 0.574383 0.127744
vt 0.574383 0.127744
vt 0.500117 0.050123
vt 0.543615 0.067149
vt 0.574383 0.127744
vt 0.424832 0.051689
vt 0.434310 0.127365
vt 0.424832 0.051689
vt 0.424832 0.051689
vt 0.500117 0.050123
vt 0.500117 0.050123
vt 0.480354 0.189736
vt 0.480354 0.189736
vt 0.432458 0.199845
vt 0.432458 0.199845
vt 0.543615 0.067149
vt 0.543615 0.067149
vt 0.574383 0.127744
vt 0.434310 0.127365
vt 0.434310 0.127365
vt 0.572803 0.168151
vt 0.572803 0.168151
vt 0.432457 0.199845
vt 0.432458 0.199845
vt 0.434310 0.127365
vt 0.434310 0.127365
vt 0.572803 0.168151
vt 0.572803 0.168151
vt 0.432457 0.199845
vt 0.432458 0.199845
vt 0.434310 0.127365
vt 0.434310 0.127365
vt 0.480354 0.189736
vt 0.480354 0.189736
vt 0.480354 0.189736
vt 0.480354 0.189736
vt 0.572803 0.168151
vt 0.572803 0.168151
vn 0.7339 -0.6572 0.1714
vn 0.5056 -0.5604 0.6560
vn 0.5542 -0.5023 0.6638
vn 0.7607 -0.6204 0.1912
vn -0.1182 -0.0697 0.9905
vn -0.0908 -0.0039 0.9959
vn 0.5647 -0.4871 0.6662
vn -0.0594 -0.0289 0.9978
vn -0.2047 -0.2164 0.9546
vn 0.3726 -0.6805 0.6309
vn -0.6213 0.3799 0.6853
vn -0.7390 0.1721 0.6513
vn -0.6384 0.4084 0.6524
vn -0.8095 0.5871 0.0059
vn -0.7928 0.6094 0.0066
vn -0.6093 0.4425 0.6580
vn 0.7602 -0.6206 0.1921
vn 0.5891 -0.7866 0.1849
vn -0.8403 0.5421 0.0063
vn -0.9392 0.3433 0.0064
vn -0.1376 0.1236 0.9827
vn -0.6272 0.5422 0.5591
vn -0.5152 0.8571 0.0062
vn 0.5818 -0.3661 0.7263
vn 0.8505 -0.5034 0.1524
vn -0.3352 -0.7049 0.6252
vn -0.2225 0.0190 0.9748
vn -0.2215 0.0376 0.9744
vn -0.3318 -0.6906 0.6427
vn -0.2027 -0.0153 -0.9791
vn -0.2963 -0.6764 -0.6743
vn 0.1449 -0.5635 -0.8133
vn -0.1515 0.0442 -0.9875
vn -0.2449 0.7073 0.6632
vn -0.2565 0.9665 0.0063
vn -0.2455 0.7147 0.6549
vn -0.3624 -0.9292 -0.0727
vn 0.0621 -0.9804 -0.1868
vn -0.6261 0.3999 -0.6694
vn -0.5976 0.4355 -0.6733
vn 0.4837 -0.5278 -0.6982
vn 0.6925 -0.6475 -0.3181
vn 0.7237 -0.5946 -0.3502
vn 0.5160 -0.4641 -0.7200
vn -0.2444 0.6954 -0.6758
vn -0.4305 0.6406 -0.6358
vn 0.5302 -0.4556 -0.7150
vn 0.7243 -0.5934 -0.3512
vn 0.5554 -0.7598 -0.3381
vn 0.3511 -0.6340 -0.6890
vn -0.0280 -0.0464 -0.9985
vn -0.1640 -0.2303 -0.9592
vn -0.0822 -0.0898 -0.9926
vn -0.0514 -0.0254 -0.9984
vn -0.6100 0.3734 -0.6989
vn -0.7279 0.1619 -0.6663
vn -0.7339 -0.6572 0.1714
vn -0.7607 -0.6204 0.1912
vn -0.5542 -0.5023 0.6638
vn -0.5056 -0.5604 0.6560
vn 0.0908 -0.0039 0.9959
vn 0.1182 -0.0697 0.9905
vn -0.5647 -0.4871 0.6662
vn -0.3726 -0.6805 0.6309
vn 0.2047 -0.2164 0.9546
vn 0.0594 -0.0289 0.9978
vn 0.7390 0.1721 0.6513
vn 0.6213 0.3799 0.6853
vn 0.6384 0.4084 0.6524
vn 0.6093 0.4425 0.6580
vn 0.7928 0.6094 0.0066
vn 0.8095 0.5871 0.0059
vn -0.7602 -0.6206 0.1921
vn -0.5891 -0.7866 0.1849
vn 0.9392 0.3433 0.0064
vn 0.8403 0.5421 0.0063
vn 0.1376 0.1236 0.9827
vn 0.6272 0.5422 0.5591
vn 0.5152 0.8571 0.0062
vn -0.5818 -0.3661 0.7263
vn -0.8505 -0.5034 0.1524
vn 0.3352 -0.7049 0.6252
vn 0.3318 -0.6906 0.6427
vn 0.2215 0.0376 0.9744
vn 0.2225 0.0190 0.9748
vn 0.2027 -0.0153 -0.9791
vn 0.1515 0.0442 -0.9875
vn -0.1449 -0.5635 -0.8133
vn 0.2963 -0.6764 -0.6743
vn 0.2449 0.7073 0.6632
vn 0.2455 0.7147 0.6549
vn 0.2565 0.9665 0.0063
vn 0.3624 -0.9292 -0.0727
vn -0.0621 -0.9804 -0.1868
vn 0.5976 0.4355 -0.6733
vn 0.6261 0.3999 -0.6694
vn -0.4837 -0.5278 -0.6982
vn -0.5160 -0.4641 -0.7200
vn -0.7237 -0.5946 -0.3502
vn -0.6925 -0.6475 -0.3181
vn 0.2444 0.6954 -0.6758
vn 0.4305 0.6406 -0.6358
vn -0.5302 -0.4556 -0.7150
vn -0.3511 -0.6340 -0.6890
vn -0.5554 -0.7598 -0.3381
vn -0.7243 -0.5934 -0.3512
vn 0.0280 -0.0464 -0.9985
vn 0.1640 -0.2303 -0.9592
vn 0.0514 -0.0254 -0.9984
vn 0.0822 -0.0898 -0.9926
vn 0.7279 0.1619 -0.6663
vn 0.6100 0.3734 -0.6989
usemtl None
s 1
f 1404/1648/1305 1405/1649/1306 1393/1650/1307 1390/1651/1308
f 1405/1649/1306 1406/1652/1309 1392/1653/1310 1393/1650/1307
f 1401/1654/1311 1384/1655/1312 1397/1656/1313 1398/1657/1314
f 1384/1655/1312 1400/1658/1315 1399/1659/1316 1397/1656/1313
f 1408/1660/1317 1407/1661/1318 1391/1662/1319 1394/1663/1320
f 1406/1652/1309 1408/1660/1317 1394/1663/1320 1392/1653/1310
f 1402/1664/1321 1401/1654/1311 1398/1657/1314 1395/1665/1322
f 1400/1658/1315 1403/1666/1323 1396/1667/1324 1399/1659/1316
f 1394/1663/1320 1391/1662/1319 1403/1666/1323 1400/1658/1315
f 1390/1651/1308 1393/1650/1307 1401/1654/1311 1402/1664/1321
f 1392/1653/1310 1394/1663/1320 1400/1658/1315 1384/1655/1312
f 1393/1650/1307 1392/1653/1310 1384/1655/1312 1401/1654/1311
f 1387/1668/1325 1389/1669/1326 1408/1660/1317 1406/1652/1309
f 1389/1669/1326 1386/1670/1327 1407/1661/1318 1408/1660/1317
f 1388/1671/1328 1387/1668/1325 1406/1652/1309 1405/1649/1306
f 1385/1672/1329 1388/1671/1328 1405/1649/1306 1404/1648/1305
f 1409/1673/1330 1415/1674/1331 1418/1675/1332 1420/1676/1333
f 1416/1677/1334 1411/1678/1335 1423/1679/1336 1419/1680/1337
f 1410/1681/1338 1414/1682/1339 1386/1670/1327 1421/1683/1340
f 1413/1684/1341 1409/1673/1330 1420/1676/1333 1417/1685/1342
f 1407/1661/1318 1438/1686/1343 1426/1687/1344 1391/1662/1319
f 1436/1688/1345 1437/1689/1346 1424/1690/1347 1427/1691/1348
f 1415/1674/1331 1410/1681/1338 1421/1683/1340 1418/1675/1332
f 1411/1678/1335 1413/1684/1341 1417/1685/1342 1423/1679/1336
f 1412/1692/1349 1416/1677/1334 1419/1680/1337 1422/1693/1350
f 1414/1682/1339 1412/1692/1349 1422/1693/1350 1386/1670/1327
f 1433/1694/1351 1434/1695/1352 1428/1696/1353 1431/1697/1354
f 1432/1698/1355 1433/1694/1351 1431/1697/1354 1429/1699/1356
f 1438/1686/1343 1439/1700/1357 1425/1701/1358 1426/1687/1344
f 1439/1700/1357 1436/1688/1345 1427/1691/1348 1425/1701/1358
f 1403/1666/1323 1435/1702/1359 1430/1703/1360 1396/1667/1324
f 1435/1702/1359 1432/1698/1355 1429/1699/1356 1430/1703/1360
f 1426/1687/1344 1425/1701/1358 1432/1698/1355 1435/1702/1359
f 1391/1662/1319 1426/1687/1344 1435/1702/1359 1403/1666/1323
f 1425/1701/1358 1427/1691/1348 1433/1694/1351 1432/1698/1355
f 1427/1691/1348 1424/1690/1347 1434/1695/1352 1433/1694/1351
f 1419/1680/1337 1423/1679/1336 1436/1688/1345 1439/1700/1357
f 1422/1693/1350 1419/1680/1337 1439/1700/1357 1438/1686/1343
f 1423/1679/1336 1417/1685/1342 1437/1689/1346 1436/1688/1345
f 1386/1670/1327 1422/1693/1350 1438/1686/1343 1407/1661/1318
f 1460/1704/1361 1446/1705/1362 1449/1706/1363 1461/1707/1364
f 1461/1707/1364 1449/1706/1363 1448/1708/1365 1462/1709/1366
f 1457/1710/1367 1454/1711/1368 1453/1712/1369 1440/1713/1370
f 1440/1713/1370 1453/1712/1369 1455/1714/1371 1456/1715/1372
f 1464/1716/1373 1450/1717/1374 1447/1718/1375 1463/1719/1376
f 1462/1709/1366 1448/1708/1365 1450/1717/1374 1464/1716/1373
f 1458/1720/1377 1451/1721/1378 1454/1711/1368 1457/1710/1367
f 1456/1715/1372 1455/1714/1371 1452/1722/1379 1459/1723/1380
f 1450/1717/1374 1456/1715/1372 1459/1723/1380 1447/1718/1375
f 1446/1705/1362 1458/1720/1377 1457/1710/1367 1449/1706/1363
f 1448/1708/1365 1440/1713/1370 1456/1715/1372 1450/1717/1374
f 1449/1706/1363 1457/1710/1367 1440/1713/1370 1448/1708/1365
f 1443/1724/1381 1462/1709/1366 1464/1716/1373 1445/1725/1382
f 1445/1725/1382 1464/1716/1373 1463/1719/1376 1442/1726/1383
f 1444/1727/1384 1461/1707/1364 1462/1709/1366 1443/1724/1381
f 1441/1728/1385 1460/1704/1361 1461/1707/1364 1444/1727/1384
f 1465/1729/1386 1476/1730/1387 1474/1731/1388 1471/1732/1389
f 1472/1733/1390 1475/1734/1391 1479/1735/1392 1467/1736/1393
f 1466/1737/1394 1477/1738/1395 1442/1726/1383 1470/1739/1396
f 1469/1740/1397 1473/1741/1398 1476/1730/1387 1465/1729/1386
f 1463/1719/1376 1447/1718/1375 1482/1742/1399 1494/1743/1400
f 1492/1744/1401 1483/1745/1402 1480/1746/1403 1493/1747/1404
f 1471/1732/1389 1474/1731/1388 1477/1738/1395 1466/1737/1394
f 1467/1736/1393 1479/1735/1392 1473/1741/1398 1469/1740/1397
f 1468/1748/1405 1478/1749/1406 1475/1734/1391 1472/1733/1390
f 1470/1739/1396 1442/1726/1383 1478/1749/1406 1468/1748/1405
f 1489/1750/1407 1487/1751/1408 1484/1752/1409 1490/1753/1410
f 1488/1754/1411 1485/1755/1412 1487/1751/1408 1489/1750/1407
f 1494/1743/1400 1482/1742/1399 1481/1756/1413 1495/1757/1414
f 1495/1757/1414 1481/1756/1413 1483/1745/1402 1492/1744/1401
f 1459/1723/1380 1452/1722/1379 1486/1758/1415 1491/1759/1416
f 1491/1759/1416 1486/1758/1415 1485/1755/1412 1488/1754/1411
f 1482/1742/1399 1491/1759/1416 1488/1754/1411 1481/1756/1413
f 1447/1718/1375 1459/1723/1380 1491/1759/1416 1482/1742/1399
f 1481/1756/1413 1488/1754/1411 1489/1750/1407 1483/1745/1402
f 1483/1745/1402 1489/1750/1407 1490/1753/1410 1480/1746/1403
f 1475/1734/1391 1495/1757/1414 1492/1744/1401 1479/1735/1392
f 1478/1749/1406 1494/1743/1400 1495/1757/1414 1475/1734/1391
f 1479/1735/1392 1492/1744/1401 1493/1747/1404 1473/1741/1398
f 1442/1726/1383 1463/1719/1376 1494/1743/1400 1478/1749/1406
g Cube.022_Cube.031
v -0.736681 5.585108 2.201475
v -0.736681 7.685226 2.201475
v -0.736681 5.585108 1.498730
v -0.736681 7.685226 1.498730
v 0.736681 5.585108 2.201475
v 0.736681 7.685226 2.201475
v 0.736682 5.585108 1.498730
v 0.736681 7.685226 1.498730
v -0.982242 6.960536 2.318599
v -0.982242 6.960536 1.381606
v 0.982242 6.960536 1.381606
v 0.982242 6.960536 2.318599
v -0.982242 5.935152 1.381606
v 0.982242 5.935152 1.381606
v 0.982242 5.935152 2.318599
v -0.982242 5.935152 2.318599
v -0.898115 5.571909 1.850103
v -0.940178 7.428705 2.298536
v -0.898115 7.733609 1.850103
v -0.940178 5.674128 1.401669
v 0.000000 5.571909 1.421732
v -0.000000 7.733609 1.421732
v 0.940178 5.674128 1.401669
v 0.898115 5.571909 1.850103
v 0.898115 7.733609 1.850103
v 0.940178 5.674128 2.298536
v -0.000000 5.571909 2.278473
v -0.000000 7.733610 2.278473
v -0.982242 6.407703 2.318599
v -0.940178 7.428705 1.401669
v 0.940178 7.428705 1.401669
v 0.940178 7.428705 2.298536
v 0.000000 6.960536 2.494285
v 1.350582 6.960536 1.850103
v 0.000000 6.960536 1.205920
v -1.350582 6.960536 1.850103
v -0.982242 6.407703 1.381606
v 0.982242 6.407703 1.381606
v 0.982242 6.407703 2.318599
v -0.940178 5.674128 2.298536
v -1.350582 5.935152 1.850103
v -0.000000 5.935152 1.205920
v 1.350583 5.935152 1.850103
v 0.000000 5.935152 2.494285
v -1.293740 7.433475 1.850103
v -0.000000 7.433475 1.233032
v 1.293740 7.433475 1.850103
v 0.000000 7.433475 2.467173
v 0.000000 5.544211 1.850103
v -0.000000 7.835146 1.850103
v 0.000000 6.407703 2.494285
v 1.350583 6.407703 1.850103
v 0.000000 6.407703 1.205920
v -1.350582 6.407703 1.850103
v -1.293740 5.672827 1.850103
v -0.000000 5.672827 1.233032
v 1.293740 5.672827 1.850103
v 0.000000 5.672827 2.467173
vt 0.532275 0.000000
vt 0.578637 0.000000
vt 0.577956 0.125000
vt 0.526277 0.125000
vt 0.625000 0.000000
vt 0.625000 0.125000
vt 0.625000 0.250000
vt 0.577820 0.250000
vt 0.525732 0.250000
vt 0.577820 0.375000
vt 0.525732 0.375000
vt 0.625000 0.375000
vt 0.625000 0.500000
vt 0.578366 0.500000
vt 0.525732 0.500000
vt 0.580004 0.625000
vt 0.525732 0.625000
vt 0.646844 0.625000
vt 0.625000 0.750000
vt 0.578366 0.750000
vt 0.525732 0.750000
vt 0.577956 0.875000
vt 0.526277 0.875000
vt 0.625000 0.875000
vt 0.625000 1.000000
vt 0.578637 1.000000
vt 0.532275 1.000000
vt 0.125000 0.500000
vt 0.250000 0.500000
vt 0.246879 0.625000
vt 0.125000 0.625000
vt 0.375000 0.500000
vt 0.343791 0.625000
vt 0.375000 0.750000
vt 0.250000 0.750000
vt 0.125000 0.750000
vt 0.750000 0.500000
vt 0.752184 0.625000
vt 0.875000 0.500000
vt 0.875000 0.625000
vt 0.875000 0.750000
vt 0.750000 0.750000
vt 0.418075 0.750000
vt 0.467689 0.750000
vt 0.467455 0.875000
vt 0.416594 0.875000
vt 0.466285 1.000000
vt 0.400294 1.000000
vt 0.418075 0.500000
vt 0.467689 0.500000
vt 0.467689 0.625000
vt 0.418075 0.625000
vt 0.418075 0.250000
vt 0.467689 0.250000
vt 0.467689 0.375000
vt 0.418075 0.375000
vt 0.400294 0.000000
vt 0.466285 0.000000
vt 0.467455 0.125000
vt 0.416594 0.125000
vt 0.375000 0.000000
vt 0.387647 0.000000
vt 0.389499 0.125000
vt 0.375000 0.125000
vt 0.389870 0.250000
vt 0.375000 0.250000
vt 0.389870 0.375000
vt 0.375000 0.375000
vt 0.389090 0.500000
vt 0.386749 0.625000
vt 0.389090 0.750000
vt 0.389499 0.875000
vt 0.375000 0.875000
vt 0.387647 1.000000
vt 0.375000 1.000000
vn -0.5193 0.0408 0.8536
vn -0.4991 0.3643 0.7863
vn -0.9040 0.4275 0.0000
vn -0.9982 0.0592 -0.0000
vn -0.2725 0.7847 0.5567
vn -0.4391 0.8984 -0.0000
vn -0.2725 0.7847 -0.5567
vn -0.4991 0.3643 -0.7863
vn -0.5193 0.0408 -0.8536
vn -0.0000 0.2790 -0.9603
vn 0.0000 0.0289 -0.9996
vn -0.0000 0.8012 -0.5984
vn 0.2725 0.7847 -0.5567
vn 0.4991 0.3643 -0.7863
vn 0.5193 0.0408 -0.8536
vn 0.9040 0.4275 -0.0000
vn 0.9982 0.0592 -0.0000
vn 0.4391 0.8984 -0.0000
vn 0.2725 0.7847 0.5567
vn 0.4991 0.3643 0.7863
vn 0.5193 0.0408 0.8536
vn 0.0000 0.2790 0.9603
vn 0.0000 0.0289 0.9996
vn 0.0000 0.8012 0.5984
vn -0.1148 -0.9525 -0.2819
vn 0.0000 -0.9517 -0.3071
vn -0.0000 -1.0000 0.0000
vn -0.1840 -0.9829 -0.0000
vn 0.1148 -0.9525 -0.2819
vn 0.1840 -0.9829 -0.0000
vn 0.1148 -0.9525 0.2819
vn -0.0000 -0.9517 0.3071
vn -0.1148 -0.9525 0.2819
vn 0.0000 1.0000 -0.0000
vn 0.5221 -0.0728 0.8498
vn 0.5148 0.0000 0.8573
vn -0.0000 0.0000 1.0000
vn 0.0000 -0.0518 0.9987
vn -0.5148 0.0000 0.8573
vn -0.5221 -0.0728 0.8498
vn 0.5221 -0.0728 -0.8498
vn 0.5148 -0.0000 -0.8573
vn 1.0000 0.0000 -0.0000
vn 0.9946 -0.1034 0.0000
vn -0.5221 -0.0728 -0.8498
vn -0.5148 -0.0000 -0.8573
vn 0.0000 -0.0000 -1.0000
vn -0.0000 -0.0518 -0.9987
vn -1.0000 0.0000 -0.0000
vn -0.9946 -0.1034 -0.0000
vn -0.4266 -0.5741 0.6989
vn -0.8023 -0.5970 -0.0000
vn -0.4266 -0.5741 -0.6989
vn -0.0000 -0.5166 -0.8562
vn 0.4266 -0.5741 -0.6989
vn 0.8023 -0.5970 -0.0000
vn 0.4266 -0.5741 0.6989
vn -0.0000 -0.5166 0.8562
usemtl None
s 1
f 1504/1760/1417 1513/1761/1418 1540/1762/1419 1531/1763/1420
f 1513/1761/1418 1497/1764/1421 1514/1765/1422 1540/1762/1419
f 1540/1762/1419 1514/1765/1422 1499/1766/1423 1525/1767/1424
f 1531/1763/1420 1540/1762/1419 1525/1767/1424 1505/1768/1425
f 1505/1768/1425 1525/1767/1424 1541/1769/1426 1530/1770/1427
f 1525/1767/1424 1499/1766/1423 1517/1771/1428 1541/1769/1426
f 1541/1769/1426 1517/1771/1428 1503/1772/1429 1526/1773/1430
f 1530/1770/1427 1541/1769/1426 1526/1773/1430 1506/1774/1431
f 1506/1774/1431 1526/1773/1430 1542/1775/1432 1529/1776/1433
f 1526/1773/1430 1503/1772/1429 1520/1777/1434 1542/1775/1432
f 1542/1775/1432 1520/1777/1434 1501/1778/1435 1527/1779/1436
f 1529/1776/1433 1542/1775/1432 1527/1779/1436 1507/1780/1437
f 1507/1780/1437 1527/1779/1436 1543/1781/1438 1528/1782/1439
f 1527/1779/1436 1501/1778/1435 1523/1783/1440 1543/1781/1438
f 1543/1781/1438 1523/1783/1440 1497/1784/1421 1513/1785/1418
f 1528/1782/1439 1543/1781/1438 1513/1785/1418 1504/1786/1417
f 1498/1787/1441 1516/1788/1442 1544/1789/1443 1512/1790/1444
f 1516/1788/1442 1502/1791/1445 1519/1792/1446 1544/1789/1443
f 1544/1789/1443 1519/1792/1446 1500/1793/1447 1522/1794/1448
f 1512/1790/1444 1544/1789/1443 1522/1794/1448 1496/1795/1449
f 1503/1772/1429 1517/1796/1428 1545/1797/1450 1520/1777/1434
f 1517/1796/1428 1499/1798/1423 1514/1799/1422 1545/1797/1450
f 1545/1797/1450 1514/1799/1422 1497/1800/1421 1523/1801/1440
f 1520/1777/1434 1545/1797/1450 1523/1801/1440 1501/1778/1435
f 1510/1802/1451 1534/1803/1452 1546/1804/1453 1539/1805/1454
f 1534/1803/1452 1507/1780/1437 1528/1782/1439 1546/1804/1453
f 1546/1804/1453 1528/1782/1439 1504/1786/1417 1524/1806/1455
f 1539/1805/1454 1546/1804/1453 1524/1806/1455 1511/1807/1456
f 1509/1808/1457 1533/1809/1458 1547/1810/1459 1538/1811/1460
f 1533/1809/1458 1506/1774/1431 1529/1776/1433 1547/1810/1459
f 1547/1810/1459 1529/1776/1433 1507/1780/1437 1534/1803/1452
f 1538/1811/1460 1547/1810/1459 1534/1803/1452 1510/1802/1451
f 1508/1812/1461 1532/1813/1462 1548/1814/1463 1537/1815/1464
f 1532/1813/1462 1505/1768/1425 1530/1770/1427 1548/1814/1463
f 1548/1814/1463 1530/1770/1427 1506/1774/1431 1533/1809/1458
f 1537/1815/1464 1548/1814/1463 1533/1809/1458 1509/1808/1457
f 1511/1816/1456 1524/1817/1455 1549/1818/1465 1536/1819/1466
f 1524/1817/1455 1504/1760/1417 1531/1763/1420 1549/1818/1465
f 1549/1818/1465 1531/1763/1420 1505/1768/1425 1532/1813/1462
f 1536/1819/1466 1549/1818/1465 1532/1813/1462 1508/1812/1461
f 1496/1820/1449 1535/1821/1467 1550/1822/1468 1512/1823/1444
f 1535/1821/1467 1511/1816/1456 1536/1819/1466 1550/1822/1468
f 1550/1822/1468 1536/1819/1466 1508/1812/1461 1515/1824/1469
f 1512/1823/1444 1550/1822/1468 1515/1824/1469 1498/1825/1441
f 1498/1825/1441 1515/1824/1469 1551/1826/1470 1516/1827/1442
f 1515/1824/1469 1508/1812/1461 1537/1815/1464 1551/1826/1470
f 1551/1826/1470 1537/1815/1464 1509/1808/1457 1518/1828/1471
f 1516/1827/1442 1551/1826/1470 1518/1828/1471 1502/1791/1445
f 1502/1791/1445 1518/1828/1471 1552/1829/1472 1519/1792/1446
f 1518/1828/1471 1509/1808/1457 1538/1811/1460 1552/1829/1472
f 1552/1829/1472 1538/1811/1460 1510/1802/1451 1521/1830/1473
f 1519/1792/1446 1552/1829/1472 1521/1830/1473 1500/1793/1447
f 1500/1793/1447 1521/1830/1473 1553/1831/1474 1522/1832/1448
f 1521/1830/1473 1510/1802/1451 1539/1805/1454 1553/1831/1474
f 1553/1831/1474 1539/1805/1454 1511/1807/1456 1535/1833/1467
f 1522/1832/1448 1553/1831/1474 1535/1833/1467 1496/1834/1449
g Cube.025_Cube.033
v 0.806540 5.647870 1.171881
v 0.809225 5.646086 1.172797
v 0.809305 5.647738 1.175567
v 0.807020 5.657854 1.172797
v 0.807294 5.646664 1.172339
v 0.807372 5.648396 1.174153
v 0.809249 5.646570 1.174756
v 0.807590 5.652823 1.174756
v 0.806681 5.650787 1.172528
v 0.827378 6.081803 1.172797
v 0.830622 6.091655 1.175567
v 0.830701 6.093306 1.172797
v 0.827858 6.091787 1.171881
v 0.828427 6.086757 1.174756
v 0.828635 6.091184 1.174153
v 0.830678 6.092822 1.174756
v 0.828723 6.092916 1.172339
v 0.827717 6.088871 1.172528
v 0.806540 5.647870 0.952038
v 0.807020 5.657854 0.951122
v 0.809305 5.647738 0.948353
v 0.809225 5.646086 0.951122
v 0.806681 5.650787 0.951391
v 0.807372 5.648396 0.949766
v 0.807590 5.652823 0.949164
v 0.809249 5.646570 0.949164
v 0.807294 5.646664 0.951580
v 0.827858 6.091787 0.952038
v 0.830701 6.093306 0.951122
v 0.830622 6.091655 0.948353
v 0.827378 6.081803 0.951122
v 0.828723 6.092916 0.951580
v 0.828635 6.091184 0.949767
v 0.830678 6.092822 0.949164
v 0.828427 6.086756 0.949164
v 0.827718 6.088871 0.951391
v 0.978997 5.639588 1.171881
v 0.979477 5.649573 1.172797
v 0.976233 5.639721 1.175567
v 0.976154 5.638070 1.172797
v 0.979137 5.642506 1.172528
v 0.978220 5.640192 1.174153
v 0.978427 5.644619 1.174756
v 0.976177 5.638554 1.174756
v 0.978131 5.638460 1.172339
v 1.000314 6.083506 1.171881
v 0.997629 6.085290 1.172797
v 0.997550 6.083639 1.175567
v 0.999835 6.073522 1.172797
v 0.999561 6.084713 1.172339
v 0.999483 6.082980 1.174153
v 0.997606 6.084806 1.174756
v 0.999265 6.078553 1.174756
v 1.000174 6.080589 1.172528
v 0.976154 5.638070 0.951122
v 0.976233 5.639721 0.948353
v 0.979477 5.649573 0.951122
v 0.978997 5.639588 0.952038
v 0.976177 5.638554 0.949164
v 0.978220 5.640192 0.949767
v 0.978427 5.644619 0.949164
v 0.979137 5.642506 0.951391
v 0.978131 5.638460 0.951580
v 0.997629 6.085290 0.951122
v 1.000314 6.083506 0.952038
v 0.999835 6.073522 0.951122
v 0.997550 6.083639 0.948353
v 0.999561 6.084713 0.951580
v 0.999483 6.082980 0.949767
v 1.000174 6.080589 0.951391
v 0.999265 6.078553 0.949164
v 0.997606 6.084806 0.949164
v 0.807335 5.664410 1.163846
v 0.807425 5.666296 1.168697
v 0.810258 5.667579 1.165927
v 0.810178 5.665928 1.163158
v 0.807362 5.664976 1.167300
v 0.808218 5.666014 1.165696
v 0.808269 5.666965 1.166738
v 0.810201 5.666412 1.165116
v 0.808200 5.665538 1.163502
v 0.826973 6.073362 1.168697
v 0.827063 6.075248 1.163846
v 0.829748 6.073464 1.163158
v 0.829669 6.071813 1.165927
v 0.827036 6.074681 1.167300
v 0.827789 6.073566 1.165696
v 0.827817 6.074041 1.163502
v 0.829725 6.072980 1.165116
v 0.827748 6.072615 1.166738
v 0.807335 5.664410 0.960074
v 0.810178 5.665928 0.960762
v 0.810258 5.667579 0.957992
v 0.807425 5.666295 0.955223
v 0.808200 5.665538 0.960418
v 0.808218 5.666013 0.958224
v 0.810201 5.666412 0.958804
v 0.808269 5.666965 0.957181
v 0.807362 5.664976 0.956620
v 0.827063 6.075248 0.960074
v 0.826973 6.073362 0.955223
v 0.829669 6.071813 0.957992
v 0.829748 6.073464 0.960762
v 0.827036 6.074681 0.956620
v 0.827789 6.073566 0.958224
v 0.827748 6.072615 0.957181
v 0.829725 6.072980 0.958804
v 0.827817 6.074041 0.960418
v 0.979791 5.656128 1.163846
v 0.977106 5.657912 1.163158
v 0.977186 5.659564 1.165927
v 0.979882 5.658014 1.168697
v 0.979038 5.657335 1.163502
v 0.979066 5.657809 1.165696
v 0.977130 5.658396 1.165116
v 0.979106 5.658762 1.166738
v 0.979819 5.656695 1.167300
v 0.999520 6.066967 1.163846
v 0.999429 6.065081 1.168697
v 0.996597 6.063797 1.165927
v 0.996676 6.065448 1.163158
v 0.999493 6.066400 1.167300
v 0.998637 6.065362 1.165696
v 0.998586 6.064411 1.166738
v 0.996653 6.064964 1.165116
v 0.998654 6.065838 1.163502
v 0.977106 5.657912 0.960762
v 0.979791 5.656128 0.960074
v 0.979882 5.658014 0.955223
v 0.977186 5.659564 0.957992
v 0.979038 5.657335 0.960418
v 0.979066 5.657810 0.958224
v 0.979819 5.656694 0.956620
v 0.979106 5.658761 0.957181
v 0.977130 5.658396 0.958804
v 0.996676 6.065448 0.960762
v 0.996597 6.063797 0.957992
v 0.999429 6.065081 0.955223
v 0.999520 6.066967 0.960074
v 0.996653 6.064964 0.958804
v 0.998637 6.065362 0.958223
v 0.998586 6.064411 0.957181
v 0.999493 6.066401 0.956620
v 0.998654 6.065838 0.960418
vt 0.375000 0.746769
vt 0.375000 0.503231
vt 0.375000 0.503348
vt 0.375000 0.746652
vt 0.875000 0.746769
vt 0.875000 0.503231
vt 0.875000 0.503348
vt 0.875000 0.746652
vt 0.378323 1.000000
vt 0.621677 1.000000
vt 0.621649 1.000000
vt 0.378352 1.000000
vt 0.621677 0.250000
vt 0.378323 0.250000
vt 0.378351 0.250000
vt 0.621649 0.250000
vt 0.629007 0.503330
vt 0.629007 0.746670
vt 0.870993 0.746670
vt 0.870993 0.503330
vt 0.376013 0.754007
vt 0.376013 0.995993
vt 0.623987 0.995993
vt 0.623987 0.754007
vt 0.376013 0.254007
vt 0.376013 0.495993
vt 0.623987 0.495993
vt 0.623987 0.254007
vt 0.129007 0.503047
vt 0.370993 0.503047
vt 0.370993 0.746953
vt 0.129007 0.746953
vt 0.375923 0.754007
vt 0.624077 0.754007
vt 0.624077 0.995993
vt 0.375923 0.995993
vt 0.629007 0.503047
vt 0.870993 0.503047
vt 0.870993 0.746953
vt 0.629007 0.746953
vt 0.375923 0.254007
vt 0.624077 0.254007
vt 0.624077 0.495993
vt 0.375923 0.495993
vt 0.129007 0.503330
vt 0.129007 0.746670
vt 0.370993 0.746670
vt 0.370993 0.503330
vt 0.621677 0.750000
vt 0.378323 0.750000
vt 0.378352 0.750000
vt 0.621649 0.750000
vt 0.378323 0.500000
vt 0.621677 0.500000
vt 0.621649 0.500000
vt 0.378351 0.500000
vt 0.625000 0.503231
vt 0.625000 0.746769
vt 0.625000 0.746652
vt 0.625000 0.503348
vt 0.125000 0.746769
vt 0.125000 0.746449
vt 0.125000 0.748444
vt 0.125000 0.750000
vt 0.129007 0.750000
vt 0.126166 0.750000
vt 0.378714 1.000000
vt 0.376239 1.000000
vt 0.375000 0.995993
vt 0.375000 1.000000
vt 0.375000 1.000000
vt 0.621286 1.000000
vt 0.623761 1.000000
vt 0.625000 1.000000
vt 0.625000 0.995993
vt 0.625000 0.998834
vt 0.875000 0.746449
vt 0.875000 0.748444
vt 0.870993 0.750000
vt 0.875000 0.750000
vt 0.875000 0.750000
vt 0.125000 0.503231
vt 0.125000 0.500000
vt 0.125000 0.500000
vt 0.125000 0.503551
vt 0.378714 0.250000
vt 0.376239 0.250000
vt 0.375000 0.250000
vt 0.375000 0.254007
vt 0.375000 0.251166
vt 0.125000 0.501556
vt 0.129007 0.500000
vt 0.875000 0.503551
vt 0.875000 0.501556
vt 0.875000 0.500000
vt 0.870993 0.500000
vt 0.873834 0.500000
vt 0.621286 0.250000
vt 0.623761 0.250000
vt 0.625000 0.254007
vt 0.625000 0.250000
vt 0.625000 0.250000
vt 0.375000 0.750000
vt 0.375310 0.749903
vt 0.375000 0.746449
vt 0.378714 0.750000
vt 0.375000 0.754007
vt 0.370993 0.750000
vt 0.625000 0.746449
vt 0.624982 0.749611
vt 0.625000 0.750000
vt 0.629007 0.750000
vt 0.621286 0.750000
vt 0.625000 0.754007
vt 0.370993 0.500000
vt 0.375018 0.500389
vt 0.375000 0.503551
vt 0.378714 0.500000
vt 0.375000 0.495993
vt 0.375000 0.500000
vt 0.625000 0.503551
vt 0.624690 0.500097
vt 0.629007 0.500000
vt 0.625000 0.500000
vt 0.621286 0.500000
vt 0.625000 0.495993
vt 0.125000 0.746652
vt 0.125000 0.750000
vt 0.125000 0.750000
vt 0.125000 0.747084
vt 0.375578 1.000000
vt 0.375000 1.000000
vt 0.375000 1.000000
vt 0.375000 0.995993
vt 0.375000 0.998834
vt 0.125000 0.749722
vt 0.129007 0.750000
vt 0.625000 1.000000
vt 0.625000 1.000000
vt 0.624422 1.000000
vt 0.875000 0.747084
vt 0.875000 0.749722
vt 0.875000 0.750000
vt 0.870993 0.750000
vt 0.873834 0.750000
vt 0.625000 0.995993
vt 0.125000 0.503348
vt 0.125000 0.502916
vt 0.125000 0.500278
vt 0.125000 0.500000
vt 0.129007 0.500000
vt 0.126166 0.500000
vt 0.375578 0.250000
vt 0.375000 0.250000
vt 0.375000 0.254007
vt 0.375000 0.250000
vt 0.875000 0.500000
vt 0.875000 0.500000
vt 0.875000 0.502916
vt 0.624422 0.250000
vt 0.625000 0.250000
vt 0.625000 0.250000
vt 0.625000 0.254007
vt 0.625000 0.251166
vt 0.875000 0.500278
vt 0.870993 0.500000
vt 0.375000 0.747084
vt 0.374708 0.749931
vt 0.375000 0.750000
vt 0.370993 0.750000
vt 0.375578 0.750000
vt 0.375000 0.754007
vt 0.625000 0.750000
vt 0.625000 0.750222
vt 0.625000 0.747084
vt 0.624422 0.750000
vt 0.625000 0.754007
vt 0.629007 0.750000
vt 0.375000 0.502916
vt 0.375000 0.499778
vt 0.370993 0.500000
vt 0.375000 0.500000
vt 0.375578 0.500000
vt 0.375000 0.495993
vt 0.629007 0.500000
vt 0.625292 0.500069
vt 0.625000 0.502916
vt 0.624422 0.500000
vt 0.625000 0.495993
vt 0.625000 0.500000
vn 0.9377 -0.3126 0.1514
vn 0.9377 -0.3126 -0.1514
vn 0.9741 0.2243 0.0270
vn 0.9741 0.2244 -0.0270
vn -0.9377 0.3126 0.1513
vn -0.9377 0.3126 -0.1514
vn -0.9741 -0.2243 0.0270
vn -0.9741 -0.2243 -0.0270
vn -0.9796 0.0451 0.1959
vn -0.9794 0.0490 0.1959
vn -0.9920 -0.0059 -0.1263
vn -0.9868 0.1009 -0.1263
vn -0.9794 0.0490 -0.1959
vn -0.9796 0.0451 -0.1959
vn -0.9868 0.1009 0.1263
vn -0.9920 -0.0059 0.1263
vn 0.0861 -0.9901 0.1110
vn 0.0861 -0.9901 -0.1110
vn -0.1805 -0.9773 -0.1109
vn -0.1805 -0.9773 0.1109
vn 0.2392 0.2849 -0.9282
vn -0.2107 0.3065 -0.9282
vn -0.2391 -0.2848 -0.9283
vn 0.2107 -0.3065 -0.9283
vn -0.2108 0.3065 0.9282
vn 0.2392 0.2849 0.9282
vn 0.2107 -0.3065 0.9283
vn -0.2391 -0.2849 0.9283
vn -0.2557 -0.9480 -0.1895
vn 0.1637 -0.9681 -0.1895
vn 0.1637 -0.9681 0.1895
vn -0.2558 -0.9480 0.1895
vn 0.2761 -0.2615 0.9249
vn 0.2998 0.2339 0.9249
vn -0.2761 0.2616 0.9249
vn -0.2998 -0.2339 0.9249
vn 0.2557 0.9480 -0.1895
vn -0.1637 0.9681 -0.1896
vn -0.1637 0.9681 0.1896
vn 0.2557 0.9480 0.1895
vn -0.2998 -0.2339 -0.9249
vn -0.2761 0.2616 -0.9248
vn 0.2999 0.2339 -0.9249
vn 0.2761 -0.2616 -0.9249
vn -0.0860 0.9901 0.1110
vn -0.0860 0.9901 -0.1111
vn 0.1805 0.9773 -0.1111
vn 0.1805 0.9773 0.1111
vn 0.9796 -0.0451 0.1959
vn 0.9794 -0.0490 0.1959
vn 0.9920 0.0059 -0.1263
vn 0.9868 -0.1009 -0.1263
vn 0.9794 -0.0489 -0.1959
vn 0.9796 -0.0451 -0.1959
vn 0.9868 -0.1009 0.1263
vn 0.9920 0.0059 0.1263
vn 0.9634 0.2214 -0.1514
vn 0.9634 0.2214 0.1514
vn 0.9482 -0.3166 -0.0270
vn 0.9482 -0.3166 0.0270
vn -0.9634 -0.2214 0.1513
vn -0.6834 -0.6976 0.2152
vn -0.7806 -0.2691 0.5642
vn -0.9804 0.0087 0.1968
vn -0.3264 -0.7121 0.6216
vn -0.7195 0.0064 0.6944
vn -0.7168 0.0626 0.6944
vn -0.7512 0.3427 0.5642
vn -0.9767 0.0852 0.1969
vn -0.2567 0.7401 0.6216
vn -0.6134 0.7599 0.2153
vn -0.9634 -0.2214 -0.1514
vn -0.9804 0.0087 -0.1969
vn -0.7805 -0.2691 -0.5642
vn -0.6833 -0.6976 -0.2153
vn -0.7195 0.0064 -0.6944
vn -0.3264 -0.7121 -0.6216
vn -0.6134 0.7599 -0.2153
vn -0.7512 0.3427 -0.5641
vn -0.9767 0.0852 -0.1969
vn -0.2567 0.7401 -0.6216
vn -0.7169 0.0626 -0.6944
vn 0.9767 -0.0852 0.1969
vn 0.7512 -0.3427 0.5642
vn 0.6133 -0.7599 0.2153
vn 0.7168 -0.0626 0.6944
vn 0.2567 -0.7401 0.6216
vn 0.6833 0.6977 0.2152
vn 0.7806 0.2691 0.5642
vn 0.9804 -0.0087 0.1969
vn 0.3265 0.7121 0.6216
vn 0.7195 -0.0064 0.6944
vn 0.2567 -0.7401 -0.6216
vn 0.7512 -0.3427 -0.5642
vn 0.6133 -0.7599 -0.2153
vn 0.7168 -0.0626 -0.6944
vn 0.9767 -0.0852 -0.1969
vn 0.6833 0.6977 -0.2152
vn 0.7806 0.2691 -0.5642
vn 0.3265 0.7121 -0.6215
vn 0.9804 -0.0088 -0.1969
vn 0.7195 -0.0064 -0.6944
vn -0.9482 0.3166 -0.0270
vn -0.9752 0.2017 -0.0908
vn -0.6710 0.6647 -0.3284
vn -0.5600 0.8241 -0.0858
vn -0.7691 0.2847 -0.5722
vn -0.1558 0.8404 -0.5191
vn -0.9901 -0.1073 -0.0908
vn -0.7316 -0.5974 -0.3284
vn -0.7929 -0.2097 -0.5722
vn -0.6363 -0.7667 -0.0857
vn -0.2357 -0.8216 -0.5190
vn -0.9482 0.3167 0.0270
vn -0.5600 0.8241 0.0857
vn -0.6711 0.6647 0.3283
vn -0.9752 0.2017 0.0908
vn -0.1559 0.8404 0.5191
vn -0.7692 0.2847 0.5721
vn -0.9901 -0.1073 0.0908
vn -0.7316 -0.5974 0.3283
vn -0.6363 -0.7667 0.0857
vn -0.7929 -0.2097 0.5722
vn -0.2357 -0.8217 0.5190
vn 0.6363 0.7667 -0.0857
vn 0.7317 0.5974 -0.3284
vn 0.9901 0.1073 -0.0909
vn 0.2357 0.8215 -0.5191
vn 0.7929 0.2096 -0.5722
vn 0.9752 -0.2017 -0.0908
vn 0.6710 -0.6648 -0.3284
vn 0.5600 -0.8240 -0.0857
vn 0.7691 -0.2847 -0.5722
vn 0.1558 -0.8404 -0.5191
vn 0.6363 0.7666 0.0858
vn 0.7316 0.5974 0.3284
vn 0.2357 0.8216 0.5191
vn 0.9901 0.1073 0.0908
vn 0.7929 0.2096 0.5721
vn 0.1558 -0.8404 0.5191
vn 0.6711 -0.6647 0.3284
vn 0.5600 -0.8240 0.0857
vn 0.7691 -0.2846 0.5722
vn 0.9752 -0.2017 0.0908
usemtl None
s 1
f 1590/1835/1475 1611/1836/1476 1681/1837/1477 1662/1838/1478
f 1566/1839/1479 1581/1840/1480 1653/1841/1481 1636/1842/1482
f 1557/1843/1483 1563/1844/1484 1635/1845/1485 1627/1846/1486
f 1584/1847/1487 1573/1848/1488 1647/1849/1489 1654/1850/1490
f 1689/1851/1491 1674/1852/1492 1637/1853/1493 1656/1854/1494
f 1664/1855/1495 1628/1856/1496 1638/1857/1497 1673/1858/1498
f 1646/1859/1499 1683/1860/1500 1690/1861/1501 1655/1862/1502
f 1575/1863/1503 1608/1864/1504 1593/1865/1505 1555/1866/1506
f 1592/1867/1507 1601/1868/1508 1564/1869/1509 1556/1870/1510
f 1617/1871/1511 1582/1872/1512 1565/1873/1513 1600/1874/1514
f 1574/1875/1515 1583/1876/1516 1620/1877/1517 1609/1878/1518
f 1645/1879/1519 1629/1880/1520 1663/1881/1521 1680/1882/1522
f 1602/1883/1523 1591/1884/1524 1665/1885/1525 1672/1886/1526
f 1610/1887/1527 1619/1888/1528 1691/1889/1529 1682/1890/1530
f 1618/1891/1531 1599/1892/1532 1671/1893/1533 1692/1894/1534
f 1554/1895/1535 1558/1896/1536 1559/1897/1537 1562/1898/1538
f 1555/1866/1506 1560/1899/1539 1559/1900/1537 1558/1896/1536
f 1556/1870/1510 1561/1901/1540 1559/1902/1537 1560/1903/1539
f 1557/1843/1483 1562/1904/1538 1559/1905/1537 1561/1901/1540
f 1563/1844/1484 1567/1906/1541 1568/1907/1542 1571/1908/1543
f 1564/1869/1509 1569/1909/1544 1568/1910/1542 1567/1906/1541
f 1565/1873/1513 1570/1911/1545 1568/1912/1542 1569/1913/1544
f 1566/1839/1479 1571/1914/1543 1568/1915/1542 1570/1911/1545
f 1572/1916/1546 1576/1917/1547 1577/1918/1548 1580/1919/1549
f 1573/1848/1488 1578/1920/1550 1577/1921/1548 1576/1922/1547
f 1574/1875/1515 1579/1923/1551 1577/1924/1548 1578/1920/1550
f 1575/1863/1503 1580/1919/1549 1577/1925/1548 1579/1926/1551
f 1581/1840/1480 1585/1927/1552 1586/1928/1553 1589/1929/1554
f 1582/1872/1512 1587/1930/1555 1586/1931/1553 1585/1927/1552
f 1583/1876/1516 1588/1932/1556 1586/1933/1553 1587/1934/1555
f 1584/1847/1487 1589/1935/1554 1586/1936/1553 1588/1932/1556
f 1590/1835/1475 1594/1937/1557 1595/1938/1558 1598/1939/1559
f 1591/1884/1524 1596/1940/1560 1595/1938/1558 1594/1937/1557
f 1592/1867/1507 1597/1941/1561 1595/1938/1558 1596/1940/1560
f 1593/1865/1505 1598/1939/1559 1595/1938/1558 1597/1942/1561
f 1599/1892/1532 1603/1943/1562 1604/1944/1563 1607/1945/1564
f 1600/1874/1514 1605/1946/1565 1604/1944/1563 1603/1943/1562
f 1601/1868/1508 1606/1947/1566 1604/1944/1563 1605/1948/1565
f 1602/1883/1523 1607/1945/1564 1604/1944/1563 1606/1947/1566
f 1608/1864/1504 1612/1949/1567 1613/1950/1568 1616/1951/1569
f 1609/1878/1518 1614/1952/1570 1613/1950/1568 1612/1953/1567
f 1610/1887/1527 1615/1954/1571 1613/1950/1568 1614/1952/1570
f 1611/1836/1476 1616/1951/1569 1613/1950/1568 1615/1954/1571
f 1617/1871/1511 1621/1955/1572 1622/1956/1573 1625/1957/1574
f 1618/1891/1531 1623/1958/1575 1622/1956/1573 1621/1955/1572
f 1619/1888/1528 1624/1959/1576 1622/1956/1573 1623/1958/1575
f 1620/1877/1517 1625/1960/1574 1622/1956/1573 1624/1959/1576
f 1626/1961/1577 1630/1962/1578 1631/1963/1579 1634/1964/1580
f 1627/1846/1486 1632/1965/1581 1631/1966/1579 1630/1967/1578
f 1628/1856/1496 1633/1968/1582 1631/1969/1579 1632/1965/1581
f 1629/1880/1520 1634/1964/1580 1631/1970/1579 1633/1971/1582
f 1635/1845/1485 1639/1972/1583 1640/1973/1584 1643/1974/1585
f 1636/1842/1482 1641/1975/1586 1640/1976/1584 1639/1977/1583
f 1637/1853/1493 1642/1978/1587 1640/1979/1584 1641/1975/1586
f 1638/1857/1497 1643/1974/1585 1640/1973/1584 1642/1980/1587
f 1644/1981/1588 1648/1982/1589 1649/1983/1590 1652/1984/1591
f 1645/1879/1519 1650/1985/1592 1649/1986/1590 1648/1982/1589
f 1646/1859/1499 1651/1987/1593 1649/1988/1590 1650/1989/1592
f 1647/1849/1489 1652/1990/1591 1649/1988/1590 1651/1987/1593
f 1653/1841/1481 1657/1991/1594 1658/1992/1595 1661/1993/1596
f 1654/1850/1490 1659/1994/1597 1658/1995/1595 1657/1996/1594
f 1655/1862/1502 1660/1997/1598 1658/1998/1595 1659/1994/1597
f 1656/1854/1494 1661/1993/1596 1658/1999/1595 1660/2000/1598
f 1662/1838/1478 1666/2001/1599 1667/2002/1600 1670/2003/1601
f 1663/1881/1521 1668/2004/1602 1667/2002/1600 1666/2001/1599
f 1664/1855/1495 1669/2005/1603 1667/2002/1600 1668/2006/1602
f 1665/1885/1525 1670/2003/1601 1667/2002/1600 1669/2005/1603
f 1671/1893/1533 1675/2007/1604 1676/2008/1605 1679/2009/1606
f 1672/1886/1526 1677/2010/1607 1676/2008/1605 1675/2007/1604
f 1673/1858/1498 1678/2011/1608 1676/2008/1605 1677/2010/1607
f 1674/1852/1492 1679/2009/1606 1676/2008/1605 1678/2012/1608
f 1680/1882/1522 1684/2013/1609 1685/2014/1610 1688/2015/1611
f 1681/1837/1477 1686/2016/1612 1685/2014/1610 1684/2013/1609
f 1682/1890/1530 1687/2017/1613 1685/2014/1610 1686/2016/1612
f 1683/1860/1500 1688/2018/1611 1685/2014/1610 1687/2017/1613
f 1689/1851/1491 1693/2019/1614 1694/2020/1615 1697/2021/1616
f 1690/1861/1501 1695/2022/1617 1694/2020/1615 1693/2023/1614
f 1691/1889/1529 1696/2024/1618 1694/2020/1615 1695/2022/1617
f 1692/1894/1534 1697/2021/1616 1694/2020/1615 1696/2024/1618
f 1575/1863/1503 1555/1866/1506 1558/1896/1536 1580/1919/1549
f 1580/1919/1549 1558/1896/1536 1554/1895/1535 1572/1916/1546
f 1556/1870/1510 1564/1869/1509 1567/1906/1541 1561/1901/1540
f 1561/1901/1540 1567/1906/1541 1563/1844/1484 1557/1843/1483
f 1565/1873/1513 1582/1872/1512 1585/1927/1552 1570/1911/1545
f 1570/1911/1545 1585/1927/1552 1581/1840/1480 1566/1839/1479
f 1583/1876/1516 1574/1875/1515 1578/1920/1550 1588/1932/1556
f 1588/1932/1556 1578/1920/1550 1573/1848/1488 1584/1847/1487
f 1608/1864/1504 1575/1863/1503 1579/1926/1551 1612/1949/1567
f 1612/1953/1567 1579/1923/1551 1574/1875/1515 1609/1878/1518
f 1582/1872/1512 1617/1871/1511 1625/1957/1574 1587/1930/1555
f 1587/1934/1555 1625/1960/1574 1620/1877/1517 1583/1876/1516
f 1619/1888/1528 1610/1887/1527 1614/1952/1570 1624/1959/1576
f 1624/1959/1576 1614/1952/1570 1609/1878/1518 1620/1877/1517
f 1593/1865/1505 1608/1864/1504 1616/1951/1569 1598/1939/1559
f 1598/1939/1559 1616/1951/1569 1611/1836/1476 1590/1835/1475
f 1617/1871/1511 1600/1874/1514 1603/1943/1562 1621/1955/1572
f 1621/1955/1572 1603/1943/1562 1599/1892/1532 1618/1891/1531
f 1601/1868/1508 1592/1867/1507 1596/1940/1560 1606/1947/1566
f 1606/1947/1566 1596/1940/1560 1591/1884/1524 1602/1883/1523
f 1555/1866/1506 1593/1865/1505 1597/1942/1561 1560/1899/1539
f 1560/1903/1539 1597/1941/1561 1592/1867/1507 1556/1870/1510
f 1600/1874/1514 1565/1873/1513 1569/1913/1544 1605/1946/1565
f 1605/1948/1565 1569/1909/1544 1564/1869/1509 1601/1868/1508
f 1644/1981/1588 1626/1961/1577 1634/1964/1580 1648/1982/1589
f 1648/1982/1589 1634/1964/1580 1629/1880/1520 1645/1879/1519
f 1627/1846/1486 1635/1845/1485 1643/1974/1585 1632/1965/1581
f 1632/1965/1581 1643/1974/1585 1638/1857/1497 1628/1856/1496
f 1636/1842/1482 1653/1841/1481 1661/1993/1596 1641/1975/1586
f 1641/1975/1586 1661/1993/1596 1656/1854/1494 1637/1853/1493
f 1654/1850/1490 1647/1849/1489 1651/1987/1593 1659/1994/1597
f 1659/1994/1597 1651/1987/1593 1646/1859/1499 1655/1862/1502
f 1683/1860/1500 1646/1859/1499 1650/1989/1592 1688/2018/1611
f 1688/2015/1611 1650/1985/1592 1645/1879/1519 1680/1882/1522
f 1655/1862/1502 1690/1861/1501 1693/2023/1614 1660/1997/1598
f 1660/2000/1598 1693/2019/1614 1689/1851/1491 1656/1854/1494
f 1690/1861/1501 1683/1860/1500 1687/2017/1613 1695/2022/1617
f 1695/2022/1617 1687/2017/1613 1682/1890/1530 1691/1889/1529
f 1662/1838/1478 1681/1837/1477 1684/2013/1609 1666/2001/1599
f 1666/2001/1599 1684/2013/1609 1680/1882/1522 1663/1881/1521
f 1692/1894/1534 1671/1893/1533 1679/2009/1606 1697/2021/1616
f 1697/2021/1616 1679/2009/1606 1674/1852/1492 1689/1851/1491
f 1672/1886/1526 1665/1885/1525 1669/2005/1603 1677/2010/1607
f 1677/2010/1607 1669/2005/1603 1664/1855/1495 1673/1858/1498
f 1628/1856/1496 1664/1855/1495 1668/2006/1602 1633/1968/1582
f 1633/1971/1582 1668/2004/1602 1663/1881/1521 1629/1880/1520
f 1673/1858/1498 1638/1857/1497 1642/1980/1587 1678/2011/1608
f 1678/2012/1608 1642/1978/1587 1637/1853/1493 1674/1852/1492
f 1557/1843/1483 1627/1846/1486 1630/1967/1578 1562/1904/1538
f 1562/1898/1538 1630/1962/1578 1626/1961/1577 1554/1895/1535
f 1566/1839/1479 1636/1842/1482 1639/1977/1583 1571/1914/1543
f 1571/1908/1543 1639/1972/1583 1635/1845/1485 1563/1844/1484
f 1572/1916/1546 1644/1981/1588 1652/1984/1591 1576/1917/1547
f 1576/1922/1547 1652/1990/1591 1647/1849/1489 1573/1848/1488
f 1584/1847/1487 1654/1850/1490 1657/1996/1594 1589/1935/1554
f 1589/1929/1554 1657/1991/1594 1653/1841/1481 1581/1840/1480
f 1590/1835/1475 1662/1838/1478 1670/2003/1601 1594/1937/1557
f 1594/1937/1557 1670/2003/1601 1665/1885/1525 1591/1884/1524
f 1602/1883/1523 1672/1886/1526 1675/2007/1604 1607/1945/1564
f 1607/1945/1564 1675/2007/1604 1671/1893/1533 1599/1892/1532
f 1610/1887/1527 1682/1890/1530 1686/2016/1612 1615/1954/1571
f 1615/1954/1571 1686/2016/1612 1681/1837/1477 1611/1836/1476
f 1618/1891/1531 1692/1894/1534 1696/2024/1618 1623/1958/1575
f 1623/1958/1575 1696/2024/1618 1691/1889/1529 1619/1888/1528
f 1572/1916/1546 1554/1895/1535 1626/1961/1577 1644/1981/1588
g Cube.026_Cube.034
v -0.934184 5.650973 1.171881
v -0.931386 5.649372 1.172797
v -0.931417 5.651024 1.175567
v -0.934371 5.660966 1.172797
v -0.933352 5.649819 1.172339
v -0.933389 5.651553 1.174153
v -0.931395 5.649856 1.174756
v -0.933467 5.655984 1.174756
v -0.934238 5.653893 1.172528
v -0.942293 6.085330 1.172797
v -0.939713 6.095376 1.175567
v -0.939744 6.097029 1.172797
v -0.942480 6.095324 1.171881
v -0.941576 6.090343 1.174756
v -0.941664 6.094774 1.174153
v -0.939735 6.096545 1.174756
v -0.941691 6.096508 1.172339
v -0.942425 6.092404 1.172528
v -0.934184 5.650973 0.952038
v -0.934371 5.660966 0.951122
v -0.931417 5.651024 0.948353
v -0.931386 5.649372 0.951122
v -0.934238 5.653893 0.951391
v -0.933389 5.651553 0.949766
v -0.933467 5.655985 0.949164
v -0.931395 5.649856 0.949164
v -0.933352 5.649819 0.951580
v -0.942480 6.095324 0.952038
v -0.939744 6.097029 0.951122
v -0.939713 6.095376 0.948353
v -0.942293 6.085330 0.951122
v -0.941691 6.096508 0.951580
v -0.941664 6.094774 0.949767
v -0.939735 6.096545 0.949164
v -0.941576 6.090342 0.949164
v -0.942425 6.092404 0.951391
v -0.761559 5.654195 1.171881
v -0.761745 5.664189 1.172797
v -0.764326 5.654144 1.175567
v -0.764295 5.652491 1.172797
v -0.761613 5.657115 1.172528
v -0.762375 5.654746 1.174153
v -0.762462 5.659177 1.174756
v -0.764304 5.652975 1.174756
v -0.762347 5.653012 1.172339
v -0.769855 6.098547 1.171881
v -0.772652 6.100148 1.172797
v -0.772622 6.098495 1.175567
v -0.769668 6.088553 1.172797
v -0.770687 6.099700 1.172339
v -0.770649 6.097967 1.174153
v -0.772643 6.099664 1.174756
v -0.770572 6.093535 1.174756
v -0.769800 6.095627 1.172528
v -0.764295 5.652491 0.951122
v -0.764326 5.654144 0.948353
v -0.761745 5.664189 0.951122
v -0.761559 5.654195 0.952038
v -0.764304 5.652975 0.949164
v -0.762375 5.654746 0.949767
v -0.762462 5.659177 0.949164
v -0.761613 5.657115 0.951391
v -0.762347 5.653012 0.951580
v -0.772652 6.100148 0.951122
v -0.769855 6.098547 0.952038
v -0.769668 6.088553 0.951122
v -0.772622 6.098495 0.948353
v -0.770687 6.099700 0.951580
v -0.770649 6.097967 0.949767
v -0.769800 6.095627 0.951391
v -0.770572 6.093535 0.949164
v -0.772643 6.099664 0.949164
v -0.934493 5.667529 1.163846
v -0.934528 5.669416 1.168697
v -0.931788 5.670886 1.165927
v -0.931757 5.669233 1.163158
v -0.934504 5.668096 1.167300
v -0.933719 5.669188 1.165696
v -0.933731 5.670140 1.166738
v -0.931766 5.669717 1.165116
v -0.933705 5.668713 1.163502
v -0.942136 6.076881 1.168697
v -0.942171 6.078768 1.163846
v -0.939373 6.077167 1.163158
v -0.939342 6.075514 1.165927
v -0.942160 6.078201 1.167300
v -0.941335 6.077139 1.165696
v -0.941339 6.077615 1.163502
v -0.939364 6.076683 1.165116
v -0.941312 6.076187 1.166738
v -0.934493 5.667529 0.960074
v -0.931757 5.669233 0.960762
v -0.931788 5.670886 0.957992
v -0.934528 5.669416 0.955223
v -0.933705 5.668713 0.960418
v -0.933719 5.669188 0.958224
v -0.931766 5.669717 0.958804
v -0.933731 5.670140 0.957181
v -0.934504 5.668095 0.956620
v -0.942171 6.078768 0.960074
v -0.942136 6.076881 0.955223
v -0.939342 6.075514 0.957992
v -0.939373 6.077167 0.960762
v -0.942160 6.078201 0.956620
v -0.941335 6.077139 0.958224
v -0.941312 6.076187 0.957181
v -0.939364 6.076683 0.958804
v -0.941339 6.077615 0.960418
v -0.761868 5.670752 1.163846
v -0.764666 5.672352 1.163158
v -0.764696 5.674006 1.165927
v -0.761903 5.672639 1.168697
v -0.762700 5.671905 1.163502
v -0.762704 5.672380 1.165696
v -0.764675 5.672837 1.165116
v -0.762727 5.673333 1.166738
v -0.761878 5.671319 1.167300
v -0.769545 6.081991 1.163846
v -0.769510 6.080104 1.168697
v -0.772251 6.078634 1.165927
v -0.772282 6.080287 1.163158
v -0.769535 6.081424 1.167300
v -0.770320 6.080332 1.165696
v -0.770307 6.079380 1.166738
v -0.772273 6.079803 1.165116
v -0.770334 6.080807 1.163502
v -0.764666 5.672352 0.960762
v -0.761868 5.670752 0.960074
v -0.761903 5.672638 0.955223
v -0.764696 5.674006 0.957992
v -0.762700 5.671905 0.960418
v -0.762704 5.672381 0.958224
v -0.761878 5.671318 0.956620
v -0.762727 5.673333 0.957181
v -0.764675 5.672837 0.958804
v -0.772282 6.080287 0.960762
v -0.772251 6.078634 0.957992
v -0.769510 6.080104 0.955223
v -0.769545 6.081991 0.960074
v -0.772273 6.079803 0.958804
v -0.770320 6.080332 0.958223
v -0.770307 6.079380 0.957181
v -0.769535 6.081425 0.956620
v -0.770334 6.080807 0.960418
vt 0.375000 0.746769
vt 0.375000 0.503231
vt 0.375000 0.503348
vt 0.375000 0.746652
vt 0.875000 0.746769
vt 0.875000 0.503231
vt 0.875000 0.503348
vt 0.875000 0.746652
vt 0.378323 1.000000
vt 0.621677 1.000000
vt 0.621649 1.000000
vt 0.378352 1.000000
vt 0.621677 0.250000
vt 0.378323 0.250000
vt 0.378351 0.250000
vt 0.621649 0.250000
vt 0.629007 0.503330
vt 0.629007 0.746670
vt 0.870993 0.746670
vt 0.870993 0.503330
vt 0.376013 0.754007
vt 0.376013 0.995993
vt 0.623987 0.995993
vt 0.623987 0.754007
vt 0.376013 0.254007
vt 0.376013 0.495993
vt 0.623987 0.495993
vt 0.623987 0.254007
vt 0.129007 0.503047
vt 0.370993 0.503047
vt 0.370993 0.746953
vt 0.129007 0.746953
vt 0.375923 0.754007
vt 0.624077 0.754007
vt 0.624077 0.995993
vt 0.375923 0.995993
vt 0.629007 0.503047
vt 0.870993 0.503047
vt 0.870993 0.746953
vt 0.629007 0.746953
vt 0.375923 0.254007
vt 0.624077 0.254007
vt 0.624077 0.495993
vt 0.375923 0.495993
vt 0.129007 0.503330
vt 0.129007 0.746670
vt 0.370993 0.746670
vt 0.370993 0.503330
vt 0.621677 0.750000
vt 0.378323 0.750000
vt 0.378352 0.750000
vt 0.621649 0.750000
vt 0.378323 0.500000
vt 0.621677 0.500000
vt 0.621649 0.500000
vt 0.378351 0.500000
vt 0.625000 0.503231
vt 0.625000 0.746769
vt 0.625000 0.746652
vt 0.625000 0.503348
vt 0.125000 0.746769
vt 0.125000 0.746449
vt 0.125000 0.748444
vt 0.125000 0.750000
vt 0.129007 0.750000
vt 0.126166 0.750000
vt 0.378714 1.000000
vt 0.376239 1.000000
vt 0.375000 0.995993
vt 0.375000 1.000000
vt 0.375000 1.000000
vt 0.621286 1.000000
vt 0.623761 1.000000
vt 0.625000 1.000000
vt 0.625000 0.995993
vt 0.625000 0.998834
vt 0.875000 0.746449
vt 0.875000 0.748444
vt 0.870993 0.750000
vt 0.875000 0.750000
vt 0.875000 0.750000
vt 0.125000 0.503231
vt 0.125000 0.500000
vt 0.125000 0.500000
vt 0.125000 0.503551
vt 0.378714 0.250000
vt 0.376239 0.250000
vt 0.375000 0.250000
vt 0.375000 0.254007
vt 0.375000 0.251166
vt 0.125000 0.501556
vt 0.129007 0.500000
vt 0.875000 0.503551
vt 0.875000 0.501556
vt 0.875000 0.500000
vt 0.870993 0.500000
vt 0.873834 0.500000
vt 0.621286 0.250000
vt 0.623761 0.250000
vt 0.625000 0.254007
vt 0.625000 0.250000
vt 0.625000 0.250000
vt 0.375000 0.750000
vt 0.375310 0.749903
vt 0.375000 0.746449
vt 0.378714 0.750000
vt 0.375000 0.754007
vt 0.370993 0.750000
vt 0.625000 0.746449
vt 0.624982 0.749611
vt 0.625000 0.750000
vt 0.629007 0.750000
vt 0.621286 0.750000
vt 0.625000 0.754007
vt 0.370993 0.500000
vt 0.375018 0.500389
vt 0.375000 0.503551
vt 0.378714 0.500000
vt 0.375000 0.495993
vt 0.375000 0.500000
vt 0.625000 0.503551
vt 0.624690 0.500097
vt 0.629007 0.500000
vt 0.625000 0.500000
vt 0.621286 0.500000
vt 0.625000 0.495993
vt 0.125000 0.746652
vt 0.125000 0.750000
vt 0.125000 0.750000
vt 0.125000 0.747084
vt 0.375578 1.000000
vt 0.375000 1.000000
vt 0.375000 1.000000
vt 0.375000 0.995993
vt 0.375000 0.998834
vt 0.125000 0.749722
vt 0.129007 0.750000
vt 0.625000 1.000000
vt 0.625000 1.000000
vt 0.624422 1.000000
vt 0.875000 0.747084
vt 0.875000 0.749722
vt 0.875000 0.750000
vt 0.870993 0.750000
vt 0.873834 0.750000
vt 0.625000 0.995993
vt 0.125000 0.503348
vt 0.125000 0.502916
vt 0.125000 0.500278
vt 0.125000 0.500000
vt 0.129007 0.500000
vt 0.126166 0.500000
vt 0.375578 0.250000
vt 0.375000 0.250000
vt 0.375000 0.254007
vt 0.375000 0.250000
vt 0.875000 0.500000
vt 0.875000 0.500000
vt 0.875000 0.502916
vt 0.624422 0.250000
vt 0.625000 0.250000
vt 0.625000 0.250000
vt 0.625000 0.254007
vt 0.625000 0.251166
vt 0.875000 0.500278
vt 0.870993 0.500000
vt 0.375000 0.747084
vt 0.374708 0.749931
vt 0.375000 0.750000
vt 0.370993 0.750000
vt 0.375578 0.750000
vt 0.375000 0.754007
vt 0.625000 0.750000
vt 0.625000 0.750222
vt 0.625000 0.747084
vt 0.624422 0.750000
vt 0.625000 0.754007
vt 0.629007 0.750000
vt 0.375000 0.502916
vt 0.375000 0.499778
vt 0.370993 0.500000
vt 0.375000 0.500000
vt 0.375578 0.500000
vt 0.375000 0.495993
vt 0.629007 0.500000
vt 0.625292 0.500069
vt 0.625000 0.502916
vt 0.624422 0.500000
vt 0.625000 0.495993
vt 0.625000 0.500000
vn 0.9565 -0.2495 0.1513
vn 0.9565 -0.2496 -0.1514
vn 0.9570 0.2887 0.0270
vn 0.9570 0.2888 -0.0270
vn -0.9565 0.2495 0.1513
vn -0.9565 0.2495 -0.1514
vn -0.9570 -0.2887 0.0270
vn -0.9570 -0.2887 -0.0270
vn -0.9804 -0.0202 0.1959
vn -0.9805 -0.0164 0.1959
vn -0.9894 -0.0720 -0.1263
vn -0.9914 0.0350 -0.1263
vn -0.9805 -0.0164 -0.1959
vn -0.9804 -0.0202 -0.1959
vn -0.9914 0.0350 0.1263
vn -0.9894 -0.0720 0.1263
vn 0.1517 -0.9822 0.1109
vn 0.1517 -0.9822 -0.1110
vn -0.1150 -0.9871 -0.1109
vn -0.1150 -0.9872 0.1109
vn 0.2196 0.3002 -0.9283
vn -0.2307 0.2919 -0.9282
vn -0.2196 -0.3001 -0.9283
vn 0.2307 -0.2918 -0.9283
vn -0.2307 0.2918 0.9282
vn 0.2197 0.3002 0.9282
vn 0.2307 -0.2918 0.9282
vn -0.2196 -0.3001 0.9283
vn -0.1920 -0.9629 -0.1895
vn 0.2279 -0.9551 -0.1895
vn 0.2279 -0.9551 0.1895
vn -0.1920 -0.9629 0.1895
vn 0.2928 -0.2426 0.9249
vn 0.2836 0.2533 0.9249
vn -0.2928 0.2425 0.9249
vn -0.2836 -0.2533 0.9249
vn 0.1920 0.9629 -0.1895
vn -0.2279 0.9551 -0.1895
vn -0.2278 0.9551 0.1895
vn 0.1921 0.9629 0.1895
vn -0.2836 -0.2533 -0.9249
vn -0.2929 0.2425 -0.9249
vn 0.2836 0.2533 -0.9249
vn 0.2929 -0.2426 -0.9249
vn -0.1517 0.9822 0.1111
vn -0.1517 0.9822 -0.1111
vn 0.1150 0.9871 -0.1111
vn 0.1150 0.9871 0.1111
vn 0.9804 0.0202 0.1959
vn 0.9805 0.0164 0.1959
vn 0.9894 0.0720 -0.1263
vn 0.9914 -0.0350 -0.1263
vn 0.9805 0.0164 -0.1959
vn 0.9804 0.0202 -0.1959
vn 0.9914 -0.0350 0.1263
vn 0.9894 0.0719 0.1263
vn 0.9465 0.2850 -0.1514
vn 0.9465 0.2850 0.1513
vn 0.9671 -0.2528 -0.0270
vn 0.9671 -0.2528 0.0269
vn -0.9465 -0.2850 0.1514
vn -0.6354 -0.7416 0.2153
vn -0.7609 -0.3205 0.5642
vn -0.9788 -0.0566 0.1969
vn -0.2783 -0.7322 0.6216
vn -0.7184 -0.0415 0.6944
vn -0.7194 0.0147 0.6944
vn -0.7723 0.2919 0.5642
vn -0.9802 0.0200 0.1969
vn -0.3054 0.7213 0.6217
vn -0.6626 0.7173 0.2152
vn -0.9465 -0.2849 -0.1514
vn -0.9788 -0.0566 -0.1969
vn -0.7609 -0.3205 -0.5642
vn -0.6354 -0.7416 -0.2153
vn -0.7184 -0.0415 -0.6944
vn -0.2783 -0.7323 -0.6216
vn -0.6626 0.7173 -0.2152
vn -0.7724 0.2919 -0.5642
vn -0.9802 0.0200 -0.1969
vn -0.3055 0.7213 -0.6216
vn -0.7194 0.0147 -0.6944
vn 0.9802 -0.0200 0.1969
vn 0.7723 -0.2919 0.5642
vn 0.6626 -0.7174 0.2153
vn 0.7194 -0.0147 0.6944
vn 0.3054 -0.7214 0.6216
vn 0.6354 0.7416 0.2152
vn 0.7609 0.3205 0.5642
vn 0.9788 0.0566 0.1969
vn 0.2783 0.7322 0.6216
vn 0.7184 0.0415 0.6944
vn 0.3055 -0.7214 -0.6215
vn 0.7723 -0.2919 -0.5642
vn 0.6626 -0.7174 -0.2153
vn 0.7194 -0.0147 -0.6944
vn 0.9802 -0.0200 -0.1969
vn 0.6354 0.7416 -0.2153
vn 0.7609 0.3205 -0.5642
vn 0.2783 0.7322 -0.6216
vn 0.9788 0.0566 -0.1969
vn 0.7184 0.0415 -0.6944
vn -0.9671 0.2528 -0.0270
vn -0.9865 0.1363 -0.0908
vn -0.7138 0.6186 -0.3284
vn -0.6135 0.7850 -0.0858
vn -0.7864 0.2328 -0.5721
vn -0.2114 0.8281 -0.5191
vn -0.9807 -0.1730 -0.0908
vn -0.6902 -0.6448 -0.3284
vn -0.7772 -0.2620 -0.5722
vn -0.5839 -0.8073 -0.0856
vn -0.1804 -0.8355 -0.5191
vn -0.9671 0.2528 0.0270
vn -0.6135 0.7850 0.0857
vn -0.7138 0.6186 0.3284
vn -0.9865 0.1363 0.0908
vn -0.2115 0.8281 0.5191
vn -0.7864 0.2327 0.5722
vn -0.9807 -0.1730 0.0908
vn -0.6902 -0.6448 0.3284
vn -0.5839 -0.8073 0.0856
vn -0.7771 -0.2620 0.5722
vn -0.1804 -0.8355 0.5190
vn 0.5838 0.8074 -0.0857
vn 0.6902 0.6448 -0.3284
vn 0.9807 0.1730 -0.0908
vn 0.1804 0.8354 -0.5192
vn 0.7771 0.2619 -0.5723
vn 0.9865 -0.1363 -0.0909
vn 0.7138 -0.6186 -0.3283
vn 0.6135 -0.7850 -0.0857
vn 0.7864 -0.2328 -0.5722
vn 0.2115 -0.8282 -0.5190
vn 0.5838 0.8074 0.0857
vn 0.6902 0.6448 0.3284
vn 0.1804 0.8354 0.5191
vn 0.9807 0.1730 0.0908
vn 0.7772 0.2620 0.5721
vn 0.2115 -0.8282 0.5190
vn 0.7139 -0.6186 0.3283
vn 0.6135 -0.7850 0.0856
vn 0.7864 -0.2328 0.5722
vn 0.9865 -0.1363 0.0908
usemtl None
s 1
f 1734/2025/1619 1755/2026/1620 1825/2027/1621 1806/2028/1622
f 1710/2029/1623 1725/2030/1624 1797/2031/1625 1780/2032/1626
f 1701/2033/1627 1707/2034/1628 1779/2035/1629 1771/2036/1630
f 1728/2037/1631 1717/2038/1632 1791/2039/1633 1798/2040/1634
f 1833/2041/1635 1818/2042/1636 1781/2043/1637 1800/2044/1638
f 1808/2045/1639 1772/2046/1640 1782/2047/1641 1817/2048/1642
f 1790/2049/1643 1827/2050/1644 1834/2051/1645 1799/2052/1646
f 1719/2053/1647 1752/2054/1648 1737/2055/1649 1699/2056/1650
f 1736/2057/1651 1745/2058/1652 1708/2059/1653 1700/2060/1654
f 1761/2061/1655 1726/2062/1656 1709/2063/1657 1744/2064/1658
f 1718/2065/1659 1727/2066/1660 1764/2067/1661 1753/2068/1662
f 1789/2069/1663 1773/2070/1664 1807/2071/1665 1824/2072/1666
f 1746/2073/1667 1735/2074/1668 1809/2075/1669 1816/2076/1670
f 1754/2077/1671 1763/2078/1672 1835/2079/1673 1826/2080/1674
f 1762/2081/1675 1743/2082/1676 1815/2083/1677 1836/2084/1678
f 1698/2085/1679 1702/2086/1680 1703/2087/1681 1706/2088/1682
f 1699/2056/1650 1704/2089/1683 1703/2090/1681 1702/2086/1680
f 1700/2060/1654 1705/2091/1684 1703/2092/1681 1704/2093/1683
f 1701/2033/1627 1706/2094/1682 1703/2095/1681 1705/2091/1684
f 1707/2034/1628 1711/2096/1685 1712/2097/1686 1715/2098/1687
f 1708/2059/1653 1713/2099/1688 1712/2100/1686 1711/2096/1685
f 1709/2063/1657 1714/2101/1689 1712/2102/1686 1713/2103/1688
f 1710/2029/1623 1715/2104/1687 1712/2105/1686 1714/2101/1689
f 1716/2106/1690 1720/2107/1691 1721/2108/1692 1724/2109/1693
f 1717/2038/1632 1722/2110/1694 1721/2111/1692 1720/2112/1691
f 1718/2065/1659 1723/2113/1695 1721/2114/1692 1722/2110/1694
f 1719/2053/1647 1724/2109/1693 1721/2115/1692 1723/2116/1695
f 1725/2030/1624 1729/2117/1696 1730/2118/1697 1733/2119/1698
f 1726/2062/1656 1731/2120/1699 1730/2121/1697 1729/2117/1696
f 1727/2066/1660 1732/2122/1700 1730/2123/1697 1731/2124/1699
f 1728/2037/1631 1733/2125/1698 1730/2126/1697 1732/2122/1700
f 1734/2025/1619 1738/2127/1701 1739/2128/1702 1742/2129/1703
f 1735/2074/1668 1740/2130/1704 1739/2128/1702 1738/2127/1701
f 1736/2057/1651 1741/2131/1705 1739/2128/1702 1740/2130/1704
f 1737/2055/1649 1742/2129/1703 1739/2128/1702 1741/2132/1705
f 1743/2082/1676 1747/2133/1706 1748/2134/1707 1751/2135/1708
f 1744/2064/1658 1749/2136/1709 1748/2134/1707 1747/2133/1706
f 1745/2058/1652 1750/2137/1710 1748/2134/1707 1749/2138/1709
f 1746/2073/1667 1751/2135/1708 1748/2134/1707 1750/2137/1710
f 1752/2054/1648 1756/2139/1711 1757/2140/1712 1760/2141/1713
f 1753/2068/1662 1758/2142/1714 1757/2140/1712 1756/2143/1711
f 1754/2077/1671 1759/2144/1715 1757/2140/1712 1758/2142/1714
f 1755/2026/1620 1760/2141/1713 1757/2140/1712 1759/2144/1715
f 1761/2061/1655 1765/2145/1716 1766/2146/1717 1769/2147/1718
f 1762/2081/1675 1767/2148/1719 1766/2146/1717 1765/2145/1716
f 1763/2078/1672 1768/2149/1720 1766/2146/1717 1767/2148/1719
f 1764/2067/1661 1769/2150/1718 1766/2146/1717 1768/2149/1720
f 1770/2151/1721 1774/2152/1722 1775/2153/1723 1778/2154/1724
f 1771/2036/1630 1776/2155/1725 1775/2156/1723 1774/2157/1722
f 1772/2046/1640 1777/2158/1726 1775/2159/1723 1776/2155/1725
f 1773/2070/1664 1778/2154/1724 1775/2160/1723 1777/2161/1726
f 1779/2035/1629 1783/2162/1727 1784/2163/1728 1787/2164/1729
f 1780/2032/1626 1785/2165/1730 1784/2166/1728 1783/2167/1727
f 1781/2043/1637 1786/2168/1731 1784/2169/1728 1785/2165/1730
f 1782/2047/1641 1787/2164/1729 1784/2163/1728 1786/2170/1731
f 1788/2171/1732 1792/2172/1733 1793/2173/1734 1796/2174/1735
f 1789/2069/1663 1794/2175/1736 1793/2176/1734 1792/2172/1733
f 1790/2049/1643 1795/2177/1737 1793/2178/1734 1794/2179/1736
f 1791/2039/1633 1796/2180/1735 1793/2178/1734 1795/2177/1737
f 1797/2031/1625 1801/2181/1738 1802/2182/1739 1805/2183/1740
f 1798/2040/1634 1803/2184/1741 1802/2185/1739 1801/2186/1738
f 1799/2052/1646 1804/2187/1742 1802/2188/1739 1803/2184/1741
f 1800/2044/1638 1805/2183/1740 1802/2189/1739 1804/2190/1742
f 1806/2028/1622 1810/2191/1743 1811/2192/1744 1814/2193/1745
f 1807/2071/1665 1812/2194/1746 1811/2192/1744 1810/2191/1743
f 1808/2045/1639 1813/2195/1747 1811/2192/1744 1812/2196/1746
f 1809/2075/1669 1814/2193/1745 1811/2192/1744 1813/2195/1747
f 1815/2083/1677 1819/2197/1748 1820/2198/1749 1823/2199/1750
f 1816/2076/1670 1821/2200/1751 1820/2198/1749 1819/2197/1748
f 1817/2048/1642 1822/2201/1752 1820/2198/1749 1821/2200/1751
f 1818/2042/1636 1823/2199/1750 1820/2198/1749 1822/2202/1752
f 1824/2072/1666 1828/2203/1753 1829/2204/1754 1832/2205/1755
f 1825/2027/1621 1830/2206/1756 1829/2204/1754 1828/2203/1753
f 1826/2080/1674 1831/2207/1757 1829/2204/1754 1830/2206/1756
f 1827/2050/1644 1832/2208/1755 1829/2204/1754 1831/2207/1757
f 1833/2041/1635 1837/2209/1758 1838/2210/1759 1841/2211/1760
f 1834/2051/1645 1839/2212/1761 1838/2210/1759 1837/2213/1758
f 1835/2079/1673 1840/2214/1762 1838/2210/1759 1839/2212/1761
f 1836/2084/1678 1841/2211/1760 1838/2210/1759 1840/2214/1762
f 1719/2053/1647 1699/2056/1650 1702/2086/1680 1724/2109/1693
f 1724/2109/1693 1702/2086/1680 1698/2085/1679 1716/2106/1690
f 1700/2060/1654 1708/2059/1653 1711/2096/1685 1705/2091/1684
f 1705/2091/1684 1711/2096/1685 1707/2034/1628 1701/2033/1627
f 1709/2063/1657 1726/2062/1656 1729/2117/1696 1714/2101/1689
f 1714/2101/1689 1729/2117/1696 1725/2030/1624 1710/2029/1623
f 1727/2066/1660 1718/2065/1659 1722/2110/1694 1732/2122/1700
f 1732/2122/1700 1722/2110/1694 1717/2038/1632 1728/2037/1631
f 1752/2054/1648 1719/2053/1647 1723/2116/1695 1756/2139/1711
f 1756/2143/1711 1723/2113/1695 1718/2065/1659 1753/2068/1662
f 1726/2062/1656 1761/2061/1655 1769/2147/1718 1731/2120/1699
f 1731/2124/1699 1769/2150/1718 1764/2067/1661 1727/2066/1660
f 1763/2078/1672 1754/2077/1671 1758/2142/1714 1768/2149/1720
f 1768/2149/1720 1758/2142/1714 1753/2068/1662 1764/2067/1661
f 1737/2055/1649 1752/2054/1648 1760/2141/1713 1742/2129/1703
f 1742/2129/1703 1760/2141/1713 1755/2026/1620 1734/2025/1619
f 1761/2061/1655 1744/2064/1658 1747/2133/1706 1765/2145/1716
f 1765/2145/1716 1747/2133/1706 1743/2082/1676 1762/2081/1675
f 1745/2058/1652 1736/2057/1651 1740/2130/1704 1750/2137/1710
f 1750/2137/1710 1740/2130/1704 1735/2074/1668 1746/2073/1667
f 1699/2056/1650 1737/2055/1649 1741/2132/1705 1704/2089/1683
f 1704/2093/1683 1741/2131/1705 1736/2057/1651 1700/2060/1654
f 1744/2064/1658 1709/2063/1657 1713/2103/1688 1749/2136/1709
f 1749/2138/1709 1713/2099/1688 1708/2059/1653 1745/2058/1652
f 1788/2171/1732 1770/2151/1721 1778/2154/1724 1792/2172/1733
f 1792/2172/1733 1778/2154/1724 1773/2070/1664 1789/2069/1663
f 1771/2036/1630 1779/2035/1629 1787/2164/1729 1776/2155/1725
f 1776/2155/1725 1787/2164/1729 1782/2047/1641 1772/2046/1640
f 1780/2032/1626 1797/2031/1625 1805/2183/1740 1785/2165/1730
f 1785/2165/1730 1805/2183/1740 1800/2044/1638 1781/2043/1637
f 1798/2040/1634 1791/2039/1633 1795/2177/1737 1803/2184/1741
f 1803/2184/1741 1795/2177/1737 1790/2049/1643 1799/2052/1646
f 1827/2050/1644 1790/2049/1643 1794/2179/1736 1832/2208/1755
f 1832/2205/1755 1794/2175/1736 1789/2069/1663 1824/2072/1666
f 1799/2052/1646 1834/2051/1645 1837/2213/1758 1804/2187/1742
f 1804/2190/1742 1837/2209/1758 1833/2041/1635 1800/2044/1638
f 1834/2051/1645 1827/2050/1644 1831/2207/1757 1839/2212/1761
f 1839/2212/1761 1831/2207/1757 1826/2080/1674 1835/2079/1673
f 1806/2028/1622 1825/2027/1621 1828/2203/1753 1810/2191/1743
f 1810/2191/1743 1828/2203/1753 1824/2072/1666 1807/2071/1665
f 1836/2084/1678 1815/2083/1677 1823/2199/1750 1841/2211/1760
f 1841/2211/1760 1823/2199/1750 1818/2042/1636 1833/2041/1635
f 1816/2076/1670 1809/2075/1669 1813/2195/1747 1821/2200/1751
f 1821/2200/1751 1813/2195/1747 1808/2045/1639 1817/2048/1642
f 1772/2046/1640 1808/2045/1639 1812/2196/1746 1777/2158/1726
f 1777/2161/1726 1812/2194/1746 1807/2071/1665 1773/2070/1664
f 1817/2048/1642 1782/2047/1641 1786/2170/1731 1822/2201/1752
f 1822/2202/1752 1786/2168/1731 1781/2043/1637 1818/2042/1636
f 1701/2033/1627 1771/2036/1630 1774/2157/1722 1706/2094/1682
f 1706/2088/1682 1774/2152/1722 1770/2151/1721 1698/2085/1679
f 1710/2029/1623 1780/2032/1626 1783/2167/1727 1715/2104/1687
f 1715/2098/1687 1783/2162/1727 1779/2035/1629 1707/2034/1628
f 1716/2106/1690 1788/2171/1732 1796/2174/1735 1720/2107/1691
f 1720/2112/1691 1796/2180/1735 1791/2039/1633 1717/2038/1632
f 1728/2037/1631 1798/2040/1634 1801/2186/1738 1733/2125/1698
f 1733/2119/1698 1801/2181/1738 1797/2031/1625 1725/2030/1624
f 1734/2025/1619 1806/2028/1622 1814/2193/1745 1738/2127/1701
f 1738/2127/1701 1814/2193/1745 1809/2075/1669 1735/2074/1668
f 1746/2073/1667 1816/2076/1670 1819/2197/1748 1751/2135/1708
f 1751/2135/1708 1819/2197/1748 1815/2083/1677 1743/2082/1676
f 1754/2077/1671 1826/2080/1674 1830/2206/1756 1759/2144/1715
f 1759/2144/1715 1830/2206/1756 1825/2027/1621 1755/2026/1620
f 1762/2081/1675 1836/2084/1678 1840/2214/1762 1767/2148/1719
f 1767/2148/1719 1840/2214/1762 1835/2079/1673 1763/2078/1672
f 1716/2106/1690 1698/2085/1679 1770/2151/1721 1788/2171/1732
g Cube.027_Cube.035
v -0.520812 5.753433 1.048598
v -0.495108 5.955304 1.048598
v -0.520812 5.753434 0.855839
v -0.495108 5.955304 0.855839
v 0.393803 5.753433 1.048598
v 0.368098 5.955304 1.048598
v 0.393803 5.753434 0.855839
v 0.368098 5.955304 0.855839
v -0.154950 5.379279 1.033007
v 0.027941 5.379279 1.033007
v 0.027941 5.379279 0.871430
v -0.154950 5.379279 0.871430
v -0.264379 5.614268 0.809464
v 0.137370 5.614268 0.809464
v 0.127952 6.045634 0.823712
v -0.254961 6.045634 0.823712
v 0.137370 5.614268 1.094974
v -0.264379 5.614268 1.094974
v -0.254961 6.045634 1.080725
v 0.127952 6.045634 1.080725
v -0.541475 5.735905 0.952219
v -0.524487 5.853782 1.069718
v -0.507500 5.971660 0.952219
v -0.524487 5.853782 0.834719
v -0.193527 5.452088 0.840990
v 0.397478 5.853782 0.834719
v 0.414466 5.735905 0.952219
v 0.380491 5.971660 0.952219
v 0.397478 5.853782 1.069718
v -0.193527 5.452088 1.063448
v 0.046169 5.366104 0.952219
v 0.066518 5.452088 0.840990
v -0.173178 5.366104 0.952219
v -0.063505 5.366104 0.855327
v 0.066518 5.452088 1.063448
v -0.063505 5.366104 1.049111
v -0.063505 6.059582 0.823712
v -0.253354 6.115017 0.952219
v -0.063505 6.059582 1.080725
v 0.126345 6.115017 0.952219
v -0.063505 5.618584 0.775785
v 0.189069 5.557245 0.952219
v -0.063505 5.618584 1.128652
v -0.316079 5.557245 0.952219
v -0.259420 5.854099 1.131706
v 0.132411 5.854099 1.131706
v 0.132411 5.854099 0.772731
v -0.259420 5.854099 0.772731
v -0.433133 5.702350 0.827600
v -0.408748 6.005457 0.829216
v 0.306124 5.702350 0.827600
v 0.306124 5.702350 1.076837
v -0.433133 5.702350 1.076837
v 0.281739 6.005457 0.829216
v 0.281739 6.005457 1.075222
v -0.408748 6.005457 1.075222
v -0.559173 5.852551 0.952219
v 0.278780 6.060040 0.952219
v 0.432163 5.852551 0.952219
v -0.063505 5.338455 0.952219
v -0.443258 5.647985 0.952219
v 0.294851 5.855683 1.121882
v -0.405789 6.060040 0.952219
v 0.294851 5.855683 0.782555
v -0.421861 5.855683 1.121882
v 0.316249 5.647985 0.952219
v -0.063505 6.133694 0.952219
v -0.063505 5.452859 1.103085
v -0.063505 5.855772 1.134427
v -0.063505 5.855772 0.770010
v -0.421861 5.855683 0.782555
v -0.063505 5.452859 0.801352
v -0.240468 5.446402 0.952219
v 0.113459 5.446402 0.952219
vt 0.375000 0.000000
vt 0.500000 0.000000
vt 0.500000 0.122557
vt 0.375000 0.125000
vt 0.625000 0.000000
vt 0.625000 0.125000
vt 0.625000 0.250000
vt 0.500000 0.225569
vt 0.375000 0.250000
vt 0.625000 0.500000
vt 0.662047 0.500000
vt 0.659989 0.625000
vt 0.600569 0.625000
vt 0.699093 0.500000
vt 0.702943 0.625000
vt 0.699093 0.750000
vt 0.662047 0.750000
vt 0.625000 0.750000
vt 0.375000 0.500000
vt 0.500000 0.524432
vt 0.500000 0.625000
vt 0.399431 0.625000
vt 0.500000 0.725569
vt 0.375000 0.750000
vt 0.300907 0.500000
vt 0.286766 0.625000
vt 0.250000 0.625000
vt 0.250000 0.500000
vt 0.300907 0.750000
vt 0.250000 0.750000
vt 0.199093 0.750000
vt 0.213234 0.625000
vt 0.199093 0.500000
vt 0.125000 0.500000
vt 0.162047 0.500000
vt 0.161018 0.625000
vt 0.125000 0.625000
vt 0.199093 0.500000
vt 0.188803 0.625000
vt 0.199093 0.750000
vt 0.162047 0.750000
vt 0.125000 0.750000
vt 0.500000 0.784989
vt 0.375000 0.787047
vt 0.625000 0.787047
vt 0.625000 0.824093
vt 0.500868 0.827943
vt 0.375000 0.824093
vt 0.800907 0.500000
vt 0.837953 0.500000
vt 0.837568 0.625000
vt 0.797057 0.625000
vt 0.875000 0.500000
vt 0.875000 0.625000
vt 0.875000 0.750000
vt 0.837953 0.750000
vt 0.800907 0.750000
vt 0.375000 0.425907
vt 0.500868 0.422057
vt 0.500000 0.465012
vt 0.375000 0.462953
vt 0.625000 0.425907
vt 0.625000 0.462953
vt 0.375000 0.925907
vt 0.500868 0.922057
vt 0.500000 0.962568
vt 0.375000 0.962953
vt 0.625000 0.925907
vt 0.625000 0.962953
vt 0.625000 1.000000
vt 0.500000 1.000000
vt 0.375000 1.000000
vt 0.300907 0.500000
vt 0.337953 0.500000
vt 0.341426 0.625000
vt 0.311197 0.625000
vt 0.337953 0.750000
vt 0.300907 0.750000
vt 0.750000 0.625000
vt 0.750000 0.500000
vt 0.750000 0.750000
vt 0.409722 0.875000
vt 0.378472 0.875000
vt 0.375000 0.824093
vt 0.375000 0.925907
vt 0.375000 0.925907
vt 0.375000 0.875000
vt 0.375000 0.824093
vt 0.503472 0.875000
vt 0.625000 0.875000
vt 0.503472 0.375000
vt 0.625000 0.375000
vt 0.409722 0.375000
vt 0.375000 0.324093
vt 0.500868 0.327943
vt 0.625000 0.324093
vt 0.500000 0.284989
vt 0.375000 0.287047
vt 0.625000 0.287047
vt 0.378472 0.375000
vt 0.375000 0.324093
vt 0.375000 0.425907
vt 0.375000 0.425907
vt 0.375000 0.375000
vt 0.375000 0.324093
vt 0.199478 0.625000
vt 0.199093 0.750000
vt 0.199093 0.500000
vt 0.300522 0.625000
vt 0.300907 0.500000
vt 0.300907 0.750000
vn -0.7350 -0.3949 0.5512
vn -0.7641 0.0818 0.6398
vn -0.9931 0.1176 -0.0000
vn -0.8698 -0.4934 -0.0000
vn -0.6931 0.5019 0.5173
vn -0.7978 0.6029 -0.0000
vn -0.6931 0.5019 -0.5173
vn -0.7641 0.0818 -0.6398
vn -0.7350 -0.3948 -0.5512
vn 0.6931 0.5019 -0.5173
vn 0.3641 0.6135 -0.7008
vn 0.4499 0.8931 -0.0000
vn 0.7978 0.6029 0.0000
vn 0.1258 0.6323 -0.7644
vn 0.1897 0.9818 -0.0000
vn 0.1258 0.6323 0.7644
vn 0.3641 0.6135 0.7008
vn 0.6931 0.5019 0.5173
vn 0.7350 -0.3948 -0.5512
vn 0.7641 0.0818 -0.6398
vn 0.9931 0.1176 0.0000
vn 0.8698 -0.4934 -0.0000
vn 0.7641 0.0818 0.6398
vn 0.7350 -0.3949 0.5512
vn 0.4360 -0.7371 -0.5163
vn 0.5523 -0.8336 -0.0000
vn -0.0000 -1.0000 0.0000
vn -0.0000 -0.7949 -0.6068
vn 0.4360 -0.7371 0.5163
vn -0.0000 -0.7949 0.6068
vn -0.4360 -0.7371 0.5163
vn -0.5523 -0.8336 0.0000
vn -0.4360 -0.7371 -0.5163
vn -0.4334 -0.5198 -0.7362
vn -0.5812 -0.8138 -0.0000
vn -0.3744 -0.3855 -0.8433
vn -0.7206 -0.6933 0.0000
vn -0.3744 -0.3855 0.8433
vn -0.4334 -0.5198 0.7362
vn 0.2760 0.0457 0.9601
vn 0.4334 -0.5198 0.7362
vn 0.0826 0.0631 0.9946
vn 0.3744 -0.3855 0.8433
vn -0.1258 0.6323 -0.7644
vn -0.3641 0.6135 -0.7008
vn -0.4499 0.8931 0.0000
vn -0.1897 0.9818 0.0000
vn -0.3641 0.6135 0.7008
vn -0.1258 0.6323 0.7644
vn 0.3744 -0.3855 -0.8433
vn 0.0826 0.0631 -0.9946
vn 0.2760 0.0457 -0.9601
vn 0.4334 -0.5198 -0.7362
vn -0.0826 0.0631 0.9946
vn -0.2760 0.0457 0.9601
vn 0.5812 -0.8138 -0.0000
vn 0.7206 -0.6933 0.0000
vn 0.0000 1.0000 0.0000
vn 0.0000 0.6245 -0.7810
vn 0.0000 0.6245 0.7810
vn -0.0000 -0.1502 0.9887
vn -0.0000 -0.3584 0.9336
vn 0.5348 -0.4615 0.7078
vn -0.5348 -0.4615 0.7078
vn -0.0000 0.0865 0.9962
vn 0.0000 0.0865 -0.9962
vn 0.0000 -0.1502 -0.9887
vn -0.0826 0.0631 -0.9946
vn -0.2760 0.0457 -0.9601
vn -0.0000 -0.3584 -0.9336
vn -0.5348 -0.4615 -0.7078
vn 0.5348 -0.4615 -0.7078
vn -0.8295 -0.5586 0.0000
vn 0.8295 -0.5586 -0.0000
usemtl None
s 1
f 1842/2215/1763 1863/2216/1764 1898/2217/1765 1862/2218/1766
f 1863/2216/1764 1843/2219/1767 1864/2220/1768 1898/2217/1765
f 1898/2217/1765 1864/2220/1768 1845/2221/1769 1865/2222/1770
f 1862/2218/1766 1898/2217/1765 1865/2222/1770 1844/2223/1771
f 1849/2224/1772 1895/2225/1773 1899/2226/1774 1869/2227/1775
f 1895/2225/1773 1856/2228/1776 1881/2229/1777 1899/2226/1774
f 1899/2226/1774 1881/2229/1777 1861/2230/1778 1896/2231/1779
f 1869/2227/1775 1899/2226/1774 1896/2231/1779 1847/2232/1780
f 1848/2233/1781 1867/2234/1782 1900/2235/1783 1868/2236/1784
f 1867/2234/1782 1849/2224/1772 1869/2227/1775 1900/2235/1783
f 1900/2235/1783 1869/2227/1775 1847/2232/1780 1870/2237/1785
f 1868/2236/1784 1900/2235/1783 1870/2237/1785 1846/2238/1786
f 1852/2239/1787 1872/2240/1788 1901/2241/1789 1875/2242/1790
f 1872/2240/1788 1851/2243/1791 1877/2244/1792 1901/2241/1789
f 1901/2241/1789 1877/2244/1792 1850/2245/1793 1874/2246/1794
f 1875/2242/1790 1901/2241/1789 1874/2246/1794 1853/2247/1795
f 1844/2248/1771 1890/2249/1796 1902/2250/1797 1862/2251/1766
f 1890/2249/1796 1854/2252/1798 1885/2253/1799 1902/2250/1797
f 1902/2250/1797 1885/2253/1799 1859/2254/1800 1894/2255/1801
f 1862/2251/1766 1902/2250/1797 1894/2255/1801 1842/2256/1763
f 1846/2238/1786 1870/2237/1785 1903/2257/1802 1893/2258/1803
f 1870/2237/1785 1847/2232/1780 1896/2259/1779 1903/2257/1802
f 1903/2257/1802 1896/2259/1779 1861/2260/1778 1887/2261/1804
f 1893/2258/1803 1903/2257/1802 1887/2261/1804 1858/2262/1805
f 1857/2263/1806 1891/2264/1807 1904/2265/1808 1879/2266/1809
f 1891/2264/1807 1845/2267/1769 1864/2268/1768 1904/2265/1808
f 1904/2265/1808 1864/2268/1768 1843/2269/1767 1897/2270/1810
f 1879/2266/1809 1904/2265/1808 1897/2270/1810 1860/2271/1811
f 1855/2272/1812 1888/2273/1813 1905/2274/1814 1892/2275/1815
f 1888/2273/1813 1856/2276/1776 1895/2277/1773 1905/2274/1814
f 1905/2274/1814 1895/2277/1773 1849/2224/1772 1867/2234/1782
f 1892/2275/1815 1905/2274/1814 1867/2234/1782 1848/2233/1781
f 1859/2278/1800 1886/2279/1816 1906/2280/1817 1894/2281/1801
f 1886/2279/1816 1860/2282/1811 1897/2283/1810 1906/2280/1817
f 1906/2280/1817 1897/2283/1810 1843/2284/1767 1863/2285/1764
f 1894/2281/1801 1906/2280/1817 1863/2285/1764 1842/2286/1763
f 1855/2287/1812 1892/2288/1815 1907/2289/1818 1883/2290/1819
f 1892/2288/1815 1848/2233/1781 1868/2236/1784 1907/2289/1818
f 1907/2289/1818 1868/2236/1784 1846/2238/1786 1893/2291/1803
f 1883/2290/1819 1907/2289/1818 1893/2291/1803 1858/2292/1805
f 1857/2263/1806 1879/2266/1809 1908/2293/1820 1878/2294/1821
f 1879/2266/1809 1860/2271/1811 1880/2295/1822 1908/2293/1820
f 1908/2293/1820 1880/2295/1822 1861/2230/1778 1881/2229/1777
f 1878/2294/1821 1908/2293/1820 1881/2229/1777 1856/2228/1776
f 1858/2262/1805 1884/2296/1823 1909/2297/1824 1876/2298/1825
f 1884/2296/1823 1859/2278/1800 1871/2299/1826 1909/2297/1824
f 1909/2297/1824 1871/2299/1826 1850/2300/1793 1877/2301/1792
f 1876/2298/1825 1909/2297/1824 1877/2301/1792 1851/2302/1791
f 1860/2282/1811 1886/2279/1816 1910/2303/1827 1880/2304/1822
f 1886/2279/1816 1859/2278/1800 1884/2296/1823 1910/2303/1827
f 1910/2303/1827 1884/2296/1823 1858/2262/1805 1887/2261/1804
f 1880/2304/1822 1910/2303/1827 1887/2261/1804 1861/2260/1778
f 1856/2276/1776 1888/2273/1813 1911/2305/1828 1878/2306/1821
f 1888/2273/1813 1855/2272/1812 1882/2307/1829 1911/2305/1828
f 1911/2305/1828 1882/2307/1829 1854/2308/1798 1889/2309/1830
f 1878/2306/1821 1911/2305/1828 1889/2309/1830 1857/2310/1806
f 1844/2223/1771 1865/2222/1770 1912/2311/1831 1890/2312/1796
f 1865/2222/1770 1845/2221/1769 1891/2313/1807 1912/2311/1831
f 1912/2311/1831 1891/2313/1807 1857/2310/1806 1889/2309/1830
f 1890/2312/1796 1912/2311/1831 1889/2309/1830 1854/2308/1798
f 1854/2308/1798 1882/2307/1829 1913/2314/1832 1866/2315/1833
f 1882/2307/1829 1855/2272/1812 1873/2316/1834 1913/2314/1832
f 1913/2314/1832 1873/2316/1834 1852/2317/1787 1875/2318/1790
f 1866/2315/1833 1913/2314/1832 1875/2318/1790 1853/2319/1795
f 1859/2254/1800 1885/2253/1799 1914/2320/1835 1871/2321/1826
f 1885/2253/1799 1854/2252/1798 1866/2322/1833 1914/2320/1835
f 1914/2320/1835 1866/2322/1833 1853/2247/1795 1874/2246/1794
f 1871/2321/1826 1914/2320/1835 1874/2246/1794 1850/2245/1793
f 1855/2287/1812 1883/2290/1819 1915/2323/1836 1873/2324/1834
f 1883/2290/1819 1858/2292/1805 1876/2325/1825 1915/2323/1836
f 1915/2323/1836 1876/2325/1825 1851/2243/1791 1872/2240/1788
f 1873/2324/1834 1915/2323/1836 1872/2240/1788 1852/2239/1787
g Cube.028_Cube.036
v -0.651471 8.623425 0.274725
v -0.651471 8.723109 0.274725
v -0.651471 8.623425 0.175041
v -0.651471 8.723109 0.175041
v -0.469939 8.623425 0.274725
v -0.469939 8.723109 0.274725
v -0.469939 8.623425 0.175041
v -0.469939 8.723109 0.175041
v -0.651471 8.612224 0.224883
v -0.651471 8.734311 0.224883
v -0.469939 8.612224 0.224883
v -0.469939 8.734311 0.224883
v -0.651471 8.673267 0.285926
v -0.651471 8.673267 0.163839
v -0.469939 8.673267 0.163839
v -0.469939 8.673267 0.285927
v -0.469939 8.673267 0.224883
v -0.651471 8.566932 0.331218
v -0.651471 8.779602 0.331217
v -0.651471 8.566932 0.118547
v -0.651471 8.779602 0.118548
v -0.651471 8.543034 0.224883
v -0.651471 8.803500 0.224883
v -0.651471 8.673267 0.355116
v -0.651471 8.673267 0.094650
v -0.762670 8.615487 0.282663
v -0.762670 8.731048 0.282663
v -0.762670 8.615487 0.167102
v -0.762670 8.731048 0.167103
v -0.762670 8.602501 0.224883
v -0.762670 8.744033 0.224883
v -0.762670 8.673267 0.295649
v -0.762670 8.673267 0.154117
v -0.762670 8.673267 0.094650
v -0.762670 8.566932 0.118547
v -0.762670 8.803500 0.224883
v -0.762670 8.779602 0.118548
v -0.762670 8.673267 0.355116
v -0.762670 8.779602 0.331217
v -0.762670 8.543034 0.224883
v -0.762670 8.566932 0.331218
v -0.762670 8.673267 0.224883
v 0.546000 8.623425 0.274725
v 0.546000 8.723109 0.274725
v 0.546000 8.623425 0.175041
v 0.546000 8.723109 0.175041
v 0.364467 8.623425 0.274725
v 0.364467 8.723109 0.274725
v 0.364467 8.623425 0.175041
v 0.364467 8.723109 0.175041
v 0.546000 8.612224 0.224883
v 0.546000 8.734311 0.224883
v 0.364467 8.612224 0.224883
v 0.364467 8.734311 0.224883
v 0.546000 8.673267 0.285926
v 0.546000 8.673267 0.163839
v 0.364467 8.673267 0.163839
v 0.364467 8.673267 0.285927
v 0.364467 8.673267 0.224883
v 0.546000 8.566932 0.331218
v 0.546000 8.779602 0.331217
v 0.546000 8.566932 0.118547
v 0.546000 8.779602 0.118548
v 0.546000 8.543034 0.224883
v 0.546000 8.803500 0.224883
v 0.546000 8.673267 0.355116
v 0.546000 8.673267 0.094650
v 0.657198 8.615487 0.282663
v 0.657198 8.731048 0.282663
v 0.657198 8.615487 0.167102
v 0.657198 8.731048 0.167103
v 0.657198 8.602501 0.224883
v 0.657198 8.744033 0.224883
v 0.657198 8.673267 0.295649
v 0.657198 8.673267 0.154117
v 0.657199 8.673267 0.094650
v 0.657199 8.566932 0.118547
v 0.657199 8.803500 0.224883
v 0.657199 8.779602 0.118548
v 0.657199 8.673267 0.355116
v 0.657199 8.779602 0.331217
v 0.657199 8.543034 0.224883
v 0.657199 8.566932 0.331218
v 0.657198 8.673267 0.224883
vt 0.625000 0.250000
vt 0.500000 0.250000
vt 0.500000 0.250000
vt 0.625000 0.250000
vt 0.625000 0.500000
vt 0.500000 0.500000
vt 0.500000 0.625000
vt 0.625000 0.625000
vt 0.625000 0.750000
vt 0.500000 0.750000
vt 0.625000 1.000000
vt 0.500000 1.000000
vt 0.125000 0.625000
vt 0.375000 0.625000
vt 0.375000 0.750000
vt 0.125000 0.750000
vt 0.875000 0.625000
vt 0.875000 0.750000
vt 0.875000 0.500000
vt 0.125000 0.500000
vt 0.375000 0.500000
vt 0.625000 1.000000
vt 0.500000 1.000000
vt 0.125000 0.625000
vt 0.125000 0.500000
vt 0.375000 1.000000
vt 0.375000 0.250000
vt 0.375000 0.250000
vt 0.875000 0.625000
vt 0.875000 0.750000
vt 0.875000 0.500000
vt 0.125000 0.750000
vt 0.375000 1.000000
vt 0.875000 0.500000
vt 0.875000 0.625000
vt 0.500000 1.000000
vt 0.375000 1.000000
vt 0.125000 0.625000
vt 0.125000 0.500000
vt 0.375000 0.250000
vt 0.500000 0.250000
vt 0.625000 1.000000
vt 0.625000 0.250000
vt 0.875000 0.750000
vt 0.125000 0.750000
vt 0.000000 0.000000
vt 0.000000 0.000000
vt 0.000000 0.000000
vt 0.000000 0.000000
vt 0.000000 0.000000
vt 0.000000 0.000000
vt 0.000000 0.000000
vt 0.000000 0.000000
vt 0.000000 0.000000
vt 0.000000 0.000000
vt 0.000000 0.000000
vt 0.000000 0.000000
vt 0.000000 0.000000
vt 0.000000 0.000000
vt 0.000000 0.000000
vt 0.000000 0.000000
vt 0.000000 0.000000
vt 0.625000 0.250000
vt 0.625000 0.250000
vt 0.500000 0.250000
vt 0.500000 0.250000
vt 0.500000 0.500000
vt 0.625000 0.500000
vt 0.500000 0.625000
vt 0.500000 0.750000
vt 0.625000 0.750000
vt 0.625000 0.625000
vt 0.500000 1.000000
vt 0.625000 1.000000
vt 0.125000 0.625000
vt 0.125000 0.750000
vt 0.375000 0.750000
vt 0.375000 0.625000
vt 0.875000 0.750000
vt 0.875000 0.625000
vt 0.875000 0.500000
vt 0.125000 0.500000
vt 0.375000 0.500000
vt 0.500000 1.000000
vt 0.625000 1.000000
vt 0.125000 0.500000
vt 0.125000 0.625000
vt 0.375000 1.000000
vt 0.375000 0.250000
vt 0.375000 0.250000
vt 0.875000 0.750000
vt 0.875000 0.625000
vt 0.875000 0.500000
vt 0.125000 0.750000
vt 0.375000 1.000000
vt 0.875000 0.625000
vt 0.875000 0.500000
vt 0.375000 1.000000
vt 0.500000 1.000000
vt 0.125000 0.500000
vt 0.125000 0.625000
vt 0.500000 0.250000
vt 0.375000 0.250000
vt 0.625000 1.000000
vt 0.625000 0.250000
vt 0.875000 0.750000
vt 0.125000 0.750000
vt 0.000000 0.000000
vt 0.000000 0.000000
vt 0.000000 0.000000
vt 0.000000 0.000000
vt 0.000000 0.000000
vt 0.000000 0.000000
vt 0.000000 0.000000
vt 0.000000 0.000000
vt 0.000000 0.000000
vt 0.000000 0.000000
vt 0.000000 0.000000
vt 0.000000 0.000000
vt 0.000000 0.000000
vt 0.000000 0.000000
vt 0.000000 0.000000
vt 0.000000 0.000000
vt 0.000000 0.000000
vn 0.8493 0.3733 -0.3733
vn 0.7600 0.0000 -0.6500
vn 0.6609 0.0000 -0.7505
vn 0.6042 0.5634 -0.5634
vn 1.0000 0.0000 0.0000
vn 0.6609 0.7505 0.0000
vn 0.6042 0.5634 0.5634
vn 0.6609 0.0000 0.7505
vn 0.8493 0.3733 0.3733
vn 0.7600 0.0000 0.6500
vn 0.7600 -0.6500 0.0000
vn 0.6609 -0.7505 0.0000
vn 0.6042 -0.5634 0.5634
vn 0.8493 -0.3733 0.3733
vn 0.7600 0.6500 0.0000
vn 0.8493 -0.3733 -0.3733
vn 0.6042 -0.5634 -0.5634
vn -0.6042 0.5634 -0.5634
vn -0.6609 0.7505 -0.0000
vn -0.6609 0.0000 0.7505
vn -0.6042 -0.5634 0.5634
vn -0.6609 -0.7505 0.0000
vn -0.6042 -0.5634 -0.5634
vn -0.6609 0.0000 -0.7505
vn -0.6042 0.5634 0.5634
vn -1.0000 -0.0000 0.0000
vn -0.8493 0.3733 -0.3733
vn -0.7600 0.0000 -0.6500
vn -0.7600 0.0000 0.6500
vn -0.8493 0.3733 0.3733
vn -0.7600 -0.6500 0.0000
vn -0.8493 -0.3733 0.3733
vn -0.7600 0.6500 0.0000
vn -0.8493 -0.3733 -0.3733
usemtl None
s 1
f 1919/2326/1837 1929/2327/1838 1940/2328/1839 1936/2329/1840
f 1929/2327/1838 1919/2326/1837 1923/2330/1840 1930/2331/1839
f 1932/2332/1841 1927/2333/1842 1921/2334/1843 1931/2335/1844
f 1931/2335/1844 1921/2334/1843 1917/2336/1845 1928/2337/1846
f 1924/2338/1847 1926/2339/1848 1920/2340/1849 1916/2341/1850
f 1927/2333/1842 1925/2342/1851 1917/2343/1845 1921/2334/1843
f 1923/2330/1840 1919/2344/1837 1925/2342/1851 1927/2333/1842
f 1918/2345/1852 1922/2346/1853 1926/2339/1848 1924/2338/1847
f 1930/2331/1839 1923/2330/1840 1927/2333/1842 1932/2332/1841
f 1928/2337/1846 1917/2336/1845 1934/2347/1843 1939/2348/1844
f 1918/2345/1852 1924/2338/1847 1937/2349/1848 1935/2350/1853
f 1922/2346/1853 1930/2331/1839 1932/2332/1841 1926/2339/1848
f 1920/2340/1849 1931/2335/1844 1928/2337/1846 1916/2351/1850
f 1926/2339/1848 1932/2332/1841 1931/2335/1844 1920/2340/1849
f 1918/2352/1852 1929/2327/1838 1930/2331/1839 1922/2346/1853
f 1929/2327/1838 1918/2352/1852 1935/2353/1853 1940/2328/1839
f 1917/2343/1845 1925/2342/1851 1938/2354/1842 1934/2355/1843
f 1925/2342/1851 1919/2344/1837 1936/2356/1840 1938/2354/1842
f 1924/2338/1847 1916/2341/1850 1933/2357/1849 1937/2349/1848
f 1916/2351/1850 1928/2337/1846 1939/2348/1844 1933/2358/1849
f 1938/2354/1842 1936/2356/1840 1952/2359/1854 1951/2360/1855
f 1933/2358/1849 1939/2348/1844 1953/2361/1856 1956/2362/1857
f 1935/2350/1853 1937/2349/1848 1955/2363/1858 1950/2364/1859
f 1940/2328/1839 1935/2353/1853 1950/2365/1859 1949/2366/1860
f 1939/2348/1844 1934/2347/1843 1954/2367/1861 1953/2361/1856
f 1936/2329/1840 1940/2328/1839 1949/2366/1860 1952/2368/1854
f 1934/2355/1843 1938/2354/1842 1951/2360/1855 1954/2369/1861
f 1937/2349/1848 1933/2357/1849 1956/2370/1857 1955/2363/1858
f 1957/2371/1862 1946/2372/1862 1944/2373/1862 1948/2374/1862
f 1945/2375/1862 1957/2371/1862 1948/2374/1862 1943/2376/1862
f 1957/2371/1862 1945/2375/1862 1941/2377/1862 1947/2378/1862
f 1946/2372/1862 1957/2371/1862 1947/2378/1862 1942/2379/1862
f 1943/2376/1862 1948/2374/1862 1949/2380/1860 1950/2381/1859
f 1944/2373/1862 1946/2372/1862 1951/2382/1855 1952/2383/1854
f 1942/2379/1862 1947/2378/1862 1953/2384/1856 1954/2385/1861
f 1941/2377/1862 1945/2375/1862 1955/2386/1858 1956/2387/1857
f 1945/2375/1862 1943/2376/1862 1950/2381/1859 1955/2386/1858
f 1946/2372/1862 1942/2379/1862 1954/2385/1861 1951/2382/1855
f 1947/2378/1862 1941/2377/1862 1956/2387/1857 1953/2384/1856
f 1948/2374/1862 1944/2373/1862 1952/2383/1854 1949/2380/1860
f 1961/2388/1863 1978/2389/1854 1982/2390/1860 1971/2391/1864
f 1971/2391/1864 1972/2392/1860 1965/2393/1854 1961/2388/1863
f 1974/2394/1862 1973/2395/1856 1963/2396/1861 1969/2397/1855
f 1973/2395/1856 1970/2398/1865 1959/2399/1866 1963/2396/1861
f 1966/2400/1867 1958/2401/1868 1962/2402/1857 1968/2403/1858
f 1969/2397/1855 1963/2396/1861 1959/2404/1866 1967/2405/1869
f 1965/2393/1854 1969/2397/1855 1967/2405/1869 1961/2406/1863
f 1960/2407/1870 1966/2400/1867 1968/2403/1858 1964/2408/1859
f 1972/2392/1860 1974/2394/1862 1969/2397/1855 1965/2393/1854
f 1970/2398/1865 1981/2409/1856 1976/2410/1861 1959/2399/1866
f 1960/2407/1870 1977/2411/1859 1979/2412/1858 1966/2400/1867
f 1964/2408/1859 1968/2403/1858 1974/2394/1862 1972/2392/1860
f 1962/2402/1857 1958/2413/1868 1970/2398/1865 1973/2395/1856
f 1968/2403/1858 1962/2402/1857 1973/2395/1856 1974/2394/1862
f 1960/2414/1870 1964/2408/1859 1972/2392/1860 1971/2391/1864
f 1971/2391/1864 1982/2390/1860 1977/2415/1859 1960/2414/1870
f 1959/2404/1866 1976/2416/1861 1980/2417/1855 1967/2405/1869
f 1967/2405/1869 1980/2417/1855 1978/2418/1854 1961/2406/1863
f 1966/2400/1867 1979/2412/1858 1975/2419/1857 1958/2401/1868
f 1958/2413/1868 1975/2420/1857 1981/2409/1856 1970/2398/1865
f 1980/2417/1855 1993/2421/1842 1994/2422/1840 1978/2418/1854
f 1975/2420/1857 1998/2423/1849 1995/2424/1844 1981/2409/1856
f 1977/2411/1859 1992/2425/1853 1997/2426/1848 1979/2412/1858
f 1982/2390/1860 1991/2427/1839 1992/2428/1853 1977/2415/1859
f 1981/2409/1856 1995/2424/1844 1996/2429/1843 1976/2410/1861
f 1978/2389/1854 1994/2430/1840 1991/2427/1839 1982/2390/1860
f 1976/2416/1861 1996/2431/1843 1993/2421/1842 1980/2417/1855
f 1979/2412/1858 1997/2426/1848 1998/2432/1849 1975/2419/1857
f 1999/2433/1841 1990/2434/1841 1986/2435/1841 1988/2436/1841
f 1987/2437/1841 1985/2438/1841 1990/2434/1841 1999/2433/1841
f 1999/2433/1841 1989/2439/1841 1983/2440/1841 1987/2437/1841
f 1988/2436/1841 1984/2441/1841 1989/2439/1841 1999/2433/1841
f 1985/2438/1841 1992/2442/1853 1991/2443/1839 1990/2434/1841
f 1986/2435/1841 1994/2444/1840 1993/2445/1842 1988/2436/1841
f 1984/2441/1841 1996/2446/1843 1995/2447/1844 1989/2439/1841
f 1983/2440/1841 1998/2448/1849 1997/2449/1848 1987/2437/1841
f 1987/2437/1841 1997/2449/1848 1992/2442/1853 1985/2438/1841
f 1988/2436/1841 1993/2445/1842 1996/2446/1843 1984/2441/1841
f 1989/2439/1841 1995/2447/1844 1998/2448/1849 1983/2440/1841
f 1990/2434/1841 1991/2443/1839 1994/2444/1840 1986/2435/1841
g Cube.029_Cube.037
v -0.519174 9.070958 0.610478
v -0.465673 9.381687 0.698906
v -0.519174 9.070958 -0.375293
v -0.465673 9.381687 -0.404963
v 0.357480 9.134120 0.698906
v 0.407738 9.326421 0.698906
v 0.357480 9.134120 -0.404963
v 0.407738 9.326421 -0.404963
v 0.275092 8.954504 -0.375293
v 0.273471 9.419189 -0.404963
v 0.275092 8.954504 0.610478
v 0.273471 9.419189 0.698906
v -0.375263 9.161754 -0.404963
v -0.363915 9.419189 0.698906
v -0.363915 9.419189 -0.404963
v -0.375263 9.161754 0.698906
v -0.123355 9.060737 -0.404963
v -0.251551 9.102179 -0.404963
v -0.247100 9.411294 0.698906
v -0.122628 9.415242 0.698906
v -0.247100 9.411294 -0.404963
v -0.122628 9.415242 -0.404963
v -0.123355 9.060737 0.698906
v -0.251551 9.102179 0.698906
v 0.108720 9.070958 -0.404963
v -0.049523 9.106829 -0.404963
v -0.056303 9.416971 0.698906
v 0.102235 9.423138 0.698906
v -0.056303 9.416971 -0.404963
v 0.102235 9.423138 -0.404963
v 0.108720 9.070958 0.698906
v -0.049523 9.106829 0.698906
v -0.549978 9.231257 0.682991
v -0.549978 9.231257 -0.403771
v 0.457997 9.221389 -0.424167
v 0.457997 9.221389 0.682991
v 0.277524 9.267773 0.744508
v 0.277524 9.267773 -0.462424
v -0.377695 9.356594 -0.462424
v -0.377695 9.356594 0.744508
v -0.260674 9.314964 -0.462424
v -0.120560 9.304111 -0.462424
v -0.260674 9.314964 0.744508
v -0.120560 9.304111 0.744508
v 0.109531 9.308236 -0.462424
v -0.050481 9.328022 -0.462424
v 0.109531 9.308236 0.744508
v -0.050481 9.328022 0.744508
v -0.611115 9.036769 -0.105089
v -0.610039 9.037169 0.333574
v -0.553062 9.412375 -0.072092
v -0.552404 9.412144 0.370546
v 0.448102 9.111231 0.371027
v 0.449013 9.111000 -0.071767
v 0.509520 9.344995 0.369931
v 0.510322 9.345142 -0.071371
v 0.346230 9.457794 0.370015
v 0.346752 9.458072 -0.071688
v 0.343377 8.896828 -0.105119
v 0.342426 8.897631 0.334229
v -0.442742 9.144728 0.369362
v -0.443173 9.144619 -0.071293
v -0.429159 9.458003 -0.072279
v -0.428707 9.457734 0.370535
v -0.292212 9.072296 0.369746
v -0.292473 9.072104 -0.071669
v -0.136383 9.021670 -0.071862
v -0.136297 9.021929 0.370013
v -0.349823 9.448373 -0.066821
v -0.349453 9.448130 0.376235
v -0.135690 9.452932 0.376197
v -0.135806 9.453176 -0.066836
v 0.146213 9.034048 -0.071269
v 0.145923 9.034333 0.369796
v -0.046521 9.077978 0.370060
v -0.046499 9.077774 -0.071761
v 0.137986 9.462564 0.370267
v 0.138226 9.462830 -0.072095
v -0.054756 9.455294 -0.072358
v -0.054766 9.455047 0.370450
v 0.571716 9.217235 -0.092847
v 0.570718 9.217271 0.348995
v -0.653752 9.229300 0.361659
v -0.654664 9.229283 -0.080782
vt 0.832873 0.675405
vt 0.875000 0.675407
vt 0.875000 0.750000
vt 0.832873 0.750000
vt 0.500000 0.455440
vt 0.625000 0.455440
vt 0.625000 0.500000
vt 0.500000 0.500000
vt 0.669560 0.500000
vt 0.669560 0.575250
vt 0.625000 0.575321
vt 0.500000 0.957873
vt 0.625000 0.957873
vt 0.625000 1.000000
vt 0.500000 1.000000
vt 0.375000 0.675516
vt 0.500000 0.675213
vt 0.500000 0.750000
vt 0.375000 0.750000
vt 0.330440 0.500000
vt 0.375000 0.500000
vt 0.375000 0.575232
vt 0.330440 0.569784
vt 0.500000 0.575449
vt 0.625000 0.750000
vt 0.625000 0.794560
vt 0.500000 0.794560
vt 0.500000 0.292127
vt 0.625000 0.292127
vt 0.625000 0.338390
vt 0.500000 0.338382
vt 0.500000 0.384156
vt 0.375000 0.384494
vt 0.375000 0.375384
vt 0.500000 0.375338
vt 0.625000 0.828184
vt 0.500000 0.828184
vt 0.786610 0.500000
vt 0.832873 0.500000
vt 0.832873 0.575116
vt 0.786610 0.575075
vt 0.875000 0.500000
vt 0.875000 0.575159
vt 0.500000 0.250000
vt 0.625000 0.250000
vt 0.500000 0.874662
vt 0.375000 0.874616
vt 0.375000 0.865506
vt 0.500000 0.865844
vt 0.167127 0.500000
vt 0.213374 0.500000
vt 0.213374 0.575254
vt 0.167127 0.575339
vt 0.703184 0.500000
vt 0.703184 0.575158
vt 0.296816 0.675237
vt 0.296816 0.750000
vt 0.259494 0.750000
vt 0.259494 0.675297
vt 0.500000 0.911618
vt 0.625000 0.911610
vt 0.259494 0.500000
vt 0.259494 0.575233
vt 0.250384 0.575211
vt 0.250384 0.500000
vt 0.625000 0.375293
vt 0.213374 0.750000
vt 0.213374 0.675226
vt 0.250384 0.675286
vt 0.250384 0.750000
vt 0.749707 0.575072
vt 0.749707 0.500000
vt 0.375000 0.911626
vt 0.296816 0.500000
vt 0.296816 0.575344
vt 0.500000 0.421816
vt 0.375000 0.421816
vt 0.703184 0.750000
vt 0.703184 0.675344
vt 0.741181 0.675385
vt 0.741181 0.750000
vt 0.625000 0.866181
vt 0.625000 0.421816
vt 0.375000 0.455440
vt 0.375000 0.828184
vt 0.625000 0.383819
vt 0.625000 0.874707
vt 0.375000 0.338374
vt 0.375000 0.957873
vt 0.375000 0.250000
vt 0.375000 0.292127
vt 0.375000 0.794560
vt 0.375000 1.000000
vt 0.625000 0.675267
vt 0.669560 0.675287
vt 0.669560 0.750000
vt 0.125000 0.681025
vt 0.167127 0.675138
vt 0.167127 0.750000
vt 0.125000 0.750000
vt 0.125000 0.500000
vt 0.125000 0.569791
vt 0.330440 0.681188
vt 0.330440 0.750000
vt 0.741181 0.500000
vt 0.741181 0.575099
vt 0.786610 0.675418
vt 0.786610 0.750000
vt 0.749707 0.750000
vt 0.749707 0.675409
vt 0.375000 0.180209
vt 0.500000 0.175565
vt 0.500000 0.000000
vt 0.625000 0.000000
vt 0.625000 0.074593
vt 0.500000 0.073786
vt 0.625000 0.174841
vt 0.375000 0.068975
vt 0.375000 0.000000
vn -0.1352 0.9883 0.0700
vn -0.6591 0.7423 0.1210
vn -0.5509 0.6072 0.5725
vn -0.1124 0.8217 0.5587
vn 0.1187 0.0456 -0.9919
vn 0.2366 0.7792 -0.5804
vn 0.5671 0.5644 -0.5999
vn 0.7184 -0.1416 -0.6811
vn 0.3210 0.9429 -0.0889
vn 0.7554 0.6440 -0.1210
vn -0.1644 0.1530 0.9745
vn -0.7156 -0.0138 0.6983
vn 0.7726 -0.6182 0.1450
vn 0.9705 -0.1965 0.1396
vn 0.7435 -0.1929 0.6403
vn 0.4698 -0.5299 0.7061
vn 0.1294 -0.8190 -0.5589
vn 0.5441 -0.5160 -0.6617
vn 0.7784 -0.6163 -0.1193
vn 0.2837 -0.9499 -0.1309
vn 0.9678 -0.1890 -0.1661
vn 0.5785 0.4796 0.6598
vn 0.2417 0.7493 0.6165
vn 0.1301 -0.0341 0.9909
vn -0.1619 0.2261 -0.9606
vn -0.1141 0.8505 -0.5135
vn 0.0476 0.8422 -0.5370
vn -0.0181 0.1115 -0.9936
vn -0.0078 0.1875 -0.9822
vn 0.1156 -0.6766 -0.7272
vn 0.1062 -0.8002 -0.5903
vn 0.0071 0.0860 -0.9963
vn 0.0112 0.7967 0.6043
vn 0.0313 0.0720 0.9969
vn -0.1349 0.9884 -0.0704
vn 0.0468 0.9977 -0.0488
vn -0.5579 0.6467 -0.5202
vn -0.6553 0.7466 -0.1145
vn -0.6981 0.0518 -0.7141
vn 0.0053 0.0727 0.9973
vn 0.1055 -0.7885 0.6059
vn 0.1114 -0.6532 0.7489
vn -0.0069 0.1566 0.9876
vn -0.0999 -0.6558 -0.7483
vn -0.2669 -0.7164 -0.6446
vn -0.3723 -0.9259 -0.0640
vn 0.0923 -0.9956 -0.0137
vn 0.0146 0.8216 -0.5699
vn -0.0069 0.9983 -0.0586
vn -0.4097 -0.9118 0.0285
vn -0.1513 -0.6838 0.7139
vn 0.1673 -0.9849 0.0446
vn -0.0131 0.0950 0.9954
vn 0.0416 0.8132 0.5804
vn 0.1673 -0.9849 -0.0439
vn 0.1156 -0.9918 -0.0548
vn -0.0384 0.8327 -0.5524
vn -0.2633 -0.6996 0.6643
vn -0.3723 -0.9258 0.0650
vn 0.1156 -0.9917 0.0557
vn -0.0261 0.9981 -0.0556
vn -0.2356 -0.6845 -0.6899
vn -0.4121 -0.9108 -0.0262
vn 0.0015 0.1141 -0.9935
vn -0.0069 0.9982 0.0596
vn -0.0314 0.9979 0.0568
vn -0.0349 0.8061 0.5907
vn -0.0400 0.8331 -0.5516
vn -0.0329 0.8054 0.5919
vn -0.1644 -0.6320 0.7573
vn -0.2264 -0.8161 -0.5317
vn 0.1369 -0.8625 0.4872
vn -0.2227 -0.8731 0.4337
vn 0.7676 0.6253 0.1403
vn 0.3209 0.9428 0.0904
vn -0.4054 -0.9082 0.1037
vn 0.1000 -0.9950 0.0075
vn -0.4257 -0.8960 -0.1262
vn 0.2683 -0.9574 0.1064
vn -0.0336 0.9978 -0.0580
vn 0.0447 0.9976 0.0533
vn -0.0239 0.9979 0.0605
vn -0.9794 0.1387 -0.1471
vn -0.9808 0.1127 0.1595
usemtl None
s 1
f 2063/2450/1871 2051/2451/1872 2001/2452/1873 2013/2453/1874
f 2037/2454/1875 2009/2455/1876 2007/2456/1877 2034/2457/1878
f 2007/2456/1877 2009/2458/1876 2057/2459/1879 2055/2460/1880
f 2039/2461/1881 2013/2462/1874 2001/2463/1873 2032/2464/1882
f 2052/2465/1883 2081/2466/1884 2035/2467/1885 2004/2468/1886
f 2008/2469/1887 2006/2470/1888 2053/2471/1889 2058/2472/1890
f 2034/2457/1878 2007/2456/1877 2055/2460/1880 2080/2473/1891
f 2035/2467/1885 2005/2474/1892 2011/2475/1893 2036/2476/1894
f 2038/2477/1895 2014/2478/1896 2020/2479/1897 2040/2480/1898
f 2045/2481/1899 2025/2482/1900 2016/2483/1901 2041/2484/1902
f 2036/2476/1894 2011/2475/1893 2027/2485/1903 2046/2486/1904
f 2020/2487/1897 2014/2488/1896 2062/2489/1905 2068/2490/1906
f 2014/2488/1896 2003/2491/1907 2050/2492/1908 2062/2489/1905
f 2033/2493/1909 2003/2494/1907 2014/2478/1896 2038/2477/1895
f 2043/2495/1910 2022/2496/1911 2031/2497/1912 2047/2498/1913
f 2012/2499/1914 2017/2500/1915 2065/2501/1916 2061/2502/1917
f 2009/2458/1876 2029/2503/1918 2077/2504/1919 2057/2459/1879
f 2073/2505/1920 2030/2506/1921 2031/2507/1912 2074/2508/1922
f 2042/2509/1923 2018/2510/1924 2013/2462/1874 2039/2461/1881
f 2025/2511/1900 2075/2512/1925 2066/2513/1926 2016/2514/1901
f 2040/2480/1898 2020/2479/1897 2021/2515/1927 2041/2484/1902
f 2023/2516/1928 2064/2517/1929 2067/2518/1930 2022/2519/1911
f 2020/2487/1897 2068/2490/1906 2071/2520/1931 2021/2521/1927
f 2042/2509/1923 2023/2522/1928 2022/2496/1911 2043/2495/1910
f 2024/2523/1932 2008/2469/1887 2058/2472/1890 2072/2524/1933
f 2044/2525/1934 2024/2526/1932 2025/2482/1900 2045/2481/1899
f 2024/2523/1932 2072/2524/1933 2075/2512/1925 2025/2511/1900
f 2027/2527/1903 2076/2528/1935 2079/2529/1936 2026/2530/1937
f 2046/2486/1904 2027/2485/1903 2026/2531/1937 2047/2498/1913
f 2044/2525/1934 2029/2532/1918 2009/2455/1876 2037/2454/1875
f 2024/2526/1932 2044/2525/1934 2037/2454/1875 2008/2533/1887
f 2030/2534/1921 2046/2486/1904 2047/2498/1913 2031/2497/1912
f 2029/2532/1918 2044/2525/1934 2045/2481/1899 2028/2535/1938
f 2018/2510/1924 2042/2509/1923 2043/2495/1910 2019/2536/1939
f 2017/2537/1915 2040/2480/1898 2041/2484/1902 2016/2483/1901
f 2023/2522/1928 2042/2509/1923 2039/2461/1881 2015/2538/1940
f 2019/2536/1939 2043/2495/1910 2047/2498/1913 2026/2531/1937
f 2002/2539/1941 2033/2493/1909 2038/2477/1895 2012/2540/1914
f 2010/2541/1942 2036/2476/1894 2046/2486/1904 2030/2534/1921
f 2028/2535/1938 2045/2481/1899 2041/2484/1902 2021/2515/1927
f 2012/2540/1914 2038/2477/1895 2040/2480/1898 2017/2537/1915
f 2004/2468/1886 2035/2467/1885 2036/2476/1894 2010/2541/1942
f 2015/2538/1940 2039/2461/1881 2032/2464/1882 2000/2542/1943
f 2054/2543/1944 2056/2544/1945 2011/2545/1893 2005/2474/1892
f 2008/2533/1887 2037/2454/1875 2034/2457/1878 2006/2470/1888
f 2049/2546/1946 2060/2547/1947 2015/2548/1940 2000/2549/1943
f 2002/2550/1941 2012/2499/1914 2061/2502/1917 2048/2551/1948
f 2059/2552/1949 2052/2465/1883 2004/2468/1886 2010/2553/1942
f 2077/2504/1919 2029/2503/1918 2028/2554/1938 2078/2555/1950
f 2060/2547/1947 2064/2517/1929 2023/2516/1928 2015/2548/1940
f 2021/2521/1927 2071/2520/1931 2078/2555/1950 2028/2554/1938
f 2074/2508/1922 2031/2507/1912 2022/2519/1911 2067/2518/1930
f 2069/2556/1951 2018/2557/1924 2019/2558/1939 2070/2559/1952
f 2070/2559/1952 2019/2558/1939 2026/2530/1937 2079/2529/1936
f 2073/2505/1920 2059/2552/1949 2010/2553/1942 2030/2506/1921
f 2069/2556/1951 2063/2450/1871 2013/2453/1874 2018/2557/1924
f 2048/2560/1948 2083/2561/1953 2033/2493/1909 2002/2539/1941
f 2065/2501/1916 2017/2500/1915 2016/2514/1901 2066/2513/1926
f 2056/2544/1945 2076/2528/1935 2027/2527/1903 2011/2545/1893
f 2032/2562/1882 2001/2563/1873 2051/2564/1872 2082/2565/1954
f 2006/2470/1888 2034/2457/1878 2080/2473/1891 2053/2471/1889
f 2081/2466/1884 2054/2543/1944 2005/2474/1892 2035/2467/1885
f 2083/2561/1953 2050/2566/1908 2003/2494/1907 2033/2493/1909
f 2083/2561/1953 2048/2560/1948 2049/2567/1946 2082/2565/1954
f 2081/2466/1884 2052/2465/1883 2053/2471/1889 2080/2473/1891
f 2077/2504/1919 2078/2555/1950 2079/2529/1936 2076/2528/1935
f 2073/2505/1920 2074/2508/1922 2075/2512/1925 2072/2524/1933
f 2059/2552/1949 2073/2505/1920 2072/2524/1933 2058/2472/1890
f 2069/2556/1951 2070/2559/1952 2071/2520/1931 2068/2490/1906
f 2065/2501/1916 2066/2513/1926 2067/2518/1930 2064/2517/1929
f 2074/2508/1922 2067/2518/1930 2066/2513/1926 2075/2512/1925
f 2070/2559/1952 2079/2529/1936 2078/2555/1950 2071/2520/1931
f 2076/2528/1935 2056/2544/1945 2057/2459/1879 2077/2504/1919
f 2064/2517/1929 2060/2547/1947 2061/2502/1917 2065/2501/1916
f 2060/2547/1947 2049/2546/1946 2048/2551/1948 2061/2502/1917
f 2063/2450/1871 2069/2556/1951 2068/2490/1906 2062/2489/1905
f 2056/2544/1945 2054/2543/1944 2055/2460/1880 2057/2459/1879
f 2051/2451/1872 2063/2450/1871 2062/2489/1905 2050/2492/1908
f 2052/2465/1883 2059/2552/1949 2058/2472/1890 2053/2471/1889
f 2054/2543/1944 2081/2466/1884 2080/2473/1891 2055/2460/1880
f 2050/2566/1908 2083/2561/1953 2082/2565/1954 2051/2564/1872
f 2000/2568/1943 2032/2562/1882 2082/2565/1954 2049/2567/1946
g Cube.024_Cube.038
v -0.157310 5.641482 2.724922
v -1.401926 5.641482 1.907642
v -0.779618 5.641482 2.615427
v -1.235179 5.641482 2.316282
v -1.401926 6.066179 1.907642
v -0.157310 6.066179 2.724922
v -1.235179 6.066179 2.316282
v -0.779618 6.066179 2.615427
v -1.401926 5.641482 1.701047
v -0.157310 5.641482 0.883767
v -1.235179 5.641482 1.292407
v -0.779618 5.641482 0.993262
v -0.157310 6.066179 0.883767
v -1.401926 6.066179 1.701047
v -0.779618 6.066179 0.993262
v -1.235179 6.066179 1.292407
v 1.401926 5.641482 1.907642
v 0.157310 5.641482 2.724922
v 1.235179 5.641482 2.316282
v 0.779618 5.641482 2.615427
v 0.157310 6.066179 2.724922
v 1.401926 6.066179 1.907642
v 0.779618 6.066179 2.615427
v 1.235179 6.066179 2.316282
v 0.157310 5.641482 0.883767
v 1.401926 5.641482 1.701047
v 0.779618 5.641482 0.993262
v 1.235179 5.641482 1.292407
v 1.401926 6.066179 1.701047
v 0.157310 6.066179 0.883767
v 1.235179 6.066179 1.292407
v 0.779618 6.066179 0.993262
v -0.146331 5.641482 2.670160
v -1.318530 5.641482 1.900433
v -0.737560 5.641482 2.567593
v -1.162333 5.641482 2.288665
v -1.318530 6.066179 1.900433
v -0.146331 6.066179 2.670160
v -1.162333 6.066179 2.288665
v -0.737560 6.066179 2.567593
v -1.318530 5.641482 1.708256
v -0.146331 5.641482 0.938529
v -1.162333 5.641482 1.320024
v -0.737560 5.641482 1.041096
v -0.146331 6.066179 0.938529
v -1.318530 6.066179 1.708256
v -0.737560 6.066179 1.041096
v -1.162333 6.066179 1.320024
v 1.318530 5.641482 1.900433
v 0.146331 5.641482 2.670160
v 1.162333 5.641482 2.288665
v 0.737560 5.641482 2.567593
v 0.146331 6.066179 2.670160
v 1.318530 6.066179 1.900433
v 0.737560 6.066179 2.567593
v 1.162333 6.066179 2.288665
v 0.146331 5.641482 0.938529
v 1.318530 5.641482 1.708256
v 0.737560 5.641482 1.041096
v 1.162333 5.641482 1.320024
v 1.318530 6.066179 1.708256
v 0.146331 6.066179 0.938529
v 1.162333 6.066179 1.320024
v 0.737560 6.066179 1.041096
vt 0.375000 0.860974
vt 0.625000 0.860974
vt 0.625000 0.889026
vt 0.375000 0.889026
vt 0.375000 0.610974
vt 0.625000 0.610974
vt 0.625000 0.639026
vt 0.375000 0.639026
vt 0.375000 0.360974
vt 0.625000 0.360974
vt 0.625000 0.389026
vt 0.375000 0.389026
vt 0.625000 1.000000
vt 0.375000 1.000000
vt 0.375000 0.000000
vt 0.625000 0.000000
vt 0.625000 0.055487
vt 0.375000 0.055487
vt 0.625000 0.110974
vt 0.375000 0.110974
vt 0.375000 0.305487
vt 0.625000 0.305487
vt 0.375000 0.194513
vt 0.625000 0.194513
vt 0.375000 0.139026
vt 0.625000 0.139026
vt 0.375000 0.555487
vt 0.625000 0.555487
vt 0.375000 0.444513
vt 0.625000 0.444513
vt 0.375000 0.805487
vt 0.625000 0.805487
vt 0.375000 0.694513
vt 0.625000 0.694513
vt 0.375000 0.860974
vt 0.375000 0.889026
vt 0.625000 0.889026
vt 0.625000 0.860974
vt 0.375000 0.610974
vt 0.375000 0.639026
vt 0.625000 0.639026
vt 0.625000 0.610974
vt 0.375000 0.360974
vt 0.375000 0.389026
vt 0.625000 0.389026
vt 0.625000 0.360974
vt 0.375000 1.000000
vt 0.625000 1.000000
vt 0.375000 0.000000
vt 0.375000 0.055487
vt 0.625000 0.055487
vt 0.625000 0.000000
vt 0.375000 0.110974
vt 0.625000 0.110974
vt 0.625000 0.305487
vt 0.375000 0.305487
vt 0.625000 0.194513
vt 0.375000 0.194513
vt 0.625000 0.139026
vt 0.375000 0.139026
vt 0.625000 0.555487
vt 0.375000 0.555487
vt 0.625000 0.444513
vt 0.375000 0.444513
vt 0.625000 0.805487
vt 0.375000 0.805487
vt 0.625000 0.694513
vt 0.375000 0.694513
vn 0.0870 0.0000 0.9962
vn -0.0870 0.0000 0.9962
vn 0.9813 0.0000 -0.1925
vn 0.9813 0.0000 0.1925
vn -0.0870 0.0000 -0.9962
vn 0.0870 0.0000 -0.9962
vn -0.3687 0.0000 0.9296
vn -0.5489 0.0000 0.8359
vn -0.9259 0.0000 0.3778
vn -0.9813 0.0000 0.1925
vn -0.3687 0.0000 -0.9296
vn -0.5489 0.0000 -0.8359
vn -0.9259 0.0000 -0.3778
vn -0.9813 0.0000 -0.1925
vn 0.9259 0.0000 -0.3778
vn 0.5489 0.0000 -0.8359
vn 0.3687 0.0000 -0.9296
vn 0.3687 0.0000 0.9296
vn 0.5489 0.0000 0.8359
vn 0.9259 0.0000 0.3778
vn -0.0858 0.0000 -0.9963
vn 0.0858 0.0000 -0.9963
vn -0.9818 0.0000 0.1901
vn -0.9818 0.0000 -0.1901
vn 0.0858 0.0000 0.9963
vn -0.0858 0.0000 0.9963
vn 0.3676 0.0000 -0.9300
vn 0.9277 0.0000 -0.3733
vn 0.9818 0.0000 -0.1901
vn 0.3676 0.0000 0.9300
vn 0.9277 0.0000 0.3733
vn 0.9818 0.0000 0.1901
vn -0.9277 0.0000 0.3733
vn -0.3676 0.0000 0.9300
vn -0.3676 0.0000 -0.9300
vn -0.9277 0.0000 -0.3733
vn 0.0000 -1.0000 0.0000
vn 0.0000 1.0000 0.0000
usemtl None
s 1
f 2101/2569/1955 2104/2570/1955 2089/2571/1956 2084/2572/1956
f 2109/2573/1957 2112/2574/1957 2105/2575/1958 2100/2576/1958
f 2093/2577/1959 2096/2578/1959 2113/2579/1960 2108/2580/1960
f 2084/2572/1956 2089/2571/1956 2091/2581/1961 2086/2582/1961
f 2086/2583/1961 2091/2584/1961 2090/2585/1962 2087/2586/1962
f 2087/2586/1963 2090/2585/1963 2088/2587/1964 2085/2588/1964
f 2096/2578/1959 2093/2577/1959 2095/2589/1965 2098/2590/1965
f 2098/2590/1965 2095/2589/1965 2094/2591/1966 2099/2592/1966
f 2099/2592/1967 2094/2591/1967 2092/2593/1968 2097/2594/1968
f 2112/2574/1957 2109/2573/1957 2111/2595/1969 2114/2596/1969
f 2114/2596/1970 2111/2595/1970 2110/2597/1971 2115/2598/1971
f 2115/2598/1971 2110/2597/1971 2108/2580/1960 2113/2579/1960
f 2104/2570/1955 2101/2569/1955 2103/2599/1972 2106/2600/1972
f 2106/2600/1972 2103/2599/1972 2102/2601/1973 2107/2602/1973
f 2107/2602/1974 2102/2601/1974 2100/2576/1958 2105/2575/1958
f 2085/2588/1964 2088/2587/1964 2097/2594/1968 2092/2593/1968
f 2133/2603/1975 2116/2604/1976 2121/2605/1976 2136/2606/1975
f 2141/2607/1977 2132/2608/1978 2137/2609/1978 2144/2610/1977
f 2125/2611/1979 2140/2612/1980 2145/2613/1980 2128/2614/1979
f 2116/2604/1976 2118/2615/1981 2123/2616/1981 2121/2605/1976
f 2118/2617/1981 2119/2618/1970 2122/2619/1970 2123/2620/1981
f 2119/2618/1982 2117/2621/1983 2120/2622/1983 2122/2619/1982
f 2128/2614/1979 2130/2623/1984 2127/2624/1984 2125/2611/1979
f 2130/2623/1984 2131/2625/1973 2126/2626/1973 2127/2624/1984
f 2131/2625/1985 2129/2627/1986 2124/2628/1986 2126/2626/1985
f 2144/2610/1977 2146/2629/1987 2143/2630/1987 2141/2607/1977
f 2146/2629/1962 2147/2631/1988 2142/2632/1988 2143/2630/1962
f 2147/2631/1988 2145/2613/1980 2140/2612/1980 2142/2632/1988
f 2136/2606/1975 2138/2633/1989 2135/2634/1989 2133/2603/1975
f 2138/2633/1989 2139/2635/1966 2134/2636/1966 2135/2634/1989
f 2139/2635/1990 2137/2609/1978 2132/2608/1978 2134/2636/1990
f 2117/2621/1983 2124/2628/1986 2129/2627/1986 2120/2622/1983
f 2084/2572/1991 2086/2582/1991 2118/2615/1991 2116/2604/1991
f 2091/2581/1992 2089/2571/1992 2121/2605/1992 2123/2616/1992
f 2086/2583/1991 2087/2586/1991 2119/2618/1991 2118/2617/1991
f 2090/2585/1992 2091/2584/1992 2123/2620/1992 2122/2619/1992
f 2087/2586/1991 2085/2588/1991 2117/2621/1991 2119/2618/1991
f 2088/2587/1992 2090/2585/1992 2122/2619/1992 2120/2622/1992
f 2096/2578/1992 2098/2590/1992 2130/2623/1992 2128/2614/1992
f 2095/2589/1991 2093/2577/1991 2125/2611/1991 2127/2624/1991
f 2098/2590/1992 2099/2592/1992 2131/2625/1992 2130/2623/1992
f 2094/2591/1991 2095/2589/1991 2127/2624/1991 2126/2626/1991
f 2099/2592/1992 2097/2594/1992 2129/2627/1992 2131/2625/1992
f 2092/2593/1991 2094/2591/1991 2126/2626/1991 2124/2628/1991
f 2112/2574/1992 2114/2596/1992 2146/2629/1992 2144/2610/1992
f 2111/2595/1991 2109/2573/1991 2141/2607/1991 2143/2630/1991
f 2114/2596/1992 2115/2598/1992 2147/2631/1992 2146/2629/1992
f 2110/2597/1991 2111/2595/1991 2143/2630/1991 2142/2632/1991
f 2115/2598/1992 2113/2579/1992 2145/2613/1992 2147/2631/1992
f 2108/2580/1991 2110/2597/1991 2142/2632/1991 2140/2612/1991
f 2104/2570/1992 2106/2600/1992 2138/2633/1992 2136/2606/1992
f 2103/2599/1991 2101/2569/1991 2133/2603/1991 2135/2634/1991
f 2106/2600/1992 2107/2602/1992 2139/2635/1992 2138/2633/1992
f 2102/2601/1991 2103/2599/1991 2135/2634/1991 2134/2636/1991
f 2107/2602/1992 2105/2575/1992 2137/2609/1992 2139/2635/1992
f 2100/2576/1991 2102/2601/1991 2134/2636/1991 2132/2608/1991
f 2085/2588/1991 2092/2593/1991 2124/2628/1991 2117/2621/1991
f 2097/2594/1992 2088/2587/1992 2120/2622/1992 2129/2627/1992
f 2101/2569/1991 2084/2572/1991 2116/2604/1991 2133/2603/1991
f 2089/2571/1992 2104/2570/1992 2136/2606/1992 2121/2605/1992
f 2093/2577/1991 2108/2580/1991 2140/2612/1991 2125/2611/1991
f 2113/2579/1992 2096/2578/1992 2128/2614/1992 2145/2613/1992
f 2109/2573/1991 2100/2576/1991 2132/2608/1991 2141/2607/1991
f 2105/2575/1992 2112/2574/1992 2144/2610/1992 2137/2609/1992
g Cube.030_Cube.039
v -0.360384 8.069646 1.053010
v -0.360383 8.422787 0.511284
v -0.360383 7.610525 0.753717
v -0.360383 7.963665 0.211991
v 0.187070 8.069140 1.052680
v 0.187070 8.422281 0.510955
v 0.187070 7.611031 0.754047
v 0.187070 7.964171 0.212321
v -0.089479 7.559245 0.720289
v -0.089479 7.912386 0.178563
v -0.089479 8.120926 1.086438
v -0.089479 8.474067 0.544713
v -0.354765 8.241526 0.779089
v -0.354764 7.791787 0.485912
v 0.181428 7.792344 0.486275
v 0.181429 8.240969 0.778726
v -0.089824 8.334267 0.839545
v -0.089824 7.699046 0.425456
v -0.421951 7.840085 0.903363
v -0.421951 8.193226 0.361638
v 0.248540 7.840085 0.903363
v 0.248539 8.193226 0.361638
v -0.090398 8.193226 0.361638
v -0.090398 7.840085 0.903363
v 0.292146 8.016656 0.632500
v -0.466147 8.016656 0.632500
vt 0.500000 0.125000
vt 0.625000 0.125000
vt 0.625000 0.250000
vt 0.500000 0.250000
vt 0.500000 0.373759
vt 0.625000 0.373759
vt 0.625000 0.500000
vt 0.500000 0.500000
vt 0.500000 0.625000
vt 0.625000 0.625000
vt 0.625000 0.750000
vt 0.500000 0.750000
vt 0.500000 0.876241
vt 0.625000 0.876241
vt 0.625000 1.000000
vt 0.500000 1.000000
vt 0.248759 0.625000
vt 0.375000 0.625000
vt 0.375000 0.750000
vt 0.248759 0.750000
vt 0.751241 0.625000
vt 0.875000 0.625000
vt 0.875000 0.750000
vt 0.751241 0.750000
vt 0.125000 0.625000
vt 0.125000 0.750000
vt 0.375000 0.250000
vt 0.375000 0.373759
vt 0.375000 0.876241
vt 0.375000 1.000000
vt 0.375000 0.500000
vt 0.375000 0.125000
vt 0.375000 0.000000
vt 0.500000 0.000000
vt 0.125000 0.500000
vt 0.248759 0.500000
vt 0.751241 0.500000
vt 0.875000 0.500000
vt 0.625000 0.000000
vn -1.0000 -0.0000 -0.0000
vn -0.7274 0.3747 -0.5749
vn -0.5556 -0.1263 -0.8218
vn -0.7077 -0.5918 -0.3858
vn -0.0022 -0.8377 -0.5461
vn -0.0014 -0.2349 -0.9720
vn 0.5547 -0.1274 -0.8222
vn 0.7065 -0.5929 -0.3865
vn 1.0000 -0.0000 -0.0000
vn 0.7278 0.3745 -0.5745
vn 0.5547 0.8037 -0.2153
vn 0.7065 0.5929 0.3865
vn -0.0022 0.8377 0.5461
vn -0.0014 0.9841 -0.1773
vn -0.5556 0.8029 -0.2161
vn -0.7077 0.5918 0.3858
vn 0.0000 -0.5461 0.8377
vn 0.7278 -0.3745 0.5745
vn 0.5547 0.1274 0.8222
vn -0.0014 0.2349 0.9720
vn -0.0000 0.5461 -0.8377
vn -0.7274 -0.3747 0.5749
vn -0.5556 0.1263 0.8218
vn -0.5556 -0.8029 0.2161
vn -0.0014 -0.9841 0.1773
vn 0.5547 -0.8037 0.2153
usemtl None
s 1
f 2173/2637/1993 2167/2638/1994 2151/2639/1995 2161/2640/1996
f 2165/2641/1997 2157/2642/1998 2155/2643/1999 2162/2644/2000
f 2172/2645/2001 2169/2646/2002 2153/2647/2003 2163/2648/2004
f 2164/2649/2005 2159/2650/2006 2149/2651/2007 2160/2652/2008
f 2171/2653/2009 2168/2654/2010 2152/2655/2011 2158/2656/2012
f 2170/2657/2013 2167/2658/1994 2149/2659/2007 2159/2660/2006
f 2169/2646/2002 2170/2657/2013 2159/2660/2006 2153/2647/2003
f 2166/2661/2014 2171/2653/2009 2158/2656/2012 2148/2662/2015
f 2163/2648/2004 2153/2647/2003 2159/2650/2006 2164/2649/2005
f 2161/2640/1996 2151/2639/1995 2157/2642/1998 2165/2641/1997
f 2150/2663/2016 2161/2640/1996 2165/2641/1997 2156/2664/2017
f 2152/2655/2011 2163/2648/2004 2164/2649/2005 2158/2665/2012
f 2158/2665/2012 2164/2649/2005 2160/2652/2008 2148/2666/2015
f 2168/2654/2010 2172/2645/2001 2163/2648/2004 2152/2655/2011
f 2156/2664/2017 2165/2641/1997 2162/2644/2000 2154/2667/2018
f 2166/2668/2014 2173/2637/1993 2161/2640/1996 2150/2663/2016
f 2148/2669/2015 2160/2670/2008 2173/2637/1993 2166/2668/2014
f 2154/2667/2018 2162/2644/2000 2172/2645/2001 2168/2654/2010
f 2150/2671/2016 2156/2672/2017 2171/2653/2009 2166/2661/2014
f 2155/2643/1999 2157/2673/1998 2170/2657/2013 2169/2646/2002
f 2157/2673/1998 2151/2674/1995 2167/2658/1994 2170/2657/2013
f 2156/2672/2017 2154/2667/2018 2168/2654/2010 2171/2653/2009
f 2162/2644/2000 2155/2643/1999 2169/2646/2002 2172/2645/2001
f 2160/2670/2008 2149/2675/2007 2167/2638/1994 2173/2637/1993
